ClassName,BaseClass,SourcePath,Kind,Status,Notes
ANecromancerShroud,Robe,Data/Scripts/Items/Magical/Artifacts/Obsolete/Obsolete_ANecromancerShroud.cs,ItemCandidate,SourceVerified,
AbbatoirAddon,BaseAddon,Data/Scripts/Items/Construction/Addons/AbbatoirAddon.cs,ItemCandidate,SourceVerified,
AbbatoirDeed,BaseAddonDeed,Data/Scripts/Items/Construction/Addons/AbbatoirAddon.cs,ItemCandidate,SourceVerified,
AbysmalGloves,LeatherGloves,Data/Scripts/Items/Magical/Artifacts/Obsolete/Obsolete_AbysmalGloves.cs,ItemCandidate,SourceVerified,
AchillesShield,BronzeShield,Data/Scripts/Items/Magical/Artifacts/Obsolete/Obsolete_AchillesShield.cs,ItemCandidate,SourceVerified,
AchillesSpear,Spear,Data/Scripts/Items/Magical/Artifacts/Obsolete/Obsolete_AchillesSpear.cs,ItemCandidate,SourceVerified,
AcidProofRobe,MagicRobe,Data/Scripts/Items/Magical/Artifacts/Obsolete/Obsolete_AcidProofRobe.cs,ItemCandidate,SourceVerified,
AcidSlime,Item,Data/Scripts/Items/Misc/AcidSlime.cs,ItemCandidate,SourceVerified,
Acorn,Food,Data/Scripts/Items/Food/Food.cs,ItemCandidate,SourceVerified,
AddDoor,Target,Data/Scripts/Items/Doors/DoorSwitch.cs,ItemCandidate,SourceVerified,
AddPureWaxTarget,Target,Data/Scripts/Trades/Apiculture/Items/LargeWaxPot.cs,ItemCandidate,SourceVerified,
AddWaxTarget,Target,Data/Scripts/Trades/Apiculture/Items/SmallWaxPot.cs,ItemCandidate,SourceVerified,
AddonComponent,Item,Data/Scripts/Items/Construction/Addons/AddonComponent.cs,ItemCandidate,SourceVerified,
AddonContainerComponent,Item,Data/Scripts/Items/Construction/Addons/AddonContainerComponent.cs,ItemCandidate,SourceVerified,
AdminBoard,Item,Data/Scripts/Items/Books/BulletinBoards/AdminBoard.cs,ItemCandidate,SourceVerified,
AdminBoardGump,Gump,Data/Scripts/Items/Books/BulletinBoards/AdminBoard.cs,ItemCandidate,SourceVerified,
AdminRobe,BaseSuit,Data/Scripts/Items/Clothing/Suits/AdminRobe.cs,ItemCandidate,SourceVerified,
AdmiralsHeartyRum,BeverageBottle,Data/Scripts/Items/Magical/Artifacts/Minor/AdmiralsHeartyRum.cs,ItemCandidate,SourceVerified,
AdvancedAlchemyStudyBook,StudyBook,Data/Scripts/Custom/Offline Skill Training/Items/AdvancedStudyBooks.cs,ItemCandidate,SourceVerified,
AdvancedAnatomyStudyBook,StudyBook,Data/Scripts/Custom/Offline Skill Training/Items/AdvancedStudyBooks.cs,ItemCandidate,SourceVerified,
AdvancedArmsLoreStudyBook,StudyBook,Data/Scripts/Custom/Offline Skill Training/Items/AdvancedStudyBooks.cs,ItemCandidate,SourceVerified,
AdvancedBeggingStudyBook,StudyBook,Data/Scripts/Custom/Offline Skill Training/Items/AdvancedStudyBooks.cs,ItemCandidate,SourceVerified,
AdvancedBlacksmithStudyBook,StudyBook,Data/Scripts/Custom/Offline Skill Training/Items/AdvancedStudyBooks.cs,ItemCandidate,SourceVerified,
AdvancedBludgeoningStudyBook,StudyBook,Data/Scripts/Custom/Offline Skill Training/Items/AdvancedStudyBooks.cs,ItemCandidate,SourceVerified,
AdvancedBowcraftStudyBook,StudyBook,Data/Scripts/Custom/Offline Skill Training/Items/AdvancedStudyBooks.cs,ItemCandidate,SourceVerified,
AdvancedBushidoStudyBook,StudyBook,Data/Scripts/Custom/Offline Skill Training/Items/AdvancedStudyBooks.cs,ItemCandidate,SourceVerified,
AdvancedCampingStudyBook,StudyBook,Data/Scripts/Custom/Offline Skill Training/Items/AdvancedStudyBooks.cs,ItemCandidate,SourceVerified,
AdvancedCarpentryStudyBook,StudyBook,Data/Scripts/Custom/Offline Skill Training/Items/AdvancedStudyBooks.cs,ItemCandidate,SourceVerified,
AdvancedCartographyStudyBook,StudyBook,Data/Scripts/Custom/Offline Skill Training/Items/AdvancedStudyBooks.cs,ItemCandidate,SourceVerified,
AdvancedCookingStudyBook,StudyBook,Data/Scripts/Custom/Offline Skill Training/Items/AdvancedStudyBooks.cs,ItemCandidate,SourceVerified,
AdvancedDiscordanceStudyBook,StudyBook,Data/Scripts/Custom/Offline Skill Training/Items/AdvancedStudyBooks.cs,ItemCandidate,SourceVerified,
AdvancedDruidismStudyBook,StudyBook,Data/Scripts/Custom/Offline Skill Training/Items/AdvancedStudyBooks.cs,ItemCandidate,SourceVerified,
AdvancedElementalismStudyBook,StudyBook,Data/Scripts/Custom/Offline Skill Training/Items/AdvancedStudyBooks.cs,ItemCandidate,SourceVerified,
AdvancedFencingStudyBook,StudyBook,Data/Scripts/Custom/Offline Skill Training/Items/AdvancedStudyBooks.cs,ItemCandidate,SourceVerified,
AdvancedFistFightingStudyBook,StudyBook,Data/Scripts/Custom/Offline Skill Training/Items/AdvancedStudyBooks.cs,ItemCandidate,SourceVerified,
AdvancedFocusStudyBook,StudyBook,Data/Scripts/Custom/Offline Skill Training/Items/AdvancedStudyBooks.cs,ItemCandidate,SourceVerified,
AdvancedForensicsStudyBook,StudyBook,Data/Scripts/Custom/Offline Skill Training/Items/AdvancedStudyBooks.cs,ItemCandidate,SourceVerified,
AdvancedHealingStudyBook,StudyBook,Data/Scripts/Custom/Offline Skill Training/Items/AdvancedStudyBooks.cs,ItemCandidate,SourceVerified,
AdvancedHerdingStudyBook,StudyBook,Data/Scripts/Custom/Offline Skill Training/Items/AdvancedStudyBooks.cs,ItemCandidate,SourceVerified,
AdvancedHidingStudyBook,StudyBook,Data/Scripts/Custom/Offline Skill Training/Items/AdvancedStudyBooks.cs,ItemCandidate,SourceVerified,
AdvancedImbuingStudyBook,StudyBook,Data/Scripts/Custom/Offline Skill Training/Items/AdvancedStudyBooks.cs,ItemCandidate,SourceVerified,
AdvancedInscribeStudyBook,StudyBook,Data/Scripts/Custom/Offline Skill Training/Items/AdvancedStudyBooks.cs,ItemCandidate,SourceVerified,
AdvancedKnightshipStudyBook,StudyBook,Data/Scripts/Custom/Offline Skill Training/Items/AdvancedStudyBooks.cs,ItemCandidate,SourceVerified,
AdvancedLockpickingStudyBook,StudyBook,Data/Scripts/Custom/Offline Skill Training/Items/AdvancedStudyBooks.cs,ItemCandidate,SourceVerified,
AdvancedLumberjackingStudyBook,StudyBook,Data/Scripts/Custom/Offline Skill Training/Items/AdvancedStudyBooks.cs,ItemCandidate,SourceVerified,
AdvancedMageryStudyBook,StudyBook,Data/Scripts/Custom/Offline Skill Training/Items/AdvancedStudyBooks.cs,ItemCandidate,SourceVerified,
AdvancedMagicResistStudyBook,StudyBook,Data/Scripts/Custom/Offline Skill Training/Items/AdvancedStudyBooks.cs,ItemCandidate,SourceVerified,
AdvancedMarksmanshipStudyBook,StudyBook,Data/Scripts/Custom/Offline Skill Training/Items/AdvancedStudyBooks.cs,ItemCandidate,SourceVerified,
AdvancedMeditationStudyBook,StudyBook,Data/Scripts/Custom/Offline Skill Training/Items/AdvancedStudyBooks.cs,ItemCandidate,SourceVerified,
AdvancedMercantileStudyBook,StudyBook,Data/Scripts/Custom/Offline Skill Training/Items/AdvancedStudyBooks.cs,ItemCandidate,SourceVerified,
AdvancedMiningStudyBook,StudyBook,Data/Scripts/Custom/Offline Skill Training/Items/AdvancedStudyBooks.cs,ItemCandidate,SourceVerified,
AdvancedMusicianshipStudyBook,StudyBook,Data/Scripts/Custom/Offline Skill Training/Items/AdvancedStudyBooks.cs,ItemCandidate,SourceVerified,
AdvancedMysticismStudyBook,StudyBook,Data/Scripts/Custom/Offline Skill Training/Items/AdvancedStudyBooks.cs,ItemCandidate,SourceVerified,
AdvancedNecromancyStudyBook,StudyBook,Data/Scripts/Custom/Offline Skill Training/Items/AdvancedStudyBooks.cs,ItemCandidate,SourceVerified,
AdvancedNinjitsuStudyBook,StudyBook,Data/Scripts/Custom/Offline Skill Training/Items/AdvancedStudyBooks.cs,ItemCandidate,SourceVerified,
AdvancedParryStudyBook,StudyBook,Data/Scripts/Custom/Offline Skill Training/Items/AdvancedStudyBooks.cs,ItemCandidate,SourceVerified,
AdvancedPeacemakingStudyBook,StudyBook,Data/Scripts/Custom/Offline Skill Training/Items/AdvancedStudyBooks.cs,ItemCandidate,SourceVerified,
AdvancedPoisoningStudyBook,StudyBook,Data/Scripts/Custom/Offline Skill Training/Items/AdvancedStudyBooks.cs,ItemCandidate,SourceVerified,
AdvancedProvocationStudyBook,StudyBook,Data/Scripts/Custom/Offline Skill Training/Items/AdvancedStudyBooks.cs,ItemCandidate,SourceVerified,
AdvancedPsychologyStudyBook,StudyBook,Data/Scripts/Custom/Offline Skill Training/Items/AdvancedStudyBooks.cs,ItemCandidate,SourceVerified,
AdvancedRandomStudyBook,StudyBook,Data/Scripts/Custom/Offline Skill Training/Items/RandomStudyBooks.cs,ItemCandidate,SourceVerified,
AdvancedRemoveTrapStudyBook,StudyBook,Data/Scripts/Custom/Offline Skill Training/Items/AdvancedStudyBooks.cs,ItemCandidate,SourceVerified,
AdvancedSeafaringStudyBook,StudyBook,Data/Scripts/Custom/Offline Skill Training/Items/AdvancedStudyBooks.cs,ItemCandidate,SourceVerified,
AdvancedSearchingStudyBook,StudyBook,Data/Scripts/Custom/Offline Skill Training/Items/AdvancedStudyBooks.cs,ItemCandidate,SourceVerified,
AdvancedSnoopingStudyBook,StudyBook,Data/Scripts/Custom/Offline Skill Training/Items/AdvancedStudyBooks.cs,ItemCandidate,SourceVerified,
AdvancedSpiritualismStudyBook,StudyBook,Data/Scripts/Custom/Offline Skill Training/Items/AdvancedStudyBooks.cs,ItemCandidate,SourceVerified,
AdvancedStealingStudyBook,StudyBook,Data/Scripts/Custom/Offline Skill Training/Items/AdvancedStudyBooks.cs,ItemCandidate,SourceVerified,
AdvancedStealthStudyBook,StudyBook,Data/Scripts/Custom/Offline Skill Training/Items/AdvancedStudyBooks.cs,ItemCandidate,SourceVerified,
AdvancedSwordsStudyBook,StudyBook,Data/Scripts/Custom/Offline Skill Training/Items/AdvancedStudyBooks.cs,ItemCandidate,SourceVerified,
AdvancedTacticsStudyBook,StudyBook,Data/Scripts/Custom/Offline Skill Training/Items/AdvancedStudyBooks.cs,ItemCandidate,SourceVerified,
AdvancedTailoringStudyBook,StudyBook,Data/Scripts/Custom/Offline Skill Training/Items/AdvancedStudyBooks.cs,ItemCandidate,SourceVerified,
AdvancedTamingStudyBook,StudyBook,Data/Scripts/Custom/Offline Skill Training/Items/AdvancedStudyBooks.cs,ItemCandidate,SourceVerified,
AdvancedTastingStudyBook,StudyBook,Data/Scripts/Custom/Offline Skill Training/Items/AdvancedStudyBooks.cs,ItemCandidate,SourceVerified,
AdvancedThrowingStudyBook,StudyBook,Data/Scripts/Custom/Offline Skill Training/Items/AdvancedStudyBooks.cs,ItemCandidate,SourceVerified,
AdvancedTinkeringStudyBook,StudyBook,Data/Scripts/Custom/Offline Skill Training/Items/AdvancedStudyBooks.cs,ItemCandidate,SourceVerified,
AdvancedTrackingStudyBook,StudyBook,Data/Scripts/Custom/Offline Skill Training/Items/AdvancedStudyBooks.cs,ItemCandidate,SourceVerified,
AdvancedVeterinaryStudyBook,StudyBook,Data/Scripts/Custom/Offline Skill Training/Items/AdvancedStudyBooks.cs,ItemCandidate,SourceVerified,
AdventurerCrate,LockableContainer,Data/Scripts/Items/Containers/Container.cs,ItemCandidate,SourceVerified,
AdvertiserVendor,Item,Data/Scripts/Items/Houses/AdvertiserVendor.cs,ItemCandidate,SourceVerified,
Aegis,HeaterShield,Data/Scripts/Items/Magical/Artifacts/Obsolete/Obsolete_Aegis.cs,ItemCandidate,SourceVerified,
AegisOfGrace,DragonHelm,Data/Scripts/Items/Magical/Artifacts/Obsolete/Obsolete_AegisOfGrace.cs,ItemCandidate,SourceVerified,
Afro,Hair,Data/Scripts/Items/Misc/Facial/Hair.cs,ItemCandidate,SourceVerified,
AgapiteAmulet,GoldNecklace,Data/Scripts/Items/Jewels/Tinkered.cs,ItemCandidate,SourceVerified,
AgapiteBracelet,GoldBracelet,Data/Scripts/Items/Jewels/Tinkered.cs,ItemCandidate,SourceVerified,
AgapiteEarrings,GoldEarrings,Data/Scripts/Items/Jewels/Tinkered.cs,ItemCandidate,SourceVerified,
AgapiteGranite,BaseGranite,Data/Scripts/Items/Trades/Resources/Masonry/Granite.cs,ItemCandidate,SourceVerified,
AgapiteHammer,RunicHammer1,Data/Scripts/Trades/Runics/BaseRunicHammer.cs,ItemCandidate,SourceVerified,
AgapiteIngot,BaseIngot,Data/Scripts/Items/Trades/Resources/Blacksmithing/Ingots.cs,ItemCandidate,SourceVerified,
AgapiteOre,BaseOre,Data/Scripts/Items/Trades/Resources/Blacksmithing/Ore.cs,ItemCandidate,SourceVerified,
AgapiteRing,GoldRing,Data/Scripts/Items/Jewels/Tinkered.cs,ItemCandidate,SourceVerified,
AgapiteTinkerTools,RunicTinkerTools,Data/Scripts/Trades/Runics/BaseRunicTinkerTools.cs,ItemCandidate,SourceVerified,
AgilityMagicStaff,BaseMagicStaff,Data/Scripts/Items/Wands/2nd Circle/AgilityStaff.cs,ItemCandidate,SourceVerified,
AgilityPotion,BaseAgilityPotion,Data/Scripts/Items/Potions/Standard/Agility Potions/AgilityPotion.cs,ItemCandidate,SourceVerified,
AilricsLongbow,ElvenCompositeLongbow,Data/Scripts/Items/Magical/Artifacts/Obsolete/Obsolete_AilricsLongbow.cs,ItemCandidate,SourceVerified,
AirElementalMagicStaff,BaseMagicStaff,Data/Scripts/Items/Wands/8th Circle/AirElementalStaff.cs,ItemCandidate,SourceVerified,
AlchemicSlime,BaseCreature,Data/Scripts/Items/Potions/Mixtures/AlchemicSlime.cs,ItemCandidate,SourceVerified,
AlchemicalElixirs,DynamicBook,Data/Scripts/Items/Books/DynamicBook.cs,ItemCandidate,SourceVerified,
AlchemicalMixtures,DynamicBook,Data/Scripts/Items/Books/DynamicBook.cs,ItemCandidate,SourceVerified,
AlchemistBag,Gump,Data/Scripts/Items/Containers/AlchemistPouch.cs,ItemCandidate,SourceVerified,
AlchemistPouch,Bag,Data/Scripts/Items/Containers/AlchemistPouch.cs,ItemCandidate,SourceVerified,
AlchemistShoppe,BaseShoppe,Data/Scripts/Trades/Shoppes/AlchemistShoppe.cs,ItemCandidate,SourceVerified,
AlchemistTableEastAddon,BaseAddon,Data/Scripts/Items/Construction/Addons/AlchemistTableEastAddon.cs,ItemCandidate,SourceVerified,
AlchemistTableEastDeed,BaseAddonDeed,Data/Scripts/Items/Construction/Addons/AlchemistTableEastAddon.cs,ItemCandidate,SourceVerified,
AlchemistTableSouthAddon,BaseAddon,Data/Scripts/Items/Construction/Addons/AlchemistTableSouthAddon.cs,ItemCandidate,SourceVerified,
AlchemistTableSouthDeed,BaseAddonDeed,Data/Scripts/Items/Construction/Addons/AlchemistTableSouthAddon.cs,ItemCandidate,SourceVerified,
AlchemistsBauble,GoldBracelet,Data/Scripts/Items/Magical/Artifacts/Obsolete/Obsolete_AlchemistsBauble.cs,ItemCandidate,SourceVerified,
AlchemyCrate,LockableContainer,Data/Scripts/Items/Containers/Container.cs,ItemCandidate,SourceVerified,
AlchemyPouch,LargeSack,Data/Scripts/Items/Containers/AlchemyPouch.cs,ItemCandidate,SourceVerified,
AlchemyTub,Item,Data/Scripts/Items/Potions/AlchemyTub.cs,ItemCandidate,SourceVerified,
AleKeg,Item,Data/Scripts/Custom/Vhaerun's CRL Homestead System [2.0]/Vhaerun's CRL Brewing/Items/Kegs/AleKeg.cs,ItemCandidate,SourceVerified,
AlienEgg,Item,Data/Scripts/Items/Technology/AlienEgg.cs,ItemCandidate,SourceVerified,
AlienEggGump,Gump,Data/Scripts/Items/Technology/AlienEgg.cs,ItemCandidate,SourceVerified,
AlienHides,BaseHides,Data/Scripts/Items/Trades/Resources/Tailor/Hides.cs,ItemCandidate,SourceVerified,
AlienLeather,BaseLeather,Data/Scripts/Items/Trades/Resources/Tailor/Leathers.cs,ItemCandidate,SourceVerified,
AllDyeTubsArmor,DyeTub,Data/Scripts/Items/Misc/Dyes/AllDyeTubsArmor.cs,ItemCandidate,SourceVerified,
AllDyeTubsArmorTarget,Target,Data/Scripts/Items/Misc/Dyes/AllDyeTubsArmor.cs,ItemCandidate,SourceVerified,
AllDyeTubsBookRune,DyeTub,Data/Scripts/Items/Misc/Dyes/AllDyeTubsBookRune.cs,ItemCandidate,SourceVerified,
AllDyeTubsBookRuneTarget,Target,Data/Scripts/Items/Misc/Dyes/AllDyeTubsBookRune.cs,ItemCandidate,SourceVerified,
AllDyeTubsBookSpell,DyeTub,Data/Scripts/Items/Misc/Dyes/AllDyeTubsBookSpell.cs,ItemCandidate,SourceVerified,
AllDyeTubsBookSpellTarget,Target,Data/Scripts/Items/Misc/Dyes/AllDyeTubsBookSpell.cs,ItemCandidate,SourceVerified,
AllDyeTubsFurniture,DyeTub,Data/Scripts/Items/Misc/Dyes/AllDyeTubsFurniture.cs,ItemCandidate,SourceVerified,
AllDyeTubsFurnitureTarget,Target,Data/Scripts/Items/Misc/Dyes/AllDyeTubsFurniture.cs,ItemCandidate,SourceVerified,
AllDyeTubsMountEthereal,DyeTub,Data/Scripts/Items/Misc/Dyes/AllDyeTubsMountEthereal.cs,ItemCandidate,SourceVerified,
AllDyeTubsMountEtherealTarget,Target,Data/Scripts/Items/Misc/Dyes/AllDyeTubsMountEthereal.cs,ItemCandidate,SourceVerified,
AllDyeTubsWeapon,DyeTub,Data/Scripts/Items/Misc/Dyes/AllDyeTubsWeapon.cs,ItemCandidate,SourceVerified,
AllDyeTubsWeaponTarget,Target,Data/Scripts/Items/Misc/Dyes/AllDyeTubsWeapon.cs,ItemCandidate,SourceVerified,
AllHuesInfo,,Data/Scripts/Items/Misc/Dyes/AllHues.cs,ItemCandidate,SourceVerified,
AltarDaemon,Item,Data/Scripts/Items/Misc/AltarGods.cs,ItemCandidate,SourceVerified,
AltarDryad,Item,Data/Scripts/Items/Misc/AltarGods.cs,ItemCandidate,SourceVerified,
AltarDurama,Item,Data/Scripts/Items/Misc/AltarGods.cs,ItemCandidate,SourceVerified,
AltarEvil,Item,Data/Scripts/Items/Misc/AltarGods.cs,ItemCandidate,SourceVerified,
AltarGargoyle,Item,Data/Scripts/Items/Misc/AltarGods.cs,ItemCandidate,SourceVerified,
AltarGodsEast,Item,Data/Scripts/Items/Misc/AltarGods.cs,ItemCandidate,SourceVerified,
AltarGodsSouth,Item,Data/Scripts/Items/Misc/AltarGods.cs,ItemCandidate,SourceVerified,
AltarSea,Item,Data/Scripts/Items/Misc/AltarGods.cs,ItemCandidate,SourceVerified,
AltarShrineEast,Item,Data/Scripts/Items/Misc/AltarGods.cs,ItemCandidate,SourceVerified,
AltarShrineSouth,Item,Data/Scripts/Items/Misc/AltarGods.cs,ItemCandidate,SourceVerified,
AltarStatue,Item,Data/Scripts/Items/Misc/AltarGods.cs,ItemCandidate,SourceVerified,
AltarWizard,Item,Data/Scripts/Items/Misc/AltarGods.cs,ItemCandidate,SourceVerified,
AlternateRealityMap,Item,Data/Scripts/Items/Special/AlternateRealityMap.cs,ItemCandidate,SourceVerified,
Amber,Item,Data/Scripts/Items/Gems/Amber.cs,ItemCandidate,SourceVerified,
AmberAmulet,GoldNecklace,Data/Scripts/Items/Jewels/Tinkered.cs,ItemCandidate,SourceVerified,
AmberBracelet,GoldBracelet,Data/Scripts/Items/Jewels/Tinkered.cs,ItemCandidate,SourceVerified,
AmberEarrings,GoldEarrings,Data/Scripts/Items/Jewels/Tinkered.cs,ItemCandidate,SourceVerified,
AmberRing,GoldRing,Data/Scripts/Items/Jewels/Tinkered.cs,ItemCandidate,SourceVerified,
Amethyst,Item,Data/Scripts/Items/Gems/Amethyst.cs,ItemCandidate,SourceVerified,
AmethystAmulet,GoldNecklace,Data/Scripts/Items/Jewels/Tinkered.cs,ItemCandidate,SourceVerified,
AmethystBracelet,GoldBracelet,Data/Scripts/Items/Jewels/Tinkered.cs,ItemCandidate,SourceVerified,
AmethystEarrings,GoldEarrings,Data/Scripts/Items/Jewels/Tinkered.cs,ItemCandidate,SourceVerified,
AmethystFemalePlateChest,FemalePlateChest,Data/Scripts/Items/Armor/Gargoyle/AmethystArmor.cs,ItemCandidate,SourceVerified,
AmethystIngot,Item,Data/Scripts/Items/Trades/Resources/Blacksmithing/BlockofAmethyst.cs,ItemCandidate,SourceVerified,
AmethystPlateArms,PlateArms,Data/Scripts/Items/Armor/Gargoyle/AmethystArmor.cs,ItemCandidate,SourceVerified,
AmethystPlateChest,PlateChest,Data/Scripts/Items/Armor/Gargoyle/AmethystArmor.cs,ItemCandidate,SourceVerified,
AmethystPlateGloves,PlateGloves,Data/Scripts/Items/Armor/Gargoyle/AmethystArmor.cs,ItemCandidate,SourceVerified,
AmethystPlateGorget,PlateGorget,Data/Scripts/Items/Armor/Gargoyle/AmethystArmor.cs,ItemCandidate,SourceVerified,
AmethystPlateHelm,PlateHelm,Data/Scripts/Items/Armor/Gargoyle/AmethystArmor.cs,ItemCandidate,SourceVerified,
AmethystPlateLegs,PlateLegs,Data/Scripts/Items/Armor/Gargoyle/AmethystArmor.cs,ItemCandidate,SourceVerified,
AmethystRing,GoldRing,Data/Scripts/Items/Jewels/Tinkered.cs,ItemCandidate,SourceVerified,
AmethystShield,HeaterShield,Data/Scripts/Items/Armor/Gargoyle/AmethystArmor.cs,ItemCandidate,SourceVerified,
AncientSmithyHammer,BaseTool,Data/Scripts/Items/Special/Bulk Order Rewards/Blacksmithy/AncientSmithyHammer.cs,ItemCandidate,SourceVerified,
AngelicEmbrace,PlateArms,Data/Scripts/Items/Magical/Artifacts/Obsolete/Obsolete_AngelicEmbrace.cs,ItemCandidate,SourceVerified,
AngeroftheGods,Broadsword,Data/Scripts/Items/Magical/Artifacts/Obsolete/Obsolete_AngerOfTheGods.cs,ItemCandidate,SourceVerified,
AniLargeVioletFlask,Item,Data/Scripts/Items/Misc/GlassItems.cs,ItemCandidate,SourceVerified,
AniRedRibbedFlask,Item,Data/Scripts/Items/Misc/GlassItems.cs,ItemCandidate,SourceVerified,
AniSmallBlueFlask,Item,Data/Scripts/Items/Misc/GlassItems.cs,ItemCandidate,SourceVerified,
AnkhNorth,Item,Data/Scripts/Items/Construction/Ankhs.cs,ItemCandidate,SourceVerified,
AnkhOfSacrificeAddon,BaseAddon,Data/Scripts/Items/Special/Veteran Rewards/AnkhOfSacrifice.cs,ItemCandidate,SourceVerified,
AnkhOfSacrificeComponent,AddonComponent,Data/Scripts/Items/Special/Veteran Rewards/AnkhOfSacrifice.cs,ItemCandidate,SourceVerified,
AnkhOfSacrificeDeed,BaseAddonDeed,Data/Scripts/Items/Special/Veteran Rewards/AnkhOfSacrifice.cs,ItemCandidate,SourceVerified,
AnkhWest,Item,Data/Scripts/Items/Construction/Ankhs.cs,ItemCandidate,SourceVerified,
Ankhs,,Data/Scripts/Items/Construction/Ankhs.cs,ItemCandidate,SourceVerified,
Annihilation,Bardiche,Data/Scripts/Items/Magical/Artifacts/Obsolete/Obsolete_Annihilation.cs,ItemCandidate,SourceVerified,
AnthropomorphistGlasses,ElvenGlasses,Data/Scripts/Items/Armor/Glasses/AnthropomorphistGlasses.cs,ItemCandidate,SourceVerified,
Anvil,Item,Data/Scripts/Items/Trades/Blacksmith Items/AnvilForge.cs,ItemCandidate,SourceVerified,
AnvilAttribute,Attribute,Data/Scripts/Trades/Crafting/DefBlacksmithy.cs,ItemCandidate,SourceVerified,
AnvilComponent,AddonComponent,Data/Scripts/Items/Construction/Addons/AddonComponent.cs,ItemCandidate,SourceVerified,
AnvilEastAddon,BaseAddon,Data/Scripts/Items/Construction/Addons/AnvilEastAddon.cs,ItemCandidate,SourceVerified,
AnvilEastDeed,BaseAddonDeed,Data/Scripts/Items/Construction/Addons/AnvilEastAddon.cs,ItemCandidate,SourceVerified,
AnvilSouthAddon,BaseAddon,Data/Scripts/Items/Construction/Addons/AnvilSouthAddon.cs,ItemCandidate,SourceVerified,
AnvilSouthDeed,BaseAddonDeed,Data/Scripts/Items/Construction/Addons/AnvilSouthAddon.cs,ItemCandidate,SourceVerified,
AppleBobbingBarrel,Item,Data/Scripts/Items/Gifts/Holiday/Halloween/Decorations/AppleBobbingBarrel.cs,ItemCandidate,SourceVerified,
ApplePie,Food,Data/Scripts/Items/Food/Food.cs,ItemCandidate,SourceVerified,Multiple source declarations found.
AppleTreeAddon,BaseFruitTreeAddon,Data/Scripts/Items/Special/Heritage Items/FruitTrees.cs,ItemCandidate,SourceVerified,
AppleTreeDeed,BaseAddonDeed,Data/Scripts/Items/Special/Heritage Items/FruitTrees.cs,ItemCandidate,SourceVerified,
AppleTrunkAddon,BaseAddon,Data/Scripts/Items/Special/Heritage Items/AppleTrunk.cs,ItemCandidate,SourceVerified,
AppleTrunkDeed,BaseAddonDeed,Data/Scripts/Items/Special/Heritage Items/AppleTrunk.cs,ItemCandidate,SourceVerified,
AquariumEastAddon,BaseAddon,Data/Scripts/Items/Trades/Fishing/Sea Artifacts/AquariumEastAddon.cs,ItemCandidate,SourceVerified,
AquariumEastAddonDeed,BaseAddonDeed,Data/Scripts/Items/Trades/Fishing/Sea Artifacts/AquariumEastAddon.cs,ItemCandidate,SourceVerified,
AquariumSouthAddon,BaseAddon,Data/Scripts/Items/Trades/Fishing/Sea Artifacts/AquariumSouthAddon.cs,ItemCandidate,SourceVerified,
AquariumSouthAddonDeed,BaseAddonDeed,Data/Scripts/Items/Trades/Fishing/Sea Artifacts/AquariumSouthAddon.cs,ItemCandidate,SourceVerified,
ArcaneArms,LeatherArms,Data/Scripts/Items/Magical/Artifacts/Obsolete/Obsolete_ArcaneArms.cs,ItemCandidate,SourceVerified,
ArcaneBookshelfEastAddon,BaseAddon,Data/Scripts/Items/Construction/Addons/ArcaneBookshelfEastAddon.cs,ItemCandidate,SourceVerified,
ArcaneBookshelfEastDeed,BaseAddonDeed,Data/Scripts/Items/Construction/Addons/ArcaneBookshelfEastAddon.cs,ItemCandidate,SourceVerified,
ArcaneBookshelfSouthAddon,BaseAddon,Data/Scripts/Items/Construction/Addons/ArcaneBookshelfSouthAddon.cs,ItemCandidate,SourceVerified,
ArcaneBookshelfSouthDeed,BaseAddonDeed,Data/Scripts/Items/Construction/Addons/ArcaneBookshelfSouthAddon.cs,ItemCandidate,SourceVerified,
ArcaneCap,LeatherCap,Data/Scripts/Items/Magical/Artifacts/Obsolete/Obsolete_ArcaneCap.cs,ItemCandidate,SourceVerified,
ArcaneCircleAddon,BaseAddon,Data/Scripts/Items/Construction/Addons/ArcaneCircleAddon.cs,ItemCandidate,SourceVerified,
ArcaneCircleDeed,BaseAddonDeed,Data/Scripts/Items/Construction/Addons/ArcaneCircleAddon.cs,ItemCandidate,SourceVerified,
ArcaneGem,Item,Data/Scripts/Items/Misc/ArcaneGem.cs,ItemCandidate,SourceVerified,
ArcaneGloves,LeatherGloves,Data/Scripts/Items/Magical/Artifacts/Obsolete/Obsolete_ArcaneGloves.cs,ItemCandidate,SourceVerified,
ArcaneGorget,LeatherGorget,Data/Scripts/Items/Magical/Artifacts/Obsolete/Obsolete_ArcaneGorget.cs,ItemCandidate,SourceVerified,
ArcaneLeggings,LeatherLegs,Data/Scripts/Items/Magical/Artifacts/Obsolete/Obsolete_ArcaneLeggings.cs,ItemCandidate,SourceVerified,
ArcaneShield,WoodenKiteShield,Data/Scripts/Items/Magical/Artifacts/Obsolete/Obsolete_ArcaneShield.cs,ItemCandidate,SourceVerified,
ArcaneTunic,LeatherChest,Data/Scripts/Items/Magical/Artifacts/Obsolete/Obsolete_ArcaneTunic.cs,ItemCandidate,SourceVerified,
ArcanicRobe,Robe,Data/Scripts/Items/Magical/Artifacts/Obsolete/Obsolete_ArcanicRobe.cs,ItemCandidate,SourceVerified,
ArcanistStatueEastAddon,BaseAddon,Data/Scripts/Items/Construction/Addons/ArcanistStatueEastAddon.cs,ItemCandidate,SourceVerified,
ArcanistStatueEastDeed,BaseAddonDeed,Data/Scripts/Items/Construction/Addons/ArcanistStatueEastAddon.cs,ItemCandidate,SourceVerified,
ArcanistStatueSouthAddon,BaseAddon,Data/Scripts/Items/Construction/Addons/ArcanistStatueSouthAddon.cs,ItemCandidate,SourceVerified,
ArcanistStatueSouthDeed,BaseAddonDeed,Data/Scripts/Items/Construction/Addons/ArcanistStatueSouthAddon.cs,ItemCandidate,SourceVerified,
ArchCureMagicStaff,BaseMagicStaff,Data/Scripts/Items/Wands/4th Circle/ArchCureStaff.cs,ItemCandidate,SourceVerified,
ArchProtectionMagicStaff,BaseMagicStaff,Data/Scripts/Items/Wands/4th Circle/ArchProtectionStaff.cs,ItemCandidate,SourceVerified,
ArcherQuiver,BaseQuiver,Data/Scripts/Items/Containers/Quivers/ArcherQuiver.cs,ItemCandidate,SourceVerified,
ArcheryButte,AddonComponent,Data/Scripts/Items/Construction/Addons/ArcheryButteAddon.cs,ItemCandidate,SourceVerified,
ArcheryButteAddon,BaseAddon,Data/Scripts/Items/Construction/Addons/ArcheryButteAddon.cs,ItemCandidate,SourceVerified,
ArcheryButteDeed,BaseAddonDeed,Data/Scripts/Items/Construction/Addons/ArcheryButteAddon.cs,ItemCandidate,SourceVerified,
ArchmageRobe,BaseOuterTorso,Data/Scripts/Items/Clothing/Robes.cs,ItemCandidate,SourceVerified,
ArcticBeacon,MagicLantern,Data/Scripts/Items/Magical/Artifacts/Obsolete/Obsolete_ArcticBeacon.cs,ItemCandidate,SourceVerified,
ArcticDeathDealer,WarMace,Data/Scripts/Items/Magical/Artifacts/Obsolete/Obsolete_ArcticDeathDealer.cs,ItemCandidate,SourceVerified,
ArgentrockTeleporter,Item,Data/Scripts/Items/Doors/ArgentrockTeleporter.cs,ItemCandidate,SourceVerified,
Armoire,BaseContainer,Data/Scripts/Items/Containers/FurnitureContainer.cs,ItemCandidate,SourceVerified,
ArmorAttributeInfo,,Data/Scripts/Items/Magical/God/LevelAttributes.cs,ItemCandidate,SourceVerified,
ArmorGiftAttributeInfo,,Data/Scripts/Items/Magical/Gifts/GiftAttributes.cs,ItemCandidate,SourceVerified,
ArmorOfFortune,StuddedChest,Data/Scripts/Items/Magical/Artifacts/Obsolete/Obsolete_ArmorOfFortune.cs,ItemCandidate,SourceVerified,
ArmorOfInsight,PlateChest,Data/Scripts/Items/Magical/Artifacts/Obsolete/Obsolete_ArmorOfInsight.cs,ItemCandidate,SourceVerified,
ArmorOfNobility,RingmailChest,Data/Scripts/Items/Magical/Artifacts/Obsolete/Obsolete_ArmorOfNobility.cs,ItemCandidate,SourceVerified,
ArmoroftheTitans,RoyalChest,,ProposedItemClass,Proposed,New class should inherit from the resolved base item class.
ArmorofthefalseGods,RoyalChest,,ProposedItemClass,Proposed,New class should inherit from the resolved base item class.
ArmsBarrel,LockableContainer,Data/Scripts/Items/Containers/Container.cs,ItemCandidate,SourceVerified,
ArmsCrate,LockableContainer,Data/Scripts/Items/Containers/Container.cs,ItemCandidate,SourceVerified,
ArmsOfAegis,PlateArms,Data/Scripts/Items/Magical/Artifacts/Obsolete/Obsolete_ArmsOfAegis.cs,ItemCandidate,SourceVerified,
ArmsOfFortune,StuddedArms,Data/Scripts/Items/Magical/Artifacts/Obsolete/Obsolete_ArmsOfFortune.cs,ItemCandidate,SourceVerified,
ArmsOfInsight,PlateArms,Data/Scripts/Items/Magical/Artifacts/Obsolete/Obsolete_ArmsOfInsight.cs,ItemCandidate,SourceVerified,
ArmsOfNobility,RingmailArms,Data/Scripts/Items/Magical/Artifacts/Obsolete/Obsolete_ArmsOfNobility.cs,ItemCandidate,SourceVerified,
ArmsOfTheFallenKing,LeatherArms,Data/Scripts/Items/Magical/Artifacts/Obsolete/Obsolete_ArmsOfTheFallenKing.cs,ItemCandidate,SourceVerified,
ArmsOfTheHarrower,BoneArms,Data/Scripts/Items/Magical/Artifacts/Obsolete/Obsolete_ArmsOfTheHarrower.cs,ItemCandidate,SourceVerified,
ArmsOfToxicity,LeatherArms,Data/Scripts/Items/Magical/Artifacts/Obsolete/Obsolete_ArmsOfToxicity.cs,ItemCandidate,SourceVerified,
Arrow,Item,Data/Scripts/Items/Trades/Resources/Arrows/Arrow.cs,ItemCandidate,SourceVerified,
ArtifactLargeVase,Item,Data/Scripts/Items/Decorations/Artifacts/Decorative/ArtifactLargeVase.cs,ItemCandidate,SourceVerified,
ArtifactManual,Item,Data/Scripts/Items/Magical/ArtifactManual.cs,ItemCandidate,SourceVerified,
ArtifactVase,Item,Data/Scripts/Items/Decorations/Artifacts/Decorative/ArtifactVase.cs,ItemCandidate,SourceVerified,
Artifact_ANecromancerShroud,GiftRobe,Data/Scripts/Items/Magical/Artifacts/Artifact_ANecromancerShroud.cs,ItemCandidate,SourceVerified,
Artifact_AbysmalGloves,GiftLeatherGloves,Data/Scripts/Items/Magical/Artifacts/Artifact_AbysmalGloves.cs,ItemCandidate,SourceVerified,
Artifact_AchillesShield,GiftBronzeShield,Data/Scripts/Items/Magical/Artifacts/Artifact_AchillesShield.cs,ItemCandidate,SourceVerified,
Artifact_AchillesSpear,GiftSpear,Data/Scripts/Items/Magical/Artifacts/Artifact_AchillesSpear.cs,ItemCandidate,SourceVerified,
Artifact_AcidProofRobe,GiftRobe,Data/Scripts/Items/Magical/Artifacts/Artifact_AcidProofRobe.cs,ItemCandidate,SourceVerified,
Artifact_Aegis,GiftHeaterShield,Data/Scripts/Items/Magical/Artifacts/Artifact_Aegis.cs,ItemCandidate,SourceVerified,
Artifact_AegisOfGrace,GiftDragonHelm,Data/Scripts/Items/Magical/Artifacts/Artifact_AegisOfGrace.cs,ItemCandidate,SourceVerified,
Artifact_AilricsLongbow,GiftElvenCompositeLongbow,Data/Scripts/Items/Magical/Artifacts/Artifact_AilricsLongbow.cs,ItemCandidate,SourceVerified,
Artifact_AlchemistsBauble,GiftTalismanLeather,Data/Scripts/Items/Magical/Artifacts/Artifact_AlchemistsBauble.cs,ItemCandidate,SourceVerified,
Artifact_AngelicEmbrace,GiftPlateArms,Data/Scripts/Items/Magical/Artifacts/Artifact_AngelicEmbrace.cs,ItemCandidate,SourceVerified,
Artifact_AngeroftheGods,GiftBroadsword,Data/Scripts/Items/Magical/Artifacts/Artifact_AngerOfTheGods.cs,ItemCandidate,SourceVerified,
Artifact_Annihilation,GiftBardiche,Data/Scripts/Items/Magical/Artifacts/Artifact_Annihilation.cs,ItemCandidate,SourceVerified,
Artifact_ArcaneArms,GiftLeatherArms,Data/Scripts/Items/Magical/Artifacts/Artifact_ArcaneArms.cs,ItemCandidate,SourceVerified,
Artifact_ArcaneCap,GiftLeatherCap,Data/Scripts/Items/Magical/Artifacts/Artifact_ArcaneCap.cs,ItemCandidate,SourceVerified,
Artifact_ArcaneGloves,GiftLeatherGloves,Data/Scripts/Items/Magical/Artifacts/Artifact_ArcaneGloves.cs,ItemCandidate,SourceVerified,
Artifact_ArcaneGorget,GiftLeatherGorget,Data/Scripts/Items/Magical/Artifacts/Artifact_ArcaneGorget.cs,ItemCandidate,SourceVerified,
Artifact_ArcaneLeggings,GiftLeatherLegs,Data/Scripts/Items/Magical/Artifacts/Artifact_ArcaneLeggings.cs,ItemCandidate,SourceVerified,
Artifact_ArcaneShield,GiftWoodenKiteShield,Data/Scripts/Items/Magical/Artifacts/Artifact_ArcaneShield.cs,ItemCandidate,SourceVerified,
Artifact_ArcaneTunic,GiftLeatherChest,Data/Scripts/Items/Magical/Artifacts/Artifact_ArcaneTunic.cs,ItemCandidate,SourceVerified,
Artifact_ArcanicRobe,GiftRobe,Data/Scripts/Items/Magical/Artifacts/Artifact_ArcanicRobe.cs,ItemCandidate,SourceVerified,
Artifact_ArcticBeacon,GiftLantern,Data/Scripts/Items/Magical/Artifacts/Artifact_ArcticBeacon.cs,ItemCandidate,SourceVerified,
Artifact_ArcticDeathDealer,GiftWarMace,Data/Scripts/Items/Magical/Artifacts/Artifact_ArcticDeathDealer.cs,ItemCandidate,SourceVerified,
Artifact_ArmorOfFortune,GiftStuddedChest,Data/Scripts/Items/Magical/Artifacts/Artifact_ArmorOfFortune.cs,ItemCandidate,SourceVerified,
Artifact_ArmorOfInsight,GiftPlateChest,Data/Scripts/Items/Magical/Artifacts/Artifact_ArmorOfInsight.cs,ItemCandidate,SourceVerified,
Artifact_ArmorOfNobility,GiftRingmailChest,Data/Scripts/Items/Magical/Artifacts/Artifact_ArmorOfNobility.cs,ItemCandidate,SourceVerified,
Artifact_ArmsOfAegis,GiftPlateArms,Data/Scripts/Items/Magical/Artifacts/Artifact_ArmsOfAegis.cs,ItemCandidate,SourceVerified,
Artifact_ArmsOfFortune,GiftStuddedArms,Data/Scripts/Items/Magical/Artifacts/Artifact_ArmsOfFortune.cs,ItemCandidate,SourceVerified,
Artifact_ArmsOfInsight,GiftPlateArms,Data/Scripts/Items/Magical/Artifacts/Artifact_ArmsOfInsight.cs,ItemCandidate,SourceVerified,
Artifact_ArmsOfNobility,GiftRingmailArms,Data/Scripts/Items/Magical/Artifacts/Artifact_ArmsOfNobility.cs,ItemCandidate,SourceVerified,
Artifact_ArmsOfTheFallenKing,GiftLeatherArms,Data/Scripts/Items/Magical/Artifacts/Artifact_ArmsOfTheFallenKing.cs,ItemCandidate,SourceVerified,
Artifact_ArmsOfTheHarrower,GiftBoneArms,Data/Scripts/Items/Magical/Artifacts/Artifact_ArmsOfTheHarrower.cs,ItemCandidate,SourceVerified,
Artifact_ArmsOfToxicity,GiftLeatherArms,Data/Scripts/Items/Magical/Artifacts/Artifact_ArmsOfToxicity.cs,ItemCandidate,SourceVerified,
Artifact_AuraOfShadows,GiftLantern,Data/Scripts/Items/Magical/Artifacts/Artifact_AuraOfShadows.cs,ItemCandidate,SourceVerified,
Artifact_AxeOfTheHeavens,GiftDoubleAxe,Data/Scripts/Items/Magical/Artifacts/Artifact_AxeOfTheHeavens.cs,ItemCandidate,SourceVerified,
Artifact_AxeoftheMinotaur,GiftLargeBattleAxe,Data/Scripts/Items/Magical/Artifacts/Artifact_AxeoftheMinotaur.cs,ItemCandidate,SourceVerified,
Artifact_BeggarsRobe,GiftRobe,Data/Scripts/Items/Magical/Artifacts/Artifact_BeggarsRobe.cs,ItemCandidate,SourceVerified,
Artifact_BelmontWhip,GiftWhips,Data/Scripts/Items/Magical/Artifacts/Artifact_BelmontWhip.cs,ItemCandidate,SourceVerified,
Artifact_BeltofHercules,GiftBelt,Data/Scripts/Items/Magical/Artifacts/Artifact_BeltofHercules.cs,ItemCandidate,SourceVerified,
Artifact_BladeDance,GiftRuneBlade,Data/Scripts/Items/Magical/Artifacts/Artifact_BladeDance.cs,ItemCandidate,SourceVerified,
Artifact_BladeOfInsanity,GiftKatana,Data/Scripts/Items/Magical/Artifacts/Artifact_BladeOfInsanity.cs,ItemCandidate,SourceVerified,
Artifact_BladeOfTheRighteous,GiftLongsword,Data/Scripts/Items/Magical/Artifacts/Artifact_BladeOfTheRighteous.cs,ItemCandidate,SourceVerified,
Artifact_BlazeOfDeath,GiftHalberd,Data/Scripts/Items/Magical/Artifacts/Artifact_BlazeOfDeath.cs,ItemCandidate,SourceVerified,
Artifact_BlightGrippedLongbow,GiftElvenCompositeLongbow,Data/Scripts/Items/Magical/Artifacts/Artifact_BlightGrippedLongbow.cs,ItemCandidate,SourceVerified,
Artifact_BloodwoodSpirit,GiftTalismanLeather,Data/Scripts/Items/Magical/Artifacts/Artifact_BloodwoodSpirit.cs,ItemCandidate,SourceVerified,
Artifact_BoneCrusher,GiftWarMace,Data/Scripts/Items/Magical/Artifacts/Artifact_BoneCrusher.cs,ItemCandidate,SourceVerified,
Artifact_Bonesmasher,GiftDiamondMace,Data/Scripts/Items/Magical/Artifacts/Artifact_Bonesmasher.cs,ItemCandidate,SourceVerified,
Artifact_BookOfKnowledge,MySpellbook,Data/Scripts/Items/Magical/Artifacts/Specific/BookOfKnowledge.cs,ItemCandidate,SourceVerified,
Artifact_Boomstick,GiftWildStaff,Data/Scripts/Items/Magical/Artifacts/Artifact_Boomstick.cs,ItemCandidate,SourceVerified,
Artifact_BootsofHermes,GiftBoots,Data/Scripts/Items/Magical/Artifacts/Artifact_BootsofHermes.cs,ItemCandidate,SourceVerified,
Artifact_BootsofHydros,GiftBoots,Data/Scripts/Items/Magical/Artifacts/Artifact_BootsofHydros.cs,ItemCandidate,SourceVerified,
Artifact_BootsofLithos,GiftBoots,Data/Scripts/Items/Magical/Artifacts/Artifact_BootsofLithos.cs,ItemCandidate,SourceVerified,
Artifact_BootsofPyros,GiftBoots,Data/Scripts/Items/Magical/Artifacts/Artifact_BootsofPyros.cs,ItemCandidate,SourceVerified,
Artifact_BootsofStratos,GiftBoots,Data/Scripts/Items/Magical/Artifacts/Artifact_BootsofStratos.cs,ItemCandidate,SourceVerified,
Artifact_BowOfTheJukaKing,GiftBow,Data/Scripts/Items/Magical/Artifacts/Artifact_BowOfTheJukaKing.cs,ItemCandidate,SourceVerified,
Artifact_BowofthePhoenix,GiftElvenCompositeLongbow,Data/Scripts/Items/Magical/Artifacts/Artifact_BowofthePhoenix.cs,ItemCandidate,SourceVerified,
Artifact_BraceletOfHealth,GiftGoldBracelet,Data/Scripts/Items/Magical/Artifacts/Artifact_BraceletOfHealth.cs,ItemCandidate,SourceVerified,
Artifact_BraceletOfTheElements,GiftGoldBracelet,Data/Scripts/Items/Magical/Artifacts/Artifact_BraceletOfTheElements.cs,ItemCandidate,SourceVerified,
Artifact_BraceletOfTheVile,GiftGoldBracelet,Data/Scripts/Items/Magical/Artifacts/Artifact_BraceletOfTheVile.cs,ItemCandidate,SourceVerified,
Artifact_BrambleCoat,GiftLeatherChest,Data/Scripts/Items/Magical/Artifacts/Artifact_BrambleCoat.cs,ItemCandidate,SourceVerified,
Artifact_BraveKnightOfTheBritannia,GiftKatana,Data/Scripts/Items/Magical/Artifacts/Artifact_BraveKnightOfTheBritannia.cs,ItemCandidate,SourceVerified,
Artifact_BreathOfTheDead,GiftBoneHarvester,Data/Scripts/Items/Magical/Artifacts/Artifact_BreathOfTheDead.cs,ItemCandidate,SourceVerified,
Artifact_BurglarsBandana,GiftBandana,Data/Scripts/Items/Magical/Artifacts/Artifact_BurglarsBandana.cs,ItemCandidate,SourceVerified,
Artifact_Calm,GiftHalberd,Data/Scripts/Items/Magical/Artifacts/Artifact_Calm.cs,ItemCandidate,SourceVerified,
Artifact_CandleCold,GiftCandle,Data/Scripts/Items/Magical/Artifacts/Artifact_Candles.cs,ItemCandidate,SourceVerified,
Artifact_CandleEnergy,GiftCandle,Data/Scripts/Items/Magical/Artifacts/Artifact_Candles.cs,ItemCandidate,SourceVerified,
Artifact_CandleFire,GiftCandle,Data/Scripts/Items/Magical/Artifacts/Artifact_Candles.cs,ItemCandidate,SourceVerified,
Artifact_CandleNecromancer,GiftCandle,Data/Scripts/Items/Magical/Artifacts/Artifact_Candles.cs,ItemCandidate,SourceVerified,
Artifact_CandlePoison,GiftCandle,Data/Scripts/Items/Magical/Artifacts/Artifact_Candles.cs,ItemCandidate,SourceVerified,
Artifact_CandleWizard,GiftCandle,Data/Scripts/Items/Magical/Artifacts/Artifact_Candles.cs,ItemCandidate,SourceVerified,
Artifact_CapOfFortune,GiftLeatherCap,Data/Scripts/Items/Magical/Artifacts/Artifact_CapOfFortune.cs,ItemCandidate,SourceVerified,
Artifact_CapOfTheFallenKing,GiftLeatherCap,Data/Scripts/Items/Magical/Artifacts/Artifact_CapOfTheFallenKing.cs,ItemCandidate,SourceVerified,
Artifact_CaptainJohnsHat,GiftTricorneHat,Data/Scripts/Items/Magical/Artifacts/Artifact_CaptainJohnsHat.cs,ItemCandidate,SourceVerified,
Artifact_CaptainQuacklebushsCutlass,GiftCutlass,Data/Scripts/Items/Magical/Artifacts/Artifact_CaptainQuacklebushsCutlass.cs,ItemCandidate,SourceVerified,
Artifact_CavortingClub,GiftClub,Data/Scripts/Items/Magical/Artifacts/Artifact_CavortingClub.cs,ItemCandidate,SourceVerified,
Artifact_CircletOfTheSorceress,GiftLeatherCap,Data/Scripts/Items/Magical/Artifacts/Artifact_CircletOfTheSorceress.cs,ItemCandidate,SourceVerified,
Artifact_CoifOfBane,GiftChainCoif,Data/Scripts/Items/Magical/Artifacts/Artifact_CoifOfBane.cs,ItemCandidate,SourceVerified,
Artifact_CoifOfFire,GiftChainCoif,Data/Scripts/Items/Magical/Artifacts/Artifact_CoifOfFire.cs,ItemCandidate,SourceVerified,
Artifact_ColdBlood,GiftCleaver,Data/Scripts/Items/Magical/Artifacts/Artifact_ColdBlood.cs,ItemCandidate,SourceVerified,
Artifact_ColdForgedBlade,GiftElvenSpellblade,Data/Scripts/Items/Magical/Artifacts/Artifact_ColdForgedBlade.cs,ItemCandidate,SourceVerified,
Artifact_ConansHelm,GiftPlateHelm,Data/Scripts/Items/Magical/Artifacts/Artifact_ConansHelm.cs,ItemCandidate,SourceVerified,
Artifact_ConansLoinCloth,GiftBelt,Data/Scripts/Items/Magical/Artifacts/Artifact_ConansLoinCloth.cs,ItemCandidate,SourceVerified,
Artifact_ConansSword,GiftClaymore,Data/Scripts/Items/Magical/Artifacts/Artifact_ConansSword.cs,ItemCandidate,SourceVerified,
Artifact_CrimsonCincture,GiftHalfApron,Data/Scripts/Items/Magical/Artifacts/Artifact_CrimsonCincture.cs,ItemCandidate,SourceVerified,
Artifact_CrownOfTalKeesh,GiftBandana,Data/Scripts/Items/Magical/Artifacts/Artifact_CrownOfTalKeesh.cs,ItemCandidate,SourceVerified,
Artifact_DaggerOfVenom,GiftDagger,Data/Scripts/Items/Magical/Artifacts/Artifact_DaggerOfVenom.cs,ItemCandidate,SourceVerified,
Artifact_DarkGuardiansChest,GiftPlateChest,Data/Scripts/Items/Magical/Artifacts/Artifact_DarkGuardiansChest.cs,ItemCandidate,SourceVerified,
Artifact_DarkLordsPitchfork,GiftPitchfork,Data/Scripts/Items/Magical/Artifacts/Artifact_DarkLordsPitchfork.cs,ItemCandidate,SourceVerified,
Artifact_DarkNeck,GiftPlateGorget,Data/Scripts/Items/Magical/Artifacts/Artifact_DarkNeck.cs,ItemCandidate,SourceVerified,
Artifact_DeathsMask,GiftBoneHelm,Data/Scripts/Items/Magical/Artifacts/Artifact_DeathsMask.cs,ItemCandidate,SourceVerified,
Artifact_DetectiveBoots,GiftBoots,Data/Scripts/Items/Magical/Artifacts/Artifact_DetectiveBoots.cs,ItemCandidate,SourceVerified,
Artifact_DivineArms,GiftLeatherArms,Data/Scripts/Items/Magical/Artifacts/Artifact_DivineArms.cs,ItemCandidate,SourceVerified,
Artifact_DivineCountenance,GiftHornedTribalMask,Data/Scripts/Items/Magical/Artifacts/Artifact_DivineCountenance.cs,ItemCandidate,SourceVerified,
Artifact_DivineGloves,GiftLeatherGloves,Data/Scripts/Items/Magical/Artifacts/Artifact_DivineGloves.cs,ItemCandidate,SourceVerified,
Artifact_DivineGorget,GiftLeatherGorget,Data/Scripts/Items/Magical/Artifacts/Artifact_DivineGorget.cs,ItemCandidate,SourceVerified,
Artifact_DivineLeggings,GiftLeatherLegs,Data/Scripts/Items/Magical/Artifacts/Artifact_DivineLeggings.cs,ItemCandidate,SourceVerified,
Artifact_DivineTunic,GiftLeatherChest,Data/Scripts/Items/Magical/Artifacts/Artifact_DivineTunic.cs,ItemCandidate,SourceVerified,
Artifact_DjinnisRing,GiftSilverRing,Data/Scripts/Items/Magical/Artifacts/Artifact_DjinnisRing.cs,ItemCandidate,SourceVerified,
Artifact_DreadPirateHat,GiftTricorneHat,Data/Scripts/Items/Magical/Artifacts/Artifact_DreadPirateHat.cs,ItemCandidate,SourceVerified,
Artifact_DupresCollar,GiftPlateGorget,Data/Scripts/Items/Magical/Artifacts/Artifact_DupresCollar.cs,ItemCandidate,SourceVerified,
Artifact_DupresShield,GiftOrderShield,Data/Scripts/Items/Magical/Artifacts/Artifact_DupresShield.cs,ItemCandidate,SourceVerified,
Artifact_EarringsOfHealth,GiftGoldEarrings,Data/Scripts/Items/Magical/Artifacts/Artifact_EarringsOfHealth.cs,ItemCandidate,SourceVerified,
Artifact_EarringsOfTheElements,GiftGoldEarrings,Data/Scripts/Items/Magical/Artifacts/Artifact_EarringsOfTheElements.cs,ItemCandidate,SourceVerified,
Artifact_EarringsOfTheMagician,GiftGoldEarrings,Data/Scripts/Items/Magical/Artifacts/Artifact_EarringsOfTheMagician.cs,ItemCandidate,SourceVerified,
Artifact_EarringsOfTheVile,GiftGoldEarrings,Data/Scripts/Items/Magical/Artifacts/Artifact_EarringsOfTheVile.cs,ItemCandidate,SourceVerified,
Artifact_EmbroideredOakLeafCloak,GiftCloak,Data/Scripts/Items/Magical/Artifacts/Artifact_EmbroideredOakLeafCloak.cs,ItemCandidate,SourceVerified,
Artifact_EnchantedTitanLegBone,GiftShortSpear,Data/Scripts/Items/Magical/Artifacts/Artifact_EnchantedTitanLegBone.cs,ItemCandidate,SourceVerified,
Artifact_EssenceOfBattle,GiftGoldRing,Data/Scripts/Items/Magical/Artifacts/Artifact_EssenceOfBattle.cs,ItemCandidate,SourceVerified,
Artifact_EternalFlame,GiftLantern,Data/Scripts/Items/Magical/Artifacts/Artifact_EternalFlame.cs,ItemCandidate,SourceVerified,
Artifact_EvilMageGloves,GiftLeatherGloves,Data/Scripts/Items/Magical/Artifacts/Artifact_EvilMageGloves.cs,ItemCandidate,SourceVerified,
Artifact_Excalibur,GiftClaymore,Data/Scripts/Items/Magical/Artifacts/Artifact_Excalibur.cs,ItemCandidate,SourceVerified,
Artifact_FalseGodsScepter,GiftScepter,Data/Scripts/Items/Magical/Artifacts/Artifact_FalseGodsScepter.cs,ItemCandidate,SourceVerified,
Artifact_FangOfRactus,GiftKryss,Data/Scripts/Items/Magical/Artifacts/Artifact_FangOfRactus.cs,ItemCandidate,SourceVerified,
Artifact_FesteringWound,GiftKryss,Data/Scripts/Items/Magical/Artifacts/Artifact_FesteringWound.cs,ItemCandidate,SourceVerified,
Artifact_FeyLeggings,GiftChainLegs,Data/Scripts/Items/Magical/Artifacts/Artifact_FeyLeggings.cs,ItemCandidate,SourceVerified,
Artifact_FleshRipper,GiftAssassinSpike,Data/Scripts/Items/Magical/Artifacts/Artifact_FleshRipper.cs,ItemCandidate,SourceVerified,
Artifact_Fortifiedarms,GiftBoneArms,Data/Scripts/Items/Magical/Artifacts/Artifact_FortifiedArms.cs,ItemCandidate,SourceVerified,
Artifact_FortunateBlades,GiftDaisho,Data/Scripts/Items/Magical/Artifacts/Artifact_FortunateBlades.cs,ItemCandidate,SourceVerified,
Artifact_Frostbringer,GiftBow,Data/Scripts/Items/Magical/Artifacts/Artifact_Frostbringer.cs,ItemCandidate,SourceVerified,
Artifact_FurCapeOfTheSorceress,GiftCloak,Data/Scripts/Items/Magical/Artifacts/Artifact_FurCapeOfTheSorceress.cs,ItemCandidate,SourceVerified,
Artifact_Fury,GiftKatana,Data/Scripts/Items/Magical/Artifacts/Artifact_Fury.cs,ItemCandidate,SourceVerified,
Artifact_GandalfsHat,GiftWizardsHat,Data/Scripts/Items/Magical/Artifacts/Artifact_GandalfsHat.cs,ItemCandidate,SourceVerified,
Artifact_GandalfsRobe,GiftRobe,Data/Scripts/Items/Magical/Artifacts/Artifact_GandalfsRobe.cs,ItemCandidate,SourceVerified,
Artifact_GandalfsStaff,GiftQuarterStaff,Data/Scripts/Items/Magical/Artifacts/Artifact_GandalfsStaff.cs,ItemCandidate,SourceVerified,
Artifact_GauntletsOfNobility,GiftRingmailGloves,Data/Scripts/Items/Magical/Artifacts/Artifact_GauntletsOfNobility.cs,ItemCandidate,SourceVerified,
Artifact_GeishasObi,GiftObi,Data/Scripts/Items/Magical/Artifacts/Artifact_GeishasObi.cs,ItemCandidate,SourceVerified,
Artifact_GiantBlackjack,GiftClub,Data/Scripts/Items/Magical/Artifacts/Artifact_GiantBlackjack.cs,ItemCandidate,SourceVerified,
Artifact_GladiatorsCollar,GiftPlateGorget,Data/Scripts/Items/Magical/Artifacts/Artifact_GladiatorsCollar.cs,ItemCandidate,SourceVerified,
Artifact_GlassSword,GiftVikingSword,Data/Scripts/Items/Magical/Artifacts/Artifact_GlassSword.cs,ItemCandidate,SourceVerified,
Artifact_GlovesOfAegis,GiftPlateGloves,Data/Scripts/Items/Magical/Artifacts/Artifact_GlovesOfAegis.cs,ItemCandidate,SourceVerified,
Artifact_GlovesOfCorruption,GiftLeatherGloves,Data/Scripts/Items/Magical/Artifacts/Artifact_GlovesOfCorruption.cs,ItemCandidate,SourceVerified,
Artifact_GlovesOfDexterity,GiftLeatherGloves,Data/Scripts/Items/Magical/Artifacts/Artifact_GlovesOfDexterity.cs,ItemCandidate,SourceVerified,
Artifact_GlovesOfFortune,GiftStuddedGloves,Data/Scripts/Items/Magical/Artifacts/Artifact_GlovesOfFortune.cs,ItemCandidate,SourceVerified,
Artifact_GlovesOfInsight,GiftPlateGloves,Data/Scripts/Items/Magical/Artifacts/Artifact_GlovesOfInsight.cs,ItemCandidate,SourceVerified,
Artifact_GlovesOfRegeneration,GiftLeatherGloves,Data/Scripts/Items/Magical/Artifacts/Artifact_GlovesOfRegeneration.cs,ItemCandidate,SourceVerified,
Artifact_GlovesOfTheFallenKing,GiftLeatherGloves,Data/Scripts/Items/Magical/Artifacts/Artifact_GlovesOfTheFallenKing.cs,ItemCandidate,SourceVerified,
Artifact_GlovesOfTheHarrower,GiftBoneGloves,Data/Scripts/Items/Magical/Artifacts/Artifact_GlovesOfTheHarrower.cs,ItemCandidate,SourceVerified,
Artifact_GlovesOfThePugilist,GiftPugilistGloves,Data/Scripts/Items/Magical/Artifacts/Artifact_GlovesOfThePugilist.cs,ItemCandidate,SourceVerified,
Artifact_GorgetOfAegis,GiftPlateGorget,Data/Scripts/Items/Magical/Artifacts/Artifact_GorgetOfAegis.cs,ItemCandidate,SourceVerified,
Artifact_GorgetOfFortune,GiftStuddedGorget,Data/Scripts/Items/Magical/Artifacts/Artifact_GorgetOfFortune.cs,ItemCandidate,SourceVerified,
Artifact_GorgetOfInsight,GiftPlateGorget,Data/Scripts/Items/Magical/Artifacts/Artifact_GorgetOfInsight.cs,ItemCandidate,SourceVerified,
Artifact_GrayMouserCloak,GiftCloak,Data/Scripts/Items/Magical/Artifacts/Artifact_GrayMouserCloak.cs,ItemCandidate,SourceVerified,
Artifact_GrimReapersLantern,GiftLantern,Data/Scripts/Items/Magical/Artifacts/Artifact_GrimReapersLantern.cs,ItemCandidate,SourceVerified,
Artifact_GrimReapersMask,GiftWizardsHat,Data/Scripts/Items/Magical/Artifacts/Artifact_GrimReapersMask.cs,ItemCandidate,SourceVerified,
Artifact_GrimReapersRobe,GiftRobe,Data/Scripts/Items/Magical/Artifacts/Artifact_GrimReapersRobe.cs,ItemCandidate,SourceVerified,
Artifact_GrimReapersScythe,GiftScythe,Data/Scripts/Items/Magical/Artifacts/Artifact_GrimReapersScythe.cs,ItemCandidate,SourceVerified,
Artifact_GuantletsOfAnger,GiftPlateGloves,Data/Scripts/Items/Magical/Artifacts/Artifact_GuantletsOfAnger.cs,ItemCandidate,SourceVerified,
Artifact_HammerofThor,GiftWarHammer,Data/Scripts/Items/Magical/Artifacts/Artifact_HammerofThor.cs,ItemCandidate,SourceVerified,
Artifact_HatOfTheMagi,GiftWizardsHat,Data/Scripts/Items/Magical/Artifacts/Artifact_HatOfTheMagi.cs,ItemCandidate,SourceVerified,
Artifact_HeartOfTheLion,GiftPlateChest,Data/Scripts/Items/Magical/Artifacts/Artifact_HeartOfTheLion.cs,ItemCandidate,SourceVerified,
Artifact_HellForgedArms,GiftPlateArms,Data/Scripts/Items/Magical/Artifacts/Artifact_HellForgedArms.cs,ItemCandidate,SourceVerified,
Artifact_HelmOfAegis,GiftPlateHelm,Data/Scripts/Items/Magical/Artifacts/Artifact_HelmOfAegis.cs,ItemCandidate,SourceVerified,
Artifact_HelmOfBrilliance,GiftNorseHelm,Data/Scripts/Items/Magical/Artifacts/Artifact_HelmOfBrilliance.cs,ItemCandidate,SourceVerified,
Artifact_HelmOfInsight,GiftPlateHelm,Data/Scripts/Items/Magical/Artifacts/Artifact_HelmOfInsight.cs,ItemCandidate,SourceVerified,
Artifact_HelmOfSwiftness,GiftNorseHelm,Data/Scripts/Items/Magical/Artifacts/Artifact_HelmOfSwiftness.cs,ItemCandidate,SourceVerified,
Artifact_HolyKnightsArmPlates,GiftRoyalArms,Data/Scripts/Items/Magical/Artifacts/Artifact_HolyKnightsArms.cs,ItemCandidate,SourceVerified,
Artifact_HolyKnightsBreastplate,GiftRoyalChest,Data/Scripts/Items/Magical/Artifacts/Artifact_HolyKnightsBreastplate.cs,ItemCandidate,SourceVerified,
Artifact_HolyKnightsGloves,GiftRoyalGloves,Data/Scripts/Items/Magical/Artifacts/Artifact_HolyKnightsGloves.cs,ItemCandidate,SourceVerified,
Artifact_HolyKnightsGorget,GiftRoyalGorget,Data/Scripts/Items/Magical/Artifacts/Artifact_HolyKnightsGorget.cs,ItemCandidate,SourceVerified,
Artifact_HolyKnightsLegging,GiftRoyalsLegs,Data/Scripts/Items/Magical/Artifacts/Artifact_HolyKnightsLegging.cs,ItemCandidate,SourceVerified,
Artifact_HolyKnightsPlateHelm,GiftRoyalHelm,Data/Scripts/Items/Magical/Artifacts/Artifact_HolyKnightsHelm.cs,ItemCandidate,SourceVerified,
Artifact_HolySword,GiftLongsword,Data/Scripts/Items/Magical/Artifacts/Artifact_HolySword.cs,ItemCandidate,SourceVerified,
Artifact_HoodedShroudOfShadows,GiftRobe,Data/Scripts/Items/Magical/Artifacts/Artifact_HoodedShroudOfShadows.cs,ItemCandidate,SourceVerified,
Artifact_HuntersArms,GiftLeatherArms,Data/Scripts/Items/Magical/Artifacts/Artifact_HuntersArms.cs,ItemCandidate,SourceVerified,
Artifact_HuntersGloves,GiftLeatherGloves,Data/Scripts/Items/Magical/Artifacts/Artifact_HuntersGloves.cs,ItemCandidate,SourceVerified,
Artifact_HuntersGorget,GiftLeatherGorget,Data/Scripts/Items/Magical/Artifacts/Artifact_HuntersGorget.cs,ItemCandidate,SourceVerified,
Artifact_HuntersHeaddress,GiftDeerMask,Data/Scripts/Items/Magical/Artifacts/Artifact_HuntersHeaddress.cs,ItemCandidate,SourceVerified,
Artifact_HuntersLeggings,GiftLeatherLegs,Data/Scripts/Items/Magical/Artifacts/Artifact_HuntersLeggings.cs,ItemCandidate,SourceVerified,
Artifact_HuntersTunic,GiftLeatherChest,Data/Scripts/Items/Magical/Artifacts/Artifact_HuntersTunic.cs,ItemCandidate,SourceVerified,
Artifact_HydrosLexicon,MyElementalSpellbook,Data/Scripts/Items/Magical/Artifacts/Specific/HydrosLexicon.cs,ItemCandidate,SourceVerified,
Artifact_Indecency,GiftStuddedChest,Data/Scripts/Items/Magical/Artifacts/Artifact_Indecency.cs,ItemCandidate,SourceVerified,
Artifact_InquisitorsArms,GiftPlateArms,Data/Scripts/Items/Magical/Artifacts/Artifact_InquisitorsArms.cs,ItemCandidate,SourceVerified,
Artifact_InquisitorsGorget,GiftPlateGorget,Data/Scripts/Items/Magical/Artifacts/Artifact_InquisitorsGorget.cs,ItemCandidate,SourceVerified,
Artifact_InquisitorsHelm,GiftPlateHelm,Data/Scripts/Items/Magical/Artifacts/Artifact_InquisitorsHelm.cs,ItemCandidate,SourceVerified,
Artifact_InquisitorsLeggings,GiftPlateLegs,Data/Scripts/Items/Magical/Artifacts/Artifact_InquisitorsLegs.cs,ItemCandidate,SourceVerified,
Artifact_InquisitorsResolution,GiftPlateGloves,Data/Scripts/Items/Magical/Artifacts/Artifact_InquisitorsResolution.cs,ItemCandidate,SourceVerified,
Artifact_InquisitorsTunic,GiftPlateChest,Data/Scripts/Items/Magical/Artifacts/Artifact_InquisitorsTunic.cs,ItemCandidate,SourceVerified,
Artifact_IronwoodCrown,GiftPlateHelm,Data/Scripts/Items/Magical/Artifacts/Artifact_IronwoodCrown.cs,ItemCandidate,SourceVerified,
Artifact_JackalsArms,GiftPlateArms,Data/Scripts/Items/Magical/Artifacts/Artifact_JackalsArms.cs,ItemCandidate,SourceVerified,
Artifact_JackalsCollar,GiftPlateGorget,Data/Scripts/Items/Magical/Artifacts/Artifact_JackalsCollar.cs,ItemCandidate,SourceVerified,
Artifact_JackalsGloves,GiftPlateGloves,Data/Scripts/Items/Magical/Artifacts/Artifact_JackalsGloves.cs,ItemCandidate,SourceVerified,
Artifact_JackalsHelm,GiftPlateHelm,Data/Scripts/Items/Magical/Artifacts/Artifact_JackalsHelm.cs,ItemCandidate,SourceVerified,
Artifact_JackalsLeggings,GiftPlateLegs,Data/Scripts/Items/Magical/Artifacts/Artifact_JackalsLegging.cs,ItemCandidate,SourceVerified,
Artifact_JackalsTunic,GiftPlateChest,Data/Scripts/Items/Magical/Artifacts/Artifact_JackalsTunic.cs,ItemCandidate,SourceVerified,
Artifact_JadeScimitar,GiftScimitar,Data/Scripts/Items/Magical/Artifacts/Artifact_JadeScimitar.cs,ItemCandidate,SourceVerified,
Artifact_JesterHatofChuckles,GiftJesterHat,Data/Scripts/Items/Magical/Artifacts/Artifact_JesterHatofChuckles.cs,ItemCandidate,SourceVerified,
Artifact_JinBaoriOfGoodFortune,GiftJinBaori,Data/Scripts/Items/Magical/Artifacts/Artifact_JinBaoriOfGoodfFortune.cs,ItemCandidate,SourceVerified,
Artifact_KamiNarisIndestructableDoubleAxe,GiftDoubleAxe,Data/Scripts/Items/Magical/Artifacts/Artifact_KamiNarisIndestructableDoubleAxe.cs,ItemCandidate,SourceVerified,
Artifact_KodiakBearMask,GiftBearMask,Data/Scripts/Items/Magical/Artifacts/Artifact_KodiakBearMask.cs,ItemCandidate,SourceVerified,
Artifact_LegacyOfTheDreadLord,GiftBardiche,Data/Scripts/Items/Magical/Artifacts/Artifact_LegacyOfTheDreadLord.cs,ItemCandidate,SourceVerified,
Artifact_LeggingsOfAegis,GiftPlateLegs,Data/Scripts/Items/Magical/Artifacts/Artifact_LegsOfAegis.cs,ItemCandidate,SourceVerified,
Artifact_LeggingsOfBane,GiftChainLegs,Data/Scripts/Items/Magical/Artifacts/Artifact_LeggingsOfBane.cs,ItemCandidate,SourceVerified,
Artifact_LeggingsOfDeceit,GiftChainLegs,Data/Scripts/Items/Magical/Artifacts/Artifact_LeggingsOfDeceit.cs,ItemCandidate,SourceVerified,
Artifact_LeggingsOfEmbers,GiftPlateLegs,Data/Scripts/Items/Magical/Artifacts/Artifact_LeggingsOfEmbers.cs,ItemCandidate,SourceVerified,
Artifact_LeggingsOfEnlightenment,GiftLeatherLegs,Data/Scripts/Items/Magical/Artifacts/Artifact_LeggingsOfEnlightenment.cs,ItemCandidate,SourceVerified,
Artifact_LeggingsOfFire,GiftChainLegs,Data/Scripts/Items/Magical/Artifacts/Artifact_LeggingsOfFire.cs,ItemCandidate,SourceVerified,
Artifact_LegsOfFortune,GiftStuddedLegs,Data/Scripts/Items/Magical/Artifacts/Artifact_LegsOfFortune.cs,ItemCandidate,SourceVerified,
Artifact_LegsOfInsight,GiftPlateLegs,Data/Scripts/Items/Magical/Artifacts/Artifact_LegsOfInsight.cs,ItemCandidate,SourceVerified,
Artifact_LegsOfNobility,GiftRingmailLegs,Data/Scripts/Items/Magical/Artifacts/Artifact_LegsOfNobility.cs,ItemCandidate,SourceVerified,
Artifact_LegsOfTheFallenKing,GiftLeatherLegs,Data/Scripts/Items/Magical/Artifacts/Artifact_LegsOfTheFallenKing.cs,ItemCandidate,SourceVerified,
Artifact_LegsOfTheHarrower,GiftBoneLegs,Data/Scripts/Items/Magical/Artifacts/Artifact_LegsOfTheHarrower.cs,ItemCandidate,SourceVerified,
Artifact_LieutenantOfTheBritannianRoyalGuard,GiftSash,Data/Scripts/Items/Magical/Artifacts/Artifact_LieutenantOfTheBritannianRoyalGuard.cs,ItemCandidate,SourceVerified,
Artifact_LithosTome,MyElementalSpellbook,Data/Scripts/Items/Magical/Artifacts/Specific/LithosTome.cs,ItemCandidate,SourceVerified,
Artifact_LongShot,GiftCompositeBow,Data/Scripts/Items/Magical/Artifacts/Artifact_LongShot.cs,ItemCandidate,SourceVerified,
Artifact_LuckyNecklace,GiftGoldNecklace,Data/Scripts/Items/Magical/Artifacts/Artifact_LuckyNecklace.cs,ItemCandidate,SourceVerified,
Artifact_LuminousRuneBlade,GiftRuneBlade,Data/Scripts/Items/Magical/Artifacts/Artifact_LuminousRuneBlade.cs,ItemCandidate,SourceVerified,
Artifact_LunaLance,GiftLance,Data/Scripts/Items/Magical/Artifacts/Artifact_LunaLance.cs,ItemCandidate,SourceVerified,
Artifact_MadmansHatchet,GiftHatchet,Data/Scripts/Items/Magical/Artifacts/Artifact_MadmansHatchet.cs,ItemCandidate,SourceVerified,
Artifact_MagesBand,GiftGoldRing,Data/Scripts/Items/Magical/Artifacts/Artifact_MagesBand.cs,ItemCandidate,SourceVerified,
Artifact_MagiciansIllusion,GiftDoubleBladedStaff,Data/Scripts/Items/Magical/Artifacts/Artifact_MagiciansIllusion.cs,ItemCandidate,SourceVerified,
Artifact_MagiciansMempo,GiftPlateMempo,Data/Scripts/Items/Magical/Artifacts/Artifact_MagiciansMempo.cs,ItemCandidate,SourceVerified,
Artifact_MantleofHydros,GiftWizardsHat,Data/Scripts/Items/Magical/Artifacts/Artifact_MantleofHydros.cs,ItemCandidate,SourceVerified,
Artifact_MantleofLithos,GiftWizardsHat,Data/Scripts/Items/Magical/Artifacts/Artifact_MantleofLithos.cs,ItemCandidate,SourceVerified,
Artifact_MantleofPyros,GiftWizardsHat,Data/Scripts/Items/Magical/Artifacts/Artifact_MantleofPyros.cs,ItemCandidate,SourceVerified,
Artifact_MantleofStratos,GiftWizardsHat,Data/Scripts/Items/Magical/Artifacts/Artifact_MantleofStratos.cs,ItemCandidate,SourceVerified,
Artifact_MarbleShield,GiftHeaterShield,Data/Scripts/Items/Magical/Artifacts/Artifact_MarbleShield.cs,ItemCandidate,SourceVerified,
Artifact_MaulOfTheTitans,GiftMaul,Data/Scripts/Items/Magical/Artifacts/Artifact_MaulOfTheTitans.cs,ItemCandidate,SourceVerified,
Artifact_MauloftheBeast,GiftMaul,Data/Scripts/Items/Magical/Artifacts/Artifact_MauloftheBeast.cs,ItemCandidate,SourceVerified,
Artifact_MelisandesCorrodedHatchet,GiftHatchet,Data/Scripts/Items/Magical/Artifacts/Artifact_MelisandesCorrodedHatchet.cs,ItemCandidate,SourceVerified,
Artifact_MidnightBracers,GiftBoneArms,Data/Scripts/Items/Magical/Artifacts/Artifact_MidnightBracers.cs,ItemCandidate,SourceVerified,
Artifact_MidnightGloves,GiftBoneGloves,Data/Scripts/Items/Magical/Artifacts/Artifact_MidnightGloves.cs,ItemCandidate,SourceVerified,
Artifact_MidnightHelm,GiftBoneHelm,Data/Scripts/Items/Magical/Artifacts/Artifact_MidnightHelm.cs,ItemCandidate,SourceVerified,
Artifact_MidnightLegs,GiftBoneLegs,Data/Scripts/Items/Magical/Artifacts/Artifact_MidnightLegs.cs,ItemCandidate,SourceVerified,
Artifact_MidnightTunic,GiftBoneChest,Data/Scripts/Items/Magical/Artifacts/Artifact_MidnightTunic.cs,ItemCandidate,SourceVerified,
Artifact_MinersPickaxe,GiftPickaxe,Data/Scripts/Items/Magical/Artifacts/Artifact_MinersPickaxe.cs,ItemCandidate,SourceVerified,
Artifact_NightsKiss,GiftDagger,Data/Scripts/Items/Magical/Artifacts/Artifact_NightsKiss.cs,ItemCandidate,SourceVerified,
Artifact_NordicVikingSword,GiftClaymore,Data/Scripts/Items/Magical/Artifacts/Artifact_DragonSlayer.cs,ItemCandidate,SourceVerified,
Artifact_NoxBow,GiftHeavyCrossbow,Data/Scripts/Items/Magical/Artifacts/Artifact_NoxBow.cs,ItemCandidate,SourceVerified,
Artifact_NoxNightlight,GiftLantern,Data/Scripts/Items/Magical/Artifacts/Artifact_NoxNightlight.cs,ItemCandidate,SourceVerified,
Artifact_NoxRangersHeavyCrossbow,GiftHeavyCrossbow,Data/Scripts/Items/Magical/Artifacts/Artifact_NoxRangersHeavyCrossbow.cs,ItemCandidate,SourceVerified,
Artifact_OblivionsNeedle,GiftDagger,Data/Scripts/Items/Magical/Artifacts/Artifact_OblivionsNeedle.cs,ItemCandidate,SourceVerified,
Artifact_OrcChieftainHelm,GiftOrcHelm,Data/Scripts/Items/Magical/Artifacts/Artifact_OrcChieftainHelm.cs,ItemCandidate,SourceVerified,
Artifact_OrcishVisage,GiftOrcHelm,Data/Scripts/Items/Magical/Artifacts/Artifact_OrcishVisage.cs,ItemCandidate,SourceVerified,
Artifact_OrnamentOfTheMagician,GiftGoldBracelet,Data/Scripts/Items/Magical/Artifacts/Artifact_OrnamentOfTheMagician.cs,ItemCandidate,SourceVerified,
Artifact_OrnateCrownOfTheHarrower,GiftBoneHelm,Data/Scripts/Items/Magical/Artifacts/Artifact_OrnateCrownOfTheHarrower.cs,ItemCandidate,SourceVerified,
Artifact_OssianGrimoire,MyNecromancerSpellbook,Data/Scripts/Items/Magical/Artifacts/Specific/OssianGrimoire.cs,ItemCandidate,SourceVerified,
Artifact_OverseerSunderedBlade,GiftRadiantScimitar,Data/Scripts/Items/Magical/Artifacts/Artifact_OverseerSunderedBlade.cs,ItemCandidate,SourceVerified,
Artifact_Pacify,GiftPike,Data/Scripts/Items/Magical/Artifacts/Artifact_Pacify.cs,ItemCandidate,SourceVerified,
Artifact_PadsOfTheCuSidhe,GiftFurBoots,Data/Scripts/Items/Magical/Artifacts/Artifact_PadsOfTheCuSidhe.cs,ItemCandidate,SourceVerified,
Artifact_PendantOfTheMagi,GiftGoldNecklace,Data/Scripts/Items/Magical/Artifacts/Artifact_PendantOfTheMagi.cs,ItemCandidate,SourceVerified,
Artifact_Pestilence,BaseQuiver,Data/Scripts/Items/Magical/Artifacts/Specific/Artifact_Pestilence.cs,ItemCandidate,SourceVerified,
Artifact_PhantomStaff,GiftWildStaff,Data/Scripts/Items/Magical/Artifacts/Artifact_PhantomStaff.cs,ItemCandidate,SourceVerified,
Artifact_PixieSwatter,GiftScepter,Data/Scripts/Items/Magical/Artifacts/Artifact_PixieSwatter.cs,ItemCandidate,SourceVerified,
Artifact_PolarBearBoots,GiftFurBoots,Data/Scripts/Items/Magical/Artifacts/Artifact_PolarBearBoots.cs,ItemCandidate,SourceVerified,
Artifact_PolarBearCape,GiftFurCape,Data/Scripts/Items/Magical/Artifacts/Artifact_PolarBearCloak.cs,ItemCandidate,SourceVerified,
Artifact_PolarBearMask,GiftBearMask,Data/Scripts/Items/Magical/Artifacts/Artifact_PolarBearMask.cs,ItemCandidate,SourceVerified,
Artifact_PowerSurge,GiftLantern,Data/Scripts/Items/Magical/Artifacts/Artifact_PowerSurge.cs,ItemCandidate,SourceVerified,
Artifact_PyrosGrimoire,MyElementalSpellbook,Data/Scripts/Items/Magical/Artifacts/Specific/PyrosGrimoire.cs,ItemCandidate,SourceVerified,
Artifact_Quell,GiftBardiche,Data/Scripts/Items/Magical/Artifacts/Artifact_Quell.cs,ItemCandidate,SourceVerified,
Artifact_RaedsGlory,GiftWarCleaver,Data/Scripts/Items/Magical/Artifacts/Artifact_RaedsGlory.cs,ItemCandidate,SourceVerified,
Artifact_RamusNecromanticScalpel,GiftDagger,Data/Scripts/Items/Magical/Artifacts/Artifact_RamusNecromanticScalpel.cs,ItemCandidate,SourceVerified,
Artifact_ResilientBracer,GiftGoldBracelet,Data/Scripts/Items/Magical/Artifacts/Artifact_ResillientBracer.cs,ItemCandidate,SourceVerified,
Artifact_Retort,GiftWarFork,Data/Scripts/Items/Magical/Artifacts/Artifact_Retort.cs,ItemCandidate,SourceVerified,
Artifact_RighteousAnger,GiftElvenMachete,Data/Scripts/Items/Magical/Artifacts/Artifact_RighteousAnger.cs,ItemCandidate,SourceVerified,
Artifact_RingOfHealth,GiftGoldRing,Data/Scripts/Items/Magical/Artifacts/Artifact_RingOfHealth.cs,ItemCandidate,SourceVerified,
Artifact_RingOfProtection,GiftGoldRing,Data/Scripts/Items/Magical/Artifacts/Artifact_EarringsOfProtection.cs,ItemCandidate,SourceVerified,
Artifact_RingOfTheElements,GiftGoldRing,Data/Scripts/Items/Magical/Artifacts/Artifact_RingOfTheElements.cs,ItemCandidate,SourceVerified,
Artifact_RingOfTheMagician,GiftGoldRing,Data/Scripts/Items/Magical/Artifacts/Artifact_RingOfTheMagician.cs,ItemCandidate,SourceVerified,
Artifact_RingOfTheVile,GiftGoldRing,Data/Scripts/Items/Magical/Artifacts/Artifact_RingOfTheVile.cs,ItemCandidate,SourceVerified,
Artifact_RobeOfTeleportation,GiftRobe,Data/Scripts/Items/Magical/Artifacts/Artifact_RobeOfTeleportation.cs,ItemCandidate,SourceVerified,
Artifact_RobeOfTheEclipse,GiftRobe,Data/Scripts/Items/Magical/Artifacts/Artifact_RobeOfTheEclipse.cs,ItemCandidate,SourceVerified,
Artifact_RobeOfTheEquinox,GiftRobe,Data/Scripts/Items/Magical/Artifacts/Artifact_RobeOfTheEquinox.cs,ItemCandidate,SourceVerified,
Artifact_RobeOfTreason,GiftRobe,Data/Scripts/Items/Magical/Artifacts/Artifact_RobeOfTreason.cs,ItemCandidate,SourceVerified,
Artifact_RobeofHydros,GiftRobe,Data/Scripts/Items/Magical/Artifacts/Artifact_RobeofHydros.cs,ItemCandidate,SourceVerified,
Artifact_RobeofLithos,GiftRobe,Data/Scripts/Items/Magical/Artifacts/Artifact_RobeofLithos.cs,ItemCandidate,SourceVerified,
Artifact_RobeofPyros,GiftRobe,Data/Scripts/Items/Magical/Artifacts/Artifact_RobeofPyros.cs,ItemCandidate,SourceVerified,
Artifact_RobeofStratos,GiftRobe,Data/Scripts/Items/Magical/Artifacts/Artifact_RobeofStratos.cs,ItemCandidate,SourceVerified,
Artifact_RobinHoodsBow,GiftCompositeBow,Data/Scripts/Items/Magical/Artifacts/Artifact_RobinHoodsBow.cs,ItemCandidate,SourceVerified,
Artifact_RobinHoodsFeatheredHat,GiftFeatheredHat,Data/Scripts/Items/Magical/Artifacts/Artifact_RobinHoodsFeatheredHat.cs,ItemCandidate,SourceVerified,
Artifact_RodOfResurrection,GiftScepter,Data/Scripts/Items/Magical/Artifacts/Artifact_RodOfResurrection.cs,ItemCandidate,SourceVerified,
Artifact_RoyalArchersBow,GiftBow,Data/Scripts/Items/Magical/Artifacts/Artifact_RoyalArchersBow.cs,ItemCandidate,SourceVerified,
Artifact_RoyalGuardSurvivalKnife,GiftDagger,Data/Scripts/Items/Magical/Artifacts/Artifact_RoyalGuardSurvivalKnife.cs,ItemCandidate,SourceVerified,
Artifact_RoyalGuardsChestplate,GiftPlateChest,Data/Scripts/Items/Magical/Artifacts/Artifact_RoyalGuardsChestplate.cs,ItemCandidate,SourceVerified,
Artifact_RoyalGuardsGorget,GiftPlateGorget,Data/Scripts/Items/Magical/Artifacts/Artifact_RoyalGuardsGorget.cs,ItemCandidate,SourceVerified,
Artifact_RuneCarvingKnife,GiftAssassinSpike,Data/Scripts/Items/Magical/Artifacts/Artifact_RuneCarvingKnife.cs,ItemCandidate,SourceVerified,
Artifact_SamaritanRobe,GiftRobe,Data/Scripts/Items/Magical/Artifacts/Artifact_SamaritanRobe.cs,ItemCandidate,SourceVerified,
Artifact_SamuraiHelm,GiftPlateBattleKabuto,Data/Scripts/Items/Magical/Artifacts/Artifact_SamuraiHelm.cs,ItemCandidate,SourceVerified,
Artifact_SerpentsFang,GiftKryss,Data/Scripts/Items/Magical/Artifacts/Artifact_SerpentsFang.cs,ItemCandidate,SourceVerified,
Artifact_ShaMontorrossbow,GiftRepeatingCrossbow,Data/Scripts/Items/Magical/Artifacts/Artifact_ShaminoCrossbow.cs,ItemCandidate,SourceVerified,
Artifact_ShadowBlade,GiftLongsword,Data/Scripts/Items/Magical/Artifacts/Artifact_Shadowblade.cs,ItemCandidate,SourceVerified,
Artifact_ShadowDancerArms,GiftLeatherArms,Data/Scripts/Items/Magical/Artifacts/Artifact_ShadowDancerArms.cs,ItemCandidate,SourceVerified,
Artifact_ShadowDancerCap,GiftLeatherCap,Data/Scripts/Items/Magical/Artifacts/Artifact_ShadowDancerCap.cs,ItemCandidate,SourceVerified,
Artifact_ShadowDancerGloves,GiftLeatherGloves,Data/Scripts/Items/Magical/Artifacts/Artifact_ShadowDancerGloves.cs,ItemCandidate,SourceVerified,
Artifact_ShadowDancerGorget,GiftLeatherGorget,Data/Scripts/Items/Magical/Artifacts/Artifact_ShadowDancerGorget.cs,ItemCandidate,SourceVerified,
Artifact_ShadowDancerLeggings,GiftLeatherLegs,Data/Scripts/Items/Magical/Artifacts/Artifact_ShadowDancerLeggings.cs,ItemCandidate,SourceVerified,
Artifact_ShadowDancerTunic,GiftLeatherChest,Data/Scripts/Items/Magical/Artifacts/Artifact_ShadowDancerTunic.cs,ItemCandidate,SourceVerified,
Artifact_ShardThrasher,GiftDiamondMace,Data/Scripts/Items/Magical/Artifacts/Artifact_ShardTrasher.cs,ItemCandidate,SourceVerified,
Artifact_ShieldOfInvulnerability,GiftOrderShield,Data/Scripts/Items/Magical/Artifacts/Artifact_ShieldOfInvulnerability.cs,ItemCandidate,SourceVerified,
Artifact_ShimmeringTalisman,GiftTalismanLeather,Data/Scripts/Items/Magical/Artifacts/Artifact_ShimmeringTalisman.cs,ItemCandidate,SourceVerified,
Artifact_ShroudOfDeciet,GiftBoneChest,Data/Scripts/Items/Magical/Artifacts/Artifact_ShroudOfDeceit.cs,ItemCandidate,SourceVerified,
Artifact_SilvanisFeywoodBow,GiftElvenCompositeLongbow,Data/Scripts/Items/Magical/Artifacts/Artifact_SilvanisFeywoodBow.cs,ItemCandidate,SourceVerified,
Artifact_SinbadsSword,GiftCutlass,Data/Scripts/Items/Magical/Artifacts/Artifact_SinbadsSword.cs,ItemCandidate,SourceVerified,
Artifact_SongWovenMantle,GiftLeatherArms,Data/Scripts/Items/Magical/Artifacts/Artifact_SongWovenMantle.cs,ItemCandidate,SourceVerified,
Artifact_SoulSeeker,GiftRadiantScimitar,Data/Scripts/Items/Magical/Artifacts/Artifact_SoulSeeker.cs,ItemCandidate,SourceVerified,
Artifact_SpellWovenBritches,GiftLeatherLegs,Data/Scripts/Items/Magical/Artifacts/Artifact_SpellWovenBritches.cs,ItemCandidate,SourceVerified,
Artifact_SpiritOfTheTotem,GiftBearMask,Data/Scripts/Items/Magical/Artifacts/Artifact_SpiritOfTheTotem.cs,ItemCandidate,SourceVerified,
Artifact_SprintersSandals,GiftSandals,Data/Scripts/Items/Magical/Artifacts/Artifact_SprintersSandals.cs,ItemCandidate,SourceVerified,
Artifact_StaffOfPower,GiftBlackStaff,Data/Scripts/Items/Magical/Artifacts/Artifact_StaffOfPower.cs,ItemCandidate,SourceVerified,
Artifact_StaffOfTheMagi,GiftBlackStaff,Data/Scripts/Items/Magical/Artifacts/Artifact_StaffOfTheMagi.cs,ItemCandidate,SourceVerified,
Artifact_StaffofSnakes,GiftQuarterStaff,Data/Scripts/Items/Magical/Artifacts/Artifact_StaffofSnakes.cs,ItemCandidate,SourceVerified,
Artifact_StitchersMittens,GiftLeatherGloves,Data/Scripts/Items/Magical/Artifacts/Artifact_StitchersMittens.cs,ItemCandidate,SourceVerified,
Artifact_Stormbringer,GiftVikingSword,Data/Scripts/Items/Magical/Artifacts/Artifact_Stormbringer.cs,ItemCandidate,SourceVerified,
Artifact_StratosManual,MyElementalSpellbook,Data/Scripts/Items/Magical/Artifacts/Specific/StratosManual.cs,ItemCandidate,SourceVerified,
Artifact_Subdue,GiftScythe,Data/Scripts/Items/Magical/Artifacts/Artifact_Subdue.cs,ItemCandidate,SourceVerified,
Artifact_SwiftStrike,GiftWakizashi,Data/Scripts/Items/Magical/Artifacts/Artifact_SwiftStrike.cs,ItemCandidate,SourceVerified,
Artifact_TalonBite,GiftOrnateAxe,Data/Scripts/Items/Magical/Artifacts/Artifact_TalonBite.cs,ItemCandidate,SourceVerified,
Artifact_TheBeserkersMaul,GiftMaul,Data/Scripts/Items/Magical/Artifacts/Artifact_TheBeserkersMaul.cs,ItemCandidate,SourceVerified,
Artifact_TheDragonSlayer,GiftLance,Data/Scripts/Items/Magical/Artifacts/Artifact_TheDragonSlayer.cs,ItemCandidate,SourceVerified,
Artifact_TheDryadBow,GiftBow,Data/Scripts/Items/Magical/Artifacts/Artifact_TheDryadBow.cs,ItemCandidate,SourceVerified,
Artifact_TheNightReaper,GiftRepeatingCrossbow,Data/Scripts/Items/Magical/Artifacts/Artifact_TheNightReaper.cs,ItemCandidate,SourceVerified,
Artifact_TheRobeOfBritanniaAri,GiftRobe,Data/Scripts/Items/Magical/Artifacts/Artifact_TheRobeOfBritanniaAri.cs,ItemCandidate,SourceVerified,
Artifact_TheTaskmaster,GiftWarFork,Data/Scripts/Items/Magical/Artifacts/Artifact_TheTaskmaster.cs,ItemCandidate,SourceVerified,
Artifact_TitansHammer,GiftWarHammer,Data/Scripts/Items/Magical/Artifacts/Artifact_TitansHammer.cs,ItemCandidate,SourceVerified,
Artifact_TorchOfTrapFinding,GiftTorch,Data/Scripts/Items/Magical/Artifacts/Artifact_TorchOfTrapFinding.cs,ItemCandidate,SourceVerified,
Artifact_TotemArms,GiftLeatherArms,Data/Scripts/Items/Magical/Artifacts/Artifact_TotemArms.cs,ItemCandidate,SourceVerified,
Artifact_TotemGloves,GiftLeatherGloves,Data/Scripts/Items/Magical/Artifacts/Artifact_TotemGloves.cs,ItemCandidate,SourceVerified,
Artifact_TotemGorget,GiftLeatherGorget,Data/Scripts/Items/Magical/Artifacts/Artifact_TotemGorget.cs,ItemCandidate,SourceVerified,
Artifact_TotemLeggings,GiftLeatherLegs,Data/Scripts/Items/Magical/Artifacts/Artifact_TotemLeggings.cs,ItemCandidate,SourceVerified,
Artifact_TotemOfVoid,GiftTalismanLeather,Data/Scripts/Items/Magical/Artifacts/Artifact_TotemOfVoid.cs,ItemCandidate,SourceVerified,
Artifact_TotemTunic,GiftLeatherChest,Data/Scripts/Items/Magical/Artifacts/Artifact_TotemTunic.cs,ItemCandidate,SourceVerified,
Artifact_TownGuardsHalberd,GiftHalberd,Data/Scripts/Items/Magical/Artifacts/Artifact_TownGuardsHalberd.cs,ItemCandidate,SourceVerified,
Artifact_TunicOfAegis,GiftPlateChest,Data/Scripts/Items/Magical/Artifacts/Artifact_TunicOfAegis.cs,ItemCandidate,SourceVerified,
Artifact_TunicOfBane,GiftChainChest,Data/Scripts/Items/Magical/Artifacts/Artifact_TunicOfBane.cs,ItemCandidate,SourceVerified,
Artifact_TunicOfFire,GiftChainChest,Data/Scripts/Items/Magical/Artifacts/Artifact_TunicOfFire.cs,ItemCandidate,SourceVerified,
Artifact_TunicOfTheFallenKing,GiftLeatherChest,Data/Scripts/Items/Magical/Artifacts/Artifact_TunicOfTheFallenKing.cs,ItemCandidate,SourceVerified,
Artifact_TunicOfTheHarrower,GiftBoneChest,Data/Scripts/Items/Magical/Artifacts/Artifact_TunicOfTheHarrower.cs,ItemCandidate,SourceVerified,
Artifact_VampiresRobe,GiftRobe,Data/Scripts/Items/Magical/Artifacts/Artifact_VampiresRobe.cs,ItemCandidate,SourceVerified,
Artifact_VampiricDaisho,GiftDaisho,Data/Scripts/Items/Magical/Artifacts/Artifact_VampiricDaisho.cs,ItemCandidate,SourceVerified,
Artifact_VioletCourage,GiftFemalePlateChest,Data/Scripts/Items/Magical/Artifacts/Artifact_VioletCourage.cs,ItemCandidate,SourceVerified,
Artifact_VoiceOfTheFallenKing,GiftLeatherGorget,Data/Scripts/Items/Magical/Artifacts/Artifact_VoiceOfTheFallenKing.cs,ItemCandidate,SourceVerified,
Artifact_WarriorsClasp,GiftGoldBracelet,Data/Scripts/Items/Magical/Artifacts/Artifact_WarriorsClasp.cs,ItemCandidate,SourceVerified,
Artifact_WildfireBow,GiftElvenCompositeLongbow,Data/Scripts/Items/Magical/Artifacts/Artifact_WildfireBow.cs,ItemCandidate,SourceVerified,
Artifact_Windsong,GiftMagicalShortbow,Data/Scripts/Items/Magical/Artifacts/Artifact_Windsong.cs,ItemCandidate,SourceVerified,
Artifact_WizardsPants,GiftLeatherLegs,Data/Scripts/Items/Magical/Artifacts/Artifact_WizardsPants.cs,ItemCandidate,SourceVerified,
Artifact_WrathOfTheDryad,GiftGnarledStaff,Data/Scripts/Items/Magical/Artifacts/Artifact_WrathOfTheDryad.cs,ItemCandidate,SourceVerified,
Artifact_YashimotosHatsuburi,GiftChainHatsuburi,Data/Scripts/Items/Magical/Artifacts/Artifact_YashimotosHatsuburi.cs,ItemCandidate,SourceVerified,
Artifact_ZyronicClaw,GiftExecutionersAxe,Data/Scripts/Items/Magical/Artifacts/Artifact_ZyronicClaw.cs,ItemCandidate,SourceVerified,
ArtsGlasses,ElvenGlasses,Data/Scripts/Items/Armor/Glasses/ArtsGlasses.cs,ItemCandidate,SourceVerified,
Arty,,Data/Scripts/Items/Magical/Artifacts/Arty_Setup.cs,ItemCandidate,SourceVerified,
AshBoard,BaseWoodBoard,Data/Scripts/Items/Trades/Carpenter Items/Board.cs,ItemCandidate,SourceVerified,
AshLog,BaseLog,Data/Scripts/Items/Trades/Lumberjack/Log.cs,ItemCandidate,SourceVerified,
AshTreeFletcherTools,RunicFletcherTools,Data/Scripts/Trades/Runics/BaseRunicFletcherTools.cs,ItemCandidate,SourceVerified,
AshTreeSaw,RunicSaw,Data/Scripts/Trades/Runics/BaseRunicSaw.cs,ItemCandidate,SourceVerified,
AsianCityBankAddon,BaseAddon,Data/Scripts/Custom/Government System/Items/Civic Structures/Stock Buildings/Banks/AsianCityBankAddon.cs,ItemCandidate,SourceVerified,
AsianCityBankDeed,CityDeed,Data/Scripts/Custom/Government System/Items/Deeds/Stock Deeds/Banks/AsianCityBankDeed.cs,ItemCandidate,SourceVerified,
AsianCityHallAddon,BaseAddon,Data/Scripts/Custom/Government System/Items/Civic Structures/Stock Buildings/City Halls/AsianCityHallAddon.cs,ItemCandidate,SourceVerified,
AsianCityHallDeed,CityDeed,Data/Scripts/Custom/Government System/Items/Deeds/Stock Deeds/City Halls/AsainCityHallDeed.cs,ItemCandidate,SourceVerified,
AsianCityHealerAddon,BaseAddon,Data/Scripts/Custom/Government System/Items/Civic Structures/Stock Buildings/Healers/AsianCityHealerAddon.cs,ItemCandidate,SourceVerified,
AsianCityHealerDeed,CityDeed,Data/Scripts/Custom/Government System/Items/Deeds/Stock Deeds/Healers/AsianCityHealerDeed.cs,ItemCandidate,SourceVerified,
AsianCityMarketAddon,BaseAddon,Data/Scripts/Custom/Government System/Items/Civic Structures/Stock Buildings/Markets/AsianMarketAddon.cs,ItemCandidate,SourceVerified,
AsianCityMarketDeed,CityDeed,Data/Scripts/Custom/Government System/Items/Deeds/Stock Deeds/Markets/AsianCityMarketDeed.cs,ItemCandidate,SourceVerified,
AsianCityMoongateAddon,BaseAddon,Data/Scripts/Custom/Government System/Items/Civic Structures/Stock Buildings/Moongates/AsianCityMoongateAddon.cs,ItemCandidate,SourceVerified,
AsianCityMoongateDeed,CityDeed,Data/Scripts/Custom/Government System/Items/Deeds/Stock Deeds/Moongates/AsianCityMoongateDeed.cs,ItemCandidate,SourceVerified,
AsianCityStableAddon,BaseAddon,Data/Scripts/Custom/Government System/Items/Civic Structures/Stock Buildings/Stable/AsianCityStableAddon.cs,ItemCandidate,SourceVerified,
AsianCityStableDeed,CityDeed,Data/Scripts/Custom/Government System/Items/Deeds/Stock Deeds/Stable/AsainCityHealerDeed.cs,ItemCandidate,SourceVerified,
AsianCityTavernAddon,BaseAddon,Data/Scripts/Custom/Government System/Items/Civic Structures/Stock Buildings/Taverns/AsianCityTavernAddon.cs,ItemCandidate,SourceVerified,
AsianCityTavernDeed,CityDeed,Data/Scripts/Custom/Government System/Items/Deeds/Stock Deeds/Taverns/AsianCityTavernDeed.cs,ItemCandidate,SourceVerified,
AssassinDyeTub,DyeTub,Data/Scripts/Items/Misc/Dyes/AssassinDyeTub.cs,ItemCandidate,SourceVerified,
AssassinNote,Item,Data/Scripts/Items/Books/BulletinBoards/AssassinNote.cs,ItemCandidate,SourceVerified,
AssassinRobe,BaseOuterTorso,Data/Scripts/Items/Clothing/Robes.cs,ItemCandidate,SourceVerified,
AssassinSpike,BaseKnife,Data/Scripts/Items/Weapons/Knives/AssassinSpike.cs,ItemCandidate,SourceVerified,
AttributeHandler,,Data/Scripts/Trades/Guild/AttributeHandler.cs,ItemCandidate,SourceVerified,
AttributeInfo,,Data/Scripts/Items/Magical/God/LevelAttributes.cs,ItemCandidate,SourceVerified,
AuraOfShadows,MetalShield,Data/Scripts/Items/Magical/Artifacts/Obsolete/Obsolete_AuraOfShadows.cs,ItemCandidate,SourceVerified,
AutoResPotion,Item,Data/Scripts/Items/Potions/Special/AutoResPotion.cs,ItemCandidate,SourceVerified,
AwaitingSmithApprovalGump,Gump,Data/Scripts/Items/Magical/God/Gumps/AwaitingSmithApprovalGump.cs,ItemCandidate,SourceVerified,
AwaseMisoSoup,Food,Data/Scripts/Items/Food/Asian.cs,ItemCandidate,SourceVerified,
AwesomeDisturbingPortraitAddon,BaseAddon,Data/Scripts/Items/Special/Evil Home Decor Collection/AwesomeDisturbingPortrait.cs,ItemCandidate,SourceVerified,
AwesomeDisturbingPortraitComponent,AddonComponent,Data/Scripts/Items/Special/Evil Home Decor Collection/AwesomeDisturbingPortrait.cs,ItemCandidate,SourceVerified,
AwesomeDisturbingPortraitDeed,BaseAddonDeed,Data/Scripts/Items/Special/Evil Home Decor Collection/AwesomeDisturbingPortrait.cs,ItemCandidate,SourceVerified,
Axe,BaseAxe,Data/Scripts/Items/Weapons/Axes/Axe.cs,ItemCandidate,SourceVerified,
AxeOfTheHeavens,DoubleAxe,Data/Scripts/Items/Magical/Artifacts/Obsolete/Obsolete_AxeOfTheHeavens.cs,ItemCandidate,SourceVerified,
AxeoftheMinotaur,LargeBattleAxe,Data/Scripts/Items/Magical/Artifacts/Obsolete/Obsolete_AxeoftheMinotaur.cs,ItemCandidate,SourceVerified,
Axle,Item,Data/Scripts/Items/Trades/Tinkering/Axle.cs,ItemCandidate,SourceVerified,
AxleGears,Item,Data/Scripts/Items/Trades/Tinkering/AxleGears.cs,ItemCandidate,SourceVerified,
BBDisplayBoard,Packet,Data/Scripts/Items/Misc/BulletinBoards.cs,ItemCandidate,SourceVerified,
BBMessageContent,Packet,Data/Scripts/Items/Misc/BulletinBoards.cs,ItemCandidate,SourceVerified,
BBMessageHeader,Packet,Data/Scripts/Items/Misc/BulletinBoards.cs,ItemCandidate,SourceVerified,
BGTClassifier,,Data/Scripts/Trades/Bulk Orders/BulkMaterialType.cs,ItemCandidate,SourceVerified,
BOBFilter,,Data/Scripts/Trades/Bulk Orders/Books/BOBFilter.cs,ItemCandidate,SourceVerified,
BOBFilterGump,Gump,Data/Scripts/Trades/Bulk Orders/Books/Gumps/BOBFilterGump.cs,ItemCandidate,SourceVerified,
BOBGump,Gump,Data/Scripts/Trades/Bulk Orders/Books/Gumps/BOBGump.cs,ItemCandidate,SourceVerified,
BOBLargeEntry,,Data/Scripts/Trades/Bulk Orders/Books/BOBLargeEntry.cs,ItemCandidate,SourceVerified,
BOBLargeSubEntry,,Data/Scripts/Trades/Bulk Orders/Books/BOBLargeSubEntry.cs,ItemCandidate,SourceVerified,
BOBSmallEntry,,Data/Scripts/Trades/Bulk Orders/Books/BOBSmallEntry.cs,ItemCandidate,SourceVerified,
BODBuyGump,Gump,Data/Scripts/Trades/Bulk Orders/Books/Gumps/BODBuyGump.cs,ItemCandidate,SourceVerified,
Backgammon,BaseBoard,Data/Scripts/Items/Misc/Games/Backgammon.cs,ItemCandidate,SourceVerified,
Backpack,BaseContainer,Data/Scripts/Items/Containers/Container.cs,ItemCandidate,SourceVerified,
BackpackArtifact,BaseDecorationContainerArtifact,Data/Scripts/Items/Decorations/Artifacts/DoomDecorationArtifacts.cs,ItemCandidate,SourceVerified,
Bacon,Food,Data/Scripts/Items/Food/Food.cs,ItemCandidate,SourceVerified,Multiple source declarations found.
BadCard,Item,Data/Scripts/Items/Special/Holiday/PKHolidayStuff.cs,ItemCandidate,SourceVerified,
Bag,BaseContainer,Data/Scripts/Items/Containers/Container.cs,ItemCandidate,SourceVerified,
BagGump,Gump,Data/Scripts/Items/Containers/SackOfHolding.cs,ItemCandidate,SourceVerified,
BagMenu,ContextMenuEntry,Data/Scripts/Items/Containers/SackOfHolding.cs,ItemCandidate,SourceVerified,
BagOfAlchemicReagents,Bag,Data/Scripts/Items/Trades/Resources/Reagents/BagOfAlchemicReagents.cs,ItemCandidate,SourceVerified,
BagOfAllReagents,Bag,Data/Scripts/Items/Trades/Resources/Reagents/BagOfAllReagents.cs,ItemCandidate,SourceVerified,
BagOfHolding,LargeSack,Data/Scripts/Items/Containers/BagOfHolding.cs,ItemCandidate,SourceVerified,
BagOfNecroReagents,Bag,Data/Scripts/Items/Trades/Resources/Reagents/BagOfNecroReagents.cs,ItemCandidate,SourceVerified,
BagOfReagents,Bag,Data/Scripts/Items/Trades/Resources/Reagents/BagOfReagents.cs,ItemCandidate,SourceVerified,
BagOfSending,Item,Data/Scripts/Items/Special/Solen Items/BagOfSending.cs,ItemCandidate,SourceVerified,
BakedBread,Item,Data/Scripts/Items/Food/BakedBread.cs,ItemCandidate,SourceVerified,
BakerCrate,LockableContainer,Data/Scripts/Items/Containers/Container.cs,ItemCandidate,SourceVerified,
BakerShoppe,BaseShoppe,Data/Scripts/Trades/Shoppes/BakerShoppe.cs,ItemCandidate,SourceVerified,
BakersBoard,BaseTool,Data/Scripts/Custom/Vhaerun's CRL Homestead System [2.0]/Vhaerun's CRL Cooking/Items/BakersBoard.cs,ItemCandidate,SourceVerified,
BalancingDeed,Item,Data/Scripts/Items/Magical/BalancingDeed.cs,ItemCandidate,SourceVerified,
BalancingTarget,Target,Data/Scripts/Items/Magical/BalancingDeed.cs,ItemCandidate,SourceVerified,
BallOfSummoning,Item,Data/Scripts/Items/Special/Solen Items/BallOfSummoning.cs,ItemCandidate,SourceVerified,
BallotBox,AddonComponent,Data/Scripts/Items/Construction/Addons/BallotBox.cs,ItemCandidate,SourceVerified,
BallotBoxAddon,BaseAddon,Data/Scripts/Items/Construction/Addons/BallotBox.cs,ItemCandidate,SourceVerified,
BallotBoxDeed,BaseAddonDeed,Data/Scripts/Items/Construction/Addons/BallotBox.cs,ItemCandidate,SourceVerified,
BambooChair,Item,Data/Scripts/Items/Construction/Chairs/Chairs.cs,ItemCandidate,SourceVerified,
BambooFlute,BaseInstrument,Data/Scripts/Items/Trades/Musical Instruments/BambooFlute.cs,ItemCandidate,SourceVerified,
BambooScreen,Item,Data/Scripts/Items/Construction/Misc/Screens.cs,ItemCandidate,SourceVerified,
Bandage,Item,Data/Scripts/Items/Trades/Misc/Bandage.cs,ItemCandidate,SourceVerified,
BandageContext,,Data/Scripts/Items/Trades/Misc/Bandage.cs,ItemCandidate,SourceVerified,
Bandana,BaseHat,Data/Scripts/Items/Clothing/Hats.cs,ItemCandidate,SourceVerified,
BankCheck,Item,Data/Scripts/Items/Misc/BankCheck.cs,ItemCandidate,SourceVerified,
BankChest,Item,Data/Scripts/Items/Containers/BankChest.cs,ItemCandidate,SourceVerified,
Banner,Item,Data/Scripts/Items/Special/Veteran Rewards/Banner.cs,ItemCandidate,SourceVerified,
BannerDeed,Item,Data/Scripts/Items/Special/Veteran Rewards/Banner.cs,ItemCandidate,SourceVerified,
BarbarianBoots,BaseShoes,Data/Scripts/Items/Clothing/Shoes.cs,ItemCandidate,SourceVerified,
BarbaricAlterGump,Gump,Data/Scripts/Items/Special/BarbaricSatchel.cs,ItemCandidate,SourceVerified,
BarbaricSatchel,Item,Data/Scripts/Items/Special/BarbaricSatchel.cs,ItemCandidate,SourceVerified,
BarbaricSatchelGump,Gump,Data/Scripts/Items/Special/BarbaricSatchel.cs,ItemCandidate,SourceVerified,
BarbedHides,BaseHides,Data/Scripts/Items/Trades/Resources/Tailor/Hides.cs,ItemCandidate,SourceVerified,
BarbedLeather,BaseLeather,Data/Scripts/Items/Trades/Resources/Tailor/Leathers.cs,ItemCandidate,SourceVerified,
BarbedSewingKit,RunicSewingKit1,Data/Scripts/Trades/Runics/BaseRunicSewingKit.cs,ItemCandidate,SourceVerified,
Bardiche,BasePoleArm,Data/Scripts/Items/Weapons/PoleArms/Bardiche.cs,ItemCandidate,SourceVerified,
BardsTaleNote,Item,Data/Scripts/Items/Books/BardsTaleNote.cs,ItemCandidate,SourceVerified,
BarkFragment,Item,Data/Scripts/Items/Trades/Resources/MiscMLResources.cs,ItemCandidate,SourceVerified,
BarkeepContract,Item,Data/Scripts/Items/Deeds/BarkeepContract.cs,ItemCandidate,SourceVerified,
Barley,Item,Data/Scripts/Custom/Vhaerun's CRL Homestead System [2.0]/Vhaerun's CRL Brewing/Items/BrewingIngredients.cs,ItemCandidate,SourceVerified,
BarredMetalDoor,BaseDoor,Data/Scripts/Items/Doors/Doors.cs,ItemCandidate,SourceVerified,
BarredMetalDoor2,BaseDoor,Data/Scripts/Items/Doors/Doors.cs,ItemCandidate,SourceVerified,
Barrel,BaseContainer,Data/Scripts/Items/Containers/Container.cs,ItemCandidate,SourceVerified,
BarrelHoops,Item,Data/Scripts/Items/Construction/Misc/BarrelParts.cs,ItemCandidate,SourceVerified,
BarrelLid,Item,Data/Scripts/Items/Construction/Misc/BarrelParts.cs,ItemCandidate,SourceVerified,
BarrelStaves,Item,Data/Scripts/Items/Construction/Misc/BarrelParts.cs,ItemCandidate,SourceVerified,
BarrelTap,Item,Data/Scripts/Items/Construction/Misc/BarrelParts.cs,ItemCandidate,SourceVerified,
Bascinet,BaseArmor,Data/Scripts/Items/Armor/Helmets/Bascinet.cs,ItemCandidate,SourceVerified,
BaseAddon,Item,Data/Scripts/Items/Construction/Addons/BaseAddon.cs,ItemCandidate,SourceVerified,
BaseAddonContainer,BaseContainer,Data/Scripts/Items/Construction/Addons/BaseAddonContainer.cs,ItemCandidate,SourceVerified,
BaseAddonContainerDeed,Item,Data/Scripts/Items/Construction/Addons/BaseAddonContainerDeed.cs,ItemCandidate,SourceVerified,
BaseAddonDeed,Item,Data/Scripts/Items/Construction/Addons/BaseAddonDeed.cs,ItemCandidate,SourceVerified,
BaseAgilityPotion,BasePotion,Data/Scripts/Items/Potions/Standard/Agility Potions/BaseAgilityPotion.cs,ItemCandidate,SourceVerified,
BaseArmor,Item,Data/Scripts/Items/Armor/BaseArmor.cs,ItemCandidate,SourceVerified,
BaseAxe,BaseMeleeWeapon,Data/Scripts/Items/Weapons/Axes/BaseAxe.cs,ItemCandidate,SourceVerified,
BaseBagBall,BaseContainer,Data/Scripts/Items/Containers/Container.cs,ItemCandidate,SourceVerified,
BaseBashing,BaseMeleeWeapon,Data/Scripts/Items/Weapons/Maces/BaseBashing.cs,ItemCandidate,SourceVerified,
BaseBeverage,Item,Data/Scripts/Items/Food/Beverage.cs,ItemCandidate,SourceVerified,
BaseBoard,Container,Data/Scripts/Items/Misc/Games/BaseBoard.cs,ItemCandidate,SourceVerified,
BaseBoat,BaseMulti,Data/Scripts/Items/Boats/BaseBoat.cs,ItemCandidate,SourceVerified,
BaseBoatDeed,Item,Data/Scripts/Items/Boats/BaseBoatDeed.cs,ItemCandidate,SourceVerified,
BaseBook,Item,Data/Scripts/Items/Books/BaseBook.cs,ItemCandidate,SourceVerified,
BaseBracelet,BaseJewel,Data/Scripts/Items/Jewels/Bracelet.cs,ItemCandidate,SourceVerified,
BaseBulletinBoard,Item,Data/Scripts/Items/Misc/BulletinBoards.cs,ItemCandidate,SourceVerified,
BaseCaged,Item,Data/Scripts/Items/Containers/AnimalCages.cs,ItemCandidate,SourceVerified,
BaseCloak,BaseClothing,Data/Scripts/Items/Clothing/Cloaks.cs,ItemCandidate,SourceVerified,
BaseClothMaterial,Item,Data/Scripts/Items/Trades/Resources/Tailor/YarnsAndThreads.cs,ItemCandidate,SourceVerified,
BaseClothing,Item,Data/Scripts/Items/Clothing/BaseClothing.cs,ItemCandidate,SourceVerified,
BaseConflagrationPotion,BasePotion,Data/Scripts/Items/Potions/Standard/Conflagration Potions/BaseConflagrationPotion.cs,ItemCandidate,SourceVerified,
BaseConfusionBlastPotion,BasePotion,Data/Scripts/Items/Potions/Standard/Confusion Blast Potions/BaseConfusionBlastPotion.cs,ItemCandidate,SourceVerified,
BaseContainer,Container,Data/Scripts/Items/Containers/Container.cs,ItemCandidate,SourceVerified,
BaseCraftWine,Item,Data/Scripts/Custom/Vhaerun's CRL Homestead System [2.0]/Dracana's Winecrafting [2.0]/Items/Food/BaseCraftWine.cs,ItemCandidate,SourceVerified,
BaseCurePotion,BasePotion,Data/Scripts/Items/Potions/Standard/Cure Potions/BaseCurePotion.cs,ItemCandidate,SourceVerified,
BaseDecorationArtifact,Item,Data/Scripts/Items/Decorations/Artifacts/BaseDecorationArtifact.cs,ItemCandidate,SourceVerified,
BaseDecorationContainerArtifact,BaseContainer,Data/Scripts/Items/Decorations/Artifacts/BaseDecorationArtifact.cs,ItemCandidate,SourceVerified,
BaseDockedBoat,Item,Data/Scripts/Items/Boats/BaseDockedBoat.cs,ItemCandidate,SourceVerified,
BaseDoor,Item,Data/Scripts/Items/Doors/BaseDoor.cs,ItemCandidate,SourceVerified,
BaseEarrings,BaseJewel,Data/Scripts/Items/Jewels/Earrings.cs,ItemCandidate,SourceVerified,
BaseElixir,BasePotion,Data/Scripts/Items/Potions/Elixirs/BaseElixir.cs,ItemCandidate,SourceVerified,
BaseEquipableLight,BaseLight,Data/Scripts/Items/Construction/Lights/BaseEquipableLight.cs,ItemCandidate,SourceVerified,
BaseExplosionPotion,BasePotion,Data/Scripts/Items/Potions/Standard/Explosion Potions/BaseExplosionPotion.cs,ItemCandidate,SourceVerified,
BaseFloor,Item,Data/Scripts/Items/Construction/Floors/Floors.cs,ItemCandidate,SourceVerified,
BaseFormTalisman,Item,Data/Scripts/Items/Special/Talismans.cs,ItemCandidate,SourceVerified,
BaseFrostbitePotion,BasePotion,Data/Scripts/Items/Potions/Standard/Frostbite Potions/BaseFrostbitePotion.cs,ItemCandidate,SourceVerified,
BaseFruitTreeAddon,BaseAddon,Data/Scripts/Items/Special/Heritage Items/FruitTrees.cs,ItemCandidate,SourceVerified,
BaseGiftArmor,BaseArmor,Data/Scripts/Items/Magical/Gifts/Armor/BaseGiftArmor.cs,ItemCandidate,SourceVerified,
BaseGiftAxe,BaseAxe,Data/Scripts/Items/Magical/Gifts/Weapons/Axes/BaseGiftAxe.cs,ItemCandidate,SourceVerified,
BaseGiftBashing,BaseBashing,Data/Scripts/Items/Magical/Gifts/Weapons/Maces/BaseGiftBashing.cs,ItemCandidate,SourceVerified,
BaseGiftBracelet,BaseGiftJewel,Data/Scripts/Items/Magical/Gifts/Jewels/GiftBracelet.cs,ItemCandidate,SourceVerified,
BaseGiftCloak,BaseGiftClothing,Data/Scripts/Items/Magical/Gifts/Clothing/GiftCloaks.cs,ItemCandidate,SourceVerified,
BaseGiftClothing,BaseClothing,Data/Scripts/Items/Magical/Gifts/Clothing/BaseGiftClothing.cs,ItemCandidate,SourceVerified,
BaseGiftEarrings,BaseGiftJewel,Data/Scripts/Items/Magical/Gifts/Jewels/GiftEarrings.cs,ItemCandidate,SourceVerified,
BaseGiftHat,BaseGiftClothing,Data/Scripts/Items/Magical/Gifts/Clothing/GiftHats.cs,ItemCandidate,SourceVerified,
BaseGiftJewel,BaseJewel,Data/Scripts/Items/Magical/Gifts/Jewels/BaseGiftJewel.cs,ItemCandidate,SourceVerified,
BaseGiftKnife,BaseKnife,Data/Scripts/Items/Magical/Gifts/Weapons/Knives/BaseGiftKnife.cs,ItemCandidate,SourceVerified,
BaseGiftMiddleTorso,BaseGiftClothing,Data/Scripts/Items/Magical/Gifts/Clothing/GiftMiddleTorso.cs,ItemCandidate,SourceVerified,
BaseGiftNecklace,BaseGiftJewel,Data/Scripts/Items/Magical/Gifts/Jewels/GiftNecklace.cs,ItemCandidate,SourceVerified,
BaseGiftOuterLegs,BaseGiftClothing,Data/Scripts/Items/Magical/Gifts/Clothing/GiftOuterLegs.cs,ItemCandidate,SourceVerified,
BaseGiftOuterTorso,BaseGiftClothing,Data/Scripts/Items/Magical/Gifts/Clothing/GiftOuterTorso.cs,ItemCandidate,SourceVerified,
BaseGiftPants,BaseGiftClothing,Data/Scripts/Items/Magical/Gifts/Clothing/GiftPants.cs,ItemCandidate,SourceVerified,
BaseGiftPoleArm,BasePoleArm,Data/Scripts/Items/Magical/Gifts/Weapons/PoleArms/BaseGiftPoleArm.cs,ItemCandidate,SourceVerified,
BaseGiftRanged,BaseRanged,Data/Scripts/Items/Magical/Gifts/Weapons/Ranged/BaseGiftRanged.cs,ItemCandidate,SourceVerified,
BaseGiftRing,BaseGiftJewel,Data/Scripts/Items/Magical/Gifts/Jewels/GiftRing.cs,ItemCandidate,SourceVerified,
BaseGiftShield,BaseShield,Data/Scripts/Items/Magical/Gifts/Shields/BaseGiftShield.cs,ItemCandidate,SourceVerified,
BaseGiftShirt,BaseGiftClothing,Data/Scripts/Items/Magical/Gifts/Clothing/GiftShirts.cs,ItemCandidate,SourceVerified,
BaseGiftShoes,BaseGiftClothing,Data/Scripts/Items/Magical/Gifts/Clothing/GiftShoes.cs,ItemCandidate,SourceVerified,
BaseGiftSpear,BaseSpear,Data/Scripts/Items/Magical/Gifts/Weapons/SpearsAndForks/BaseGiftSpear.cs,ItemCandidate,SourceVerified,
BaseGiftStaff,BaseStaff,Data/Scripts/Items/Magical/Gifts/Weapons/Staves/BaseGiftStaff.cs,ItemCandidate,SourceVerified,
BaseGiftStave,BaseGiftRanged,Data/Scripts/Items/Magical/Gifts/Weapons/GiftStave.cs,ItemCandidate,SourceVerified,
BaseGiftSword,BaseSword,Data/Scripts/Items/Magical/Gifts/Weapons/Swords/BaseGiftSword.cs,ItemCandidate,SourceVerified,
BaseGiftWaist,BaseGiftClothing,Data/Scripts/Items/Magical/Gifts/Clothing/GiftWaist.cs,ItemCandidate,SourceVerified,
BaseGiftWhip,BaseWhip,Data/Scripts/Items/Magical/Gifts/Weapons/Maces/BaseGiftWhip.cs,ItemCandidate,SourceVerified,
BaseGlovesOfMining,BaseArmor,Data/Scripts/Items/Special/Bulk Order Rewards/Blacksmithy/GlovesOfMining.cs,ItemCandidate,SourceVerified,
BaseGranite,Item,Data/Scripts/Items/Trades/Resources/Masonry/Granite.cs,ItemCandidate,SourceVerified,
BaseGrapeVine,Item,Data/Scripts/Custom/Vhaerun's CRL Homestead System [2.0]/Dracana's Winecrafting [2.0]/Items/Grape Vines/BaseGrapeVine.cs,ItemCandidate,SourceVerified,
BaseHarvestTool,Item,Data/Scripts/Items/Trades/Harvest Tools/BaseHarvestTool.cs,ItemCandidate,SourceVerified,
BaseHat,BaseClothing,Data/Scripts/Items/Clothing/Hats.cs,ItemCandidate,SourceVerified,
BaseHealPotion,BasePotion,Data/Scripts/Items/Potions/Standard/Heal Potions/BaseHealPotion.cs,ItemCandidate,SourceVerified,
BaseHides,Item,Data/Scripts/Items/Trades/Resources/Tailor/Hides.cs,ItemCandidate,SourceVerified,
BaseHolidayBells,Item,Data/Scripts/Items/Special/Holiday/HolidayBells.cs,ItemCandidate,SourceVerified,
BaseHops,Item,Data/Scripts/Custom/Vhaerun's CRL Homestead System [2.0]/Vhaerun's CRL Brewing/Items/Hops/Hops.cs,ItemCandidate,SourceVerified,
BaseHouse,BaseMulti,Data/Scripts/Items/Houses/BaseHouse.cs,ItemCandidate,SourceVerified,
BaseHouseDoor,BaseDoor,Data/Scripts/Items/Doors/HouseDoors.cs,ItemCandidate,SourceVerified,
BaseImprisonedMobile,Item,Data/Scripts/Items/Special/BaseImprisonedMobile.cs,ItemCandidate,SourceVerified,
BaseIngot,Item,Data/Scripts/Items/Trades/Resources/Blacksmithing/Ingots.cs,ItemCandidate,SourceVerified,
BaseInstrument,Item,Data/Scripts/Items/Trades/Musical Instruments/BaseInstrument.cs,ItemCandidate,SourceVerified,
BaseJewel,Item,Data/Scripts/Items/Jewels/BaseJewel.cs,ItemCandidate,SourceVerified,
BaseKilrathi,BaseMeleeWeapon,Data/Scripts/Items/Technology/BaseKilrathi.cs,ItemCandidate,SourceVerified,
BaseKnife,BaseMeleeWeapon,Data/Scripts/Items/Weapons/Knives/BaseKnife.cs,ItemCandidate,SourceVerified,
BaseLeather,Item,Data/Scripts/Items/Trades/Resources/Tailor/Leathers.cs,ItemCandidate,SourceVerified,
BaseLevelArmor,BaseArmor,Data/Scripts/Items/Magical/God/Armor/BaseLevelArmor.cs,ItemCandidate,SourceVerified,
BaseLevelAxe,BaseAxe,Data/Scripts/Items/Magical/God/Weapons/Axes/BaseLevelAxe.cs,ItemCandidate,SourceVerified,
BaseLevelBashing,BaseBashing,Data/Scripts/Items/Magical/God/Weapons/Maces/BaseLevelBashing.cs,ItemCandidate,SourceVerified,
BaseLevelBracelet,BaseLevelJewel,Data/Scripts/Items/Magical/God/Jewels/LevelBracelet.cs,ItemCandidate,SourceVerified,
BaseLevelCloak,BaseLevelClothing,Data/Scripts/Items/Magical/God/Clothing/LevelCloaks.cs,ItemCandidate,SourceVerified,
BaseLevelClothing,BaseClothing,Data/Scripts/Items/Magical/God/Clothing/BaseLevelClothing.cs,ItemCandidate,SourceVerified,
BaseLevelEarrings,BaseLevelJewel,Data/Scripts/Items/Magical/God/Jewels/LevelEarrings.cs,ItemCandidate,SourceVerified,
BaseLevelHat,BaseLevelClothing,Data/Scripts/Items/Magical/God/Clothing/LevelHats.cs,ItemCandidate,SourceVerified,
BaseLevelJewel,BaseJewel,Data/Scripts/Items/Magical/God/Jewels/BaseLevelJewel.cs,ItemCandidate,SourceVerified,
BaseLevelKnife,BaseKnife,Data/Scripts/Items/Magical/God/Weapons/Knives/BaseLevelKnife.cs,ItemCandidate,SourceVerified,
BaseLevelMiddleTorso,BaseLevelClothing,Data/Scripts/Items/Magical/God/Clothing/LevelMiddleTorso.cs,ItemCandidate,SourceVerified,
BaseLevelNecklace,BaseLevelJewel,Data/Scripts/Items/Magical/God/Jewels/LevelNecklace.cs,ItemCandidate,SourceVerified,
BaseLevelOuterLegs,BaseLevelClothing,Data/Scripts/Items/Magical/God/Clothing/LevelOuterLegs.cs,ItemCandidate,SourceVerified,
BaseLevelOuterTorso,BaseLevelClothing,Data/Scripts/Items/Magical/God/Clothing/LevelOuterTorso.cs,ItemCandidate,SourceVerified,
BaseLevelPants,BaseLevelClothing,Data/Scripts/Items/Magical/God/Clothing/LevelPants.cs,ItemCandidate,SourceVerified,
BaseLevelPoleArm,BasePoleArm,Data/Scripts/Items/Magical/God/Weapons/PoleArms/BaseLevelPoleArm.cs,ItemCandidate,SourceVerified,
BaseLevelRanged,BaseRanged,Data/Scripts/Items/Magical/God/Weapons/Ranged/BaseLevelRanged.cs,ItemCandidate,SourceVerified,
BaseLevelRing,BaseLevelJewel,Data/Scripts/Items/Magical/God/Jewels/LevelRing.cs,ItemCandidate,SourceVerified,
BaseLevelShield,BaseShield,Data/Scripts/Items/Magical/God/Shields/BaseLevelShield.cs,ItemCandidate,SourceVerified,
BaseLevelShirt,BaseLevelClothing,Data/Scripts/Items/Magical/God/Clothing/LevelShirts.cs,ItemCandidate,SourceVerified,
BaseLevelShoes,BaseLevelClothing,Data/Scripts/Items/Magical/God/Clothing/LevelShoes.cs,ItemCandidate,SourceVerified,
BaseLevelSpear,BaseSpear,Data/Scripts/Items/Magical/God/Weapons/SpearsAndForks/BaseLevelSpear.cs,ItemCandidate,SourceVerified,
BaseLevelStaff,BaseStaff,Data/Scripts/Items/Magical/God/Weapons/Staves/BaseLevelStaff.cs,ItemCandidate,SourceVerified,
BaseLevelStave,BaseLevelRanged,Data/Scripts/Items/Magical/God/Weapons/LevelStave.cs,ItemCandidate,SourceVerified,
BaseLevelSword,BaseSword,Data/Scripts/Items/Magical/God/Weapons/Swords/BaseLevelSword.cs,ItemCandidate,SourceVerified,
BaseLevelWaist,BaseLevelClothing,Data/Scripts/Items/Magical/God/Clothing/LevelWaist.cs,ItemCandidate,SourceVerified,
BaseLevelWhip,BaseWhip,Data/Scripts/Items/Magical/God/Weapons/Maces/BaseLevelWhip.cs,ItemCandidate,SourceVerified,
BaseLight,Item,Data/Scripts/Items/Construction/Lights/BaseLight.cs,ItemCandidate,SourceVerified,
BaseLiquid,BasePotion,Data/Scripts/Items/Potions/Mixtures/BaseLiquid.cs,ItemCandidate,SourceVerified,
BaseLog,Item,Data/Scripts/Items/Trades/Lumberjack/Log.cs,ItemCandidate,SourceVerified,
BaseMagicFish,Item,Data/Scripts/Items/Trades/Resources/Fishing/MagicFish.cs,ItemCandidate,SourceVerified,
BaseMagicStaff,BaseBashing,Data/Scripts/Items/Wands/BaseMagicStaff.cs,ItemCandidate,SourceVerified,
BaseManaRefreshPotion,BasePotion,Data/Scripts/Items/Potions/Unique/BaseManaRefreshPotion.cs,ItemCandidate,SourceVerified,
BaseMeleeWeapon,BaseWeapon,Data/Scripts/Items/Weapons/BaseMeleeWeapon.cs,ItemCandidate,SourceVerified,
BaseMiddleTorso,BaseClothing,Data/Scripts/Items/Clothing/MiddleTorso.cs,ItemCandidate,SourceVerified,
BaseMixture,BasePotion,Data/Scripts/Items/Potions/Mixtures/BaseMixture.cs,ItemCandidate,SourceVerified,
BaseNecklace,BaseJewel,Data/Scripts/Items/Jewels/Necklace.cs,ItemCandidate,SourceVerified,
BaseOre,Item,Data/Scripts/Items/Trades/Resources/Blacksmithing/Ore.cs,ItemCandidate,SourceVerified,
BaseOuterLegs,BaseClothing,Data/Scripts/Items/Clothing/OuterLegs.cs,ItemCandidate,SourceVerified,
BaseOuterTorso,BaseClothing,Data/Scripts/Items/Clothing/OuterTorso.cs,ItemCandidate,SourceVerified,
BasePants,BaseClothing,Data/Scripts/Items/Clothing/Pants.cs,ItemCandidate,SourceVerified,
BasePiece,Item,Data/Scripts/Items/Misc/Games/BasePiece.cs,ItemCandidate,SourceVerified,
BasePlayerBB,Item,Data/Scripts/Items/Misc/PlayerBulletinBoards.cs,ItemCandidate,SourceVerified,
BasePoisonPotion,BasePotion,Data/Scripts/Items/Potions/Standard/Poison Potions/BasePoisonPotion.cs,ItemCandidate,SourceVerified,
BasePoleArm,BaseMeleeWeapon,Data/Scripts/Items/Weapons/PoleArms/BasePoleArm.cs,ItemCandidate,SourceVerified,
BasePotion,Item,Data/Scripts/Items/Potions/BasePotion.cs,ItemCandidate,SourceVerified,
BaseQuiver,Container,Data/Scripts/Items/Containers/Quivers/BaseQuiver.cs,ItemCandidate,SourceVerified,
BaseRanged,BaseMeleeWeapon,Data/Scripts/Items/Weapons/Bows/BaseRanged.cs,ItemCandidate,SourceVerified,
BaseReagent,Item,Data/Scripts/Items/Trades/Resources/Reagents/BaseReagent.cs,ItemCandidate,SourceVerified,
BaseRefreshPotion,BasePotion,Data/Scripts/Items/Potions/Standard/Refresh Potions/BaseRefreshPotion.cs,ItemCandidate,SourceVerified,
BaseRejuvenatePotion,BasePotion,Data/Scripts/Items/Potions/Unique/BaseRejuvenatePotion.cs,ItemCandidate,SourceVerified,
BaseRejuvinationAnkh,BaseAddon,Data/Scripts/Items/Construction/Addons/RejuvinationAnkhs.cs,ItemCandidate,SourceVerified,
BaseRing,BaseJewel,Data/Scripts/Items/Jewels/Ring.cs,ItemCandidate,SourceVerified,
BaseRunicTool,BaseTool,Data/Scripts/Items/Trades/Tools/BaseRunicTool.cs,ItemCandidate,SourceVerified,
BaseScales,Item,Data/Scripts/Items/Trades/Resources/Blacksmithing/Scales.cs,ItemCandidate,SourceVerified,
BaseShield,BaseArmor,Data/Scripts/Items/Armor/Shields/BaseShield.cs,ItemCandidate,SourceVerified,
BaseShirt,BaseClothing,Data/Scripts/Items/Clothing/Shirts.cs,ItemCandidate,SourceVerified,
BaseShoes,BaseClothing,Data/Scripts/Items/Clothing/Shoes.cs,ItemCandidate,SourceVerified,
BaseShoppe,Item,Data/Scripts/Trades/Shoppes/BaseShoppe.cs,ItemCandidate,SourceVerified,
BaseSign,Item,Data/Scripts/Items/Construction/Signs/BaseSign.cs,ItemCandidate,SourceVerified,
BaseSpear,BaseMeleeWeapon,Data/Scripts/Items/Weapons/SpearsAndForks/BaseSpear.cs,ItemCandidate,SourceVerified,
BaseStaff,BaseMeleeWeapon,Data/Scripts/Items/Weapons/Staves/BaseStaff.cs,ItemCandidate,SourceVerified,
BaseStatue,Item,Data/Scripts/Trades/Stone/BaseStatue.cs,ItemCandidate,SourceVerified,
BaseStatueAddon,BaseAddon,Data/Scripts/Trades/Stone/BaseStatueDeed.cs,ItemCandidate,SourceVerified,
BaseStatueDeed,BaseAddonDeed,Data/Scripts/Trades/Stone/BaseStatueDeed.cs,ItemCandidate,SourceVerified,
BaseStrengthPotion,BasePotion,Data/Scripts/Items/Potions/Standard/Strength Potions/BaseStrengthPotion.cs,ItemCandidate,SourceVerified,
BaseSuit,Item,Data/Scripts/Items/Clothing/Suits/BaseSuit.cs,ItemCandidate,SourceVerified,
BaseSword,BaseMeleeWeapon,Data/Scripts/Items/Weapons/Swords/BaseSword.cs,ItemCandidate,SourceVerified,
BaseTool,Item,Data/Scripts/Items/Trades/Tools/BaseTool.cs,ItemCandidate,SourceVerified,
BaseTrap,Item,Data/Scripts/Items/Traps/BaseTrap.cs,ItemCandidate,SourceVerified,
BaseTreasureChest,LockableContainer,Data/Scripts/Items/Containers/BaseTreasureChest.cs,ItemCandidate,SourceVerified,
BaseWaist,BaseClothing,Data/Scripts/Items/Clothing/Waist.cs,ItemCandidate,SourceVerified,
BaseWall,Item,Data/Scripts/Items/Construction/Walls/BaseWall.cs,ItemCandidate,SourceVerified,
BaseWaterContainer,Container,Data/Scripts/Items/Special/Rares/Containers/BaseWaterContainer.cs,ItemCandidate,SourceVerified,
BaseWeapon,Item,Data/Scripts/Items/Weapons/BaseWeapon.cs,ItemCandidate,SourceVerified,
BaseWhip,BaseBashing,Data/Scripts/Items/Weapons/Maces/BaseWhip.cs,ItemCandidate,SourceVerified,
BaseWindChimes,Item,Data/Scripts/Items/Misc/WindChimes.cs,ItemCandidate,SourceVerified,
BaseWineGrapes,Item,Data/Scripts/Custom/Vhaerun's CRL Homestead System [2.0]/Dracana's Winecrafting [2.0]/Items/Craft Items/Resources/WineGrapes.cs,ItemCandidate,SourceVerified,
BaseWizardStaff,BaseMeleeWeapon,Data/Scripts/Items/Weapons/Marksman/WizardStaff.cs,ItemCandidate,SourceVerified,
BaseWoodBoard,Item,Data/Scripts/Items/Trades/Carpenter Items/Board.cs,ItemCandidate,SourceVerified,
BasementDoor,Item,Data/Scripts/Items/Doors/BasementDoor.cs,ItemCandidate,SourceVerified,
BasementDoorway,Item,Data/Scripts/Items/Doors/BasementDoorway.cs,ItemCandidate,SourceVerified,
BasicShelf,BaseContainer,Data/Scripts/Items/Containers/Shelves.cs,ItemCandidate,SourceVerified,
Basket,BaseContainer,Data/Scripts/Items/Containers/Container.cs,ItemCandidate,SourceVerified,
Basket1Artifact,BaseDecorationContainerArtifact,Data/Scripts/Items/Decorations/Artifacts/SEDecorationArtifacts.cs,ItemCandidate,SourceVerified,
Basket2Artifact,BaseDecorationContainerArtifact,Data/Scripts/Items/Decorations/Artifacts/SEDecorationArtifacts.cs,ItemCandidate,SourceVerified,
Basket3NorthArtifact,BaseDecorationContainerArtifact,Data/Scripts/Items/Decorations/Artifacts/SEDecorationArtifacts.cs,ItemCandidate,SourceVerified,
Basket3WestArtifact,BaseDecorationContainerArtifact,Data/Scripts/Items/Decorations/Artifacts/SEDecorationArtifacts.cs,ItemCandidate,SourceVerified,
Basket4Artifact,BaseDecorationContainerArtifact,Data/Scripts/Items/Decorations/Artifacts/SEDecorationArtifacts.cs,ItemCandidate,SourceVerified,
Basket5NorthArtifact,BaseDecorationContainerArtifact,Data/Scripts/Items/Decorations/Artifacts/SEDecorationArtifacts.cs,ItemCandidate,SourceVerified,
Basket5WestArtifact,BaseDecorationContainerArtifact,Data/Scripts/Items/Decorations/Artifacts/SEDecorationArtifacts.cs,ItemCandidate,SourceVerified,
Basket6Artifact,BaseDecorationContainerArtifact,Data/Scripts/Items/Decorations/Artifacts/SEDecorationArtifacts.cs,ItemCandidate,SourceVerified,
BatWing,BaseReagent,Data/Scripts/Items/Trades/Resources/Reagents/Necromancy/BatWing.cs,ItemCandidate,SourceVerified,
BattleAxe,BaseAxe,Data/Scripts/Items/Weapons/Axes/BattleAxe.cs,ItemCandidate,SourceVerified,
Beads,Item,Data/Scripts/Items/Jewels/Beads.cs,ItemCandidate,SourceVerified,
BearMask,BaseHat,Data/Scripts/Items/Clothing/Hats.cs,ItemCandidate,SourceVerified,
Beard,Item,Data/Scripts/Items/Misc/Facial/Beard.cs,ItemCandidate,SourceVerified,
BedOfNailsAddon,BaseAddon,Data/Scripts/Items/Special/Evil Home Decor Collection/BedOfNails.cs,ItemCandidate,SourceVerified,
BedOfNailsComponent,AddonComponent,Data/Scripts/Items/Special/Evil Home Decor Collection/BedOfNails.cs,ItemCandidate,SourceVerified,
BedOfNailsDeed,BaseAddonDeed,Data/Scripts/Items/Special/Evil Home Decor Collection/BedOfNails.cs,ItemCandidate,SourceVerified,
Bedroll,Item,Data/Scripts/Items/Explorers/Bedroll.cs,ItemCandidate,SourceVerified,
BedrolledOut,Item,Data/Scripts/Items/Explorers/BedrolledOut.cs,ItemCandidate,SourceVerified,
BeeHiveHelper,,Data/Scripts/Trades/Apiculture/beehivehelper.cs,ItemCandidate,SourceVerified,
BeekeeperCrate,LockableContainer,Data/Scripts/Items/Containers/Container.cs,ItemCandidate,SourceVerified,
Beeswax,Item,Data/Scripts/Items/Misc/Beeswax.cs,ItemCandidate,SourceVerified,
BeetleShell,BaseReagent,Data/Scripts/Items/Trades/Resources/Reagents/Alchemy/BeetleShell.cs,ItemCandidate,SourceVerified,
BeggarVest,BaseShirt,Data/Scripts/Items/Clothing/Shirts.cs,ItemCandidate,SourceVerified,
BeggarsRobe,Robe,Data/Scripts/Items/Magical/Artifacts/Obsolete/Obsolete_BeggarsRobe.cs,ItemCandidate,SourceVerified,
BeginHouseCustomization,Packet,Data/Scripts/Items/Houses/HouseFoundation.cs,ItemCandidate,SourceVerified,
BeltofHercules,MagicBelt,Data/Scripts/Items/Magical/Artifacts/Obsolete/Obsolete_BeltofHercules.cs,ItemCandidate,SourceVerified,
BentoBox,Food,Data/Scripts/Items/Food/Asian.cs,ItemCandidate,SourceVerified,
BeverageBottle,BaseBeverage,Data/Scripts/Items/Food/Beverage.cs,ItemCandidate,SourceVerified,
BigBag,BaseContainer,Data/Scripts/Items/Containers/Container.cs,ItemCandidate,SourceVerified,
BigElvenChair,Item,Data/Scripts/Items/Construction/Chairs/Chairs.cs,ItemCandidate,SourceVerified,
BigFish,Item,Data/Scripts/Items/Trades/Resources/Fishing/BigFish.cs,ItemCandidate,SourceVerified,
BitterHops,BaseHops,Data/Scripts/Custom/Vhaerun's CRL Homestead System [2.0]/Vhaerun's CRL Brewing/Items/Hops/Hops.cs,ItemCandidate,SourceVerified,
BitterRoot,BaseReagent,Data/Scripts/Items/Trades/Resources/Reagents/Witch/BitterRoot.cs,ItemCandidate,SourceVerified,
BlackCatStatue,Item,Data/Scripts/Items/Gifts/Holiday/Halloween/Rewards/HalloweenItems.cs,ItemCandidate,SourceVerified,
BlackDyeTub,DyeTub,Data/Scripts/Items/Misc/Dyes/BlackDyeTub.cs,ItemCandidate,SourceVerified,
BlackJackCardGump,Gump,Data/Scripts/Items/Misc/Games/BlackJack.cs,ItemCandidate,SourceVerified,
BlackPearl,BaseReagent,Data/Scripts/Items/Trades/Resources/Reagents/Common/BlackPearl.cs,ItemCandidate,SourceVerified,
BlackSand,BaseReagent,Data/Scripts/Items/Trades/Resources/Reagents/Witch/BlackSand.cs,ItemCandidate,SourceVerified,
BlackScales,BaseScales,Data/Scripts/Items/Trades/Resources/Blacksmithing/Scales.cs,ItemCandidate,SourceVerified,
BlackStaff,BaseStaff,Data/Scripts/Items/Weapons/Staves/BlackStaff.cs,ItemCandidate,SourceVerified,
BlackWellAddon,BaseAddon,Data/Scripts/Items/Construction/Wells/blackwell.cs,ItemCandidate,SourceVerified,
BlackWellDeed,BaseAddonDeed,Data/Scripts/Items/Construction/Wells/blackwell.cs,ItemCandidate,SourceVerified,
BlackWellPiece,AddonComponent,Data/Scripts/Items/Construction/Wells/blackwell.cs,ItemCandidate,SourceVerified,
BlacksmithCrate,LockableContainer,Data/Scripts/Items/Containers/Container.cs,ItemCandidate,SourceVerified,
BlacksmithShoppe,BaseShoppe,Data/Scripts/Trades/Shoppes/BlacksmithShoppe.cs,ItemCandidate,SourceVerified,
BladeDance,RuneBlade,Data/Scripts/Items/Magical/Artifacts/Obsolete/Obsolete_BladeDance.cs,ItemCandidate,SourceVerified,
BladeOfInsanity,Katana,Data/Scripts/Items/Magical/Artifacts/Obsolete/Obsolete_BladeOfInsanity.cs,ItemCandidate,SourceVerified,
BladeOfTheRighteous,Longsword,Data/Scripts/Items/Magical/Artifacts/Obsolete/Obsolete_BladeOfTheRighteous.cs,ItemCandidate,SourceVerified,
BladeSpiritsMagicStaff,BaseMagicStaff,Data/Scripts/Items/Wands/5th Circle/BladeSpiritStaff.cs,ItemCandidate,SourceVerified,
BladedStaff,BaseSpear,Data/Scripts/Items/Weapons/SpearsAndForks/BladedStaff.cs,ItemCandidate,SourceVerified,
BlankMap,MapItem,Data/Scripts/Items/Trades/Maps/BlankMap.cs,ItemCandidate,SourceVerified,
BlankScroll,Item,Data/Scripts/Items/Trades/Magical/Misc/BlankScroll.cs,ItemCandidate,SourceVerified,
BlazeDyeTub,DyeTub,Data/Scripts/Items/Misc/Dyes/BlazeDyeTub.cs,ItemCandidate,SourceVerified,
BlazeOfDeath,Halberd,Data/Scripts/Items/Magical/Artifacts/Obsolete/Obsolete_BlazeOfDeath.cs,ItemCandidate,SourceVerified,
BlessMagicStaff,BaseMagicStaff,Data/Scripts/Items/Wands/3rd Circle/BlessStaff.cs,ItemCandidate,SourceVerified,
BlightGrippedLongbow,ElvenCompositeLongbow,Data/Scripts/Items/Magical/Artifacts/Obsolete/Obsolete_BlightGrippedLongbow.cs,ItemCandidate,SourceVerified,
Blocker,Item,Data/Scripts/Items/Misc/Blocker.cs,ItemCandidate,SourceVerified,
Blood,Item,Data/Scripts/Items/Misc/Blood.cs,ItemCandidate,SourceVerified,
BloodPentagram,BaseAddon,Data/Scripts/Items/Construction/Addons/BloodPentagram.cs,ItemCandidate,SourceVerified,
BloodPentagramAddon,BaseAddon,Data/Scripts/Items/Gifts/Holiday/Halloween/Rewards/BloodPentagramDeed.cs,ItemCandidate,SourceVerified,
BloodPentagramDeed,BaseAddonDeed,Data/Scripts/Items/Gifts/Holiday/Halloween/Rewards/BloodPentagramDeed.cs,ItemCandidate,SourceVerified,
BloodRose,BaseReagent,Data/Scripts/Items/Trades/Resources/Reagents/Witch/BloodRose.cs,ItemCandidate,SourceVerified,
Bloodmoss,BaseReagent,Data/Scripts/Items/Trades/Resources/Reagents/Common/Bloodmoss.cs,ItemCandidate,SourceVerified,
BloodwoodSpirit,MagicTalisman,Data/Scripts/Items/Magical/Artifacts/Obsolete/Obsolete_BloodwoodSpirit.cs,ItemCandidate,SourceVerified,
BloodyDrink,Item,Data/Scripts/Items/Food/BloodDrink.cs,ItemCandidate,SourceVerified,
BloodyPentagramAddon,BaseAddon,Data/Scripts/Items/Special/Veteran Rewards/BloodyPentagram.cs,ItemCandidate,SourceVerified,
BloodyPentagramComponent,AddonComponent,Data/Scripts/Items/Special/Veteran Rewards/BloodyPentagram.cs,ItemCandidate,SourceVerified,
BloodyPentagramDeed,BaseAddonDeed,Data/Scripts/Items/Special/Veteran Rewards/BloodyPentagram.cs,ItemCandidate,SourceVerified,
BloodyTableAddon,BaseAddon,Data/Scripts/Items/Gifts/Holiday/Halloween/Rewards/BloodyTableAddon.cs,ItemCandidate,SourceVerified,
BloodyTableAddonDeed,BaseAddonDeed,Data/Scripts/Items/Gifts/Holiday/Halloween/Rewards/BloodyTableAddon.cs,ItemCandidate,SourceVerified,
BloodyWaterArtifact,BaseDecorationArtifact,Data/Scripts/Items/Decorations/Artifacts/DoomDecorationArtifacts.cs,ItemCandidate,SourceVerified,
Blowpipe,BaseTool,Data/Scripts/Items/Trades/Tools/Blowpipe.cs,ItemCandidate,SourceVerified,
BlueBeaker,Item,Data/Scripts/Items/Misc/GlassItems.cs,ItemCandidate,SourceVerified,
BlueBook,BaseBook,Data/Scripts/Items/Books/BlueBook.cs,ItemCandidate,SourceVerified,
BlueCurvedFlask,Item,Data/Scripts/Items/Misc/GlassItems.cs,ItemCandidate,SourceVerified,
BlueDecorativeRugAddon,BaseAddon,Data/Scripts/Items/Special/Heritage Items/BlueDecorativeRug.cs,ItemCandidate,SourceVerified,
BlueDecorativeRugDeed,BaseAddonDeed,Data/Scripts/Items/Special/Heritage Items/BlueDecorativeRug.cs,ItemCandidate,SourceVerified,
BlueDiamond,Item,Data/Scripts/Items/Trades/Resources/MiscMLResources.cs,ItemCandidate,SourceVerified,
BlueFancyRugAddon,BaseAddon,Data/Scripts/Items/Special/Heritage Items/BlueFancyRug.cs,ItemCandidate,SourceVerified,
BlueFancyRugDeed,BaseAddonDeed,Data/Scripts/Items/Special/Heritage Items/BlueFancyRug.cs,ItemCandidate,SourceVerified,
BluePlainRugAddon,BaseAddon,Data/Scripts/Items/Special/Heritage Items/BluePlainRug.cs,ItemCandidate,SourceVerified,
BluePlainRugDeed,BaseAddonDeed,Data/Scripts/Items/Special/Heritage Items/BluePlainRug.cs,ItemCandidate,SourceVerified,
BlueScales,BaseScales,Data/Scripts/Items/Trades/Resources/Blacksmithing/Scales.cs,ItemCandidate,SourceVerified,
BlueSlateFloorCenter,BaseFloor,Data/Scripts/Items/Construction/Floors/Floors.cs,ItemCandidate,SourceVerified,
BlueSnowflake,Item,Data/Scripts/Items/Special/Holiday/Snowflakes.cs,ItemCandidate,SourceVerified,
BlueSoulstone,SoulStone,Data/Scripts/Items/Special/SoulStone.cs,ItemCandidate,SourceVerified,
BlueTent,BaseHouse,Data/Scripts/Items/Houses/SmallTents.cs,ItemCandidate,SourceVerified,
BlueTentDeed,HouseDeed,Data/Scripts/Items/Houses/SmallTents.cs,ItemCandidate,SourceVerified,
Board,BaseWoodBoard,Data/Scripts/Items/Trades/Carpenter Items/Board.cs,ItemCandidate,SourceVerified,
BoardGump,Gump,Data/Scripts/Items/Books/BulletinBoards/Gumps/BoardGump.cs,ItemCandidate,SourceVerified,
BoardMessage,Gump,Data/Scripts/Items/Books/BulletinBoards/AdminBoard.cs,ItemCandidate,SourceVerified,
BoatBuild,Item,Data/Scripts/Items/Boats/BoatBuild.cs,ItemCandidate,SourceVerified,
BoatDoor,Item,Data/Scripts/Items/Boats/BoatDoor.cs,ItemCandidate,SourceVerified,
BoatModel,BaseAddon,Data/Scripts/Items/Boats/BoatModel.cs,ItemCandidate,SourceVerified,
BoatModelDeed,BaseAddonDeed,Data/Scripts/Items/Boats/BoatModel.cs,ItemCandidate,SourceVerified,
BoatStain,Item,Data/Scripts/Items/Boats/BoatStain.cs,ItemCandidate,SourceVerified,
BodyPart,Item,Data/Scripts/Items/Misc/Bodies/BodyParts.cs,ItemCandidate,SourceVerified,
BodySash,BaseMiddleTorso,Data/Scripts/Items/Clothing/MiddleTorso.cs,ItemCandidate,SourceVerified,
BoilingCauldronAddon,BaseAddonContainer,Data/Scripts/Items/Special/Heritage Items/BoilingCauldron.cs,ItemCandidate,SourceVerified,
BoilingCauldronDeed,BaseAddonContainerDeed,Data/Scripts/Items/Special/Heritage Items/BoilingCauldron.cs,ItemCandidate,SourceVerified,
Bokuto,BaseSword,Data/Scripts/Items/Weapons/Oriental/Bokuto.cs,ItemCandidate,SourceVerified,
Bola,Item,Data/Scripts/Items/Misc/Bola.cs,ItemCandidate,SourceVerified,
BolaBall,Item,Data/Scripts/Items/Misc/BolaBall.cs,ItemCandidate,SourceVerified,
Bolt,Item,Data/Scripts/Items/Trades/Resources/Arrows/Bolt.cs,ItemCandidate,SourceVerified,
BoltOfCloth,Item,Data/Scripts/Items/Trades/Resources/Tailor/BoltOfCloth.cs,ItemCandidate,SourceVerified,
Bone,Item,Data/Scripts/Items/Trades/Resources/Tailor/Bone.cs,ItemCandidate,SourceVerified,
BoneArms,BaseArmor,Data/Scripts/Items/Armor/Bone/BoneArms.cs,ItemCandidate,SourceVerified,
BoneChest,BaseArmor,Data/Scripts/Items/Armor/Bone/BoneChest.cs,ItemCandidate,SourceVerified,
BoneContainer,Bag,Data/Scripts/Items/Containers/BoneContainer.cs,ItemCandidate,SourceVerified,
BoneCouchAddon,BaseAddon,Data/Scripts/Items/Special/Evil Home Decor Collection/BoneCouch.cs,ItemCandidate,SourceVerified,
BoneCouchComponent,AddonComponent,Data/Scripts/Items/Special/Evil Home Decor Collection/BoneCouch.cs,ItemCandidate,SourceVerified,
BoneCouchDeed,BaseAddonDeed,Data/Scripts/Items/Special/Evil Home Decor Collection/BoneCouch.cs,ItemCandidate,SourceVerified,
BoneCrusher,WarMace,Data/Scripts/Items/Magical/Artifacts/Obsolete/Obsolete_BoneCrusher.cs,ItemCandidate,SourceVerified,
BoneGloves,BaseArmor,Data/Scripts/Items/Armor/Bone/BoneGloves.cs,ItemCandidate,SourceVerified,
BoneHarvester,BaseSword,Data/Scripts/Items/Weapons/Swords/BoneHarvester.cs,ItemCandidate,SourceVerified,
BoneHelm,BaseArmor,Data/Scripts/Items/Armor/Helmets/BoneHelm.cs,ItemCandidate,SourceVerified,
BoneLegs,BaseArmor,Data/Scripts/Items/Armor/Bone/BoneLegs.cs,ItemCandidate,SourceVerified,
BonePile,Item,Data/Scripts/Items/Misc/Bodies/BonePile.cs,ItemCandidate,SourceVerified,
BoneSkirt,BaseArmor,Data/Scripts/Items/Armor/Bone/BoneSkirt.cs,ItemCandidate,SourceVerified,
BoneTableAddon,BaseAddon,Data/Scripts/Items/Special/Evil Home Decor Collection/BoneTable.cs,ItemCandidate,SourceVerified,
BoneTableDeed,BaseAddonDeed,Data/Scripts/Items/Special/Evil Home Decor Collection/BoneTable.cs,ItemCandidate,SourceVerified,
BoneThroneAddon,BaseAddon,Data/Scripts/Items/Special/Evil Home Decor Collection/BoneThrone.cs,ItemCandidate,SourceVerified,
BoneThroneComponent,AddonComponent,Data/Scripts/Items/Special/Evil Home Decor Collection/BoneThrone.cs,ItemCandidate,SourceVerified,
BoneThroneDeed,BaseAddonDeed,Data/Scripts/Items/Special/Evil Home Decor Collection/BoneThrone.cs,ItemCandidate,SourceVerified,
Bones,Item,Data/Scripts/Trades/Grave Robbing/Bones.cs,ItemCandidate,SourceVerified,
Bonesmasher,DiamondMace,Data/Scripts/Items/Magical/Artifacts/Obsolete/Obsolete_Bonesmasher.cs,ItemCandidate,SourceVerified,
Bonnet,BaseHat,Data/Scripts/Items/Clothing/Hats.cs,ItemCandidate,SourceVerified,
BonusHarvestResource,,Data/Scripts/Trades/Harvest/BonusHarvestResource.cs,ItemCandidate,SourceVerified,
BookBottleCity,DynamicBook,Data/Scripts/Items/Books/DynamicBook.cs,ItemCandidate,SourceVerified,
BookBox,LockableContainer,Data/Scripts/Items/Traps/BookBox.cs,ItemCandidate,SourceVerified,
BookContent,,Data/Scripts/Items/Books/BookContent.cs,ItemCandidate,SourceVerified,
BookGuideToAdventure,DynamicBook,Data/Scripts/Items/Books/DynamicBook.cs,ItemCandidate,SourceVerified,
BookHeader,Packet,Data/Scripts/Items/Books/BaseBook.cs,ItemCandidate,SourceVerified,
BookOfKnowledge,Spellbook,Data/Scripts/Items/Magical/Artifacts/Obsolete/Obsolete_BookOfKnowledge.cs,ItemCandidate,SourceVerified,
BookOfPoisons,DynamicBook,Data/Scripts/Items/Books/DynamicBook.cs,ItemCandidate,SourceVerified,
BookPageDetails,Packet,Data/Scripts/Items/Books/BaseBook.cs,ItemCandidate,SourceVerified,
BookPageInfo,,Data/Scripts/Items/Books/BaseBook.cs,ItemCandidate,SourceVerified,
BookofDead,Item,Data/Scripts/Items/Misc/Bodies/LivingDead/BookofDead.cs,ItemCandidate,SourceVerified,
BookofDeadClue,DynamicBook,Data/Scripts/Items/Books/DynamicBook.cs,ItemCandidate,SourceVerified,
BooksFaceDownArtifact,BaseDecorationArtifact,Data/Scripts/Items/Decorations/Artifacts/DoomDecorationArtifacts.cs,ItemCandidate,SourceVerified,
BooksNorthArtifact,BaseDecorationArtifact,Data/Scripts/Items/Decorations/Artifacts/DoomDecorationArtifacts.cs,ItemCandidate,SourceVerified,
BooksWestArtifact,BaseDecorationArtifact,Data/Scripts/Items/Decorations/Artifacts/DoomDecorationArtifacts.cs,ItemCandidate,SourceVerified,
Boomstick,WildStaff,Data/Scripts/Items/Magical/Artifacts/Obsolete/Obsolete_Boomstick.cs,ItemCandidate,SourceVerified,
Boots,BaseShoes,Data/Scripts/Items/Clothing/Shoes.cs,ItemCandidate,SourceVerified,
BootsofHermes,MagicBoots,Data/Scripts/Items/Magical/Artifacts/Obsolete/Obsolete_BootsofHermes.cs,ItemCandidate,SourceVerified,
Bottle,Item,Data/Scripts/Items/Potions/Bottles/Bottle.cs,ItemCandidate,SourceVerified,
BottleArtifact,BaseDecorationArtifact,Data/Scripts/Items/Decorations/Artifacts/DoomDecorationArtifacts.cs,ItemCandidate,SourceVerified,
BottleOfAcid,Item,Data/Scripts/Items/Potions/Special/BottleOfAcid.cs,ItemCandidate,SourceVerified,
BottleOfAle,BaseCraftAle,Data/Scripts/Custom/Vhaerun's CRL Homestead System [2.0]/Vhaerun's CRL Brewing/Items/Bottles/BottleOfAle.cs,ItemCandidate,SourceVerified,
BottleOfJuice,BaseCraftJuice,Data/Scripts/Custom/Vhaerun's CRL Homestead System [2.0]/Vhaerun's CRL Juicing/Items/BottleOfJuice.cs,ItemCandidate,SourceVerified,
BottleOfMead,BaseCraftMead,Data/Scripts/Custom/Vhaerun's CRL Homestead System [2.0]/Vhaerun's CRL Brewing/Items/Bottles/BottleOfMead.cs,ItemCandidate,SourceVerified,
BottleOfWine,BaseCraftWine,Data/Scripts/Custom/Vhaerun's CRL Homestead System [2.0]/Dracana's Winecrafting [2.0]/Items/Food/BottleOfWine.cs,ItemCandidate,SourceVerified,
BountyGump,Gump,Data/Scripts/Items/Boats/PirateBounty.cs,ItemCandidate,SourceVerified,
Bow,BaseRanged,Data/Scripts/Items/Weapons/Bows/Bow.cs,ItemCandidate,SourceVerified,
BowOfTheJukaKing,Bow,Data/Scripts/Items/Magical/Artifacts/Obsolete/Obsolete_BowOfTheJukaKing.cs,ItemCandidate,SourceVerified,
BowlArtifact,BaseDecorationArtifact,Data/Scripts/Items/Decorations/Artifacts/SEDecorationArtifacts.cs,ItemCandidate,SourceVerified,
BowlFlour,Item,Data/Scripts/Items/Food/Cooking.cs,ItemCandidate,SourceVerified,Multiple source declarations found.
BowlsHorizontalArtifact,BaseDecorationArtifact,Data/Scripts/Items/Decorations/Artifacts/SEDecorationArtifacts.cs,ItemCandidate,SourceVerified,
BowlsVerticalArtifact,BaseDecorationArtifact,Data/Scripts/Items/Decorations/Artifacts/SEDecorationArtifacts.cs,ItemCandidate,SourceVerified,
BowofthePhoenix,ElvenCompositeLongbow,Data/Scripts/Items/Magical/Artifacts/Obsolete/Obsolete_BowofthePhoenix.cs,ItemCandidate,SourceVerified,
BowyerCrate,LockableContainer,Data/Scripts/Items/Containers/Container.cs,ItemCandidate,SourceVerified,
BowyerShoppe,BaseShoppe,Data/Scripts/Trades/Shoppes/BowyerShoppe.cs,ItemCandidate,SourceVerified,
BraceletOfBinding,GoldBracelet,Data/Scripts/Items/Special/Solen Items/BraceletOfBinding.cs,ItemCandidate,SourceVerified,Multiple source declarations found.
BraceletOfHealth,GoldBracelet,Data/Scripts/Items/Magical/Artifacts/Obsolete/Obsolete_BraceletOfHealth.cs,ItemCandidate,SourceVerified,
BraceletOfTheElements,GoldBracelet,Data/Scripts/Items/Magical/Artifacts/Obsolete/Obsolete_BraceletOfTheElements.cs,ItemCandidate,SourceVerified,
BraceletOfTheVile,GoldBracelet,Data/Scripts/Items/Magical/Artifacts/Obsolete/Obsolete_BraceletOfTheVile.cs,ItemCandidate,SourceVerified,
BrambleCoat,LeatherChest,Data/Scripts/Items/Magical/Artifacts/Obsolete/Obsolete_BrambleCoat.cs,ItemCandidate,SourceVerified,
BrassAmulet,GoldNecklace,Data/Scripts/Items/Jewels/Tinkered.cs,ItemCandidate,SourceVerified,
BrassBracelet,GoldBracelet,Data/Scripts/Items/Jewels/Tinkered.cs,ItemCandidate,SourceVerified,
BrassEarrings,GoldEarrings,Data/Scripts/Items/Jewels/Tinkered.cs,ItemCandidate,SourceVerified,
BrassIngot,BaseIngot,Data/Scripts/Items/Trades/Resources/Blacksmithing/Ingots.cs,ItemCandidate,SourceVerified,
BrassRing,GoldRing,Data/Scripts/Items/Jewels/Tinkered.cs,ItemCandidate,SourceVerified,
BraveKnightOfTheBritannia,Katana,Data/Scripts/Items/Magical/Artifacts/Obsolete/Obsolete_BraveKnightOfTheBritannia.cs,ItemCandidate,SourceVerified,
Brazier,BaseLight,Data/Scripts/Items/Construction/Lights/Brazier.cs,ItemCandidate,SourceVerified,
BrazierArtifact,BaseDecorationArtifact,Data/Scripts/Items/Decorations/Artifacts/DoomDecorationArtifacts.cs,ItemCandidate,SourceVerified,
BrazierTall,BaseLight,Data/Scripts/Items/Construction/Lights/BrazierTall.cs,ItemCandidate,SourceVerified,
BreadLoaf,Food,Data/Scripts/Items/Food/Food.cs,ItemCandidate,SourceVerified,Multiple source declarations found.
BreathOfTheDead,BoneHarvester,Data/Scripts/Items/Magical/Artifacts/Obsolete/Obsolete_BreathOfTheDead.cs,ItemCandidate,SourceVerified,
BrewCauldron,Item,Data/Scripts/Items/Potions/Special/BrewCauldron.cs,ItemCandidate,SourceVerified,
BrewersTools,BaseTool,Data/Scripts/Custom/Vhaerun's CRL Homestead System [2.0]/Vhaerun's CRL Brewing/Items/Tools/BrewersTools.cs,ItemCandidate,SourceVerified,
BreweryLabelMaker,Item,Data/Scripts/Custom/Vhaerun's CRL Homestead System [2.0]/Vhaerun's CRL Brewing/Items/Tools/BreweryLabelMaker.cs,ItemCandidate,SourceVerified,
BrewingResources,,Data/Scripts/Custom/Vhaerun's CRL Homestead System [2.0]/Vhaerun's CRL Brewing/Items/Hops/HopsInfo.cs,ItemCandidate,SourceVerified,
BrickHouseDeed,HouseDeed,Data/Scripts/Items/Houses/Deeds.cs,ItemCandidate,SourceVerified,
BricksFloor1,BaseFloor,Data/Scripts/Items/Construction/Floors/Floors.cs,ItemCandidate,SourceVerified,
BricksFloor2,BaseFloor,Data/Scripts/Items/Construction/Floors/Floors.cs,ItemCandidate,SourceVerified,
BrightlyColoredEggs,CookableFood,Data/Scripts/Items/Food/CookableFood.cs,ItemCandidate,SourceVerified,Multiple source declarations found.
BrilliantAmber,Item,Data/Scripts/Items/Trades/Resources/MiscMLResources.cs,ItemCandidate,SourceVerified,
Brimstone,BaseReagent,Data/Scripts/Items/Trades/Resources/Reagents/Alchemy/Brimstone.cs,ItemCandidate,SourceVerified,
BroadcastCrystal,Item,Data/Scripts/Items/Misc/CommunicationCrystals.cs,ItemCandidate,SourceVerified,
Broadsword,BaseSword,Data/Scripts/Items/Weapons/Swords/Broadsword.cs,ItemCandidate,SourceVerified,
BrocadeGozaMatEastAddon,BaseAddon,Data/Scripts/Items/Construction/Addons/GozaMats.cs,ItemCandidate,SourceVerified,
BrocadeGozaMatEastDeed,BaseAddonDeed,Data/Scripts/Items/Construction/Addons/GozaMats.cs,ItemCandidate,SourceVerified,
BrocadeGozaMatSouthAddon,BaseAddon,Data/Scripts/Items/Construction/Addons/GozaMats.cs,ItemCandidate,SourceVerified,
BrocadeGozaMatSouthDeed,BaseAddonDeed,Data/Scripts/Items/Construction/Addons/GozaMats.cs,ItemCandidate,SourceVerified,
BrocadeSquareGozaMatEastAddon,BaseAddon,Data/Scripts/Items/Construction/Addons/GozaMats.cs,ItemCandidate,SourceVerified,
BrocadeSquareGozaMatEastDeed,BaseAddonDeed,Data/Scripts/Items/Construction/Addons/GozaMats.cs,ItemCandidate,SourceVerified,
BrocadeSquareGozaMatSouthAddon,BaseAddon,Data/Scripts/Items/Construction/Addons/GozaMats.cs,ItemCandidate,SourceVerified,
BrocadeSquareGozaMatSouthDeed,BaseAddonDeed,Data/Scripts/Items/Construction/Addons/GozaMats.cs,ItemCandidate,SourceVerified,
BrokenArmoire,MapleArmoire,Data/Scripts/Items/Decorations/EvilItems.cs,ItemCandidate,SourceVerified,
BrokenArmoireAddon,BaseAddon,Data/Scripts/Items/Special/Broken Furniture Collection/BrokenArmoire.cs,ItemCandidate,SourceVerified,
BrokenArmoireComponent,AddonComponent,Data/Scripts/Items/Special/Broken Furniture Collection/BrokenArmoire.cs,ItemCandidate,SourceVerified,
BrokenArmoireDeed,BaseAddonDeed,Data/Scripts/Items/Special/Broken Furniture Collection/BrokenArmoire.cs,ItemCandidate,SourceVerified,
BrokenBedAddon,BaseAddon,Data/Scripts/Items/Special/Broken Furniture Collection/BrokenBed.cs,ItemCandidate,SourceVerified,
BrokenBedDeed,BaseAddonDeed,Data/Scripts/Items/Special/Broken Furniture Collection/BrokenBed.cs,ItemCandidate,SourceVerified,
BrokenBookcase,EmptyBookcase,Data/Scripts/Items/Decorations/EvilItems.cs,ItemCandidate,SourceVerified,
BrokenBookcaseAddon,BaseAddon,Data/Scripts/Items/Special/Broken Furniture Collection/BrokenBookcase.cs,ItemCandidate,SourceVerified,
BrokenBookcaseComponent,AddonComponent,Data/Scripts/Items/Special/Broken Furniture Collection/BrokenBookcase.cs,ItemCandidate,SourceVerified,
BrokenBookcaseDeed,BaseAddonDeed,Data/Scripts/Items/Special/Broken Furniture Collection/BrokenBookcase.cs,ItemCandidate,SourceVerified,
BrokenChair,Item,Data/Scripts/Items/Special/Rares/Furniture/BrokenChair.cs,ItemCandidate,SourceVerified,
BrokenChestOfDrawersAddon,BaseAddon,Data/Scripts/Items/Special/Broken Furniture Collection/BrokenChestOfDrawers.cs,ItemCandidate,SourceVerified,
BrokenChestOfDrawersComponent,AddonComponent,Data/Scripts/Items/Special/Broken Furniture Collection/BrokenChestOfDrawers.cs,ItemCandidate,SourceVerified,
BrokenChestOfDrawersDeed,BaseAddonDeed,Data/Scripts/Items/Special/Broken Furniture Collection/BrokenChestOfDrawers.cs,ItemCandidate,SourceVerified,
BrokenCoveredChairAddon,BaseAddon,Data/Scripts/Items/Special/Broken Furniture Collection/BrokenCoveredChair.cs,ItemCandidate,SourceVerified,
BrokenCoveredChairComponent,AddonComponent,Data/Scripts/Items/Special/Broken Furniture Collection/BrokenCoveredChair.cs,ItemCandidate,SourceVerified,
BrokenCoveredChairDeed,BaseAddonDeed,Data/Scripts/Items/Special/Broken Furniture Collection/BrokenCoveredChair.cs,ItemCandidate,SourceVerified,
BrokenDrawer,Drawer,Data/Scripts/Items/Decorations/EvilItems.cs,ItemCandidate,SourceVerified,
BrokenFallenChairAddon,BaseAddon,Data/Scripts/Items/Special/Broken Furniture Collection/BrokenFallenChair.cs,ItemCandidate,SourceVerified,
BrokenFallenChairComponent,AddonComponent,Data/Scripts/Items/Special/Broken Furniture Collection/BrokenFallenChair.cs,ItemCandidate,SourceVerified,
BrokenFallenChairDeed,BaseAddonDeed,Data/Scripts/Items/Special/Broken Furniture Collection/BrokenFallenChair.cs,ItemCandidate,SourceVerified,
BrokenGear,Item,Data/Scripts/Items/Traps/BrokenGear.cs,ItemCandidate,SourceVerified,
BrokenVanityAddon,BaseAddon,Data/Scripts/Items/Special/Broken Furniture Collection/BrokenVanity.cs,ItemCandidate,SourceVerified,
BrokenVanityDeed,BaseAddonDeed,Data/Scripts/Items/Special/Broken Furniture Collection/BrokenVanity.cs,ItemCandidate,SourceVerified,
BronzeAmulet,GoldNecklace,Data/Scripts/Items/Jewels/Tinkered.cs,ItemCandidate,SourceVerified,
BronzeBracelet,GoldBracelet,Data/Scripts/Items/Jewels/Tinkered.cs,ItemCandidate,SourceVerified,
BronzeChest,LockableContainer,Data/Scripts/Items/Containers/Container.cs,ItemCandidate,SourceVerified,
BronzeEarrings,GoldEarrings,Data/Scripts/Items/Jewels/Tinkered.cs,ItemCandidate,SourceVerified,
BronzeGranite,BaseGranite,Data/Scripts/Items/Trades/Resources/Masonry/Granite.cs,ItemCandidate,SourceVerified,
BronzeHammer,RunicHammer1,Data/Scripts/Trades/Runics/BaseRunicHammer.cs,ItemCandidate,SourceVerified,
BronzeIngot,BaseIngot,Data/Scripts/Items/Trades/Resources/Blacksmithing/Ingots.cs,ItemCandidate,SourceVerified,
BronzeOre,BaseOre,Data/Scripts/Items/Trades/Resources/Blacksmithing/Ore.cs,ItemCandidate,SourceVerified,
BronzeRing,GoldRing,Data/Scripts/Items/Jewels/Tinkered.cs,ItemCandidate,SourceVerified,
BronzeShield,BaseShield,Data/Scripts/Items/Armor/Shields/BronzeShield.cs,ItemCandidate,SourceVerified,
BronzeTinkerTools,RunicTinkerTools,Data/Scripts/Trades/Runics/BaseRunicTinkerTools.cs,ItemCandidate,SourceVerified,
BrownBearRugEastAddon,BaseAddon,Data/Scripts/Items/Construction/Addons/BearRugs.cs,ItemCandidate,SourceVerified,
BrownBearRugEastDeed,BaseAddonDeed,Data/Scripts/Items/Construction/Addons/BearRugs.cs,ItemCandidate,SourceVerified,
BrownBearRugSouthAddon,BaseAddon,Data/Scripts/Items/Construction/Addons/BearRugs.cs,ItemCandidate,SourceVerified,
BrownBearRugSouthDeed,BaseAddonDeed,Data/Scripts/Items/Construction/Addons/BearRugs.cs,ItemCandidate,SourceVerified,
BrownBook,BaseBook,Data/Scripts/Items/Books/BrownBook.cs,ItemCandidate,SourceVerified,
BrownWellAddon,BaseAddon,Data/Scripts/Items/Construction/Wells/brownwell.cs,ItemCandidate,SourceVerified,
BrownWellDeed,BaseAddonDeed,Data/Scripts/Items/Construction/Wells/brownwell.cs,ItemCandidate,SourceVerified,
BrownWellPiece,AddonComponent,Data/Scripts/Items/Construction/Wells/brownwell.cs,ItemCandidate,SourceVerified,
Buckler,BaseShield,Data/Scripts/Items/Armor/Shields/Buckler.cs,ItemCandidate,SourceVerified,
BulkOrderBook,Item,Data/Scripts/Trades/Bulk Orders/Books/BulkOrderBook.cs,ItemCandidate,SourceVerified,
BulletinBoard,BaseBulletinBoard,Data/Scripts/Items/Misc/BulletinBoards.cs,ItemCandidate,SourceVerified,
BulletinMessage,Item,Data/Scripts/Items/Misc/BulletinBoards.cs,ItemCandidate,SourceVerified,
BunsHair,Hair,Data/Scripts/Items/Misc/Facial/Hair.cs,ItemCandidate,SourceVerified,
BurglarsBandana,Bandana,Data/Scripts/Items/Magical/Artifacts/Obsolete/Obsolete_BurglarsBandana.cs,ItemCandidate,SourceVerified,
BuriedBody,LockableContainer,Data/Scripts/Items/Containers/BuriedBody.cs,ItemCandidate,SourceVerified,
BuriedChest,LockableContainer,Data/Scripts/Items/Containers/BuriedChest.cs,ItemCandidate,SourceVerified,
BurningScarecrowA,BaseLight,Data/Scripts/Items/Construction/Lights/BurningScarecrow.cs,ItemCandidate,SourceVerified,
BurningScarecrowB,BaseLight,Data/Scripts/Items/Construction/Lights/BurningScarecrow.cs,ItemCandidate,SourceVerified,
BustEast,Item,Data/Scripts/Items/Construction/Misc/Statues.cs,ItemCandidate,SourceVerified,
BustSouth,Item,Data/Scripts/Items/Construction/Misc/Statues.cs,ItemCandidate,SourceVerified,
ButcherCrate,LockableContainer,Data/Scripts/Items/Containers/Container.cs,ItemCandidate,SourceVerified,
ButcherKnife,BaseKnife,Data/Scripts/Items/Weapons/Knives/ButcherKnife.cs,ItemCandidate,SourceVerified,
ButterflyWings,BaseReagent,Data/Scripts/Items/Trades/Resources/Reagents/Alchemy/ButterflyWings.cs,ItemCandidate,SourceVerified,
CBookDruidicHerbalism,DynamicBook,Data/Scripts/Items/Books/DynamicBook.cs,ItemCandidate,SourceVerified,
CBookElvesandOrks,DynamicBook,Data/Scripts/Items/Books/DynamicBook.cs,ItemCandidate,SourceVerified,
CBookNecroticAlchemy,DynamicBook,Data/Scripts/Items/Books/DynamicBook.cs,ItemCandidate,SourceVerified,
CBookTheLostTribeofSosaria,DynamicBook,Data/Scripts/Items/Books/DynamicBook.cs,ItemCandidate,SourceVerified,
CBookTombofDurmas,DynamicBook,Data/Scripts/Items/Books/DynamicBook.cs,ItemCandidate,SourceVerified,
CEOBlackJack,Item,Data/Scripts/Items/Misc/Games/BlackJack.cs,ItemCandidate,SourceVerified,
CabernetSauvignonGrapes,BaseWineGrapes,Data/Scripts/Custom/Vhaerun's CRL Homestead System [2.0]/Dracana's Winecrafting [2.0]/Items/Craft Items/Resources/WineGrapes.cs,ItemCandidate,SourceVerified,
CaddelliteAmulet,GoldNecklace,Data/Scripts/Items/Jewels/Tinkered.cs,ItemCandidate,SourceVerified,
CaddelliteBracelet,GoldBracelet,Data/Scripts/Items/Jewels/Tinkered.cs,ItemCandidate,SourceVerified,
CaddelliteEarrings,GoldEarrings,Data/Scripts/Items/Jewels/Tinkered.cs,ItemCandidate,SourceVerified,
CaddelliteFemalePlateChest,FemalePlateChest,Data/Scripts/Items/Armor/Gargoyle/CaddelliteArmor.cs,ItemCandidate,SourceVerified,
CaddelliteIngot,Item,Data/Scripts/Items/Trades/Resources/Blacksmithing/BlockofCaddellite.cs,ItemCandidate,SourceVerified,
CaddelliteOre,Item,Data/Scripts/Items/Trades/Resources/Blacksmithing/CaddelliteOre.cs,ItemCandidate,SourceVerified,
CaddellitePlateArms,PlateArms,Data/Scripts/Items/Armor/Gargoyle/CaddelliteArmor.cs,ItemCandidate,SourceVerified,
CaddellitePlateChest,PlateChest,Data/Scripts/Items/Armor/Gargoyle/CaddelliteArmor.cs,ItemCandidate,SourceVerified,
CaddellitePlateGloves,PlateGloves,Data/Scripts/Items/Armor/Gargoyle/CaddelliteArmor.cs,ItemCandidate,SourceVerified,
CaddellitePlateGorget,PlateGorget,Data/Scripts/Items/Armor/Gargoyle/CaddelliteArmor.cs,ItemCandidate,SourceVerified,
CaddellitePlateHelm,PlateHelm,Data/Scripts/Items/Armor/Gargoyle/CaddelliteArmor.cs,ItemCandidate,SourceVerified,
CaddellitePlateLegs,PlateLegs,Data/Scripts/Items/Armor/Gargoyle/CaddelliteArmor.cs,ItemCandidate,SourceVerified,
CaddelliteRing,GoldRing,Data/Scripts/Items/Jewels/Tinkered.cs,ItemCandidate,SourceVerified,
CaddelliteShield,HeaterShield,Data/Scripts/Items/Armor/Gargoyle/CaddelliteArmor.cs,ItemCandidate,SourceVerified,
CagedAlligator,BaseCaged,Data/Scripts/Items/Containers/AnimalCages.cs,ItemCandidate,SourceVerified,
CagedApe,BaseCaged,Data/Scripts/Items/Containers/AnimalCages.cs,ItemCandidate,SourceVerified,
CagedBlackBear,BaseCaged,Data/Scripts/Items/Containers/AnimalCages.cs,ItemCandidate,SourceVerified,
CagedBlackWolf,BaseCaged,Data/Scripts/Items/Containers/AnimalCages.cs,ItemCandidate,SourceVerified,
CagedBoar,BaseCaged,Data/Scripts/Items/Containers/AnimalCages.cs,ItemCandidate,SourceVerified,
CagedBobcat,BaseCaged,Data/Scripts/Items/Containers/AnimalCages.cs,ItemCandidate,SourceVerified,
CagedBrownBear,BaseCaged,Data/Scripts/Items/Containers/AnimalCages.cs,ItemCandidate,SourceVerified,
CagedBull,BaseCaged,Data/Scripts/Items/Containers/AnimalCages.cs,ItemCandidate,SourceVerified,
CagedCat,BaseCaged,Data/Scripts/Items/Containers/AnimalCages.cs,ItemCandidate,SourceVerified,
CagedCaveBearRiding,BaseCaged,Data/Scripts/Items/Containers/AnimalCages.cs,ItemCandidate,SourceVerified,
CagedChicken,BaseCaged,Data/Scripts/Items/Containers/AnimalCages.cs,ItemCandidate,SourceVerified,
CagedCougar,BaseCaged,Data/Scripts/Items/Containers/AnimalCages.cs,ItemCandidate,SourceVerified,
CagedCow,BaseCaged,Data/Scripts/Items/Containers/AnimalCages.cs,ItemCandidate,SourceVerified,
CagedDesertOstard,BaseCaged,Data/Scripts/Items/Containers/AnimalCages.cs,ItemCandidate,SourceVerified,
CagedDireBear,BaseCaged,Data/Scripts/Items/Containers/AnimalCages.cs,ItemCandidate,SourceVerified,
CagedDireBoar,BaseCaged,Data/Scripts/Items/Containers/AnimalCages.cs,ItemCandidate,SourceVerified,
CagedDog,BaseCaged,Data/Scripts/Items/Containers/AnimalCages.cs,ItemCandidate,SourceVerified,
CagedEagle,BaseCaged,Data/Scripts/Items/Containers/AnimalCages.cs,ItemCandidate,SourceVerified,
CagedElderBlackBearRiding,BaseCaged,Data/Scripts/Items/Containers/AnimalCages.cs,ItemCandidate,SourceVerified,
CagedElderBrownBearRiding,BaseCaged,Data/Scripts/Items/Containers/AnimalCages.cs,ItemCandidate,SourceVerified,
CagedElderPolarBearRiding,BaseCaged,Data/Scripts/Items/Containers/AnimalCages.cs,ItemCandidate,SourceVerified,
CagedElephant,BaseCaged,Data/Scripts/Items/Containers/AnimalCages.cs,ItemCandidate,SourceVerified,
CagedFerret,BaseCaged,Data/Scripts/Items/Containers/AnimalCages.cs,ItemCandidate,SourceVerified,
CagedForestOstard,BaseCaged,Data/Scripts/Items/Containers/AnimalCages.cs,ItemCandidate,SourceVerified,
CagedFox,BaseCaged,Data/Scripts/Items/Containers/AnimalCages.cs,ItemCandidate,SourceVerified,
CagedFrog,BaseCaged,Data/Scripts/Items/Containers/AnimalCages.cs,ItemCandidate,SourceVerified,
CagedGiantHawk,BaseCaged,Data/Scripts/Items/Containers/AnimalCages.cs,ItemCandidate,SourceVerified,
CagedGiantLizard,BaseCaged,Data/Scripts/Items/Containers/AnimalCages.cs,ItemCandidate,SourceVerified,
CagedGiantRat,BaseCaged,Data/Scripts/Items/Containers/AnimalCages.cs,ItemCandidate,SourceVerified,
CagedGiantRaven,BaseCaged,Data/Scripts/Items/Containers/AnimalCages.cs,ItemCandidate,SourceVerified,
CagedGiantSerpent,BaseCaged,Data/Scripts/Items/Containers/AnimalCages.cs,ItemCandidate,SourceVerified,
CagedGiantSnake,BaseCaged,Data/Scripts/Items/Containers/AnimalCages.cs,ItemCandidate,SourceVerified,
CagedGiantToad,BaseCaged,Data/Scripts/Items/Containers/AnimalCages.cs,ItemCandidate,SourceVerified,
CagedGoat,BaseCaged,Data/Scripts/Items/Containers/AnimalCages.cs,ItemCandidate,SourceVerified,
CagedGorilla,BaseCaged,Data/Scripts/Items/Containers/AnimalCages.cs,ItemCandidate,SourceVerified,
CagedGreatBear,BaseCaged,Data/Scripts/Items/Containers/AnimalCages.cs,ItemCandidate,SourceVerified,
CagedGreyWolf,BaseCaged,Data/Scripts/Items/Containers/AnimalCages.cs,ItemCandidate,SourceVerified,
CagedGriffonRiding,BaseCaged,Data/Scripts/Items/Containers/AnimalCages.cs,ItemCandidate,SourceVerified,
CagedGrizzlyBearRiding,BaseCaged,Data/Scripts/Items/Containers/AnimalCages.cs,ItemCandidate,SourceVerified,
CagedHawk,BaseCaged,Data/Scripts/Items/Containers/AnimalCages.cs,ItemCandidate,SourceVerified,
CagedHippogriffRiding,BaseCaged,Data/Scripts/Items/Containers/AnimalCages.cs,ItemCandidate,SourceVerified,
CagedHorse,BaseCaged,Data/Scripts/Items/Containers/AnimalCages.cs,ItemCandidate,SourceVerified,
CagedHugeLizard,BaseCaged,Data/Scripts/Items/Containers/AnimalCages.cs,ItemCandidate,SourceVerified,
CagedJackal,BaseCaged,Data/Scripts/Items/Containers/AnimalCages.cs,ItemCandidate,SourceVerified,
CagedJaguar,BaseCaged,Data/Scripts/Items/Containers/AnimalCages.cs,ItemCandidate,SourceVerified,
CagedKodiakBear,BaseCaged,Data/Scripts/Items/Containers/AnimalCages.cs,ItemCandidate,SourceVerified,
CagedLionRiding,BaseCaged,Data/Scripts/Items/Containers/AnimalCages.cs,ItemCandidate,SourceVerified,
CagedManticoreRiding,BaseCaged,Data/Scripts/Items/Containers/AnimalCages.cs,ItemCandidate,SourceVerified,
CagedMouse,BaseCaged,Data/Scripts/Items/Containers/AnimalCages.cs,ItemCandidate,SourceVerified,
CagedPackBear,BaseCaged,Data/Scripts/Items/Containers/AnimalCages.cs,ItemCandidate,SourceVerified,
CagedPackHorse,BaseCaged,Data/Scripts/Items/Containers/AnimalCages.cs,ItemCandidate,SourceVerified,
CagedPackLlama,BaseCaged,Data/Scripts/Items/Containers/AnimalCages.cs,ItemCandidate,SourceVerified,
CagedPackMule,BaseCaged,Data/Scripts/Items/Containers/AnimalCages.cs,ItemCandidate,SourceVerified,
CagedPackNecroHound,BaseCaged,Data/Scripts/Items/Containers/AnimalCages.cs,ItemCandidate,SourceVerified,
CagedPackNecroSpider,BaseCaged,Data/Scripts/Items/Containers/AnimalCages.cs,ItemCandidate,SourceVerified,
CagedPackStegosaurus,BaseCaged,Data/Scripts/Items/Containers/AnimalCages.cs,ItemCandidate,SourceVerified,
CagedPackTurtle,BaseCaged,Data/Scripts/Items/Containers/AnimalCages.cs,ItemCandidate,SourceVerified,
CagedPandaRiding,BaseCaged,Data/Scripts/Items/Containers/AnimalCages.cs,ItemCandidate,SourceVerified,
CagedPanther,BaseCaged,Data/Scripts/Items/Containers/AnimalCages.cs,ItemCandidate,SourceVerified,
CagedPig,BaseCaged,Data/Scripts/Items/Containers/AnimalCages.cs,ItemCandidate,SourceVerified,
CagedPolarBear,BaseCaged,Data/Scripts/Items/Containers/AnimalCages.cs,ItemCandidate,SourceVerified,
CagedRabbit,BaseCaged,Data/Scripts/Items/Containers/AnimalCages.cs,ItemCandidate,SourceVerified,
CagedRaptorRiding,BaseCaged,Data/Scripts/Items/Containers/AnimalCages.cs,ItemCandidate,SourceVerified,
CagedRat,BaseCaged,Data/Scripts/Items/Containers/AnimalCages.cs,ItemCandidate,SourceVerified,
CagedRidableLlama,BaseCaged,Data/Scripts/Items/Containers/AnimalCages.cs,ItemCandidate,SourceVerified,
CagedRidgeback,BaseCaged,Data/Scripts/Items/Containers/AnimalCages.cs,ItemCandidate,SourceVerified,
CagedSheep,BaseCaged,Data/Scripts/Items/Containers/AnimalCages.cs,ItemCandidate,SourceVerified,
CagedSnowOstard,BaseCaged,Data/Scripts/Items/Containers/AnimalCages.cs,ItemCandidate,SourceVerified,
CagedSwampDragon,BaseCaged,Data/Scripts/Items/Containers/AnimalCages.cs,ItemCandidate,SourceVerified,
CagedTigerRiding,BaseCaged,Data/Scripts/Items/Containers/AnimalCages.cs,ItemCandidate,SourceVerified,
CagedTimberWolf,BaseCaged,Data/Scripts/Items/Containers/AnimalCages.cs,ItemCandidate,SourceVerified,
CagedTurkey,BaseCaged,Data/Scripts/Items/Containers/AnimalCages.cs,ItemCandidate,SourceVerified,
CagedWhiteWolf,BaseCaged,Data/Scripts/Items/Containers/AnimalCages.cs,ItemCandidate,SourceVerified,
CagedWolfDire,BaseCaged,Data/Scripts/Items/Containers/AnimalCages.cs,ItemCandidate,SourceVerified,
CagedZebraRiding,BaseCaged,Data/Scripts/Items/Containers/AnimalCages.cs,ItemCandidate,SourceVerified,
Cake,Food,Data/Scripts/Items/Food/Food.cs,ItemCandidate,SourceVerified,Multiple source declarations found.
CakeMix,CookableFood,Data/Scripts/Items/Food/CookableFood.cs,ItemCandidate,SourceVerified,Multiple source declarations found.
CallBluffGump,Gump,Data/Scripts/Items/Misc/Games/LiarsDice/Gumps/CallBluffGump.cs,ItemCandidate,SourceVerified,
Calm,Halberd,Data/Scripts/Items/Magical/Artifacts/Obsolete/Obsolete_Calm.cs,ItemCandidate,SourceVerified,
CampersTent,Item,Data/Scripts/Items/Explorers/CamperTent.cs,ItemCandidate,SourceVerified,
Campfire,Item,Data/Scripts/Items/Explorers/Campfire.cs,ItemCandidate,SourceVerified,
Candelabra,BaseLight,Data/Scripts/Items/Construction/Lights/Candelabra.cs,ItemCandidate,SourceVerified,
CandelabraOfSouls,CandelabraStand,Data/Scripts/Items/Magical/Artifacts/Minor/CandelabraOfSouls.cs,ItemCandidate,SourceVerified,
CandelabraStand,BaseLight,Data/Scripts/Items/Construction/Lights/CandelabraStand.cs,ItemCandidate,SourceVerified,
Candle,BaseEquipableLight,Data/Scripts/Items/Construction/Lights/Candle.cs,ItemCandidate,SourceVerified,
CandleCold,MagicCandle,Data/Scripts/Items/Magical/Artifacts/Obsolete/Obsolete_Candles.cs,ItemCandidate,SourceVerified,
CandleEnergy,MagicCandle,Data/Scripts/Items/Magical/Artifacts/Obsolete/Obsolete_Candles.cs,ItemCandidate,SourceVerified,
CandleFire,MagicCandle,Data/Scripts/Items/Magical/Artifacts/Obsolete/Obsolete_Candles.cs,ItemCandidate,SourceVerified,
CandleLarge,BaseLight,Data/Scripts/Items/Construction/Lights/CandleLarge.cs,ItemCandidate,SourceVerified,
CandleLong,BaseLight,Data/Scripts/Items/Construction/Lights/CandleLong.cs,ItemCandidate,SourceVerified,
CandleNecromancer,MagicCandle,Data/Scripts/Items/Magical/Artifacts/Obsolete/Obsolete_Candles.cs,ItemCandidate,SourceVerified,
CandlePoison,MagicCandle,Data/Scripts/Items/Magical/Artifacts/Obsolete/Obsolete_Candles.cs,ItemCandidate,SourceVerified,
CandleReligious,BaseLight,Data/Scripts/Trades/Apiculture/Craft/CandleReligious.cs,ItemCandidate,SourceVerified,
CandleShort,BaseLight,Data/Scripts/Items/Construction/Lights/CandleShort.cs,ItemCandidate,SourceVerified,
CandleSkull,BaseLight,Data/Scripts/Items/Construction/Lights/CandleSkull.cs,ItemCandidate,SourceVerified,
CandleWizard,MagicCandle,Data/Scripts/Items/Magical/Artifacts/Obsolete/Obsolete_Candles.cs,ItemCandidate,SourceVerified,
CandyCane,Food,Data/Scripts/Items/Special/Holiday/HolidayFoods.cs,ItemCandidate,SourceVerified,
CandyCaneTimer,Timer,Data/Scripts/Items/Special/Holiday/HolidayFoods.cs,ItemCandidate,SourceVerified,
CanopicJar,Item,Data/Scripts/Items/Potions/Special/CanopicJar.cs,ItemCandidate,SourceVerified,
Cap,BaseHat,Data/Scripts/Items/Clothing/Hats.cs,ItemCandidate,SourceVerified,
CapOfFortune,LeatherCap,Data/Scripts/Items/Magical/Artifacts/Obsolete/Obsolete_CapOfFortune.cs,ItemCandidate,SourceVerified,
CapOfTheFallenKing,LeatherCap,Data/Scripts/Items/Magical/Artifacts/Obsolete/Obsolete_CapOfTheFallenKing.cs,ItemCandidate,SourceVerified,
CaptainJohnsHat,TricorneHat,Data/Scripts/Items/Magical/Artifacts/Obsolete/Obsolete_CaptainJohnsHat.cs,ItemCandidate,SourceVerified,
CaptainQuacklebushsCutlass,Cutlass,Data/Scripts/Items/Magical/Artifacts/Obsolete/Obsolete_CaptainQuacklebushsCutlass.cs,ItemCandidate,SourceVerified,
CapturedEssence,Item,Data/Scripts/Items/Trades/Resources/MiscMLResources.cs,ItemCandidate,SourceVerified,
CardDeck,,Data/Scripts/Items/Misc/Games/CardDeck.cs,ItemCandidate,SourceVerified,
Cards,Item,Data/Scripts/Items/Special/Rares/PlayingCards/Cards.cs,ItemCandidate,SourceVerified,
Cards2,Item,Data/Scripts/Items/Special/Rares/PlayingCards/Cards2.cs,ItemCandidate,SourceVerified,
Cards3,Item,Data/Scripts/Items/Special/Rares/PlayingCards/Cards3.cs,ItemCandidate,SourceVerified,
Cards4,Item,Data/Scripts/Items/Special/Rares/PlayingCards/Cards4.cs,ItemCandidate,SourceVerified,
Cargo,Item,Data/Scripts/Items/Boats/Cargo.cs,ItemCandidate,SourceVerified,
CargoGump,Gump,Data/Scripts/Items/Boats/Cargo.cs,ItemCandidate,SourceVerified,
CarpenterCrate,LockableContainer,Data/Scripts/Items/Containers/Container.cs,ItemCandidate,SourceVerified,
CarpentryShoppe,BaseShoppe,Data/Scripts/Trades/Shoppes/CarpentryShoppe.cs,ItemCandidate,SourceVerified,
CarpetBuild,Item,Data/Scripts/Items/Boats/CarpetBuild.cs,ItemCandidate,SourceVerified,
CartographyShoppe,BaseShoppe,Data/Scripts/Trades/Shoppes/CartographyShoppe.cs,ItemCandidate,SourceVerified,
CarvedPumpkin,BaseLight,Data/Scripts/Items/Gifts/Holiday/Halloween/Rewards/CarvedPumpkins.cs,ItemCandidate,SourceVerified,
CarvedPumpkin10,BaseLight,Data/Scripts/Items/Gifts/Holiday/Halloween/Rewards/CarvedPumpkins.cs,ItemCandidate,SourceVerified,
CarvedPumpkin11,BaseLight,Data/Scripts/Items/Gifts/Holiday/Halloween/Rewards/CarvedPumpkins.cs,ItemCandidate,SourceVerified,
CarvedPumpkin12,BaseLight,Data/Scripts/Items/Gifts/Holiday/Halloween/Rewards/CarvedPumpkins.cs,ItemCandidate,SourceVerified,
CarvedPumpkin13,BaseLight,Data/Scripts/Items/Gifts/Holiday/Halloween/Rewards/CarvedPumpkins.cs,ItemCandidate,SourceVerified,
CarvedPumpkin14,BaseLight,Data/Scripts/Items/Gifts/Holiday/Halloween/Rewards/CarvedPumpkins.cs,ItemCandidate,SourceVerified,
CarvedPumpkin15,BaseLight,Data/Scripts/Items/Gifts/Holiday/Halloween/Rewards/CarvedPumpkins.cs,ItemCandidate,SourceVerified,
CarvedPumpkin16,BaseLight,Data/Scripts/Items/Gifts/Holiday/Halloween/Rewards/CarvedPumpkins.cs,ItemCandidate,SourceVerified,
CarvedPumpkin17,BaseLight,Data/Scripts/Items/Gifts/Holiday/Halloween/Rewards/CarvedPumpkins.cs,ItemCandidate,SourceVerified,
CarvedPumpkin18,BaseLight,Data/Scripts/Items/Gifts/Holiday/Halloween/Rewards/CarvedPumpkins.cs,ItemCandidate,SourceVerified,
CarvedPumpkin19,BaseLight,Data/Scripts/Items/Gifts/Holiday/Halloween/Rewards/CarvedPumpkins.cs,ItemCandidate,SourceVerified,
CarvedPumpkin2,BaseLight,Data/Scripts/Items/Gifts/Holiday/Halloween/Rewards/CarvedPumpkins.cs,ItemCandidate,SourceVerified,
CarvedPumpkin20,BaseLight,Data/Scripts/Items/Gifts/Holiday/Halloween/Rewards/CarvedPumpkins.cs,ItemCandidate,SourceVerified,
CarvedPumpkin3,BaseLight,Data/Scripts/Items/Gifts/Holiday/Halloween/Rewards/CarvedPumpkins.cs,ItemCandidate,SourceVerified,
CarvedPumpkin4,BaseLight,Data/Scripts/Items/Gifts/Holiday/Halloween/Rewards/CarvedPumpkins.cs,ItemCandidate,SourceVerified,
CarvedPumpkin5,BaseLight,Data/Scripts/Items/Gifts/Holiday/Halloween/Rewards/CarvedPumpkins.cs,ItemCandidate,SourceVerified,
CarvedPumpkin6,BaseLight,Data/Scripts/Items/Gifts/Holiday/Halloween/Rewards/CarvedPumpkins.cs,ItemCandidate,SourceVerified,
CarvedPumpkin7,BaseLight,Data/Scripts/Items/Gifts/Holiday/Halloween/Rewards/CarvedPumpkins.cs,ItemCandidate,SourceVerified,
CarvedPumpkin8,BaseLight,Data/Scripts/Items/Gifts/Holiday/Halloween/Rewards/CarvedPumpkins.cs,ItemCandidate,SourceVerified,
CarvedPumpkin9,BaseLight,Data/Scripts/Items/Gifts/Holiday/Halloween/Rewards/CarvedPumpkins.cs,ItemCandidate,SourceVerified,
CashOutEntry,ContextMenuEntry,Data/Scripts/Trades/Shoppes/BaseShoppe.cs,ItemCandidate,SourceVerified,Multiple source declarations found.
CasinoToken,Item,Data/Scripts/Items/Misc/Games/CasinoToken.cs,ItemCandidate,SourceVerified,
Castle,BaseHouse,Data/Scripts/Items/Houses/Houses.cs,ItemCandidate,SourceVerified,
CastleDeed,HouseDeed,Data/Scripts/Items/Houses/Deeds.cs,ItemCandidate,SourceVerified,
CastleTower,BaseHouse,Data/Scripts/Items/Houses/NewHouses.cs,ItemCandidate,SourceVerified,
CaveFloorCenter,BaseFloor,Data/Scripts/Items/Construction/Floors/Floors.cs,ItemCandidate,SourceVerified,
CaveFloorEast,BaseFloor,Data/Scripts/Items/Construction/Floors/Floors.cs,ItemCandidate,SourceVerified,
CaveFloorNorth,BaseFloor,Data/Scripts/Items/Construction/Floors/Floors.cs,ItemCandidate,SourceVerified,
CaveFloorSouth,BaseFloor,Data/Scripts/Items/Construction/Floors/Floors.cs,ItemCandidate,SourceVerified,
CaveFloorWest,BaseFloor,Data/Scripts/Items/Construction/Floors/Floors.cs,ItemCandidate,SourceVerified,
CavortingClub,Club,Data/Scripts/Items/Magical/Artifacts/Obsolete/Obsolete_CavortingClub.cs,ItemCandidate,SourceVerified,
CensusRecords,Item,Data/Scripts/System/Misc/Naming.cs,ItemCandidate,SourceVerified,
CeramicMug,BaseBeverage,Data/Scripts/Items/Food/Beverage.cs,ItemCandidate,SourceVerified,
ChainChest,BaseArmor,Data/Scripts/Items/Armor/Chain/ChainChest.cs,ItemCandidate,SourceVerified,
ChainCoif,BaseArmor,Data/Scripts/Items/Armor/Helmets/ChainCoif.cs,ItemCandidate,SourceVerified,
ChainHatsuburi,BaseArmor,Data/Scripts/Items/Armor/Chain/ChainHatsuburi.cs,ItemCandidate,SourceVerified,
ChainLegs,BaseArmor,Data/Scripts/Items/Armor/Chain/ChainLegs.cs,ItemCandidate,SourceVerified,
ChainLightningMagicStaff,BaseMagicStaff,Data/Scripts/Items/Wands/7th Circle/ChainLightningStaff.cs,ItemCandidate,SourceVerified,
ChainSkirt,BaseArmor,Data/Scripts/Items/Armor/Chain/ChainSkirt.cs,ItemCandidate,SourceVerified,
Chainsaw,Item,Data/Scripts/Items/Technology/Chainsaw.cs,ItemCandidate,SourceVerified,
ChampionShield,BaseShield,Data/Scripts/Items/Armor/Shields/ChampionShield.cs,ItemCandidate,SourceVerified,
ChampionSkull,Item,Data/Scripts/Custom/Champions/System/Items/ChampionSkull.cs,ItemCandidate,SourceVerified,
ChaosRobe,BaseOuterTorso,Data/Scripts/Items/Clothing/Robes.cs,ItemCandidate,SourceVerified,
ChaosShield,BaseShield,Data/Scripts/Items/Armor/Shields/ChaosShield.cs,ItemCandidate,SourceVerified,
ChardonnayGrapes,BaseWineGrapes,Data/Scripts/Custom/Vhaerun's CRL Homestead System [2.0]/Dracana's Winecrafting [2.0]/Items/Craft Items/Resources/WineGrapes.cs,ItemCandidate,SourceVerified,
CheckerBoard,BaseBoard,Data/Scripts/Items/Misc/Games/CheckerBoard.cs,ItemCandidate,SourceVerified,
Checkers,Item,Data/Scripts/Items/Special/Rares/GamePieces/Checkers.cs,ItemCandidate,SourceVerified,
Checkers2,Item,Data/Scripts/Items/Special/Rares/GamePieces/Checkers2.cs,ItemCandidate,SourceVerified,
CheesePizza,Food,Data/Scripts/Items/Food/Food.cs,ItemCandidate,SourceVerified,Multiple source declarations found.
CheeseSlice,Food,Data/Scripts/Items/Food/Food.cs,ItemCandidate,SourceVerified,
CheeseWedge,Food,Data/Scripts/Items/Food/Food.cs,ItemCandidate,SourceVerified,Multiple source declarations found.
CheeseWheel,Food,Data/Scripts/Items/Food/Food.cs,ItemCandidate,SourceVerified,Multiple source declarations found.
ChemistBar,Gump,Data/Scripts/Items/Containers/AlchemistPouch.cs,ItemCandidate,SourceVerified,
CheninBlancGrapes,BaseWineGrapes,Data/Scripts/Custom/Vhaerun's CRL Homestead System [2.0]/Dracana's Winecrafting [2.0]/Items/Craft Items/Resources/WineGrapes.cs,ItemCandidate,SourceVerified,
CherryArmoire,BaseContainer,Data/Scripts/Items/Containers/FurnitureContainer.cs,ItemCandidate,SourceVerified,
CherryBlossomTreeAddon,BaseAddon,Data/Scripts/Items/Special/Heritage Items/CherryBlossomTree.cs,ItemCandidate,SourceVerified,
CherryBlossomTreeDeed,BaseAddonDeed,Data/Scripts/Items/Special/Heritage Items/CherryBlossomTree.cs,ItemCandidate,SourceVerified,
CherryBlossomTrunkAddon,BaseAddon,Data/Scripts/Items/Special/Heritage Items/CherryBlossomTrunk.cs,ItemCandidate,SourceVerified,
CherryBlossomTrunkDeed,BaseAddonDeed,Data/Scripts/Items/Special/Heritage Items/CherryBlossomTrunk.cs,ItemCandidate,SourceVerified,
CherryBoard,BaseWoodBoard,Data/Scripts/Items/Trades/Carpenter Items/Board.cs,ItemCandidate,SourceVerified,
CherryLog,BaseLog,Data/Scripts/Items/Trades/Lumberjack/Log.cs,ItemCandidate,SourceVerified,
CherryTreeFletcherTools,RunicFletcherTools,Data/Scripts/Trades/Runics/BaseRunicFletcherTools.cs,ItemCandidate,SourceVerified,
CherryTreeSaw,RunicSaw,Data/Scripts/Trades/Runics/BaseRunicSaw.cs,ItemCandidate,SourceVerified,
Chessboard,BaseBoard,Data/Scripts/Items/Misc/Games/Chessboard.cs,ItemCandidate,SourceVerified,
Chessmen,Item,Data/Scripts/Items/Special/Rares/GamePieces/Chessmen.cs,ItemCandidate,SourceVerified,
Chessmen2,Item,Data/Scripts/Items/Special/Rares/GamePieces/Chessmen2.cs,ItemCandidate,SourceVerified,
Chessmen3,Item,Data/Scripts/Items/Special/Rares/GamePieces/Chessmen3.cs,ItemCandidate,SourceVerified,
ChickenLeg,Food,Data/Scripts/Items/Food/Food.cs,ItemCandidate,SourceVerified,Multiple source declarations found.
ChiselsNorth,Item,Data/Scripts/Items/Misc/Rares.cs,ItemCandidate,SourceVerified,
ChiselsWest,Item,Data/Scripts/Items/Misc/Rares.cs,ItemCandidate,SourceVerified,
ChocolateMonster,Item,Data/Scripts/Items/Gifts/Holiday/Halloween/HalloweenBag.cs,ItemCandidate,SourceVerified,
Chocolatecoin,Food,Data/Scripts/Items/Gifts/Holiday/Christmas/Items/Food/Chocolate Coin.cs,ItemCandidate,SourceVerified,
ChristmasBag,BaseContainer,Data/Scripts/Items/Gifts/Holiday/Christmas/Items/ChristmasBag.cs,ItemCandidate,SourceVerified,
ChristmasBook,RedBook,Data/Scripts/Items/Gifts/Holiday/Christmas/Items/ChristmasBook.cs,ItemCandidate,SourceVerified,
ChristmasRobe,BaseOuterTorso,Data/Scripts/Items/Gifts/Holiday/Christmas/Items/Special/Christmas Robe.cs,ItemCandidate,SourceVerified,
Christmasslash,BodySash,Data/Scripts/Items/Gifts/Holiday/Christmas/Items/Special/Christmasslash.cs,ItemCandidate,SourceVerified,
CiderKeg,Item,Data/Scripts/Custom/Vhaerun's CRL Homestead System [2.0]/Vhaerun's CRL Brewing/Items/Kegs/CiderKeg.cs,ItemCandidate,SourceVerified,
CinnamonFancyRugAddon,BaseAddon,Data/Scripts/Items/Special/Heritage Items/CinnamonFancyRug.cs,ItemCandidate,SourceVerified,
CinnamonFancyRugDeed,BaseAddonDeed,Data/Scripts/Items/Special/Heritage Items/CinnamonFancyRug.cs,ItemCandidate,SourceVerified,
CircletOfTheSorceress,LeatherCap,Data/Scripts/Items/Magical/Artifacts/Obsolete/Obsolete_CircletOfTheSorceress.cs,ItemCandidate,SourceVerified,
Citrine,Item,Data/Scripts/Items/Gems/Citrine.cs,ItemCandidate,SourceVerified,
CityBankStone,Item,Data/Scripts/Custom/Government System/Items/Stones/CityBankStone.cs,ItemCandidate,SourceVerified,
CityDeed,Item,Data/Scripts/Custom/Government System/Items/Deeds/CityDeed.cs,ItemCandidate,SourceVerified,
CityHedge,Item,Data/Scripts/Custom/Government System/Items/Civic Decore/CityHedge.cs,ItemCandidate,SourceVerified,
CityLampPost,Item,Data/Scripts/Custom/Government System/Items/Civic Decore/CityLampPost.cs,ItemCandidate,SourceVerified,
CityMallToken,VendorMallToken,Data/Scripts/Custom/Government System/Items/Misc/CityMallToken.cs,ItemCandidate,SourceVerified,
CityManagementStone,Item,Data/Scripts/Custom/Government System/Items/Stones/CityManagementStone.cs,ItemCandidate,SourceVerified,
CityMap,MapItem,Data/Scripts/Items/Trades/Maps/CityMap.cs,ItemCandidate,SourceVerified,
CityPlacementTarget,MultiTarget,Data/Scripts/Custom/Government System/Items/Deeds/CityDeed.cs,ItemCandidate,SourceVerified,
CityResurrectionStone,Item,Data/Scripts/Custom/Government System/Items/Stones/CityResurrectionStone.cs,ItemCandidate,SourceVerified,
CitySponsorTarget,Target,Data/Scripts/Custom/Government System/Items/Stones/CityManagementStone.cs,ItemCandidate,SourceVerified,
CityStableStone,Item,Data/Scripts/Custom/Government System/Items/Stones/CityStableStone.cs,ItemCandidate,SourceVerified,
CityTrashCan,TrashBarrel,Data/Scripts/Custom/Government System/Items/Civic Decore/CityTrashBarrel.cs,ItemCandidate,SourceVerified,
CityVendorDismiss,Timer,Data/Scripts/Custom/Government System/Items/Misc/CityVendorDismissTimer.cs,ItemCandidate,SourceVerified,
CityVotingStone,Item,Data/Scripts/Custom/Government System/Items/Stones/CityVotingStone.cs,ItemCandidate,SourceVerified,
CivicSign,Item,Data/Scripts/Custom/Government System/Items/Signs/CivicSign.cs,ItemCandidate,SourceVerified,
Claymore,BaseSword,Data/Scripts/Items/Weapons/Swords/Claymore.cs,ItemCandidate,SourceVerified,
Cleaver,BaseKnife,Data/Scripts/Items/Weapons/Knives/Cleaver.cs,ItemCandidate,SourceVerified,
Cloak,BaseCloak,Data/Scripts/Items/Clothing/Cloaks.cs,ItemCandidate,SourceVerified,
Clock,Item,Data/Scripts/Items/Trades/Tinkering/Clocks.cs,ItemCandidate,SourceVerified,
ClockFrame,Item,Data/Scripts/Items/Trades/Tinkering/ClockFrame.cs,ItemCandidate,SourceVerified,
ClockLeft,Clock,Data/Scripts/Items/Trades/Tinkering/Clocks.cs,ItemCandidate,SourceVerified,
ClockParts,Item,Data/Scripts/Items/Trades/Tinkering/ClockParts.cs,ItemCandidate,SourceVerified,
ClockRight,Clock,Data/Scripts/Items/Trades/Tinkering/Clocks.cs,ItemCandidate,SourceVerified,
ClockworkAssembly,Item,Data/Scripts/Items/Misc/ClockworkAssembly.cs,ItemCandidate,SourceVerified,
CloseHelm,BaseArmor,Data/Scripts/Items/Armor/Helmets/CloseHelm.cs,ItemCandidate,SourceVerified,
Cloth,Item,Data/Scripts/Items/Trades/Resources/Tailor/Cloth.cs,ItemCandidate,SourceVerified,
ClothCowl,BaseHat,Data/Scripts/Items/Clothing/Hats.cs,ItemCandidate,SourceVerified,
ClothHood,BaseHat,Data/Scripts/Items/Clothing/Hats.cs,ItemCandidate,SourceVerified,
ClothNinjaHood,BaseHat,Data/Scripts/Items/Clothing/Hats.cs,ItemCandidate,SourceVerified,
ClothNinjaJacket,BaseShirt,Data/Scripts/Items/Clothing/Shirts.cs,ItemCandidate,SourceVerified,
ClothingBlessDeed,Item,Data/Scripts/Items/Deeds/ClothingBlessDeed.cs,ItemCandidate,SourceVerified,
ClothingBlessTarget,Target,Data/Scripts/Items/Deeds/ClothingBlessDeed.cs,ItemCandidate,SourceVerified,
Club,BaseBashing,Data/Scripts/Items/Weapons/Maces/Club.cs,ItemCandidate,SourceVerified,
ClumsyMagicStaff,BaseMagicStaff,Data/Scripts/Items/Wands/1st Circle/ClumsyStaff.cs,ItemCandidate,SourceVerified,
CoOwnerTarget,Target,Data/Scripts/Items/Houses/BaseHouse.cs,ItemCandidate,SourceVerified,
Coal,Item,Data/Scripts/Items/Special/Holiday/PKHolidayStuff.cs,ItemCandidate,SourceVerified,
CobblestonesFloor,BaseFloor,Data/Scripts/Items/Construction/Floors/Floors.cs,ItemCandidate,SourceVerified,
CocoonArtifact,BaseDecorationArtifact,Data/Scripts/Items/Decorations/Artifacts/DoomDecorationArtifacts.cs,ItemCandidate,SourceVerified,
CoifOfBane,ChainCoif,Data/Scripts/Items/Magical/Artifacts/Obsolete/Obsolete_CoifOfBane.cs,ItemCandidate,SourceVerified,
CoifOfFire,ChainCoif,Data/Scripts/Items/Magical/Artifacts/Obsolete/Obsolete_CoifOfFire.cs,ItemCandidate,SourceVerified,
ColdBlood,Cleaver,Data/Scripts/Items/Magical/Artifacts/Obsolete/Obsolete_ColdBlood.cs,ItemCandidate,SourceVerified,
ColdForgedBlade,ElvenSpellblade,Data/Scripts/Items/Magical/Artifacts/Obsolete/Obsolete_ColdForgedBlade.cs,ItemCandidate,SourceVerified,
ColorCandleLong,BaseLight,Data/Scripts/Trades/Apiculture/Craft/ColorCandleLong.cs,ItemCandidate,SourceVerified,
ColorCandleShort,BaseLight,Data/Scripts/Trades/Apiculture/Craft/ColorCandleShort.cs,ItemCandidate,SourceVerified,
ColoredAnvil,Item,Data/Scripts/Items/Special/Bulk Order Rewards/Blacksmithy/ColoredAnvil.cs,ItemCandidate,SourceVerified,
ColoredArmoireA,BaseContainer,Data/Scripts/Items/Containers/Shelves.cs,ItemCandidate,SourceVerified,
ColoredArmoireB,BaseContainer,Data/Scripts/Items/Containers/Shelves.cs,ItemCandidate,SourceVerified,
ColoredCabinetA,BaseContainer,Data/Scripts/Items/Containers/Shelves.cs,ItemCandidate,SourceVerified,
ColoredCabinetB,BaseContainer,Data/Scripts/Items/Containers/Shelves.cs,ItemCandidate,SourceVerified,
ColoredCabinetC,BaseContainer,Data/Scripts/Items/Containers/Shelves.cs,ItemCandidate,SourceVerified,
ColoredCabinetD,BaseContainer,Data/Scripts/Items/Containers/Shelves.cs,ItemCandidate,SourceVerified,
ColoredCabinetE,BaseContainer,Data/Scripts/Items/Containers/Shelves.cs,ItemCandidate,SourceVerified,
ColoredCabinetF,BaseContainer,Data/Scripts/Items/Containers/Shelves.cs,ItemCandidate,SourceVerified,
ColoredCabinetG,BaseContainer,Data/Scripts/Items/Containers/Shelves.cs,ItemCandidate,SourceVerified,
ColoredCabinetH,BaseContainer,Data/Scripts/Items/Containers/Shelves.cs,ItemCandidate,SourceVerified,
ColoredCabinetI,BaseContainer,Data/Scripts/Items/Containers/Shelves.cs,ItemCandidate,SourceVerified,
ColoredCabinetJ,BaseContainer,Data/Scripts/Items/Containers/Shelves.cs,ItemCandidate,SourceVerified,
ColoredCabinetK,BaseContainer,Data/Scripts/Items/Containers/Shelves.cs,ItemCandidate,SourceVerified,
ColoredCabinetL,BaseContainer,Data/Scripts/Items/Containers/Shelves.cs,ItemCandidate,SourceVerified,
ColoredCabinetM,BaseContainer,Data/Scripts/Items/Containers/Shelves.cs,ItemCandidate,SourceVerified,
ColoredCabinetN,BaseContainer,Data/Scripts/Items/Containers/Shelves.cs,ItemCandidate,SourceVerified,
ColoredDresserA,BaseContainer,Data/Scripts/Items/Containers/Shelves.cs,ItemCandidate,SourceVerified,
ColoredDresserB,BaseContainer,Data/Scripts/Items/Containers/Shelves.cs,ItemCandidate,SourceVerified,
ColoredDresserC,BaseContainer,Data/Scripts/Items/Containers/Shelves.cs,ItemCandidate,SourceVerified,
ColoredDresserD,BaseContainer,Data/Scripts/Items/Containers/Shelves.cs,ItemCandidate,SourceVerified,
ColoredDresserE,BaseContainer,Data/Scripts/Items/Containers/Shelves.cs,ItemCandidate,SourceVerified,
ColoredDresserF,BaseContainer,Data/Scripts/Items/Containers/Shelves.cs,ItemCandidate,SourceVerified,
ColoredDresserG,BaseContainer,Data/Scripts/Items/Containers/Shelves.cs,ItemCandidate,SourceVerified,
ColoredDresserH,BaseContainer,Data/Scripts/Items/Containers/Shelves.cs,ItemCandidate,SourceVerified,
ColoredDresserI,BaseContainer,Data/Scripts/Items/Containers/Shelves.cs,ItemCandidate,SourceVerified,
ColoredDresserJ,BaseContainer,Data/Scripts/Items/Containers/Shelves.cs,ItemCandidate,SourceVerified,
ColoredShelf1,BaseContainer,Data/Scripts/Items/Containers/Shelves.cs,ItemCandidate,SourceVerified,
ColoredShelf2,BaseContainer,Data/Scripts/Items/Containers/Shelves.cs,ItemCandidate,SourceVerified,
ColoredShelf3,BaseContainer,Data/Scripts/Items/Containers/Shelves.cs,ItemCandidate,SourceVerified,
ColoredShelf4,BaseContainer,Data/Scripts/Items/Containers/Shelves.cs,ItemCandidate,SourceVerified,
ColoredShelf5,BaseContainer,Data/Scripts/Items/Containers/Shelves.cs,ItemCandidate,SourceVerified,
ColoredShelf6,BaseContainer,Data/Scripts/Items/Containers/Shelves.cs,ItemCandidate,SourceVerified,
ColoredShelf7,BaseContainer,Data/Scripts/Items/Containers/Shelves.cs,ItemCandidate,SourceVerified,
ColoredShelf8,BaseContainer,Data/Scripts/Items/Containers/Shelves.cs,ItemCandidate,SourceVerified,
ColoredShelfA,BaseContainer,Data/Scripts/Items/Containers/Shelves.cs,ItemCandidate,SourceVerified,
ColoredShelfB,BaseContainer,Data/Scripts/Items/Containers/Shelves.cs,ItemCandidate,SourceVerified,
ColoredShelfC,BaseContainer,Data/Scripts/Items/Containers/Shelves.cs,ItemCandidate,SourceVerified,
ColoredShelfD,BaseContainer,Data/Scripts/Items/Containers/Shelves.cs,ItemCandidate,SourceVerified,
ColoredShelfE,BaseContainer,Data/Scripts/Items/Containers/Shelves.cs,ItemCandidate,SourceVerified,
ColoredShelfF,BaseContainer,Data/Scripts/Items/Containers/Shelves.cs,ItemCandidate,SourceVerified,
ColoredShelfG,BaseContainer,Data/Scripts/Items/Containers/Shelves.cs,ItemCandidate,SourceVerified,
ColoredShelfH,BaseContainer,Data/Scripts/Items/Containers/Shelves.cs,ItemCandidate,SourceVerified,
ColoredShelfI,BaseContainer,Data/Scripts/Items/Containers/Shelves.cs,ItemCandidate,SourceVerified,
ColoredShelfJ,BaseContainer,Data/Scripts/Items/Containers/Shelves.cs,ItemCandidate,SourceVerified,
ColoredShelfK,BaseContainer,Data/Scripts/Items/Containers/Shelves.cs,ItemCandidate,SourceVerified,
ColoredShelfL,BaseContainer,Data/Scripts/Items/Containers/Shelves.cs,ItemCandidate,SourceVerified,
ColoredShelfM,BaseContainer,Data/Scripts/Items/Containers/Shelves.cs,ItemCandidate,SourceVerified,
ColoredShelfN,BaseContainer,Data/Scripts/Items/Containers/Shelves.cs,ItemCandidate,SourceVerified,
ColoredShelfO,BaseContainer,Data/Scripts/Items/Containers/Shelves.cs,ItemCandidate,SourceVerified,
ColoredShelfP,BaseContainer,Data/Scripts/Items/Containers/Shelves.cs,ItemCandidate,SourceVerified,
ColoredShelfQ,BaseContainer,Data/Scripts/Items/Containers/Shelves.cs,ItemCandidate,SourceVerified,
ColoredShelfR,BaseContainer,Data/Scripts/Items/Containers/Shelves.cs,ItemCandidate,SourceVerified,
ColoredShelfS,BaseContainer,Data/Scripts/Items/Containers/Shelves.cs,ItemCandidate,SourceVerified,
ColoredShelfT,BaseContainer,Data/Scripts/Items/Containers/Shelves.cs,ItemCandidate,SourceVerified,
ColoredShelfU,BaseContainer,Data/Scripts/Items/Containers/Shelves.cs,ItemCandidate,SourceVerified,
ColoredShelfV,BaseContainer,Data/Scripts/Items/Containers/Shelves.cs,ItemCandidate,SourceVerified,
ColoredShelfW,BaseContainer,Data/Scripts/Items/Containers/Shelves.cs,ItemCandidate,SourceVerified,
ColoredShelfX,BaseContainer,Data/Scripts/Items/Containers/Shelves.cs,ItemCandidate,SourceVerified,
ColoredShelfY,BaseContainer,Data/Scripts/Items/Containers/Shelves.cs,ItemCandidate,SourceVerified,
ColoredShelfZ,BaseContainer,Data/Scripts/Items/Containers/Shelves.cs,ItemCandidate,SourceVerified,
ColoredWallTorch,BaseLight,Data/Scripts/Items/Construction/Lights/ColoredWallTorch.cs,ItemCandidate,SourceVerified,
ColoringBook,Item,Data/Scripts/Items/Magical/Artifacts/Minor/ColoringBook.cs,ItemCandidate,SourceVerified,
ColoringBookGump,Gump,Data/Scripts/Items/Magical/Artifacts/Minor/ColoringBook.cs,ItemCandidate,SourceVerified,
CommodityDeed,Item,Data/Scripts/Items/Deeds/CommodityDeed.cs,ItemCandidate,SourceVerified,
CommodityDeedBox,BaseContainer,Data/Scripts/Items/Special/Veteran Rewards/CommodityDeedBox.cs,ItemCandidate,SourceVerified,
ComponentVerification,,Data/Scripts/Items/Houses/ComponentVerification.cs,ItemCandidate,SourceVerified,
CompositeBow,BaseRanged,Data/Scripts/Items/Weapons/Bows/CompositeBow.cs,ItemCandidate,SourceVerified,
ComputerDatabase,Item,Data/Scripts/Items/Technology/ComputerDatabase.cs,ItemCandidate,SourceVerified,
ComputerDatabaseGump,Gump,Data/Scripts/Items/Technology/ComputerDatabase.cs,ItemCandidate,SourceVerified,
ConansHelm,PlateHelm,Data/Scripts/Items/Magical/Artifacts/Obsolete/Obsolete_ConansHelm.cs,ItemCandidate,SourceVerified,
ConansLoinCloth,MagicBelt,Data/Scripts/Items/Magical/Artifacts/Obsolete/Obsolete_ConansLoinCloth.cs,ItemCandidate,SourceVerified,
ConansSword,VikingSword,Data/Scripts/Items/Magical/Artifacts/Obsolete/Obsolete_ConansSword.cs,ItemCandidate,SourceVerified,
ConfirmCommitGump,Gump,Data/Scripts/Items/Houses/HouseFoundation.cs,ItemCandidate,SourceVerified,
ConfirmDryDockGump,Gump,Data/Scripts/Items/Boats/Gumps/ConfirmDryDockGump.cs,ItemCandidate,SourceVerified,
ConfirmGump,Gump,Data/Scripts/Items/Special/Veteran Rewards/WeaponEngravingTool.cs,ItemCandidate,SourceVerified,
ConfirmRemoveGump,Gump,Data/Scripts/Items/Houses/Remodeling/Gumps/ConfirmRemoveGump.cs,ItemCandidate,SourceVerified,
ConfirmationMoongate,Moongate,Data/Scripts/Items/Trades/Magical/Misc/Moongate.cs,ItemCandidate,SourceVerified,
ConflagrationPotion,BaseConflagrationPotion,Data/Scripts/Items/Potions/Standard/Conflagration Potions/ConflagrationPotion.cs,ItemCandidate,SourceVerified,
ConfusionBlastPotion,BaseConfusionBlastPotion,Data/Scripts/Items/Potions/Standard/Confusion Blast Potions/ConfusionBlastPotion.cs,ItemCandidate,SourceVerified,
ConsecratedSharpeningStone,Item,Data/Scripts/Items/Trades/Sharpening/ConsecratedSharpeningStone.cs,ItemCandidate,SourceVerified,
ConsecratedSharpeningStoneTarget,Target,Data/Scripts/Items/Trades/Sharpening/ConsecratedSharpeningStone.cs,ItemCandidate,SourceVerified,
ContestMiniHouse,MiniHouseAddon,Data/Scripts/Items/Special/Veteran Rewards/ContestMiniHouse.cs,ItemCandidate,SourceVerified,
ContestMiniHouseDeed,MiniHouseDeed,Data/Scripts/Items/Special/Veteran Rewards/ContestMiniHouse.cs,ItemCandidate,SourceVerified,
ContractConfirmGump,GumpPlusLight,Data/Scripts/Items/Houses/Monopoly/Gumps/TownHouse Gumps/ContractConfirmGump.cs,ItemCandidate,SourceVerified,
ContractOfEmployment,Item,Data/Scripts/Items/Misc/PlayerVendorDeed.cs,ItemCandidate,SourceVerified,
ContractSetupGump,GumpPlusLight,Data/Scripts/Items/Houses/Monopoly/Gumps/TownHouse Gumps/ContractSetupGump.cs,ItemCandidate,SourceVerified,
ControlPanel,AddonComponent,Data/Scripts/Items/Misc/PowerGenerator.cs,ItemCandidate,SourceVerified,
CookableFood,Item,Data/Scripts/Items/Food/CookableFood.cs,ItemCandidate,SourceVerified,
CookedBird,Food,Data/Scripts/Items/Food/Food.cs,ItemCandidate,SourceVerified,Multiple source declarations found.
CookieMix,CookableFood,Data/Scripts/Items/Food/CookableFood.cs,ItemCandidate,SourceVerified,Multiple source declarations found.
Cookies,Food,Data/Scripts/Items/Food/Food.cs,ItemCandidate,SourceVerified,Multiple source declarations found.
CooksCauldron,BaseTool,Data/Scripts/Custom/Vhaerun's CRL Homestead System [2.0]/Vhaerun's CRL Cooking/Items/CooksCauldron.cs,ItemCandidate,SourceVerified,
CopperAmulet,GoldNecklace,Data/Scripts/Items/Jewels/Tinkered.cs,ItemCandidate,SourceVerified,
CopperBracelet,GoldBracelet,Data/Scripts/Items/Jewels/Tinkered.cs,ItemCandidate,SourceVerified,
CopperEarrings,GoldEarrings,Data/Scripts/Items/Jewels/Tinkered.cs,ItemCandidate,SourceVerified,
CopperGranite,BaseGranite,Data/Scripts/Items/Trades/Resources/Masonry/Granite.cs,ItemCandidate,SourceVerified,
CopperHammer,RunicHammer1,Data/Scripts/Trades/Runics/BaseRunicHammer.cs,ItemCandidate,SourceVerified,
CopperIngot,BaseIngot,Data/Scripts/Items/Trades/Resources/Blacksmithing/Ingots.cs,ItemCandidate,SourceVerified,
CopperOre,BaseOre,Data/Scripts/Items/Trades/Resources/Blacksmithing/Ore.cs,ItemCandidate,SourceVerified,
CopperRing,GoldRing,Data/Scripts/Items/Jewels/Tinkered.cs,ItemCandidate,SourceVerified,
CopperTinkerTools,RunicTinkerTools,Data/Scripts/Trades/Runics/BaseRunicTinkerTools.cs,ItemCandidate,SourceVerified,
CopperWire,Item,Data/Scripts/Items/Misc/Rares.cs,ItemCandidate,SourceVerified,
Corn,Food,Data/Scripts/Items/Farming/FarmableCorn.cs,ItemCandidate,SourceVerified,Multiple source declarations found.
Corpse,Container,Data/Scripts/Items/Misc/Bodies/Corpses/Corpse.cs,ItemCandidate,SourceVerified,
CorpseChest,LockableContainer,Data/Scripts/Items/Containers/CorpseChest.cs,ItemCandidate,SourceVerified,
CorpseContent,Packet,Data/Scripts/Items/Misc/Bodies/Corpses/Packets.cs,ItemCandidate,SourceVerified,
CorpseEquip,Packet,Data/Scripts/Items/Misc/Bodies/Corpses/Packets.cs,ItemCandidate,SourceVerified,
CorpseNameAttribute,Attribute,Data/Scripts/Items/Misc/Bodies/Corpses/CorpseNameAttribute.cs,ItemCandidate,SourceVerified,
CorpseSailor,LockableContainer,Data/Scripts/Items/Containers/CorpseSailor.cs,ItemCandidate,SourceVerified,
Corruption,Item,Data/Scripts/Items/Trades/Resources/MiscMLResources.cs,ItemCandidate,SourceVerified,
Cotton,Item,Data/Scripts/Items/Trades/Resources/Tailor/Cotton.cs,ItemCandidate,SourceVerified,
CounselorRobe,BaseSuit,Data/Scripts/Items/Clothing/Suits/CounselorRobe.cs,ItemCandidate,SourceVerified,
CounterDark,BaseContainer,Data/Scripts/Items/Containers/FurnitureContainer.cs,ItemCandidate,SourceVerified,
CounterFancy,BaseContainer,Data/Scripts/Items/Containers/FurnitureContainer.cs,ItemCandidate,SourceVerified,
CounterLight,BaseContainer,Data/Scripts/Items/Containers/FurnitureContainer.cs,ItemCandidate,SourceVerified,
CounterPolished,BaseContainer,Data/Scripts/Items/Containers/FurnitureContainer.cs,ItemCandidate,SourceVerified,
CounterRustic,BaseContainer,Data/Scripts/Items/Containers/FurnitureContainer.cs,ItemCandidate,SourceVerified,
CounterStained,BaseContainer,Data/Scripts/Items/Containers/FurnitureContainer.cs,ItemCandidate,SourceVerified,
CounterWood,BaseContainer,Data/Scripts/Items/Containers/FurnitureContainer.cs,ItemCandidate,SourceVerified,
CounterWooden,BaseContainer,Data/Scripts/Items/Containers/FurnitureContainer.cs,ItemCandidate,SourceVerified,
CoveredChair,Item,Data/Scripts/Items/Construction/Ruined/RuinedItemSingle.cs,ItemCandidate,SourceVerified,
CraftBatchStatusGump,Gump,Data/Scripts/Trades/Core/Gumps/CraftBatchStatusGump.cs,ItemCandidate,SourceVerified,
CraftContext,,Data/Scripts/Trades/Core/CraftContext.cs,ItemCandidate,SourceVerified,
CraftGroup,,Data/Scripts/Trades/Core/CraftGroup.cs,ItemCandidate,SourceVerified,
CraftGroupCol,System.Collections.CollectionBase,Data/Scripts/Trades/Core/CraftGroupCol.cs,ItemCandidate,SourceVerified,
CraftGump,Gump,Data/Scripts/Trades/Core/Gumps/CraftGump.cs,ItemCandidate,SourceVerified,
CraftGumpItem,Gump,Data/Scripts/Trades/Core/Gumps/CraftGumpItem.cs,ItemCandidate,SourceVerified,
CraftItem,,Data/Scripts/Trades/Core/CraftItem.cs,ItemCandidate,SourceVerified,
CraftItemCol,System.Collections.CollectionBase,Data/Scripts/Trades/Core/CraftItemCol.cs,ItemCandidate,SourceVerified,
CraftItemIDAttribute,Attribute,Data/Scripts/Trades/Core/CraftItemIDAttribute.cs,ItemCandidate,SourceVerified,
CraftQueueGump,Gump,Data/Scripts/Trades/Core/Gumps/CraftQueueGump.cs,ItemCandidate,SourceVerified,
CraftQueueRow,,Data/Scripts/Trades/Core/CraftContext.cs,ItemCandidate,SourceVerified,
CraftRes,,Data/Scripts/Trades/Core/CraftRes.cs,ItemCandidate,SourceVerified,
CraftResCol,System.Collections.CollectionBase,Data/Scripts/Trades/Core/CraftResCol.cs,ItemCandidate,SourceVerified,
CraftSkill,,Data/Scripts/Trades/Core/CraftSkill.cs,ItemCandidate,SourceVerified,
CraftSkillCol,System.Collections.CollectionBase,Data/Scripts/Trades/Core/CraftSkillCol.cs,ItemCandidate,SourceVerified,
CraftSubRes,,Data/Scripts/Trades/Core/CraftSubRes.cs,ItemCandidate,SourceVerified,
CraftSubResCol,System.Collections.CollectionBase,Data/Scripts/Trades/Core/CraftSubResCol.cs,ItemCandidate,SourceVerified,
CraftSystem,,Data/Scripts/Trades/Core/CraftSystem.cs,ItemCandidate,SourceVerified,
CreateFoodMagicStaff,BaseMagicStaff,Data/Scripts/Items/Wands/1st Circle/CreateFoodStaff.cs,ItemCandidate,SourceVerified,
CreatureBackpack,Backpack,Data/Scripts/Items/Containers/Container.cs,ItemCandidate,SourceVerified,
CreepyPortraitAddon,BaseAddon,Data/Scripts/Items/Special/Evil Home Decor Collection/CreepyPortrait.cs,ItemCandidate,SourceVerified,
CreepyPortraitComponent,AddonComponent,Data/Scripts/Items/Special/Evil Home Decor Collection/CreepyPortrait.cs,ItemCandidate,SourceVerified,
CreepyPortraitDeed,BaseAddonDeed,Data/Scripts/Items/Special/Evil Home Decor Collection/CreepyPortrait.cs,ItemCandidate,SourceVerified,
CrescentBlade,BaseSword,Data/Scripts/Items/Weapons/Swords/CrescentBlade.cs,ItemCandidate,SourceVerified,
CrestedShield,BaseShield,Data/Scripts/Items/Armor/Shields/CrestedShield.cs,ItemCandidate,SourceVerified,
CrimsonCincture,HalfApron,Data/Scripts/Items/Magical/Artifacts/Obsolete/Obsolete_CrimsonCincture.cs,ItemCandidate,SourceVerified,
Crossbow,BaseRanged,Data/Scripts/Items/Weapons/Bows/Crossbow.cs,ItemCandidate,SourceVerified,
CrossbowBolts,Item,Data/Scripts/Items/Special/Rares/Tinker/CrossbowBolts.cs,ItemCandidate,SourceVerified,
CrownOfTalKeesh,Bandana,Data/Scripts/Items/Magical/Artifacts/Obsolete/Obsolete_CrownOfTalKeesh.cs,ItemCandidate,SourceVerified,
CrystalRechargeInfo,,Data/Scripts/Items/Misc/CommunicationCrystals.cs,ItemCandidate,SourceVerified,
CrystalToken,Item,Data/Scripts/Items/Gifts/Crystal Token.cs,ItemCandidate,SourceVerified,
CrystalTokenGump,Gump,Data/Scripts/Items/Gifts/Gumps/Crystal Token Gump.cs,ItemCandidate,SourceVerified,
CrystallineJar,Item,Data/Scripts/Items/Potions/Bottles/CrystallineJar.cs,ItemCandidate,SourceVerified,
Crystals,Item,Data/Scripts/Items/Gems/Crystals.cs,ItemCandidate,SourceVerified,
CuSidheFormTalisman,BaseFormTalisman,Data/Scripts/Items/Special/Talismans.cs,ItemCandidate,SourceVerified,
CultistRobe,BaseOuterTorso,Data/Scripts/Items/Clothing/Robes.cs,ItemCandidate,SourceVerified,
CunningMagicStaff,BaseMagicStaff,Data/Scripts/Items/Wands/2nd Circle/CunningStaff.cs,ItemCandidate,SourceVerified,
CupsArtifact,BaseDecorationArtifact,Data/Scripts/Items/Decorations/Artifacts/SEDecorationArtifacts.cs,ItemCandidate,SourceVerified,
CureLevelInfo,,Data/Scripts/Items/Potions/Standard/Cure Potions/BaseCurePotion.cs,ItemCandidate,SourceVerified,
CureMagicStaff,BaseMagicStaff,Data/Scripts/Items/Wands/2nd Circle/CureStaff.cs,ItemCandidate,SourceVerified,
CurePotion,BaseCurePotion,Data/Scripts/Items/Potions/Standard/Cure Potions/CurePotion.cs,ItemCandidate,SourceVerified,
CurseItem,LockableContainer,Data/Scripts/Items/Traps/CurseItem.cs,ItemCandidate,SourceVerified,
CurseMagicStaff,BaseMagicStaff,Data/Scripts/Items/Wands/4th Circle/CurseStaff.cs,ItemCandidate,SourceVerified,
CurtainsAddon,BaseAddon,Data/Scripts/Items/Special/Heritage Items/Curtains.cs,ItemCandidate,SourceVerified,
CurtainsComponent,AddonComponent,Data/Scripts/Items/Special/Heritage Items/Curtains.cs,ItemCandidate,SourceVerified,
CurtainsDeed,BaseAddonDeed,Data/Scripts/Items/Special/Heritage Items/Curtains.cs,ItemCandidate,SourceVerified,
CurvedFlask,Item,Data/Scripts/Items/Misc/GlassItems.cs,ItemCandidate,SourceVerified,
CustomCraft,,Data/Scripts/Trades/Core/CustomCraft.cs,ItemCandidate,SourceVerified,
CustomHueGroup,,Data/Scripts/Items/Misc/Dyes/CustomHuePicker.cs,ItemCandidate,SourceVerified,
CustomHuePicker,,Data/Scripts/Items/Misc/Dyes/CustomHuePicker.cs,ItemCandidate,SourceVerified,
CustomHuePickerGump,Gump,Data/Scripts/Items/Misc/Dyes/CustomHuePicker.cs,ItemCandidate,SourceVerified,
Cutlass,BaseSword,Data/Scripts/Items/Weapons/Swords/Cutlass.cs,ItemCandidate,SourceVerified,
DDCopper,Item,Data/Scripts/Items/Relics/DDRelicMoney.cs,ItemCandidate,SourceVerified,
DDGemstones,Item,Data/Scripts/Items/Relics/DDRelicMoney.cs,ItemCandidate,SourceVerified,
DDGoldNuggets,Item,Data/Scripts/Items/Relics/DDRelicMoney.cs,ItemCandidate,SourceVerified,
DDJewels,Item,Data/Scripts/Items/Relics/DDRelicMoney.cs,ItemCandidate,SourceVerified,
DDRelicAlchemy,Item,Data/Scripts/Items/Relics/DDRelicAlchemy.cs,ItemCandidate,SourceVerified,
DDRelicArmor,Item,Data/Scripts/Items/Relics/DDRelicArmor.cs,ItemCandidate,SourceVerified,
DDRelicArts,Item,Data/Scripts/Items/Relics/DDRelicArts.cs,ItemCandidate,SourceVerified,
DDRelicBanner,Item,Data/Scripts/Items/Relics/DDRelicBanner.cs,ItemCandidate,SourceVerified,
DDRelicBearRugsAddon,BaseAddon,Data/Scripts/Items/Relics/DDRelicBearRugs.cs,ItemCandidate,SourceVerified,
DDRelicBearRugsAddonDeed,BaseAddonDeed,Data/Scripts/Items/Relics/DDRelicBearRugs.cs,ItemCandidate,SourceVerified,
DDRelicBook,Item,Data/Scripts/Items/Relics/DDRelicBook.cs,ItemCandidate,SourceVerified,
DDRelicClock1,Clock,Data/Scripts/Items/Trades/Tinkering/Clocks.cs,ItemCandidate,SourceVerified,
DDRelicClock2,Clock,Data/Scripts/Items/Trades/Tinkering/Clocks.cs,ItemCandidate,SourceVerified,
DDRelicClock3,Clock,Data/Scripts/Items/Trades/Tinkering/Clocks.cs,ItemCandidate,SourceVerified,
DDRelicCloth,Item,Data/Scripts/Items/Relics/DDRelicCloth.cs,ItemCandidate,SourceVerified,
DDRelicCoins,Item,Data/Scripts/Items/Relics/DDRelicCoins.cs,ItemCandidate,SourceVerified,
DDRelicDrink,Item,Data/Scripts/Items/Relics/DDRelicDrink.cs,ItemCandidate,SourceVerified,
DDRelicFur,Item,Data/Scripts/Items/Relics/DDRelicFur.cs,ItemCandidate,SourceVerified,
DDRelicGem,Item,Data/Scripts/Items/Relics/DDRelicGem.cs,ItemCandidate,SourceVerified,
DDRelicGrave,Item,Data/Scripts/Items/Relics/DDRelicGrave.cs,ItemCandidate,SourceVerified,
DDRelicInstrument,Item,Data/Scripts/Items/Relics/DDRelicInstrument.cs,ItemCandidate,SourceVerified,
DDRelicJewels,Item,Data/Scripts/Items/Relics/DDRelicJewels.cs,ItemCandidate,SourceVerified,
DDRelicLeather,Item,Data/Scripts/Items/Relics/DDRelicLeather.cs,ItemCandidate,SourceVerified,
DDRelicLight1,BaseLight,Data/Scripts/Items/Relics/DDRelicLight.cs,ItemCandidate,SourceVerified,
DDRelicLight2,BaseLight,Data/Scripts/Items/Relics/DDRelicLight.cs,ItemCandidate,SourceVerified,
DDRelicLight3,BaseLight,Data/Scripts/Items/Relics/DDRelicLight.cs,ItemCandidate,SourceVerified,
DDRelicOrbs,Item,Data/Scripts/Items/Relics/DDRelicOrbs.cs,ItemCandidate,SourceVerified,
DDRelicPainting,Item,Data/Scripts/Items/Relics/DDRelicPainting.cs,ItemCandidate,SourceVerified,
DDRelicReagent,Item,Data/Scripts/Items/Relics/DDRelicReagent.cs,ItemCandidate,SourceVerified,
DDRelicRugAddon,BaseAddon,Data/Scripts/Items/Relics/DDRelicRug.cs,ItemCandidate,SourceVerified,
DDRelicRugAddonDeed,BaseAddonDeed,Data/Scripts/Items/Relics/DDRelicRug.cs,ItemCandidate,SourceVerified,
DDRelicScrolls,Item,Data/Scripts/Items/Relics/DDRelicScrolls.cs,ItemCandidate,SourceVerified,
DDRelicStatue,Item,Data/Scripts/Items/Relics/DDRelicStatue.cs,ItemCandidate,SourceVerified,
DDRelicTablet,Item,Data/Scripts/Items/Relics/DDRelicTablet.cs,ItemCandidate,SourceVerified,
DDRelicVase,Item,Data/Scripts/Items/Relics/DDRelicVase.cs,ItemCandidate,SourceVerified,
DDRelicWeapon,Item,Data/Scripts/Items/Relics/DDRelicWeapon.cs,ItemCandidate,SourceVerified,
DDSilver,Item,Data/Scripts/Items/Relics/DDRelicMoney.cs,ItemCandidate,SourceVerified,
DDXormite,Item,Data/Scripts/Items/Relics/DDRelicMoney.cs,ItemCandidate,SourceVerified,
DJ_SE_Alchemy,PowerScroll,Data/Scripts/Items/Books/PowerScrolls/Scrolls_Exalted.cs,ItemCandidate,SourceVerified,
DJ_SE_Anatomy,PowerScroll,Data/Scripts/Items/Books/PowerScrolls/Scrolls_Exalted.cs,ItemCandidate,SourceVerified,
DJ_SE_AnimalLore,PowerScroll,Data/Scripts/Items/Books/PowerScrolls/Scrolls_Exalted.cs,ItemCandidate,SourceVerified,
DJ_SE_AnimalTaming,PowerScroll,Data/Scripts/Items/Books/PowerScrolls/Scrolls_Exalted.cs,ItemCandidate,SourceVerified,
DJ_SE_Archery,PowerScroll,Data/Scripts/Items/Books/PowerScrolls/Scrolls_Exalted.cs,ItemCandidate,SourceVerified,
DJ_SE_ArmsLore,PowerScroll,Data/Scripts/Items/Books/PowerScrolls/Scrolls_Exalted.cs,ItemCandidate,SourceVerified,
DJ_SE_Blacksmith,PowerScroll,Data/Scripts/Items/Books/PowerScrolls/Scrolls_Exalted.cs,ItemCandidate,SourceVerified,
DJ_SE_Bushido,PowerScroll,Data/Scripts/Items/Books/PowerScrolls/Scrolls_Exalted.cs,ItemCandidate,SourceVerified,
DJ_SE_Carpentry,PowerScroll,Data/Scripts/Items/Books/PowerScrolls/Scrolls_Exalted.cs,ItemCandidate,SourceVerified,
DJ_SE_Cartography,PowerScroll,Data/Scripts/Items/Books/PowerScrolls/Scrolls_Exalted.cs,ItemCandidate,SourceVerified,
DJ_SE_Chivalry,PowerScroll,Data/Scripts/Items/Books/PowerScrolls/Scrolls_Exalted.cs,ItemCandidate,SourceVerified,
DJ_SE_Cooking,PowerScroll,Data/Scripts/Items/Books/PowerScrolls/Scrolls_Exalted.cs,ItemCandidate,SourceVerified,
DJ_SE_DetectHidden,PowerScroll,Data/Scripts/Items/Books/PowerScrolls/Scrolls_Exalted.cs,ItemCandidate,SourceVerified,
DJ_SE_Discordance,PowerScroll,Data/Scripts/Items/Books/PowerScrolls/Scrolls_Exalted.cs,ItemCandidate,SourceVerified,
DJ_SE_Elementalism,PowerScroll,Data/Scripts/Items/Books/PowerScrolls/Scrolls_Exalted.cs,ItemCandidate,SourceVerified,
DJ_SE_EvalInt,PowerScroll,Data/Scripts/Items/Books/PowerScrolls/Scrolls_Exalted.cs,ItemCandidate,SourceVerified,
DJ_SE_Fencing,PowerScroll,Data/Scripts/Items/Books/PowerScrolls/Scrolls_Exalted.cs,ItemCandidate,SourceVerified,
DJ_SE_Fishing,PowerScroll,Data/Scripts/Items/Books/PowerScrolls/Scrolls_Exalted.cs,ItemCandidate,SourceVerified,
DJ_SE_Fletching,PowerScroll,Data/Scripts/Items/Books/PowerScrolls/Scrolls_Exalted.cs,ItemCandidate,SourceVerified,
DJ_SE_Focus,PowerScroll,Data/Scripts/Items/Books/PowerScrolls/Scrolls_Exalted.cs,ItemCandidate,SourceVerified,
DJ_SE_Healing,PowerScroll,Data/Scripts/Items/Books/PowerScrolls/Scrolls_Exalted.cs,ItemCandidate,SourceVerified,
DJ_SE_Herding,PowerScroll,Data/Scripts/Items/Books/PowerScrolls/Scrolls_Exalted.cs,ItemCandidate,SourceVerified,
DJ_SE_Hiding,PowerScroll,Data/Scripts/Items/Books/PowerScrolls/Scrolls_Exalted.cs,ItemCandidate,SourceVerified,
DJ_SE_Inscribe,PowerScroll,Data/Scripts/Items/Books/PowerScrolls/Scrolls_Exalted.cs,ItemCandidate,SourceVerified,
DJ_SE_Lockpicking,PowerScroll,Data/Scripts/Items/Books/PowerScrolls/Scrolls_Exalted.cs,ItemCandidate,SourceVerified,
DJ_SE_Lumberjacking,PowerScroll,Data/Scripts/Items/Books/PowerScrolls/Scrolls_Exalted.cs,ItemCandidate,SourceVerified,
DJ_SE_Macing,PowerScroll,Data/Scripts/Items/Books/PowerScrolls/Scrolls_Exalted.cs,ItemCandidate,SourceVerified,
DJ_SE_Magery,PowerScroll,Data/Scripts/Items/Books/PowerScrolls/Scrolls_Exalted.cs,ItemCandidate,SourceVerified,
DJ_SE_MagicResist,PowerScroll,Data/Scripts/Items/Books/PowerScrolls/Scrolls_Exalted.cs,ItemCandidate,SourceVerified,
DJ_SE_Meditation,PowerScroll,Data/Scripts/Items/Books/PowerScrolls/Scrolls_Exalted.cs,ItemCandidate,SourceVerified,
DJ_SE_Mining,PowerScroll,Data/Scripts/Items/Books/PowerScrolls/Scrolls_Exalted.cs,ItemCandidate,SourceVerified,
DJ_SE_Musicianship,PowerScroll,Data/Scripts/Items/Books/PowerScrolls/Scrolls_Exalted.cs,ItemCandidate,SourceVerified,
DJ_SE_Necromancy,PowerScroll,Data/Scripts/Items/Books/PowerScrolls/Scrolls_Exalted.cs,ItemCandidate,SourceVerified,
DJ_SE_Ninjitsu,PowerScroll,Data/Scripts/Items/Books/PowerScrolls/Scrolls_Exalted.cs,ItemCandidate,SourceVerified,
DJ_SE_Parry,PowerScroll,Data/Scripts/Items/Books/PowerScrolls/Scrolls_Exalted.cs,ItemCandidate,SourceVerified,
DJ_SE_Peacemaking,PowerScroll,Data/Scripts/Items/Books/PowerScrolls/Scrolls_Exalted.cs,ItemCandidate,SourceVerified,
DJ_SE_Poisoning,PowerScroll,Data/Scripts/Items/Books/PowerScrolls/Scrolls_Exalted.cs,ItemCandidate,SourceVerified,
DJ_SE_Provocation,PowerScroll,Data/Scripts/Items/Books/PowerScrolls/Scrolls_Exalted.cs,ItemCandidate,SourceVerified,
DJ_SE_RemoveTrap,PowerScroll,Data/Scripts/Items/Books/PowerScrolls/Scrolls_Exalted.cs,ItemCandidate,SourceVerified,
DJ_SE_Snooping,PowerScroll,Data/Scripts/Items/Books/PowerScrolls/Scrolls_Exalted.cs,ItemCandidate,SourceVerified,
DJ_SE_SpiritSpeak,PowerScroll,Data/Scripts/Items/Books/PowerScrolls/Scrolls_Exalted.cs,ItemCandidate,SourceVerified,
DJ_SE_Stealing,PowerScroll,Data/Scripts/Items/Books/PowerScrolls/Scrolls_Exalted.cs,ItemCandidate,SourceVerified,
DJ_SE_Stealth,PowerScroll,Data/Scripts/Items/Books/PowerScrolls/Scrolls_Exalted.cs,ItemCandidate,SourceVerified,
DJ_SE_Swords,PowerScroll,Data/Scripts/Items/Books/PowerScrolls/Scrolls_Exalted.cs,ItemCandidate,SourceVerified,
DJ_SE_Tactics,PowerScroll,Data/Scripts/Items/Books/PowerScrolls/Scrolls_Exalted.cs,ItemCandidate,SourceVerified,
DJ_SE_Tailoring,PowerScroll,Data/Scripts/Items/Books/PowerScrolls/Scrolls_Exalted.cs,ItemCandidate,SourceVerified,
DJ_SE_Tinkering,PowerScroll,Data/Scripts/Items/Books/PowerScrolls/Scrolls_Exalted.cs,ItemCandidate,SourceVerified,
DJ_SE_Tracking,PowerScroll,Data/Scripts/Items/Books/PowerScrolls/Scrolls_Exalted.cs,ItemCandidate,SourceVerified,
DJ_SE_Veterinary,PowerScroll,Data/Scripts/Items/Books/PowerScrolls/Scrolls_Exalted.cs,ItemCandidate,SourceVerified,
DJ_SE_Wrestling,PowerScroll,Data/Scripts/Items/Books/PowerScrolls/Scrolls_Exalted.cs,ItemCandidate,SourceVerified,
DJ_SL_Alchemy,PowerScroll,Data/Scripts/Items/Books/PowerScrolls/Scrolls_Legendary.cs,ItemCandidate,SourceVerified,
DJ_SL_Anatomy,PowerScroll,Data/Scripts/Items/Books/PowerScrolls/Scrolls_Legendary.cs,ItemCandidate,SourceVerified,
DJ_SL_AnimalLore,PowerScroll,Data/Scripts/Items/Books/PowerScrolls/Scrolls_Legendary.cs,ItemCandidate,SourceVerified,
DJ_SL_AnimalTaming,PowerScroll,Data/Scripts/Items/Books/PowerScrolls/Scrolls_Legendary.cs,ItemCandidate,SourceVerified,
DJ_SL_Archery,PowerScroll,Data/Scripts/Items/Books/PowerScrolls/Scrolls_Legendary.cs,ItemCandidate,SourceVerified,
DJ_SL_ArmsLore,PowerScroll,Data/Scripts/Items/Books/PowerScrolls/Scrolls_Legendary.cs,ItemCandidate,SourceVerified,
DJ_SL_Blacksmith,PowerScroll,Data/Scripts/Items/Books/PowerScrolls/Scrolls_Legendary.cs,ItemCandidate,SourceVerified,
DJ_SL_Bushido,PowerScroll,Data/Scripts/Items/Books/PowerScrolls/Scrolls_Legendary.cs,ItemCandidate,SourceVerified,
DJ_SL_Carpentry,PowerScroll,Data/Scripts/Items/Books/PowerScrolls/Scrolls_Legendary.cs,ItemCandidate,SourceVerified,
DJ_SL_Cartography,PowerScroll,Data/Scripts/Items/Books/PowerScrolls/Scrolls_Legendary.cs,ItemCandidate,SourceVerified,
DJ_SL_Chivalry,PowerScroll,Data/Scripts/Items/Books/PowerScrolls/Scrolls_Legendary.cs,ItemCandidate,SourceVerified,
DJ_SL_Cooking,PowerScroll,Data/Scripts/Items/Books/PowerScrolls/Scrolls_Legendary.cs,ItemCandidate,SourceVerified,
DJ_SL_DetectHidden,PowerScroll,Data/Scripts/Items/Books/PowerScrolls/Scrolls_Legendary.cs,ItemCandidate,SourceVerified,
DJ_SL_Discordance,PowerScroll,Data/Scripts/Items/Books/PowerScrolls/Scrolls_Legendary.cs,ItemCandidate,SourceVerified,
DJ_SL_Elementalism,PowerScroll,Data/Scripts/Items/Books/PowerScrolls/Scrolls_Legendary.cs,ItemCandidate,SourceVerified,
DJ_SL_EvalInt,PowerScroll,Data/Scripts/Items/Books/PowerScrolls/Scrolls_Legendary.cs,ItemCandidate,SourceVerified,
DJ_SL_Fencing,PowerScroll,Data/Scripts/Items/Books/PowerScrolls/Scrolls_Legendary.cs,ItemCandidate,SourceVerified,
DJ_SL_Fishing,PowerScroll,Data/Scripts/Items/Books/PowerScrolls/Scrolls_Legendary.cs,ItemCandidate,SourceVerified,
DJ_SL_Fletching,PowerScroll,Data/Scripts/Items/Books/PowerScrolls/Scrolls_Legendary.cs,ItemCandidate,SourceVerified,
DJ_SL_Focus,PowerScroll,Data/Scripts/Items/Books/PowerScrolls/Scrolls_Legendary.cs,ItemCandidate,SourceVerified,
DJ_SL_Healing,PowerScroll,Data/Scripts/Items/Books/PowerScrolls/Scrolls_Legendary.cs,ItemCandidate,SourceVerified,
DJ_SL_Herding,PowerScroll,Data/Scripts/Items/Books/PowerScrolls/Scrolls_Legendary.cs,ItemCandidate,SourceVerified,
DJ_SL_Hiding,PowerScroll,Data/Scripts/Items/Books/PowerScrolls/Scrolls_Legendary.cs,ItemCandidate,SourceVerified,
DJ_SL_Inscribe,PowerScroll,Data/Scripts/Items/Books/PowerScrolls/Scrolls_Legendary.cs,ItemCandidate,SourceVerified,
DJ_SL_Lockpicking,PowerScroll,Data/Scripts/Items/Books/PowerScrolls/Scrolls_Legendary.cs,ItemCandidate,SourceVerified,
DJ_SL_Lumberjacking,PowerScroll,Data/Scripts/Items/Books/PowerScrolls/Scrolls_Legendary.cs,ItemCandidate,SourceVerified,
DJ_SL_Macing,PowerScroll,Data/Scripts/Items/Books/PowerScrolls/Scrolls_Legendary.cs,ItemCandidate,SourceVerified,
DJ_SL_Magery,PowerScroll,Data/Scripts/Items/Books/PowerScrolls/Scrolls_Legendary.cs,ItemCandidate,SourceVerified,
DJ_SL_MagicResist,PowerScroll,Data/Scripts/Items/Books/PowerScrolls/Scrolls_Legendary.cs,ItemCandidate,SourceVerified,
DJ_SL_Meditation,PowerScroll,Data/Scripts/Items/Books/PowerScrolls/Scrolls_Legendary.cs,ItemCandidate,SourceVerified,
DJ_SL_Mining,PowerScroll,Data/Scripts/Items/Books/PowerScrolls/Scrolls_Legendary.cs,ItemCandidate,SourceVerified,
DJ_SL_Musicianship,PowerScroll,Data/Scripts/Items/Books/PowerScrolls/Scrolls_Legendary.cs,ItemCandidate,SourceVerified,
DJ_SL_Necromancy,PowerScroll,Data/Scripts/Items/Books/PowerScrolls/Scrolls_Legendary.cs,ItemCandidate,SourceVerified,
DJ_SL_Ninjitsu,PowerScroll,Data/Scripts/Items/Books/PowerScrolls/Scrolls_Legendary.cs,ItemCandidate,SourceVerified,
DJ_SL_Parry,PowerScroll,Data/Scripts/Items/Books/PowerScrolls/Scrolls_Legendary.cs,ItemCandidate,SourceVerified,
DJ_SL_Peacemaking,PowerScroll,Data/Scripts/Items/Books/PowerScrolls/Scrolls_Legendary.cs,ItemCandidate,SourceVerified,
DJ_SL_Poisoning,PowerScroll,Data/Scripts/Items/Books/PowerScrolls/Scrolls_Legendary.cs,ItemCandidate,SourceVerified,
DJ_SL_Provocation,PowerScroll,Data/Scripts/Items/Books/PowerScrolls/Scrolls_Legendary.cs,ItemCandidate,SourceVerified,
DJ_SL_RemoveTrap,PowerScroll,Data/Scripts/Items/Books/PowerScrolls/Scrolls_Legendary.cs,ItemCandidate,SourceVerified,
DJ_SL_Snooping,PowerScroll,Data/Scripts/Items/Books/PowerScrolls/Scrolls_Legendary.cs,ItemCandidate,SourceVerified,
DJ_SL_SpiritSpeak,PowerScroll,Data/Scripts/Items/Books/PowerScrolls/Scrolls_Legendary.cs,ItemCandidate,SourceVerified,
DJ_SL_Stealing,PowerScroll,Data/Scripts/Items/Books/PowerScrolls/Scrolls_Legendary.cs,ItemCandidate,SourceVerified,
DJ_SL_Stealth,PowerScroll,Data/Scripts/Items/Books/PowerScrolls/Scrolls_Legendary.cs,ItemCandidate,SourceVerified,
DJ_SL_Swords,PowerScroll,Data/Scripts/Items/Books/PowerScrolls/Scrolls_Legendary.cs,ItemCandidate,SourceVerified,
DJ_SL_Tactics,PowerScroll,Data/Scripts/Items/Books/PowerScrolls/Scrolls_Legendary.cs,ItemCandidate,SourceVerified,
DJ_SL_Tailoring,PowerScroll,Data/Scripts/Items/Books/PowerScrolls/Scrolls_Legendary.cs,ItemCandidate,SourceVerified,
DJ_SL_Tinkering,PowerScroll,Data/Scripts/Items/Books/PowerScrolls/Scrolls_Legendary.cs,ItemCandidate,SourceVerified,
DJ_SL_Tracking,PowerScroll,Data/Scripts/Items/Books/PowerScrolls/Scrolls_Legendary.cs,ItemCandidate,SourceVerified,
DJ_SL_Veterinary,PowerScroll,Data/Scripts/Items/Books/PowerScrolls/Scrolls_Legendary.cs,ItemCandidate,SourceVerified,
DJ_SL_Wrestling,PowerScroll,Data/Scripts/Items/Books/PowerScrolls/Scrolls_Legendary.cs,ItemCandidate,SourceVerified,
DJ_SM_Alchemy,PowerScroll,Data/Scripts/Items/Books/PowerScrolls/Scrolls_Mythical.cs,ItemCandidate,SourceVerified,
DJ_SM_Anatomy,PowerScroll,Data/Scripts/Items/Books/PowerScrolls/Scrolls_Mythical.cs,ItemCandidate,SourceVerified,
DJ_SM_AnimalLore,PowerScroll,Data/Scripts/Items/Books/PowerScrolls/Scrolls_Mythical.cs,ItemCandidate,SourceVerified,
DJ_SM_AnimalTaming,PowerScroll,Data/Scripts/Items/Books/PowerScrolls/Scrolls_Mythical.cs,ItemCandidate,SourceVerified,
DJ_SM_Archery,PowerScroll,Data/Scripts/Items/Books/PowerScrolls/Scrolls_Mythical.cs,ItemCandidate,SourceVerified,
DJ_SM_ArmsLore,PowerScroll,Data/Scripts/Items/Books/PowerScrolls/Scrolls_Mythical.cs,ItemCandidate,SourceVerified,
DJ_SM_Blacksmith,PowerScroll,Data/Scripts/Items/Books/PowerScrolls/Scrolls_Mythical.cs,ItemCandidate,SourceVerified,
DJ_SM_Bushido,PowerScroll,Data/Scripts/Items/Books/PowerScrolls/Scrolls_Mythical.cs,ItemCandidate,SourceVerified,
DJ_SM_Carpentry,PowerScroll,Data/Scripts/Items/Books/PowerScrolls/Scrolls_Mythical.cs,ItemCandidate,SourceVerified,
DJ_SM_Cartography,PowerScroll,Data/Scripts/Items/Books/PowerScrolls/Scrolls_Mythical.cs,ItemCandidate,SourceVerified,
DJ_SM_Chivalry,PowerScroll,Data/Scripts/Items/Books/PowerScrolls/Scrolls_Mythical.cs,ItemCandidate,SourceVerified,
DJ_SM_Cooking,PowerScroll,Data/Scripts/Items/Books/PowerScrolls/Scrolls_Mythical.cs,ItemCandidate,SourceVerified,
DJ_SM_DetectHidden,PowerScroll,Data/Scripts/Items/Books/PowerScrolls/Scrolls_Mythical.cs,ItemCandidate,SourceVerified,
DJ_SM_Discordance,PowerScroll,Data/Scripts/Items/Books/PowerScrolls/Scrolls_Mythical.cs,ItemCandidate,SourceVerified,
DJ_SM_Elementalism,PowerScroll,Data/Scripts/Items/Books/PowerScrolls/Scrolls_Mythical.cs,ItemCandidate,SourceVerified,
DJ_SM_EvalInt,PowerScroll,Data/Scripts/Items/Books/PowerScrolls/Scrolls_Mythical.cs,ItemCandidate,SourceVerified,
DJ_SM_Fencing,PowerScroll,Data/Scripts/Items/Books/PowerScrolls/Scrolls_Mythical.cs,ItemCandidate,SourceVerified,
DJ_SM_Fishing,PowerScroll,Data/Scripts/Items/Books/PowerScrolls/Scrolls_Mythical.cs,ItemCandidate,SourceVerified,
DJ_SM_Fletching,PowerScroll,Data/Scripts/Items/Books/PowerScrolls/Scrolls_Mythical.cs,ItemCandidate,SourceVerified,
DJ_SM_Focus,PowerScroll,Data/Scripts/Items/Books/PowerScrolls/Scrolls_Mythical.cs,ItemCandidate,SourceVerified,
DJ_SM_Healing,PowerScroll,Data/Scripts/Items/Books/PowerScrolls/Scrolls_Mythical.cs,ItemCandidate,SourceVerified,
DJ_SM_Herding,PowerScroll,Data/Scripts/Items/Books/PowerScrolls/Scrolls_Mythical.cs,ItemCandidate,SourceVerified,
DJ_SM_Hiding,PowerScroll,Data/Scripts/Items/Books/PowerScrolls/Scrolls_Mythical.cs,ItemCandidate,SourceVerified,
DJ_SM_Inscribe,PowerScroll,Data/Scripts/Items/Books/PowerScrolls/Scrolls_Mythical.cs,ItemCandidate,SourceVerified,
DJ_SM_Lockpicking,PowerScroll,Data/Scripts/Items/Books/PowerScrolls/Scrolls_Mythical.cs,ItemCandidate,SourceVerified,
DJ_SM_Lumberjacking,PowerScroll,Data/Scripts/Items/Books/PowerScrolls/Scrolls_Mythical.cs,ItemCandidate,SourceVerified,
DJ_SM_Macing,PowerScroll,Data/Scripts/Items/Books/PowerScrolls/Scrolls_Mythical.cs,ItemCandidate,SourceVerified,
DJ_SM_Magery,PowerScroll,Data/Scripts/Items/Books/PowerScrolls/Scrolls_Mythical.cs,ItemCandidate,SourceVerified,
DJ_SM_MagicResist,PowerScroll,Data/Scripts/Items/Books/PowerScrolls/Scrolls_Mythical.cs,ItemCandidate,SourceVerified,
DJ_SM_Meditation,PowerScroll,Data/Scripts/Items/Books/PowerScrolls/Scrolls_Mythical.cs,ItemCandidate,SourceVerified,
DJ_SM_Mining,PowerScroll,Data/Scripts/Items/Books/PowerScrolls/Scrolls_Mythical.cs,ItemCandidate,SourceVerified,
DJ_SM_Musicianship,PowerScroll,Data/Scripts/Items/Books/PowerScrolls/Scrolls_Mythical.cs,ItemCandidate,SourceVerified,
DJ_SM_Necromancy,PowerScroll,Data/Scripts/Items/Books/PowerScrolls/Scrolls_Mythical.cs,ItemCandidate,SourceVerified,
DJ_SM_Ninjitsu,PowerScroll,Data/Scripts/Items/Books/PowerScrolls/Scrolls_Mythical.cs,ItemCandidate,SourceVerified,
DJ_SM_Parry,PowerScroll,Data/Scripts/Items/Books/PowerScrolls/Scrolls_Mythical.cs,ItemCandidate,SourceVerified,
DJ_SM_Peacemaking,PowerScroll,Data/Scripts/Items/Books/PowerScrolls/Scrolls_Mythical.cs,ItemCandidate,SourceVerified,
DJ_SM_Poisoning,PowerScroll,Data/Scripts/Items/Books/PowerScrolls/Scrolls_Mythical.cs,ItemCandidate,SourceVerified,
DJ_SM_Provocation,PowerScroll,Data/Scripts/Items/Books/PowerScrolls/Scrolls_Mythical.cs,ItemCandidate,SourceVerified,
DJ_SM_RemoveTrap,PowerScroll,Data/Scripts/Items/Books/PowerScrolls/Scrolls_Mythical.cs,ItemCandidate,SourceVerified,
DJ_SM_Snooping,PowerScroll,Data/Scripts/Items/Books/PowerScrolls/Scrolls_Mythical.cs,ItemCandidate,SourceVerified,
DJ_SM_SpiritSpeak,PowerScroll,Data/Scripts/Items/Books/PowerScrolls/Scrolls_Mythical.cs,ItemCandidate,SourceVerified,
DJ_SM_Stealing,PowerScroll,Data/Scripts/Items/Books/PowerScrolls/Scrolls_Mythical.cs,ItemCandidate,SourceVerified,
DJ_SM_Stealth,PowerScroll,Data/Scripts/Items/Books/PowerScrolls/Scrolls_Mythical.cs,ItemCandidate,SourceVerified,
DJ_SM_Swords,PowerScroll,Data/Scripts/Items/Books/PowerScrolls/Scrolls_Mythical.cs,ItemCandidate,SourceVerified,
DJ_SM_Tactics,PowerScroll,Data/Scripts/Items/Books/PowerScrolls/Scrolls_Mythical.cs,ItemCandidate,SourceVerified,
DJ_SM_Tailoring,PowerScroll,Data/Scripts/Items/Books/PowerScrolls/Scrolls_Mythical.cs,ItemCandidate,SourceVerified,
DJ_SM_Tinkering,PowerScroll,Data/Scripts/Items/Books/PowerScrolls/Scrolls_Mythical.cs,ItemCandidate,SourceVerified,
DJ_SM_Tracking,PowerScroll,Data/Scripts/Items/Books/PowerScrolls/Scrolls_Mythical.cs,ItemCandidate,SourceVerified,
DJ_SM_Veterinary,PowerScroll,Data/Scripts/Items/Books/PowerScrolls/Scrolls_Mythical.cs,ItemCandidate,SourceVerified,
DJ_SM_Wrestling,PowerScroll,Data/Scripts/Items/Books/PowerScrolls/Scrolls_Mythical.cs,ItemCandidate,SourceVerified,
DJ_SP_Alchemy,PowerScroll,Data/Scripts/Items/Books/PowerScrolls/Scrolls_Power.cs,ItemCandidate,SourceVerified,
DJ_SP_Anatomy,PowerScroll,Data/Scripts/Items/Books/PowerScrolls/Scrolls_Power.cs,ItemCandidate,SourceVerified,
DJ_SP_AnimalLore,PowerScroll,Data/Scripts/Items/Books/PowerScrolls/Scrolls_Power.cs,ItemCandidate,SourceVerified,
DJ_SP_AnimalTaming,PowerScroll,Data/Scripts/Items/Books/PowerScrolls/Scrolls_Power.cs,ItemCandidate,SourceVerified,
DJ_SP_Archery,PowerScroll,Data/Scripts/Items/Books/PowerScrolls/Scrolls_Power.cs,ItemCandidate,SourceVerified,
DJ_SP_ArmsLore,PowerScroll,Data/Scripts/Items/Books/PowerScrolls/Scrolls_Power.cs,ItemCandidate,SourceVerified,
DJ_SP_Blacksmith,PowerScroll,Data/Scripts/Items/Books/PowerScrolls/Scrolls_Power.cs,ItemCandidate,SourceVerified,
DJ_SP_Bushido,PowerScroll,Data/Scripts/Items/Books/PowerScrolls/Scrolls_Power.cs,ItemCandidate,SourceVerified,
DJ_SP_Carpentry,PowerScroll,Data/Scripts/Items/Books/PowerScrolls/Scrolls_Power.cs,ItemCandidate,SourceVerified,
DJ_SP_Cartography,PowerScroll,Data/Scripts/Items/Books/PowerScrolls/Scrolls_Power.cs,ItemCandidate,SourceVerified,
DJ_SP_Chivalry,PowerScroll,Data/Scripts/Items/Books/PowerScrolls/Scrolls_Power.cs,ItemCandidate,SourceVerified,
DJ_SP_Cooking,PowerScroll,Data/Scripts/Items/Books/PowerScrolls/Scrolls_Power.cs,ItemCandidate,SourceVerified,
DJ_SP_DetectHidden,PowerScroll,Data/Scripts/Items/Books/PowerScrolls/Scrolls_Power.cs,ItemCandidate,SourceVerified,
DJ_SP_Discordance,PowerScroll,Data/Scripts/Items/Books/PowerScrolls/Scrolls_Power.cs,ItemCandidate,SourceVerified,
DJ_SP_Elementalism,PowerScroll,Data/Scripts/Items/Books/PowerScrolls/Scrolls_Power.cs,ItemCandidate,SourceVerified,
DJ_SP_EvalInt,PowerScroll,Data/Scripts/Items/Books/PowerScrolls/Scrolls_Power.cs,ItemCandidate,SourceVerified,
DJ_SP_Fencing,PowerScroll,Data/Scripts/Items/Books/PowerScrolls/Scrolls_Power.cs,ItemCandidate,SourceVerified,
DJ_SP_Fishing,PowerScroll,Data/Scripts/Items/Books/PowerScrolls/Scrolls_Power.cs,ItemCandidate,SourceVerified,
DJ_SP_Fletching,PowerScroll,Data/Scripts/Items/Books/PowerScrolls/Scrolls_Power.cs,ItemCandidate,SourceVerified,
DJ_SP_Focus,PowerScroll,Data/Scripts/Items/Books/PowerScrolls/Scrolls_Power.cs,ItemCandidate,SourceVerified,
DJ_SP_Healing,PowerScroll,Data/Scripts/Items/Books/PowerScrolls/Scrolls_Power.cs,ItemCandidate,SourceVerified,
DJ_SP_Herding,PowerScroll,Data/Scripts/Items/Books/PowerScrolls/Scrolls_Power.cs,ItemCandidate,SourceVerified,
DJ_SP_Hiding,PowerScroll,Data/Scripts/Items/Books/PowerScrolls/Scrolls_Power.cs,ItemCandidate,SourceVerified,
DJ_SP_Inscribe,PowerScroll,Data/Scripts/Items/Books/PowerScrolls/Scrolls_Power.cs,ItemCandidate,SourceVerified,
DJ_SP_Lockpicking,PowerScroll,Data/Scripts/Items/Books/PowerScrolls/Scrolls_Power.cs,ItemCandidate,SourceVerified,
DJ_SP_Lumberjacking,PowerScroll,Data/Scripts/Items/Books/PowerScrolls/Scrolls_Power.cs,ItemCandidate,SourceVerified,
DJ_SP_Macing,PowerScroll,Data/Scripts/Items/Books/PowerScrolls/Scrolls_Power.cs,ItemCandidate,SourceVerified,
DJ_SP_Magery,PowerScroll,Data/Scripts/Items/Books/PowerScrolls/Scrolls_Power.cs,ItemCandidate,SourceVerified,
DJ_SP_MagicResist,PowerScroll,Data/Scripts/Items/Books/PowerScrolls/Scrolls_Power.cs,ItemCandidate,SourceVerified,
DJ_SP_Meditation,PowerScroll,Data/Scripts/Items/Books/PowerScrolls/Scrolls_Power.cs,ItemCandidate,SourceVerified,
DJ_SP_Mining,PowerScroll,Data/Scripts/Items/Books/PowerScrolls/Scrolls_Power.cs,ItemCandidate,SourceVerified,
DJ_SP_Musicianship,PowerScroll,Data/Scripts/Items/Books/PowerScrolls/Scrolls_Power.cs,ItemCandidate,SourceVerified,
DJ_SP_Necromancy,PowerScroll,Data/Scripts/Items/Books/PowerScrolls/Scrolls_Power.cs,ItemCandidate,SourceVerified,
DJ_SP_Ninjitsu,PowerScroll,Data/Scripts/Items/Books/PowerScrolls/Scrolls_Power.cs,ItemCandidate,SourceVerified,
DJ_SP_Parry,PowerScroll,Data/Scripts/Items/Books/PowerScrolls/Scrolls_Power.cs,ItemCandidate,SourceVerified,
DJ_SP_Peacemaking,PowerScroll,Data/Scripts/Items/Books/PowerScrolls/Scrolls_Power.cs,ItemCandidate,SourceVerified,
DJ_SP_Poisoning,PowerScroll,Data/Scripts/Items/Books/PowerScrolls/Scrolls_Power.cs,ItemCandidate,SourceVerified,
DJ_SP_Provocation,PowerScroll,Data/Scripts/Items/Books/PowerScrolls/Scrolls_Power.cs,ItemCandidate,SourceVerified,
DJ_SP_RemoveTrap,PowerScroll,Data/Scripts/Items/Books/PowerScrolls/Scrolls_Power.cs,ItemCandidate,SourceVerified,
DJ_SP_Snooping,PowerScroll,Data/Scripts/Items/Books/PowerScrolls/Scrolls_Power.cs,ItemCandidate,SourceVerified,
DJ_SP_SpiritSpeak,PowerScroll,Data/Scripts/Items/Books/PowerScrolls/Scrolls_Power.cs,ItemCandidate,SourceVerified,
DJ_SP_Stealing,PowerScroll,Data/Scripts/Items/Books/PowerScrolls/Scrolls_Power.cs,ItemCandidate,SourceVerified,
DJ_SP_Stealth,PowerScroll,Data/Scripts/Items/Books/PowerScrolls/Scrolls_Power.cs,ItemCandidate,SourceVerified,
DJ_SP_Swords,PowerScroll,Data/Scripts/Items/Books/PowerScrolls/Scrolls_Power.cs,ItemCandidate,SourceVerified,
DJ_SP_Tactics,PowerScroll,Data/Scripts/Items/Books/PowerScrolls/Scrolls_Power.cs,ItemCandidate,SourceVerified,
DJ_SP_Tailoring,PowerScroll,Data/Scripts/Items/Books/PowerScrolls/Scrolls_Power.cs,ItemCandidate,SourceVerified,
DJ_SP_Tinkering,PowerScroll,Data/Scripts/Items/Books/PowerScrolls/Scrolls_Power.cs,ItemCandidate,SourceVerified,
DJ_SP_Tracking,PowerScroll,Data/Scripts/Items/Books/PowerScrolls/Scrolls_Power.cs,ItemCandidate,SourceVerified,
DJ_SP_Veterinary,PowerScroll,Data/Scripts/Items/Books/PowerScrolls/Scrolls_Power.cs,ItemCandidate,SourceVerified,
DJ_SP_Wrestling,PowerScroll,Data/Scripts/Items/Books/PowerScrolls/Scrolls_Power.cs,ItemCandidate,SourceVerified,
DJ_SW_Alchemy,PowerScroll,Data/Scripts/Items/Books/PowerScrolls/Scrolls_Wonderous.cs,ItemCandidate,SourceVerified,
DJ_SW_Anatomy,PowerScroll,Data/Scripts/Items/Books/PowerScrolls/Scrolls_Wonderous.cs,ItemCandidate,SourceVerified,
DJ_SW_AnimalLore,PowerScroll,Data/Scripts/Items/Books/PowerScrolls/Scrolls_Wonderous.cs,ItemCandidate,SourceVerified,
DJ_SW_AnimalTaming,PowerScroll,Data/Scripts/Items/Books/PowerScrolls/Scrolls_Wonderous.cs,ItemCandidate,SourceVerified,
DJ_SW_Archery,PowerScroll,Data/Scripts/Items/Books/PowerScrolls/Scrolls_Wonderous.cs,ItemCandidate,SourceVerified,
DJ_SW_ArmsLore,PowerScroll,Data/Scripts/Items/Books/PowerScrolls/Scrolls_Wonderous.cs,ItemCandidate,SourceVerified,
DJ_SW_Blacksmith,PowerScroll,Data/Scripts/Items/Books/PowerScrolls/Scrolls_Wonderous.cs,ItemCandidate,SourceVerified,
DJ_SW_Bushido,PowerScroll,Data/Scripts/Items/Books/PowerScrolls/Scrolls_Wonderous.cs,ItemCandidate,SourceVerified,
DJ_SW_Carpentry,PowerScroll,Data/Scripts/Items/Books/PowerScrolls/Scrolls_Wonderous.cs,ItemCandidate,SourceVerified,
DJ_SW_Cartography,PowerScroll,Data/Scripts/Items/Books/PowerScrolls/Scrolls_Wonderous.cs,ItemCandidate,SourceVerified,
DJ_SW_Chivalry,PowerScroll,Data/Scripts/Items/Books/PowerScrolls/Scrolls_Wonderous.cs,ItemCandidate,SourceVerified,
DJ_SW_Cooking,PowerScroll,Data/Scripts/Items/Books/PowerScrolls/Scrolls_Wonderous.cs,ItemCandidate,SourceVerified,
DJ_SW_DetectHidden,PowerScroll,Data/Scripts/Items/Books/PowerScrolls/Scrolls_Wonderous.cs,ItemCandidate,SourceVerified,
DJ_SW_Discordance,PowerScroll,Data/Scripts/Items/Books/PowerScrolls/Scrolls_Wonderous.cs,ItemCandidate,SourceVerified,
DJ_SW_Elementalism,PowerScroll,Data/Scripts/Items/Books/PowerScrolls/Scrolls_Wonderous.cs,ItemCandidate,SourceVerified,
DJ_SW_EvalInt,PowerScroll,Data/Scripts/Items/Books/PowerScrolls/Scrolls_Wonderous.cs,ItemCandidate,SourceVerified,
DJ_SW_Fencing,PowerScroll,Data/Scripts/Items/Books/PowerScrolls/Scrolls_Wonderous.cs,ItemCandidate,SourceVerified,
DJ_SW_Fishing,PowerScroll,Data/Scripts/Items/Books/PowerScrolls/Scrolls_Wonderous.cs,ItemCandidate,SourceVerified,
DJ_SW_Fletching,PowerScroll,Data/Scripts/Items/Books/PowerScrolls/Scrolls_Wonderous.cs,ItemCandidate,SourceVerified,
DJ_SW_Focus,PowerScroll,Data/Scripts/Items/Books/PowerScrolls/Scrolls_Wonderous.cs,ItemCandidate,SourceVerified,
DJ_SW_Healing,PowerScroll,Data/Scripts/Items/Books/PowerScrolls/Scrolls_Wonderous.cs,ItemCandidate,SourceVerified,
DJ_SW_Herding,PowerScroll,Data/Scripts/Items/Books/PowerScrolls/Scrolls_Wonderous.cs,ItemCandidate,SourceVerified,
DJ_SW_Hiding,PowerScroll,Data/Scripts/Items/Books/PowerScrolls/Scrolls_Wonderous.cs,ItemCandidate,SourceVerified,
DJ_SW_Inscribe,PowerScroll,Data/Scripts/Items/Books/PowerScrolls/Scrolls_Wonderous.cs,ItemCandidate,SourceVerified,
DJ_SW_Lockpicking,PowerScroll,Data/Scripts/Items/Books/PowerScrolls/Scrolls_Wonderous.cs,ItemCandidate,SourceVerified,
DJ_SW_Lumberjacking,PowerScroll,Data/Scripts/Items/Books/PowerScrolls/Scrolls_Wonderous.cs,ItemCandidate,SourceVerified,
DJ_SW_Macing,PowerScroll,Data/Scripts/Items/Books/PowerScrolls/Scrolls_Wonderous.cs,ItemCandidate,SourceVerified,
DJ_SW_Magery,PowerScroll,Data/Scripts/Items/Books/PowerScrolls/Scrolls_Wonderous.cs,ItemCandidate,SourceVerified,
DJ_SW_MagicResist,PowerScroll,Data/Scripts/Items/Books/PowerScrolls/Scrolls_Wonderous.cs,ItemCandidate,SourceVerified,
DJ_SW_Meditation,PowerScroll,Data/Scripts/Items/Books/PowerScrolls/Scrolls_Wonderous.cs,ItemCandidate,SourceVerified,
DJ_SW_Mining,PowerScroll,Data/Scripts/Items/Books/PowerScrolls/Scrolls_Wonderous.cs,ItemCandidate,SourceVerified,
DJ_SW_Musicianship,PowerScroll,Data/Scripts/Items/Books/PowerScrolls/Scrolls_Wonderous.cs,ItemCandidate,SourceVerified,
DJ_SW_Necromancy,PowerScroll,Data/Scripts/Items/Books/PowerScrolls/Scrolls_Wonderous.cs,ItemCandidate,SourceVerified,
DJ_SW_Ninjitsu,PowerScroll,Data/Scripts/Items/Books/PowerScrolls/Scrolls_Wonderous.cs,ItemCandidate,SourceVerified,
DJ_SW_Parry,PowerScroll,Data/Scripts/Items/Books/PowerScrolls/Scrolls_Wonderous.cs,ItemCandidate,SourceVerified,
DJ_SW_Peacemaking,PowerScroll,Data/Scripts/Items/Books/PowerScrolls/Scrolls_Wonderous.cs,ItemCandidate,SourceVerified,
DJ_SW_Poisoning,PowerScroll,Data/Scripts/Items/Books/PowerScrolls/Scrolls_Wonderous.cs,ItemCandidate,SourceVerified,
DJ_SW_Provocation,PowerScroll,Data/Scripts/Items/Books/PowerScrolls/Scrolls_Wonderous.cs,ItemCandidate,SourceVerified,
DJ_SW_RemoveTrap,PowerScroll,Data/Scripts/Items/Books/PowerScrolls/Scrolls_Wonderous.cs,ItemCandidate,SourceVerified,
DJ_SW_Snooping,PowerScroll,Data/Scripts/Items/Books/PowerScrolls/Scrolls_Wonderous.cs,ItemCandidate,SourceVerified,
DJ_SW_SpiritSpeak,PowerScroll,Data/Scripts/Items/Books/PowerScrolls/Scrolls_Wonderous.cs,ItemCandidate,SourceVerified,
DJ_SW_Stealing,PowerScroll,Data/Scripts/Items/Books/PowerScrolls/Scrolls_Wonderous.cs,ItemCandidate,SourceVerified,
DJ_SW_Stealth,PowerScroll,Data/Scripts/Items/Books/PowerScrolls/Scrolls_Wonderous.cs,ItemCandidate,SourceVerified,
DJ_SW_Swords,PowerScroll,Data/Scripts/Items/Books/PowerScrolls/Scrolls_Wonderous.cs,ItemCandidate,SourceVerified,
DJ_SW_Tactics,PowerScroll,Data/Scripts/Items/Books/PowerScrolls/Scrolls_Wonderous.cs,ItemCandidate,SourceVerified,
DJ_SW_Tailoring,PowerScroll,Data/Scripts/Items/Books/PowerScrolls/Scrolls_Wonderous.cs,ItemCandidate,SourceVerified,
DJ_SW_Tinkering,PowerScroll,Data/Scripts/Items/Books/PowerScrolls/Scrolls_Wonderous.cs,ItemCandidate,SourceVerified,
DJ_SW_Tracking,PowerScroll,Data/Scripts/Items/Books/PowerScrolls/Scrolls_Wonderous.cs,ItemCandidate,SourceVerified,
DJ_SW_Veterinary,PowerScroll,Data/Scripts/Items/Books/PowerScrolls/Scrolls_Wonderous.cs,ItemCandidate,SourceVerified,
DJ_SW_Wrestling,PowerScroll,Data/Scripts/Items/Books/PowerScrolls/Scrolls_Wonderous.cs,ItemCandidate,SourceVerified,
DMGuideGump,Gump,Data/Scripts/Items/Misc/Games/DandD/DungeonMastersGuide.cs,ItemCandidate,SourceVerified,
DaemonArms,BaseArmor,Data/Scripts/Items/Armor/DaemonBone/DaemonArms.cs,ItemCandidate,SourceVerified,
DaemonBlood,BaseReagent,Data/Scripts/Items/Trades/Resources/Reagents/Necromancy/DaemonBlood.cs,ItemCandidate,SourceVerified,
DaemonBone,BaseReagent,Data/Scripts/Items/Trades/Resources/Reagents/DaemonBone.cs,ItemCandidate,SourceVerified,
DaemonChest,BaseArmor,Data/Scripts/Items/Armor/DaemonBone/DaemonChest.cs,ItemCandidate,SourceVerified,
DaemonDartBoard,AddonComponent,Data/Scripts/Items/Gifts/Holiday/Halloween/Rewards/DaemonDartBoard.cs,ItemCandidate,SourceVerified,
DaemonDartBoardEastAddon,BaseAddon,Data/Scripts/Items/Gifts/Holiday/Halloween/Rewards/DaemonDartBoard.cs,ItemCandidate,SourceVerified,
DaemonDartBoardEastDeed,BaseAddonDeed,Data/Scripts/Items/Gifts/Holiday/Halloween/Rewards/DaemonDartBoard.cs,ItemCandidate,SourceVerified,
DaemonDartBoardSouthAddon,BaseAddon,Data/Scripts/Items/Gifts/Holiday/Halloween/Rewards/DaemonDartBoard.cs,ItemCandidate,SourceVerified,
DaemonDartBoardSouthDeed,BaseAddonDeed,Data/Scripts/Items/Gifts/Holiday/Halloween/Rewards/DaemonDartBoard.cs,ItemCandidate,SourceVerified,
DaemonGloves,BaseArmor,Data/Scripts/Items/Armor/DaemonBone/DaemonGloves.cs,ItemCandidate,SourceVerified,
DaemonHelm,BaseArmor,Data/Scripts/Items/Armor/Helmets/DaemonHelm.cs,ItemCandidate,SourceVerified,
DaemonLegs,BaseArmor,Data/Scripts/Items/Armor/DaemonBone/DaemonLegs.cs,ItemCandidate,SourceVerified,
DaemonMount,EtherealMount,Data/Scripts/Items/Gifts/Mounts/DaemonMount.cs,ItemCandidate,SourceVerified,
Daemonic,BaseCreature,Data/Scripts/Items/Special/DemonPrison.cs,ItemCandidate,SourceVerified,
Dagger,BaseKnife,Data/Scripts/Items/Weapons/Knives/Dagger.cs,ItemCandidate,SourceVerified,
DaggerOfVenom,Dagger,Data/Scripts/Items/Magical/Artifacts/Obsolete/Obsolete_DaggerOfVenom.cs,ItemCandidate,SourceVerified,
Daisho,BaseSword,Data/Scripts/Items/Weapons/Oriental/Daisho.cs,ItemCandidate,SourceVerified,
DamagedBooksArtifact,BaseDecorationArtifact,Data/Scripts/Items/Decorations/Artifacts/DoomDecorationArtifacts.cs,ItemCandidate,SourceVerified,
DarkBrownTreeAddon,BaseAddon,Data/Scripts/Items/Construction/Trees/DarkBrownTreeAddon.cs,ItemCandidate,SourceVerified,
DarkBrownTreeDeed,BaseAddonDeed,Data/Scripts/Items/Construction/Trees/DarkBrownTreeAddon.cs,ItemCandidate,SourceVerified,
DarkFlowerTapestryEastAddon,BaseAddon,Data/Scripts/Items/Construction/Addons/FlowerTapestries.cs,ItemCandidate,SourceVerified,
DarkFlowerTapestryEastDeed,BaseAddonDeed,Data/Scripts/Items/Construction/Addons/FlowerTapestries.cs,ItemCandidate,SourceVerified,
DarkFlowerTapestrySouthAddon,BaseAddon,Data/Scripts/Items/Construction/Addons/FlowerTapestries.cs,ItemCandidate,SourceVerified,
DarkFlowerTapestrySouthDeed,BaseAddonDeed,Data/Scripts/Items/Construction/Addons/FlowerTapestries.cs,ItemCandidate,SourceVerified,
DarkGuardiansChest,PlateChest,Data/Scripts/Items/Magical/Artifacts/Obsolete/Obsolete_DarkGuardiansChest.cs,ItemCandidate,SourceVerified,
DarkHeart,Item,Data/Scripts/Items/Misc/Bodies/LivingDead/DarkHeart.cs,ItemCandidate,SourceVerified,
DarkLordsPitchfork,Pitchfork,Data/Scripts/Items/Magical/Artifacts/Obsolete/Obsolete_DarkLordsPitchfork.cs,ItemCandidate,SourceVerified,
DarkNeck,PlateGorget,Data/Scripts/Items/Magical/Artifacts/Obsolete/Obsolete_DarkNeck.cs,ItemCandidate,SourceVerified,
DarkSandstoneFloorN,BaseFloor,Data/Scripts/Items/Construction/Floors/Floors.cs,ItemCandidate,SourceVerified,
DarkSandstoneFloorW,BaseFloor,Data/Scripts/Items/Construction/Floors/Floors.cs,ItemCandidate,SourceVerified,
DarkSapphire,Item,Data/Scripts/Items/Trades/Resources/MiscMLResources.cs,ItemCandidate,SourceVerified,
DarkShield,BaseShield,Data/Scripts/Items/Armor/Shields/DarkShield.cs,ItemCandidate,SourceVerified,
DarkSource,Item,Data/Scripts/Items/Construction/Lights/DarkSource.cs,ItemCandidate,SourceVerified,
DarkWoodDoor,BaseDoor,Data/Scripts/Items/Doors/Doors.cs,ItemCandidate,SourceVerified,
DarkWoodGate,BaseDoor,Data/Scripts/Items/Doors/Doors.cs,ItemCandidate,SourceVerified,
DarkWoodHouseDoor,BaseHouseDoor,Data/Scripts/Items/Doors/HouseDoors.cs,ItemCandidate,SourceVerified,
DarkWoodWall,BaseWall,Data/Scripts/Items/Construction/Walls/DarkWoodWall.cs,ItemCandidate,SourceVerified,
DarkYarn,BaseClothMaterial,Data/Scripts/Items/Trades/Resources/Tailor/YarnsAndThreads.cs,ItemCandidate,SourceVerified,
DartBoard,AddonComponent,Data/Scripts/Items/Construction/Addons/DartBoard.cs,ItemCandidate,SourceVerified,
DartBoardEastAddon,BaseAddon,Data/Scripts/Items/Construction/Addons/DartBoard.cs,ItemCandidate,SourceVerified,
DartBoardEastDeed,BaseAddonDeed,Data/Scripts/Items/Construction/Addons/DartBoard.cs,ItemCandidate,SourceVerified,
DartBoardSouthAddon,BaseAddon,Data/Scripts/Items/Construction/Addons/DartBoard.cs,ItemCandidate,SourceVerified,
DartBoardSouthDeed,BaseAddonDeed,Data/Scripts/Items/Construction/Addons/DartBoard.cs,ItemCandidate,SourceVerified,
DartTrapCraft,TrapCraft,Data/Scripts/Trades/Crafting/DefTinkering.cs,ItemCandidate,SourceVerified,
DataPad,Item,Data/Scripts/Items/Technology/DataPad.cs,ItemCandidate,SourceVerified,
DataPadGump,Gump,Data/Scripts/Items/Technology/DataPad.cs,ItemCandidate,SourceVerified,
DataRecord,,Data/Scripts/Items/Houses/ComponentVerification.cs,ItemCandidate,SourceVerified,
DeadBodyEWAddon,BaseAddon,Data/Scripts/Items/Gifts/Holiday/Halloween/Rewards/DeadBodyDeedEW.cs,ItemCandidate,SourceVerified,
DeadBodyEWDeed,BaseAddonDeed,Data/Scripts/Items/Gifts/Holiday/Halloween/Rewards/DeadBodyDeedEW.cs,ItemCandidate,SourceVerified,
DeadBodyNSAddon,BaseAddon,Data/Scripts/Items/Gifts/Holiday/Halloween/Rewards/DeadBodyDeedNS.cs,ItemCandidate,SourceVerified,
DeadBodyNSDeed,BaseAddonDeed,Data/Scripts/Items/Gifts/Holiday/Halloween/Rewards/DeadBodyDeedNS.cs,ItemCandidate,SourceVerified,
DeadMask,BaseHat,Data/Scripts/Items/Clothing/Hats.cs,ItemCandidate,SourceVerified,
DeadSkinArms,LeatherArms,Data/Scripts/Items/Armor/Skin/DeadSkinArmor.cs,ItemCandidate,SourceVerified,
DeadSkinChest,LeatherChest,Data/Scripts/Items/Armor/Skin/DeadSkinArmor.cs,ItemCandidate,SourceVerified,
DeadSkinGloves,LeatherGloves,Data/Scripts/Items/Armor/Skin/DeadSkinArmor.cs,ItemCandidate,SourceVerified,
DeadSkinGorget,LeatherGorget,Data/Scripts/Items/Armor/Skin/DeadSkinArmor.cs,ItemCandidate,SourceVerified,
DeadSkinHelm,LeatherCap,Data/Scripts/Items/Armor/Skin/DeadSkinArmor.cs,ItemCandidate,SourceVerified,
DeadSkinLegs,LeatherLegs,Data/Scripts/Items/Armor/Skin/DeadSkinArmor.cs,ItemCandidate,SourceVerified,
DeadWood,BaseReagent,Data/Scripts/Items/Trades/Resources/Reagents/DeadWood.cs,ItemCandidate,SourceVerified,
DeadlyPoisonPotion,BasePoisonPotion,Data/Scripts/Items/Potions/Standard/Poison Potions/DeadlyPoisonPotion.cs,ItemCandidate,SourceVerified,
DeamonHeadA,Item,Data/Scripts/Trades/Taxidermy/MagicSkulls.cs,ItemCandidate,SourceVerified,
DeamonHeadB,Item,Data/Scripts/Trades/Taxidermy/MagicSkulls.cs,ItemCandidate,SourceVerified,
DeamonHeadC,Item,Data/Scripts/Trades/Taxidermy/MagicSkulls.cs,ItemCandidate,SourceVerified,
DeathKnightWarhorse,EtherealMount,Data/Scripts/Items/Gifts/Mounts/DeathKnightWarhorse.cs,ItemCandidate,SourceVerified,
DeathPenalty,Crossbow,,ProposedItemClass,Proposed,New class should inherit from the resolved base item class.
DeathRobe,Robe,Data/Scripts/Items/Clothing/OuterTorso.cs,ItemCandidate,SourceVerified,
DeathShroud,BaseSuit,Data/Scripts/Items/Clothing/Suits/DeathShroud.cs,ItemCandidate,SourceVerified,
DeathsMask,BoneHelm,Data/Scripts/Items/Magical/Artifacts/Obsolete/Obsolete_DeathsMask.cs,ItemCandidate,SourceVerified,
DecayedCorpse,Container,Data/Scripts/Items/Misc/Bodies/Corpses/DecayedCorpse.cs,ItemCandidate,SourceVerified,
DeckDoor,Item,Data/Scripts/Items/Boats/BoatDoor.cs,ItemCandidate,SourceVerified,
DecoArrowShafts,Item,Data/Scripts/Items/Special/Rares/Tinker/ArrowShafts.cs,ItemCandidate,SourceVerified,
DecoBlackmoor,Item,Data/Scripts/Items/Special/Rares/PaganReagents/DecoBlackmoor.cs,ItemCandidate,SourceVerified,
DecoBloodspawn,Item,Data/Scripts/Items/Special/Rares/PaganReagents/DecoBloodspawn.cs,ItemCandidate,SourceVerified,
DecoBottlesOfLiquor,Item,Data/Scripts/Items/Special/Rares/Food/BottlesOfLiquor.cs,ItemCandidate,SourceVerified,
DecoBridle,Item,Data/Scripts/Items/Special/Rares/Stables/Bridle.cs,ItemCandidate,SourceVerified,
DecoBridle2,Item,Data/Scripts/Items/Special/Rares/Stables/Bridle2.cs,ItemCandidate,SourceVerified,
DecoBrimstone,Item,Data/Scripts/Items/Special/Rares/PaganReagents/DecoBrimstone.cs,ItemCandidate,SourceVerified,
DecoCards5,Item,Data/Scripts/Items/Special/Rares/PlayingCards/Cards5.cs,ItemCandidate,SourceVerified,
DecoCrystalBall,Item,Data/Scripts/Items/Special/Rares/Magic/DecoCrystalBall.cs,ItemCandidate,SourceVerified,
DecoDeckOfTarot,Item,Data/Scripts/Items/Special/Rares/TarotCards/DecoDeckOfTarot.cs,ItemCandidate,SourceVerified,
DecoDeckOfTarot2,Item,Data/Scripts/Items/Special/Rares/TarotCards/DecoDeckOfTarot2.cs,ItemCandidate,SourceVerified,
DecoDragonsBlood,Item,Data/Scripts/Items/Special/Rares/PaganReagents/DecoDragonsBlood.cs,ItemCandidate,SourceVerified,
DecoDragonsBlood2,Item,Data/Scripts/Items/Special/Rares/PaganReagents/DecoDragonsBlood2.cs,ItemCandidate,SourceVerified,
DecoEyeOfNewt,Item,Data/Scripts/Items/Special/Rares/PaganReagents/DecoEyeOfNewt.cs,ItemCandidate,SourceVerified,
DecoFlower,Item,Data/Scripts/Items/Special/Rares/Flowers/DecoFlower.cs,ItemCandidate,SourceVerified,
DecoFlower2,Item,Data/Scripts/Items/Special/Rares/Flowers/DecoFlower2.cs,ItemCandidate,SourceVerified,
DecoFullJar,Item,Data/Scripts/Items/Special/Rares/Jars/FullJars.cs,ItemCandidate,SourceVerified,
DecoFullJars3,Item,Data/Scripts/Items/Special/Rares/Jars/FullJars.cs,ItemCandidate,SourceVerified,
DecoFullJars4,Item,Data/Scripts/Items/Special/Rares/Jars/FullJars.cs,ItemCandidate,SourceVerified,
DecoGarlic,Item,Data/Scripts/Items/Special/Rares/PaganReagents/DecoGarlic.cs,ItemCandidate,SourceVerified,
DecoGarlic2,Item,Data/Scripts/Items/Special/Rares/PaganReagents/DecoGarlic2.cs,ItemCandidate,SourceVerified,
DecoGarlicBulb,Item,Data/Scripts/Items/Special/Rares/PaganReagents/DecoGarlicBulb.cs,ItemCandidate,SourceVerified,
DecoGarlicBulb2,Item,Data/Scripts/Items/Special/Rares/PaganReagents/DecoGarlicBulb2.cs,ItemCandidate,SourceVerified,
DecoGinseng,Item,Data/Scripts/Items/Special/Rares/PaganReagents/DecoGinseng.cs,ItemCandidate,SourceVerified,
DecoGinseng2,Item,Data/Scripts/Items/Special/Rares/PaganReagents/DecoGinseng2.cs,ItemCandidate,SourceVerified,
DecoGinsengRoot,Item,Data/Scripts/Items/Special/Rares/PaganReagents/DecoGinsengRoot.cs,ItemCandidate,SourceVerified,
DecoGinsengRoot2,Item,Data/Scripts/Items/Special/Rares/PaganReagents/DecoGinsengRoot2.cs,ItemCandidate,SourceVerified,
DecoGoldIngot,Item,Data/Scripts/Items/Special/Rares/Ingots/DecoGoldIngot.cs,ItemCandidate,SourceVerified,
DecoGoldIngot2,Item,Data/Scripts/Items/Special/Rares/Ingots/DecoGoldIngot2.cs,ItemCandidate,SourceVerified,
DecoGoldIngots,Item,Data/Scripts/Items/Special/Rares/Ingots/DecoGoldIngots.cs,ItemCandidate,SourceVerified,
DecoGoldIngots2,Item,Data/Scripts/Items/Special/Rares/Ingots/DecoGoldIngots2.cs,ItemCandidate,SourceVerified,
DecoGoldIngots3,Item,Data/Scripts/Items/Special/Rares/Ingots/DecoGoldIngots3.cs,ItemCandidate,SourceVerified,
DecoGoldIngots4,Item,Data/Scripts/Items/Special/Rares/Ingots/DecoGoldIngots4.cs,ItemCandidate,SourceVerified,
DecoHay,Item,Data/Scripts/Items/Special/Rares/Stables/DecoHay.cs,ItemCandidate,SourceVerified,
DecoHay2,Item,Data/Scripts/Items/Special/Rares/Stables/DecoHay2.cs,ItemCandidate,SourceVerified,
DecoHorseDung,Item,Data/Scripts/Items/Special/Rares/Stables/DecoHorseDung.cs,ItemCandidate,SourceVerified,
DecoIronIngot,Item,Data/Scripts/Items/Special/Rares/Ingots/DecoIronIngot.cs,ItemCandidate,SourceVerified,
DecoIronIngot2,Item,Data/Scripts/Items/Special/Rares/Ingots/DecoIronIngot2.cs,ItemCandidate,SourceVerified,
DecoIronIngots,Item,Data/Scripts/Items/Special/Rares/Ingots/DecoIronIngots.cs,ItemCandidate,SourceVerified,
DecoIronIngots2,Item,Data/Scripts/Items/Special/Rares/Ingots/DecoIronIngots2.cs,ItemCandidate,SourceVerified,
DecoIronIngots3,Item,Data/Scripts/Items/Special/Rares/Ingots/DecoIronIngots3.cs,ItemCandidate,SourceVerified,
DecoIronIngots4,Item,Data/Scripts/Items/Special/Rares/Ingots/DecoIronIngots4.cs,ItemCandidate,SourceVerified,
DecoIronIngots5,Item,Data/Scripts/Items/Special/Rares/Ingots/DecoIronIngots5.cs,ItemCandidate,SourceVerified,
DecoIronIngots6,Item,Data/Scripts/Items/Special/Rares/Ingots/DecoIronIngots6.cs,ItemCandidate,SourceVerified,
DecoMagicalCrystal,Item,Data/Scripts/Items/Special/Rares/Magic/DecoMagicalCrystal.cs,ItemCandidate,SourceVerified,
DecoMandrake,Item,Data/Scripts/Items/Special/Rares/PaganReagents/DecoMandrake.cs,ItemCandidate,SourceVerified,
DecoMandrake2,Item,Data/Scripts/Items/Special/Rares/PaganReagents/DecoMandrake2.cs,ItemCandidate,SourceVerified,
DecoMandrake3,Item,Data/Scripts/Items/Special/Rares/PaganReagents/DecoMandrake3.cs,ItemCandidate,SourceVerified,
DecoMandrakeRoot,Item,Data/Scripts/Items/Special/Rares/PaganReagents/DecoMandrakeRoot.cs,ItemCandidate,SourceVerified,
DecoMandrakeRoot2,Item,Data/Scripts/Items/Special/Rares/PaganReagents/DecoMandrakeRoot2.cs,ItemCandidate,SourceVerified,
DecoNightshade,Item,Data/Scripts/Items/Special/Rares/PaganReagents/DecoNightshade.cs,ItemCandidate,SourceVerified,
DecoNightshade2,Item,Data/Scripts/Items/Special/Rares/PaganReagents/DecoNightshade2.cs,ItemCandidate,SourceVerified,
DecoNightshade3,Item,Data/Scripts/Items/Special/Rares/PaganReagents/DecoNightshade3.cs,ItemCandidate,SourceVerified,
DecoObsidian,Item,Data/Scripts/Items/Special/Rares/PaganReagents/DecoObsidian.cs,ItemCandidate,SourceVerified,
DecoPumice,Item,Data/Scripts/Items/Special/Rares/PaganReagents/DecoPumice.cs,ItemCandidate,SourceVerified,
DecoRock,Item,Data/Scripts/Items/Special/Rares/Daily/DecoRock.cs,ItemCandidate,SourceVerified,
DecoRock2,Item,Data/Scripts/Items/Special/Rares/Daily/DecoRock2.cs,ItemCandidate,SourceVerified,
DecoRocks,Item,Data/Scripts/Items/Special/Rares/Daily/DecoRocks.cs,ItemCandidate,SourceVerified,
DecoRocks2,Item,Data/Scripts/Items/Special/Rares/Daily/DecoRocks2.cs,ItemCandidate,SourceVerified,
DecoRoseOfTrinsic,Item,Data/Scripts/Items/Special/Rares/Flowers/DecoRoseOfTrinsic.cs,ItemCandidate,SourceVerified,
DecoRoseOfTrinsic2,Item,Data/Scripts/Items/Special/Rares/Flowers/DecoRoseOfTrinsic2.cs,ItemCandidate,SourceVerified,
DecoRoseOfTrinsic3,Item,Data/Scripts/Items/Special/Rares/Flowers/DecoRoseOfTrinsic3.cs,ItemCandidate,SourceVerified,
DecoSilverIngot,Item,Data/Scripts/Items/Special/Rares/Ingots/DecoSilverIngot.cs,ItemCandidate,SourceVerified,
DecoSilverIngot2,Item,Data/Scripts/Items/Special/Rares/Ingots/DecoSilverIngot2.cs,ItemCandidate,SourceVerified,
DecoSilverIngots,Item,Data/Scripts/Items/Special/Rares/Ingots/DecoSilverIngots.cs,ItemCandidate,SourceVerified,
DecoSilverIngots2,Item,Data/Scripts/Items/Special/Rares/Ingots/DecoSilverIngots2.cs,ItemCandidate,SourceVerified,
DecoSilverIngots3,Item,Data/Scripts/Items/Special/Rares/Ingots/DecoSilverIngots3.cs,ItemCandidate,SourceVerified,
DecoSilverIngots4,Item,Data/Scripts/Items/Special/Rares/Ingots/DecoSilverIngots4.cs,ItemCandidate,SourceVerified,
DecoSilverIngots5,Item,Data/Scripts/Items/Special/Rares/Ingots/DecoSilverIngots5.cs,ItemCandidate,SourceVerified,
DecoSpittoon,Item,Data/Scripts/Items/Special/Rares/Misc/DecoSpittoon.cs,ItemCandidate,SourceVerified,
DecoStatueDeed,Item,Data/Scripts/Items/Decorations/DecoIngotDeed.cs,ItemCandidate,SourceVerified,
DecoTarot,Item,Data/Scripts/Items/Special/Rares/TarotCards/DecoTarot.cs,ItemCandidate,SourceVerified,
DecoTarot2,Item,Data/Scripts/Items/Special/Rares/TarotCards/DecoTarot2.cs,ItemCandidate,SourceVerified,
DecoTarot3,Item,Data/Scripts/Items/Special/Rares/TarotCards/DecoTarot3.cs,ItemCandidate,SourceVerified,
DecoTarot4,Item,Data/Scripts/Items/Special/Rares/TarotCards/DecoTarot4.cs,ItemCandidate,SourceVerified,
DecoTarot5,Item,Data/Scripts/Items/Special/Rares/TarotCards/DecoTarot5.cs,ItemCandidate,SourceVerified,
DecoTarot6,Item,Data/Scripts/Items/Special/Rares/TarotCards/DecoTarot6.cs,ItemCandidate,SourceVerified,
DecoTarot7,Item,Data/Scripts/Items/Special/Rares/TarotCards/DecoTarot7.cs,ItemCandidate,SourceVerified,
DecoTarotDeck,Item,Data/Scripts/Items/Misc/Games/Tarot.cs,ItemCandidate,SourceVerified,
DecoTray,Item,Data/Scripts/Items/Special/Rares/Food/Trays.cs,ItemCandidate,SourceVerified,
DecoTray2,Item,Data/Scripts/Items/Special/Rares/Food/Tray2.cs,ItemCandidate,SourceVerified,
DecoWyrmsHeart,Item,Data/Scripts/Items/Special/Rares/PaganReagents/DecoWyrmsHeart.cs,ItemCandidate,SourceVerified,
DecorativeAxeNorth,Item,Data/Scripts/Items/Construction/Decorative/DecorativeWeapon.cs,ItemCandidate,SourceVerified,
DecorativeAxeWest,Item,Data/Scripts/Items/Construction/Decorative/DecorativeWeapon.cs,ItemCandidate,SourceVerified,
DecorativeBowNorth,Item,Data/Scripts/Items/Construction/Decorative/DecorativeWeapon.cs,ItemCandidate,SourceVerified,
DecorativeBowWest,Item,Data/Scripts/Items/Construction/Decorative/DecorativeWeapon.cs,ItemCandidate,SourceVerified,
DecorativeDAxeNorth,Item,Data/Scripts/Items/Construction/Decorative/DecorativeWeapon.cs,ItemCandidate,SourceVerified,
DecorativeDAxeWest,Item,Data/Scripts/Items/Construction/Decorative/DecorativeWeapon.cs,ItemCandidate,SourceVerified,
DecorativePlateKabuto,BaseArmor,Data/Scripts/Items/Armor/Gargoyle/DecorativePlateKabuto.cs,ItemCandidate,SourceVerified,
DecorativeShield,Item,Data/Scripts/Items/Special/Veteran Rewards/DecorativeShield.cs,ItemCandidate,SourceVerified,
DecorativeShield1,Item,Data/Scripts/Items/Construction/Decorative/DecorativeShield.cs,ItemCandidate,SourceVerified,
DecorativeShield10,Item,Data/Scripts/Items/Construction/Decorative/DecorativeShield.cs,ItemCandidate,SourceVerified,
DecorativeShield11,Item,Data/Scripts/Items/Construction/Decorative/DecorativeShield.cs,ItemCandidate,SourceVerified,
DecorativeShield2,Item,Data/Scripts/Items/Construction/Decorative/DecorativeShield.cs,ItemCandidate,SourceVerified,
DecorativeShield3,Item,Data/Scripts/Items/Construction/Decorative/DecorativeShield.cs,ItemCandidate,SourceVerified,
DecorativeShield4,Item,Data/Scripts/Items/Construction/Decorative/DecorativeShield.cs,ItemCandidate,SourceVerified,
DecorativeShield5,Item,Data/Scripts/Items/Construction/Decorative/DecorativeShield.cs,ItemCandidate,SourceVerified,
DecorativeShield6,Item,Data/Scripts/Items/Construction/Decorative/DecorativeShield.cs,ItemCandidate,SourceVerified,
DecorativeShield7,Item,Data/Scripts/Items/Construction/Decorative/DecorativeShield.cs,ItemCandidate,SourceVerified,
DecorativeShield8,Item,Data/Scripts/Items/Construction/Decorative/DecorativeShield.cs,ItemCandidate,SourceVerified,
DecorativeShield9,Item,Data/Scripts/Items/Construction/Decorative/DecorativeShield.cs,ItemCandidate,SourceVerified,
DecorativeShieldDeed,Item,Data/Scripts/Items/Special/Veteran Rewards/DecorativeShield.cs,ItemCandidate,SourceVerified,
DecorativeShieldSword1North,Item,Data/Scripts/Items/Construction/Decorative/DecorativeShield.cs,ItemCandidate,SourceVerified,
DecorativeShieldSword1West,Item,Data/Scripts/Items/Construction/Decorative/DecorativeShield.cs,ItemCandidate,SourceVerified,
DecorativeShieldSword2North,Item,Data/Scripts/Items/Construction/Decorative/DecorativeShield.cs,ItemCandidate,SourceVerified,
DecorativeShieldSword2West,Item,Data/Scripts/Items/Construction/Decorative/DecorativeShield.cs,ItemCandidate,SourceVerified,
DecorativeSwordNorth,Item,Data/Scripts/Items/Construction/Decorative/DecorativeWeapon.cs,ItemCandidate,SourceVerified,
DecorativeSwordWest,Item,Data/Scripts/Items/Construction/Decorative/DecorativeWeapon.cs,ItemCandidate,SourceVerified,
DecorativeTopiary,Item,Data/Scripts/Items/Gifts/Holiday/Christmas/Christmas Gifts/DecorativeTopiary.cs,ItemCandidate,SourceVerified,
DecoreItemInfo,,Data/Scripts/Items/Houses/Monopoly/Misc/DecoreItemInfo.cs,ItemCandidate,SourceVerified,
DeerMask,BaseHat,Data/Scripts/Items/Clothing/Hats.cs,ItemCandidate,SourceVerified,
DefAlchemy,CraftSystem,Data/Scripts/Trades/Crafting/DefAlchemy.cs,ItemCandidate,SourceVerified,
DefBlacksmithy,CraftSystem,Data/Scripts/Trades/Crafting/DefBlacksmithy.cs,ItemCandidate,SourceVerified,
DefBowFletching,CraftSystem,Data/Scripts/Trades/Crafting/DefBowFletching.cs,ItemCandidate,SourceVerified,
DefCarpentry,CraftSystem,Data/Scripts/Trades/Crafting/DefCarpentry.cs,ItemCandidate,SourceVerified,
DefCartography,CraftSystem,Data/Scripts/Trades/Crafting/DefCartography.cs,ItemCandidate,SourceVerified,
DefCooking,CraftSystem,Data/Scripts/Trades/Crafting/DefCooking.cs,ItemCandidate,SourceVerified,
DefDruidism,CraftSystem,Data/Scripts/Trades/Crafting/DefDruidism.cs,ItemCandidate,SourceVerified,
DefGlassblowing,CraftSystem,Data/Scripts/Trades/Crafting/DefGlassblowing.cs,ItemCandidate,SourceVerified,
DefGodBrewing,CraftSystem,Data/Scripts/Trades/Crafting/DefGodCrafting.cs,ItemCandidate,SourceVerified,
DefGodSewing,CraftSystem,Data/Scripts/Trades/Crafting/DefGodCrafting.cs,ItemCandidate,SourceVerified,
DefGodSmithing,CraftSystem,Data/Scripts/Trades/Crafting/DefGodCrafting.cs,ItemCandidate,SourceVerified,
DefInscription,CraftSystem,Data/Scripts/Trades/Crafting/DefInscription.cs,ItemCandidate,SourceVerified,
DefMasonry,CraftSystem,Data/Scripts/Trades/Crafting/DefMasonry.cs,ItemCandidate,SourceVerified,
DefShelves,CraftSystem,Data/Scripts/Trades/Crafting/DefShelves.cs,ItemCandidate,SourceVerified,
DefTailoring,CraftSystem,Data/Scripts/Trades/Crafting/DefTailoring.cs,ItemCandidate,SourceVerified,
DefTinkering,CraftSystem,Data/Scripts/Trades/Crafting/DefTinkering.cs,ItemCandidate,SourceVerified,
DefWands,CraftSystem,Data/Scripts/Trades/Crafting/DefWands.cs,ItemCandidate,SourceVerified,
DefWaxingPot,CraftSystem,Data/Scripts/Trades/Apiculture/DefWaxCrafting.cs,ItemCandidate,SourceVerified,
DefWitchery,CraftSystem,Data/Scripts/Trades/Crafting/DefWitchery.cs,ItemCandidate,SourceVerified,
DefaultEntry,ContextMenuEntry,Data/Scripts/Items/Misc/Games/BaseBoard.cs,ItemCandidate,SourceVerified,Multiple source declarations found.
DemigodBlood,Item,Data/Scripts/Items/Trades/Resources/Unique/DemigodBlood.cs,ItemCandidate,SourceVerified,
DemonClaw,Item,Data/Scripts/Items/Trades/Resources/Unique/DemonClaw.cs,ItemCandidate,SourceVerified,
DemonHead,BaseHat,Data/Scripts/Items/Misc/WornHumanDeco.cs,ItemCandidate,SourceVerified,
DemonPrison,Item,Data/Scripts/Items/Special/DemonPrison.cs,ItemCandidate,SourceVerified,
DemonPrisonGump,Gump,Data/Scripts/Items/Special/DemonPrison.cs,ItemCandidate,SourceVerified,
DemonSkin,Item,Data/Scripts/Items/Trades/Resources/Tailor/Skin/DemonSkin.cs,ItemCandidate,SourceVerified,
DemonSkull,Item,Data/Scripts/Items/Decorations/Artifacts/Decorative/DemonSkull.cs,ItemCandidate,SourceVerified,
DemonWings,BaseMiddleTorso,Data/Scripts/Items/Misc/WornHumanDeco.cs,ItemCandidate,SourceVerified,
DenseSharpeningStone,Item,Data/Scripts/Items/Trades/Sharpening/DenseSharpeningStone.cs,ItemCandidate,SourceVerified,
DenseSharpeningStoneTarget,Target,Data/Scripts/Items/Trades/Sharpening/DenseSharpeningStone.cs,ItemCandidate,SourceVerified,
DesignContext,,Data/Scripts/Items/Houses/HouseFoundation.cs,ItemCandidate,SourceVerified,
DesignState,,Data/Scripts/Items/Houses/HouseFoundation.cs,ItemCandidate,SourceVerified,
DesignStateDetailed,Packet,Data/Scripts/Items/Houses/HouseFoundation.cs,ItemCandidate,SourceVerified,
DesignStateGeneral,Packet,Data/Scripts/Items/Houses/HouseFoundation.cs,ItemCandidate,SourceVerified,
DetectiveBoots,Boots,Data/Scripts/Items/Magical/Artifacts/Obsolete/Obsolete_DetectiveBoots.cs,ItemCandidate,SourceVerified,
Diamond,Item,Data/Scripts/Items/Gems/Diamond.cs,ItemCandidate,SourceVerified,
DiamondAmulet,GoldNecklace,Data/Scripts/Items/Jewels/Tinkered.cs,ItemCandidate,SourceVerified,
DiamondBracelet,GoldBracelet,Data/Scripts/Items/Jewels/Tinkered.cs,ItemCandidate,SourceVerified,
DiamondEarrings,GoldEarrings,Data/Scripts/Items/Jewels/Tinkered.cs,ItemCandidate,SourceVerified,
DiamondMace,BaseBashing,Data/Scripts/Items/Weapons/Maces/DiamondMace.cs,ItemCandidate,SourceVerified,
DiamondRing,GoldRing,Data/Scripts/Items/Jewels/Tinkered.cs,ItemCandidate,SourceVerified,
Dice10,Item,Data/Scripts/Items/Misc/Games/DandD/Dice10.cs,ItemCandidate,SourceVerified,
Dice12,Item,Data/Scripts/Items/Misc/Games/DandD/Dice12.cs,ItemCandidate,SourceVerified,
Dice20,Item,Data/Scripts/Items/Misc/Games/DandD/Dice20.cs,ItemCandidate,SourceVerified,
Dice4,Item,Data/Scripts/Items/Misc/Games/DandD/Dice4.cs,ItemCandidate,SourceVerified,
Dice6,Item,Data/Scripts/Items/Misc/Games/DandD/Dice6.cs,ItemCandidate,SourceVerified,
Dice8,Item,Data/Scripts/Items/Misc/Games/DandD/Dice8.cs,ItemCandidate,SourceVerified,
DiceCommand,,Data/Scripts/Items/Misc/Games/LiarsDice/DiceCommand.cs,ItemCandidate,SourceVerified,
DiceState,,Data/Scripts/Items/Misc/Games/LiarsDice/DiceChannel.cs,ItemCandidate,SourceVerified,
Dices,Item,Data/Scripts/Items/Misc/Games/Dices.cs,ItemCandidate,SourceVerified,
DinosaurHides,BaseHides,Data/Scripts/Items/Trades/Resources/Tailor/Hides.cs,ItemCandidate,SourceVerified,
DinosaurLeather,BaseLeather,Data/Scripts/Items/Trades/Resources/Tailor/Leathers.cs,ItemCandidate,SourceVerified,
DinosaurScales,BaseScales,Data/Scripts/Items/Trades/Resources/Blacksmithing/Scales.cs,ItemCandidate,SourceVerified,
DirtGreenThornsEffect,GreenThornsEffect,Data/Scripts/Trades/Gardening/MiscItems/GreenThorns.cs,ItemCandidate,SourceVerified,
DirtPatch,Item,Data/Scripts/Items/Decorations/Artifacts/Decorative/DirtPatch.cs,ItemCandidate,SourceVerified,
DirtyFrypan,Item,Data/Scripts/Items/Misc/Rares.cs,ItemCandidate,SourceVerified,
DirtyKettle,Item,Data/Scripts/Items/Misc/Rares.cs,ItemCandidate,SourceVerified,
DirtyPan,Item,Data/Scripts/Items/Misc/Rares.cs,ItemCandidate,SourceVerified,
DirtyPot,Item,Data/Scripts/Items/Misc/Rares.cs,ItemCandidate,SourceVerified,
DirtyRoundPot,Item,Data/Scripts/Items/Misc/Rares.cs,ItemCandidate,SourceVerified,
DirtySmallPot,Item,Data/Scripts/Items/Misc/Rares.cs,ItemCandidate,SourceVerified,
DirtySmallRoundPot,Item,Data/Scripts/Items/Misc/Rares.cs,ItemCandidate,SourceVerified,
DirtyWaterskin,Item,Data/Scripts/Items/Food/Waterskin.cs,ItemCandidate,SourceVerified,
DiseasedBark,Item,Data/Scripts/Items/Trades/Resources/MiscMLResources.cs,ItemCandidate,SourceVerified,
DisguiseGump,Gump,Data/Scripts/Items/Trades/Thieving/DisguiseKit.cs,ItemCandidate,SourceVerified,
DisguiseKit,Item,Data/Scripts/Items/Trades/Thieving/DisguiseKit.cs,ItemCandidate,SourceVerified,
DisguisePersistance,Item,Data/Scripts/Items/Trades/Thieving/DisguisePersistance.cs,ItemCandidate,SourceVerified,
DisguiseTimers,,Data/Scripts/Items/Trades/Thieving/DisguiseKit.cs,ItemCandidate,SourceVerified,
Disintegrator,KilrathiHeavyGun,,ProposedItemClass,Proposed,New class should inherit from the resolved base item class.
DispelFieldMagicStaff,BaseMagicStaff,Data/Scripts/Items/Wands/5th Circle/DispelFieldStaff.cs,ItemCandidate,SourceVerified,
DispelMagicStaff,BaseMagicStaff,Data/Scripts/Items/Wands/6th Circle/DispelStaff.cs,ItemCandidate,SourceVerified,
DisplayHelpTopic,Packet,Data/Scripts/Trades/Gardening/Network/DisplayHelpTopic.cs,ItemCandidate,SourceVerified,
DisturbingPortraitAddon,BaseAddon,Data/Scripts/Items/Special/Evil Home Decor Collection/DisturbingPortrait.cs,ItemCandidate,SourceVerified,
DisturbingPortraitComponent,AddonComponent,Data/Scripts/Items/Special/Evil Home Decor Collection/DisturbingPortrait.cs,ItemCandidate,SourceVerified,
DisturbingPortraitDeed,BaseAddonDeed,Data/Scripts/Items/Special/Evil Home Decor Collection/DisturbingPortrait.cs,ItemCandidate,SourceVerified,
DivineArms,LeatherArms,Data/Scripts/Items/Magical/Artifacts/Obsolete/Obsolete_DivineArms.cs,ItemCandidate,SourceVerified,
DivineCountenance,HornedTribalMask,Data/Scripts/Items/Magical/Artifacts/Obsolete/Obsolete_DivineCountenance.cs,ItemCandidate,SourceVerified,
DivineGloves,LeatherGloves,Data/Scripts/Items/Magical/Artifacts/Obsolete/Obsolete_DivineGloves.cs,ItemCandidate,SourceVerified,
DivineGorget,LeatherGorget,Data/Scripts/Items/Magical/Artifacts/Obsolete/Obsolete_DivineGorget.cs,ItemCandidate,SourceVerified,
DivineLeggings,LeatherLegs,Data/Scripts/Items/Magical/Artifacts/Obsolete/Obsolete_DivineLeggings.cs,ItemCandidate,SourceVerified,
DivineTunic,LeatherChest,Data/Scripts/Items/Magical/Artifacts/Obsolete/Obsolete_DivineTunic.cs,ItemCandidate,SourceVerified,
DjinnisRing,SilverRing,Data/Scripts/Items/Magical/Artifacts/Obsolete/Obsolete_DjinnisRing.cs,ItemCandidate,SourceVerified,
DockingLantern,Item,Data/Scripts/Items/Boats/DockingLantern.cs,ItemCandidate,SourceVerified,
DolphinEastLargeAddon,BaseAddon,Data/Scripts/Items/Trades/Fishing/Sea Artifacts/DolphinEastLargeAddon.cs,ItemCandidate,SourceVerified,
DolphinEastLargeAddonDeed,BaseAddonDeed,Data/Scripts/Items/Trades/Fishing/Sea Artifacts/DolphinEastLargeAddon.cs,ItemCandidate,SourceVerified,
DolphinEastSmallAddon,BaseAddon,Data/Scripts/Items/Trades/Fishing/Sea Artifacts/DolphinEastSmallAddon.cs,ItemCandidate,SourceVerified,
DolphinEastSmallAddonDeed,BaseAddonDeed,Data/Scripts/Items/Trades/Fishing/Sea Artifacts/DolphinEastSmallAddon.cs,ItemCandidate,SourceVerified,
DolphinLeftArtifact,BaseDecorationArtifact,Data/Scripts/Items/Decorations/Artifacts/SEDecorationArtifacts.cs,ItemCandidate,SourceVerified,
DolphinRightArtifact,BaseDecorationArtifact,Data/Scripts/Items/Decorations/Artifacts/SEDecorationArtifacts.cs,ItemCandidate,SourceVerified,
DolphinSouthLargeAddon,BaseAddon,Data/Scripts/Items/Trades/Fishing/Sea Artifacts/DolphinSouthLargeAddon.cs,ItemCandidate,SourceVerified,
DolphinSouthLargeAddonDeed,BaseAddonDeed,Data/Scripts/Items/Trades/Fishing/Sea Artifacts/DolphinSouthLargeAddon.cs,ItemCandidate,SourceVerified,
DolphinSouthSmallAddon,BaseAddon,Data/Scripts/Items/Trades/Fishing/Sea Artifacts/DolphinSouthSmallAddon.cs,ItemCandidate,SourceVerified,
DolphinSouthSmallAddonDeed,BaseAddonDeed,Data/Scripts/Items/Trades/Fishing/Sea Artifacts/DolphinSouthSmallAddon.cs,ItemCandidate,SourceVerified,
DoomBlade,NoDachi,,ProposedItemClass,Proposed,New class should inherit from the resolved base item class.
DoomFlayerNote,Item,Data/Scripts/Items/Books/DoomFlayerNote.cs,ItemCandidate,SourceVerified,
DoorBounce,Item,Data/Scripts/Items/Doors/DoorBounce.cs,ItemCandidate,SourceVerified,
DoorOpener,Item,Data/Scripts/Items/Doors/DoorOpener.cs,ItemCandidate,SourceVerified,
DoorRavendark,Item,Data/Scripts/Items/Doors/DoorRavendark.cs,ItemCandidate,SourceVerified,
DoorStuck,Item,Data/Scripts/Items/Doors/DoorStuck.cs,ItemCandidate,SourceVerified,
DoorSwitch,Item,Data/Scripts/Items/Doors/DoorSwitch.cs,ItemCandidate,SourceVerified,
DoorTeleporter,Item,Data/Scripts/Items/Doors/DoorTeleporter.cs,ItemCandidate,SourceVerified,
DoubleAxe,BaseAxe,Data/Scripts/Items/Weapons/Axes/DoubleAxe.cs,ItemCandidate,SourceVerified,
DoubleBladedStaff,BaseSpear,Data/Scripts/Items/Weapons/SpearsAndForks/DoubleBladedStaff.cs,ItemCandidate,SourceVerified,
DoubleLaserSword,BaseSword,Data/Scripts/Items/Technology/DoubleLaserSword.cs,ItemCandidate,SourceVerified,
Doublet,BaseMiddleTorso,Data/Scripts/Items/Clothing/MiddleTorso.cs,ItemCandidate,SourceVerified,
Dough,Item,Data/Scripts/Items/Food/Cooking.cs,ItemCandidate,SourceVerified,Multiple source declarations found.
DovetailSaw,BaseTool,Data/Scripts/Items/Trades/Tools/DovetailSaw.cs,ItemCandidate,SourceVerified,
DracolichSkull,Item,Data/Scripts/Items/Special/DracolichSkull.cs,ItemCandidate,SourceVerified,
DracolichSkullGump,Gump,Data/Scripts/Items/Special/DracolichSkull.cs,ItemCandidate,SourceVerified,
DraconicHides,BaseHides,Data/Scripts/Items/Trades/Resources/Tailor/Hides.cs,ItemCandidate,SourceVerified,
DraconicLeather,BaseLeather,Data/Scripts/Items/Trades/Resources/Tailor/Leathers.cs,ItemCandidate,SourceVerified,
DraculaSword,RoyalSword,Data/Scripts/Items/Magical/DraculaSword.cs,ItemCandidate,SourceVerified,
DragonArms,BaseArmor,Data/Scripts/Items/Armor/Dragon/DragonArms.cs,ItemCandidate,SourceVerified,
DragonBardingDeed,Item,Data/Scripts/Items/Deeds/DragonBardingDeed.cs,ItemCandidate,SourceVerified,
DragonBlood,Item,Data/Scripts/Items/Trades/Resources/Unique/DragonBlood.cs,ItemCandidate,SourceVerified,
DragonChest,BaseArmor,Data/Scripts/Items/Armor/Dragon/DragonChest.cs,ItemCandidate,SourceVerified,
DragonEgg,Item,Data/Scripts/Items/Special/DragonEgg.cs,ItemCandidate,SourceVerified,
DragonEggGump,Gump,Data/Scripts/Items/Special/DragonEgg.cs,ItemCandidate,SourceVerified,
DragonGloves,BaseArmor,Data/Scripts/Items/Armor/Dragon/DragonGloves.cs,ItemCandidate,SourceVerified,
DragonHelm,BaseArmor,Data/Scripts/Items/Armor/Dragon/DragonHelm.cs,ItemCandidate,SourceVerified,
DragonLamp,BaseLight,Data/Scripts/Items/Construction/Lights/DragonLamp.cs,ItemCandidate,SourceVerified,
DragonLegs,BaseArmor,Data/Scripts/Items/Armor/Dragon/DragonLegs.cs,ItemCandidate,SourceVerified,
DragonOrbStatue,Item,Data/Scripts/Items/Special/DragonOrbStatue.cs,ItemCandidate,SourceVerified,
DragonPedStatue,Item,Data/Scripts/Items/Special/DragonPedStatue.cs,ItemCandidate,SourceVerified,
DragonRobe,BaseOuterTorso,Data/Scripts/Items/Clothing/Robes.cs,ItemCandidate,SourceVerified,
DragonSkin,Item,Data/Scripts/Items/Trades/Resources/Tailor/Skin/DragonSkin.cs,ItemCandidate,SourceVerified,
DragonTooth,Item,Data/Scripts/Items/Trades/Resources/Unique/DragonTooth.cs,ItemCandidate,SourceVerified,
DrakkhenEggBlack,Item,Data/Scripts/Items/Special/DrakkhenEgg.cs,ItemCandidate,SourceVerified,
DrakkhenEggGump,Gump,Data/Scripts/Items/Special/DrakkhenEgg.cs,ItemCandidate,SourceVerified,Multiple source declarations found.
DrakkhenEggRed,Item,Data/Scripts/Items/Special/DrakkhenEgg.cs,ItemCandidate,SourceVerified,
DrawKnife,BaseTool,Data/Scripts/Items/Trades/Tools/DrawKnife.cs,ItemCandidate,SourceVerified,
Drawer,BaseContainer,Data/Scripts/Items/Containers/FurnitureContainer.cs,ItemCandidate,SourceVerified,
DreadHelm,BaseArmor,Data/Scripts/Items/Armor/Helmets/DreadHelm.cs,ItemCandidate,SourceVerified,
DreadHornMane,Item,Data/Scripts/Items/Trades/Resources/MiscMLResources.cs,ItemCandidate,SourceVerified,
DreadMace,Mace,,ProposedItemClass,Proposed,Conflicting name resolved.
DreadPirateHat,TricorneHat,Data/Scripts/Items/Magical/Artifacts/Obsolete/Obsolete_DreadPirateHat.cs,ItemCandidate,SourceVerified,
Dressform,Item,Data/Scripts/Items/Trades/Tailor Items/Dressform.cs,ItemCandidate,SourceVerified,
DriedHerbs,Item,Data/Scripts/Items/Misc/Rares.cs,ItemCandidate,SourceVerified,
DriedOnions,Item,Data/Scripts/Items/Misc/Rares.cs,ItemCandidate,SourceVerified,
DriedToad,BaseReagent,Data/Scripts/Items/Trades/Resources/Reagents/Witch/DriedToad.cs,ItemCandidate,SourceVerified,
DriftwoodBoard,BaseWoodBoard,Data/Scripts/Items/Trades/Carpenter Items/Board.cs,ItemCandidate,SourceVerified,
DriftwoodLog,BaseLog,Data/Scripts/Items/Trades/Lumberjack/Log.cs,ItemCandidate,SourceVerified,
DroppedContainer,Container,Data/Scripts/Items/Traps/DroppedPack.cs,ItemCandidate,SourceVerified,
DruidCauldron,BaseTool,Data/Scripts/Items/Trades/Tools/DruidCauldron.cs,ItemCandidate,SourceVerified,
DruidMirror,Item,Data/Scripts/Items/Misc/DruidMirror.cs,ItemCandidate,SourceVerified,
Drums,BaseInstrument,Data/Scripts/Items/Trades/Musical Instruments/Drums.cs,ItemCandidate,SourceVerified,
DuctTape,Item,Data/Scripts/Items/Technology/DuctTape.cs,ItemCandidate,SourceVerified,
DugUpCoal,Item,Data/Scripts/Items/Trades/Resources/Blacksmithing/DugUpCoal.cs,ItemCandidate,SourceVerified,
DugUpZinc,Item,Data/Scripts/Items/Trades/Resources/Blacksmithing/DugUpZinc.cs,ItemCandidate,SourceVerified,
DullCopperAmulet,GoldNecklace,Data/Scripts/Items/Jewels/Tinkered.cs,ItemCandidate,SourceVerified,
DullCopperBracelet,GoldBracelet,Data/Scripts/Items/Jewels/Tinkered.cs,ItemCandidate,SourceVerified,
DullCopperEarrings,GoldEarrings,Data/Scripts/Items/Jewels/Tinkered.cs,ItemCandidate,SourceVerified,
DullCopperGranite,BaseGranite,Data/Scripts/Items/Trades/Resources/Masonry/Granite.cs,ItemCandidate,SourceVerified,
DullCopperHammer,RunicHammer1,Data/Scripts/Trades/Runics/BaseRunicHammer.cs,ItemCandidate,SourceVerified,
DullCopperIngot,BaseIngot,Data/Scripts/Items/Trades/Resources/Blacksmithing/Ingots.cs,ItemCandidate,SourceVerified,
DullCopperOre,BaseOre,Data/Scripts/Items/Trades/Resources/Blacksmithing/Ore.cs,ItemCandidate,SourceVerified,
DullCopperRing,GoldRing,Data/Scripts/Items/Jewels/Tinkered.cs,ItemCandidate,SourceVerified,
DullCopperTinkerTools,RunicTinkerTools,Data/Scripts/Trades/Runics/BaseRunicTinkerTools.cs,ItemCandidate,SourceVerified,
DungeonChest,LockableContainer,Data/Scripts/Items/Containers/DungeonChest.cs,ItemCandidate,SourceVerified,
DungeonChestSpawner,Item,Data/Scripts/Items/Containers/DungeonChest.cs,ItemCandidate,SourceVerified,
DungeonLoot,,Data/Scripts/Items/Containers/DungeonLoot.cs,ItemCandidate,SourceVerified,
DungeonMastersGuide,Item,Data/Scripts/Items/Misc/Games/DandD/DungeonMastersGuide.cs,ItemCandidate,SourceVerified,
DupreSuit,BaseSuit,Data/Scripts/Items/Clothing/Suits/DupreSuit.cs,ItemCandidate,SourceVerified,
DupresCollar,PlateGorget,Data/Scripts/Items/Magical/Artifacts/Obsolete/Obsolete_DupresCollar.cs,ItemCandidate,SourceVerified,
DupresShield,BaseShield,Data/Scripts/Items/Magical/Artifacts/Obsolete/Obsolete_DupresShield.cs,ItemCandidate,SourceVerified,
DurabilityPotion,BasePotion,Data/Scripts/Items/Potions/Special/DurabilityPotion.cs,ItemCandidate,SourceVerified,
DustPile,Item,Data/Scripts/Items/Containers/DustPile.cs,ItemCandidate,SourceVerified,
DwarvenAmulet,GoldNecklace,Data/Scripts/Items/Jewels/Tinkered.cs,ItemCandidate,SourceVerified,
DwarvenBracelet,GoldBracelet,Data/Scripts/Items/Jewels/Tinkered.cs,ItemCandidate,SourceVerified,
DwarvenEarrings,GoldEarrings,Data/Scripts/Items/Jewels/Tinkered.cs,ItemCandidate,SourceVerified,
DwarvenForge,Item,Data/Scripts/Items/Trades/Blacksmith Items/DwarvenForge.cs,ItemCandidate,SourceVerified,
DwarvenGranite,BaseGranite,Data/Scripts/Items/Trades/Resources/Masonry/Granite.cs,ItemCandidate,SourceVerified,
DwarvenIngot,BaseIngot,Data/Scripts/Items/Trades/Resources/Blacksmithing/Ingots.cs,ItemCandidate,SourceVerified,
DwarvenOre,BaseOre,Data/Scripts/Items/Trades/Resources/Blacksmithing/Ore.cs,ItemCandidate,SourceVerified,
DwarvenRing,GoldRing,Data/Scripts/Items/Jewels/Tinkered.cs,ItemCandidate,SourceVerified,
DyeTub,Item,Data/Scripts/Items/Misc/Dyes/DyeTub.cs,ItemCandidate,SourceVerified,
Dyes,Item,Data/Scripts/Items/Trades/Tailor Items/Dyes.cs,ItemCandidate,SourceVerified,
DyingPlant,Item,Data/Scripts/Items/Gifts/Holiday/Halloween/Rewards/HalloweenItems.cs,ItemCandidate,SourceVerified,
DynamicBook,Item,Data/Scripts/Items/Books/DynamicBook.cs,ItemCandidate,SourceVerified,
DynamicBookGump,Gump,Data/Scripts/Items/Books/DynamicBook.cs,ItemCandidate,SourceVerified,
DynamicFlipingAttribute,Attribute,Data/Scripts/Items/Misc/FlipableAttribute.cs,ItemCandidate,SourceVerified,
DynamicFurniture,,Data/Scripts/Items/Containers/FurnitureContainer.cs,ItemCandidate,SourceVerified,
DynamicJediGump,Gump,Data/Scripts/Items/Books/DynamicBook.cs,ItemCandidate,SourceVerified,
DynamicSythGump,Gump,Data/Scripts/Items/Books/DynamicBook.cs,ItemCandidate,SourceVerified,
ECrystalAltarAddon,BaseAddon,Data/Scripts/Items/Gifts/CrystalDeeds/ECrystalAltar.cs,ItemCandidate,SourceVerified,
ECrystalAltarComponent,AddonComponent,Data/Scripts/Items/Gifts/CrystalDeeds/ECrystalAltar.cs,ItemCandidate,SourceVerified,
ECrystalAltarDeed,BaseAddonDeed,Data/Scripts/Items/Gifts/CrystalDeeds/ECrystalAltar.cs,ItemCandidate,SourceVerified,
ECrystalBeggarStatueAddon,BaseAddon,Data/Scripts/Items/Gifts/CrystalDeeds/ECrystalBeggarStatue.cs,ItemCandidate,SourceVerified,
ECrystalBeggarStatueComponent,AddonComponent,Data/Scripts/Items/Gifts/CrystalDeeds/ECrystalBeggarStatue.cs,ItemCandidate,SourceVerified,
ECrystalBeggarStatueDeed,BaseAddonDeed,Data/Scripts/Items/Gifts/CrystalDeeds/ECrystalBeggarStatue.cs,ItemCandidate,SourceVerified,
ECrystalBrazierAddon,BaseAddon,Data/Scripts/Items/Gifts/CrystalDeeds/ECrystalBrazier.cs,ItemCandidate,SourceVerified,
ECrystalBrazierComponent,AddonComponent,Data/Scripts/Items/Gifts/CrystalDeeds/ECrystalBrazier.cs,ItemCandidate,SourceVerified,
ECrystalBrazierDeed,BaseAddonDeed,Data/Scripts/Items/Gifts/CrystalDeeds/ECrystalBrazier.cs,ItemCandidate,SourceVerified,
ECrystalBullAddon,BaseAddon,Data/Scripts/Items/Gifts/CrystalDeeds/ECrystalBull.cs,ItemCandidate,SourceVerified,
ECrystalBullComponent,AddonComponent,Data/Scripts/Items/Gifts/CrystalDeeds/ECrystalBull.cs,ItemCandidate,SourceVerified,
ECrystalBullDeed,BaseAddonDeed,Data/Scripts/Items/Gifts/CrystalDeeds/ECrystalBull.cs,ItemCandidate,SourceVerified,
ECrystalRunnerStatueAddon,BaseAddon,Data/Scripts/Items/Gifts/CrystalDeeds/ECrystalRunnerStatue.cs,ItemCandidate,SourceVerified,
ECrystalRunnerStatueComponent,AddonComponent,Data/Scripts/Items/Gifts/CrystalDeeds/ECrystalRunnerStatue.cs,ItemCandidate,SourceVerified,
ECrystalRunnerStatueDeed,BaseAddonDeed,Data/Scripts/Items/Gifts/CrystalDeeds/ECrystalRunnerStatue.cs,ItemCandidate,SourceVerified,
ECrystalSupplicantStatueAddon,BaseAddon,Data/Scripts/Items/Gifts/CrystalDeeds/ECrystalSupplicantStatue.cs,ItemCandidate,SourceVerified,
ECrystalSupplicantStatueComponent,AddonComponent,Data/Scripts/Items/Gifts/CrystalDeeds/ECrystalSupplicantStatue.cs,ItemCandidate,SourceVerified,
ECrystalSupplicantStatueDeed,BaseAddonDeed,Data/Scripts/Items/Gifts/CrystalDeeds/ECrystalSupplicantStatue.cs,ItemCandidate,SourceVerified,
ECrystalTableAddon,BaseAddon,Data/Scripts/Items/Gifts/CrystalDeeds/ECrystalTable.cs,ItemCandidate,SourceVerified,
ECrystalTableComponent,AddonComponent,Data/Scripts/Items/Gifts/CrystalDeeds/ECrystalTable.cs,ItemCandidate,SourceVerified,
ECrystalTableDeed,BaseAddonDeed,Data/Scripts/Items/Gifts/CrystalDeeds/ECrystalTable.cs,ItemCandidate,SourceVerified,
ECrystalThroneAddon,BaseAddon,Data/Scripts/Items/Gifts/CrystalDeeds/ECrystalThrone.cs,ItemCandidate,SourceVerified,
ECrystalThroneComponent,AddonComponent,Data/Scripts/Items/Gifts/CrystalDeeds/ECrystalThrone.cs,ItemCandidate,SourceVerified,
ECrystalThroneDeed,BaseAddonDeed,Data/Scripts/Items/Gifts/CrystalDeeds/ECrystalThrone.cs,ItemCandidate,SourceVerified,
EGlobeOfSosariaAddon,BaseAddon,Data/Scripts/Items/Gifts/ShadowDeeds/EGlobeOfSosaria.cs,ItemCandidate,SourceVerified,
EGlobeOfSosariaComponent,AddonComponent,Data/Scripts/Items/Gifts/ShadowDeeds/EGlobeOfSosaria.cs,ItemCandidate,SourceVerified,
EGlobeOfSosariaDeed,BaseAddonDeed,Data/Scripts/Items/Gifts/ShadowDeeds/EGlobeOfSosaria.cs,ItemCandidate,SourceVerified,
EObsidianPillarAddon,BaseAddon,Data/Scripts/Items/Gifts/ShadowDeeds/EObsidianPillar.cs,ItemCandidate,SourceVerified,
EObsidianPillarComponent,AddonComponent,Data/Scripts/Items/Gifts/ShadowDeeds/EObsidianPillar.cs,ItemCandidate,SourceVerified,
EObsidianPillarDeed,BaseAddonDeed,Data/Scripts/Items/Gifts/ShadowDeeds/EObsidianPillar.cs,ItemCandidate,SourceVerified,
EObsidianRockAddon,BaseAddon,Data/Scripts/Items/Gifts/ShadowDeeds/EObsidianRock.cs,ItemCandidate,SourceVerified,
EObsidianRockComponent,AddonComponent,Data/Scripts/Items/Gifts/ShadowDeeds/EObsidianRock.cs,ItemCandidate,SourceVerified,
EObsidianRockDeed,BaseAddonDeed,Data/Scripts/Items/Gifts/ShadowDeeds/EObsidianRock.cs,ItemCandidate,SourceVerified,
EShadowAltarAddon,BaseAddon,Data/Scripts/Items/Gifts/ShadowDeeds/EShadowAltar.cs,ItemCandidate,SourceVerified,
EShadowAltarComponent,AddonComponent,Data/Scripts/Items/Gifts/ShadowDeeds/EShadowAltar.cs,ItemCandidate,SourceVerified,
EShadowAltarDeed,BaseAddonDeed,Data/Scripts/Items/Gifts/ShadowDeeds/EShadowAltar.cs,ItemCandidate,SourceVerified,
EShadowBannerAddon,BaseAddon,Data/Scripts/Items/Gifts/ShadowDeeds/EShadowBanner.cs,ItemCandidate,SourceVerified,
EShadowBannerComponent,AddonComponent,Data/Scripts/Items/Gifts/ShadowDeeds/EShadowBanner.cs,ItemCandidate,SourceVerified,
EShadowBannerDeed,BaseAddonDeed,Data/Scripts/Items/Gifts/ShadowDeeds/EShadowBanner.cs,ItemCandidate,SourceVerified,
EShadowFirePitAddon,BaseAddon,Data/Scripts/Items/Gifts/ShadowDeeds/EShadowFirePit.cs,ItemCandidate,SourceVerified,
EShadowFirePitComponent,AddonComponent,Data/Scripts/Items/Gifts/ShadowDeeds/EShadowFirePit.cs,ItemCandidate,SourceVerified,
EShadowFirePitCrossAddon,BaseAddon,Data/Scripts/Items/Gifts/ShadowDeeds/EShadowFirePitCross.cs,ItemCandidate,SourceVerified,
EShadowFirePitCrossComponent,AddonComponent,Data/Scripts/Items/Gifts/ShadowDeeds/EShadowFirePitCross.cs,ItemCandidate,SourceVerified,
EShadowFirePitCrossDeed,BaseAddonDeed,Data/Scripts/Items/Gifts/ShadowDeeds/EShadowFirePitCross.cs,ItemCandidate,SourceVerified,
EShadowFirePitDeed,BaseAddonDeed,Data/Scripts/Items/Gifts/ShadowDeeds/EShadowFirePit.cs,ItemCandidate,SourceVerified,
EShadowPillarAddon,BaseAddon,Data/Scripts/Items/Gifts/ShadowDeeds/EShadowPillar.cs,ItemCandidate,SourceVerified,
EShadowPillarComponent,AddonComponent,Data/Scripts/Items/Gifts/ShadowDeeds/EShadowPillar.cs,ItemCandidate,SourceVerified,
EShadowPillarDeed,BaseAddonDeed,Data/Scripts/Items/Gifts/ShadowDeeds/EShadowPillar.cs,ItemCandidate,SourceVerified,
ESpikeColumnAddon,BaseAddon,Data/Scripts/Items/Gifts/ShadowDeeds/ESpikeColumn.cs,ItemCandidate,SourceVerified,
ESpikeColumnComponent,AddonComponent,Data/Scripts/Items/Gifts/ShadowDeeds/ESpikeColumn.cs,ItemCandidate,SourceVerified,
ESpikeColumnDeed,BaseAddonDeed,Data/Scripts/Items/Gifts/ShadowDeeds/ESpikeColumn.cs,ItemCandidate,SourceVerified,
ESpikePostEastAddon,BaseAddon,Data/Scripts/Items/Gifts/ShadowDeeds/ESpikePostEast.cs,ItemCandidate,SourceVerified,
ESpikePostEastComponent,AddonComponent,Data/Scripts/Items/Gifts/ShadowDeeds/ESpikePostEast.cs,ItemCandidate,SourceVerified,
ESpikePostEastDeed,BaseAddonDeed,Data/Scripts/Items/Gifts/ShadowDeeds/ESpikePostEast.cs,ItemCandidate,SourceVerified,
ESpikePostSouthAddon,BaseAddon,Data/Scripts/Items/Gifts/ShadowDeeds/ESpikePostSouth.cs,ItemCandidate,SourceVerified,
ESpikePostSouthComponent,AddonComponent,Data/Scripts/Items/Gifts/ShadowDeeds/ESpikePostSouth.cs,ItemCandidate,SourceVerified,
ESpikePostSouthDeed,BaseAddonDeed,Data/Scripts/Items/Gifts/ShadowDeeds/ESpikePostSouth.cs,ItemCandidate,SourceVerified,
EarOfCorn,Food,Data/Scripts/Items/Food/Food.cs,ItemCandidate,SourceVerified,
EarringBoxSet,RedVelvetGiftBox,Data/Scripts/Items/Magical/Artifacts/Obsolete/Obsolete_EarringsOfProtection.cs,ItemCandidate,SourceVerified,
EarringsOfHealth,GoldEarrings,Data/Scripts/Items/Magical/Artifacts/Obsolete/Obsolete_EarringsOfHealth.cs,ItemCandidate,SourceVerified,
EarringsOfProtection,BaseJewel,Data/Scripts/Items/Magical/Artifacts/Obsolete/Obsolete_EarringsOfProtection.cs,ItemCandidate,SourceVerified,
EarringsOfTheElements,GoldEarrings,Data/Scripts/Items/Magical/Artifacts/Obsolete/Obsolete_EarringsOfTheElements.cs,ItemCandidate,SourceVerified,
EarringsOfTheMagician,GoldEarrings,Data/Scripts/Items/Magical/Artifacts/Obsolete/Obsolete_EarringsOfTheMagician.cs,ItemCandidate,SourceVerified,
EarringsOfTheVile,GoldEarrings,Data/Scripts/Items/Magical/Artifacts/Obsolete/Obsolete_EarringsOfTheVile.cs,ItemCandidate,SourceVerified,
EarthElementalMagicStaff,BaseMagicStaff,Data/Scripts/Items/Wands/8th Circle/EarthElementalStaff.cs,ItemCandidate,SourceVerified,
EarthquakeMagicStaff,BaseMagicStaff,Data/Scripts/Items/Wands/8th Circle/EarthquakeStaff.cs,ItemCandidate,SourceVerified,
Easle,Item,Data/Scripts/Items/Construction/Misc/Easle.cs,ItemCandidate,SourceVerified,
EasterEggs,CookableFood,Data/Scripts/Items/Food/CookableFood.cs,ItemCandidate,SourceVerified,Multiple source declarations found.
EbonyBoard,BaseWoodBoard,Data/Scripts/Items/Trades/Carpenter Items/Board.cs,ItemCandidate,SourceVerified,
EbonyLog,BaseLog,Data/Scripts/Items/Trades/Lumberjack/Log.cs,ItemCandidate,SourceVerified,
EbonyTreeFletcherTools,RunicFletcherTools,Data/Scripts/Trades/Runics/BaseRunicFletcherTools.cs,ItemCandidate,SourceVerified,
EbonyTreeSaw,RunicSaw,Data/Scripts/Trades/Runics/BaseRunicSaw.cs,ItemCandidate,SourceVerified,
EcruCitrine,Item,Data/Scripts/Items/Trades/Resources/MiscMLResources.cs,ItemCandidate,SourceVerified,
EerieGhost,BaseLight,Data/Scripts/Items/Gifts/Holiday/Halloween/EerieGhost.cs,ItemCandidate,SourceVerified,
EffectController,Item,Data/Scripts/Items/Misc/EffectController.cs,ItemCandidate,SourceVerified,
EffectItem,Item,Data/Scripts/Items/Misc/EffectItem.cs,ItemCandidate,SourceVerified,
EggBomb,Item,Data/Scripts/Items/Trades/Ninjitsu/EggBomb.cs,ItemCandidate,SourceVerified,
EggCaseArtifact,BaseDecorationArtifact,Data/Scripts/Items/Decorations/Artifacts/DoomDecorationArtifacts.cs,ItemCandidate,SourceVerified,
Eggs,CookableFood,Data/Scripts/Items/Food/CookableFood.cs,ItemCandidate,SourceVerified,Multiple source declarations found.
Eggshells,Item,Data/Scripts/Items/Food/Cooking.cs,ItemCandidate,SourceVerified,Multiple source declarations found.
ElegantArmoire,BaseContainer,Data/Scripts/Items/Containers/FurnitureContainer.cs,ItemCandidate,SourceVerified,
ElegantLowTable,Item,Data/Scripts/Items/Construction/Tables/Tables.cs,ItemCandidate,SourceVerified,
ElegantRobe,BaseOuterTorso,Data/Scripts/Items/Clothing/Robes.cs,ItemCandidate,SourceVerified,
ElementAttributeInfo,,Data/Scripts/Items/Magical/God/LevelAttributes.cs,ItemCandidate,SourceVerified,
ElementGiftAttributeInfo,,Data/Scripts/Items/Magical/Gifts/GiftAttributes.cs,ItemCandidate,SourceVerified,
ElementalSharpeningStone,Item,Data/Scripts/Items/Trades/Sharpening/ElementalSharpeningStone.cs,ItemCandidate,SourceVerified,
ElementalSharpeningStoneTarget,Target,Data/Scripts/Items/Trades/Sharpening/ElementalSharpeningStone.cs,ItemCandidate,SourceVerified,
ElfHat,WizardsHat,Data/Scripts/Items/Gifts/Holiday/Christmas/Items/Special/ElfHat.cs,ItemCandidate,SourceVerified,
ElixirAlchemy,BaseElixir,Data/Scripts/Items/Potions/Elixirs/Elixirs.cs,ItemCandidate,SourceVerified,
ElixirAnatomy,BaseElixir,Data/Scripts/Items/Potions/Elixirs/Elixirs.cs,ItemCandidate,SourceVerified,
ElixirAnimalLore,BaseElixir,Data/Scripts/Items/Potions/Elixirs/Elixirs.cs,ItemCandidate,SourceVerified,
ElixirAnimalTaming,BaseElixir,Data/Scripts/Items/Potions/Elixirs/Elixirs.cs,ItemCandidate,SourceVerified,
ElixirArchery,BaseElixir,Data/Scripts/Items/Potions/Elixirs/Elixirs.cs,ItemCandidate,SourceVerified,
ElixirArmsLore,BaseElixir,Data/Scripts/Items/Potions/Elixirs/Elixirs.cs,ItemCandidate,SourceVerified,
ElixirBegging,BaseElixir,Data/Scripts/Items/Potions/Elixirs/Elixirs.cs,ItemCandidate,SourceVerified,
ElixirBlacksmith,BaseElixir,Data/Scripts/Items/Potions/Elixirs/Elixirs.cs,ItemCandidate,SourceVerified,
ElixirCamping,BaseElixir,Data/Scripts/Items/Potions/Elixirs/Elixirs.cs,ItemCandidate,SourceVerified,
ElixirCarpentry,BaseElixir,Data/Scripts/Items/Potions/Elixirs/Elixirs.cs,ItemCandidate,SourceVerified,
ElixirCartography,BaseElixir,Data/Scripts/Items/Potions/Elixirs/Elixirs.cs,ItemCandidate,SourceVerified,
ElixirCooking,BaseElixir,Data/Scripts/Items/Potions/Elixirs/Elixirs.cs,ItemCandidate,SourceVerified,
ElixirDetectHidden,BaseElixir,Data/Scripts/Items/Potions/Elixirs/Elixirs.cs,ItemCandidate,SourceVerified,
ElixirDiscordance,BaseElixir,Data/Scripts/Items/Potions/Elixirs/Elixirs.cs,ItemCandidate,SourceVerified,
ElixirEvalInt,BaseElixir,Data/Scripts/Items/Potions/Elixirs/Elixirs.cs,ItemCandidate,SourceVerified,
ElixirFencing,BaseElixir,Data/Scripts/Items/Potions/Elixirs/Elixirs.cs,ItemCandidate,SourceVerified,
ElixirFishing,BaseElixir,Data/Scripts/Items/Potions/Elixirs/Elixirs.cs,ItemCandidate,SourceVerified,
ElixirFletching,BaseElixir,Data/Scripts/Items/Potions/Elixirs/Elixirs.cs,ItemCandidate,SourceVerified,
ElixirFocus,BaseElixir,Data/Scripts/Items/Potions/Elixirs/Elixirs.cs,ItemCandidate,SourceVerified,
ElixirForensics,BaseElixir,Data/Scripts/Items/Potions/Elixirs/Elixirs.cs,ItemCandidate,SourceVerified,
ElixirHealing,BaseElixir,Data/Scripts/Items/Potions/Elixirs/Elixirs.cs,ItemCandidate,SourceVerified,
ElixirHerding,BaseElixir,Data/Scripts/Items/Potions/Elixirs/Elixirs.cs,ItemCandidate,SourceVerified,
ElixirHiding,BaseElixir,Data/Scripts/Items/Potions/Elixirs/Elixirs.cs,ItemCandidate,SourceVerified,
ElixirInscribe,BaseElixir,Data/Scripts/Items/Potions/Elixirs/Elixirs.cs,ItemCandidate,SourceVerified,
ElixirItemID,BaseElixir,Data/Scripts/Items/Potions/Elixirs/Elixirs.cs,ItemCandidate,SourceVerified,
ElixirLockpicking,BaseElixir,Data/Scripts/Items/Potions/Elixirs/Elixirs.cs,ItemCandidate,SourceVerified,
ElixirLumberjacking,BaseElixir,Data/Scripts/Items/Potions/Elixirs/Elixirs.cs,ItemCandidate,SourceVerified,
ElixirMacing,BaseElixir,Data/Scripts/Items/Potions/Elixirs/Elixirs.cs,ItemCandidate,SourceVerified,
ElixirMagicResist,BaseElixir,Data/Scripts/Items/Potions/Elixirs/Elixirs.cs,ItemCandidate,SourceVerified,
ElixirMeditation,BaseElixir,Data/Scripts/Items/Potions/Elixirs/Elixirs.cs,ItemCandidate,SourceVerified,
ElixirMining,BaseElixir,Data/Scripts/Items/Potions/Elixirs/Elixirs.cs,ItemCandidate,SourceVerified,
ElixirMusicianship,BaseElixir,Data/Scripts/Items/Potions/Elixirs/Elixirs.cs,ItemCandidate,SourceVerified,
ElixirParry,BaseElixir,Data/Scripts/Items/Potions/Elixirs/Elixirs.cs,ItemCandidate,SourceVerified,
ElixirPeacemaking,BaseElixir,Data/Scripts/Items/Potions/Elixirs/Elixirs.cs,ItemCandidate,SourceVerified,
ElixirPoisoning,BaseElixir,Data/Scripts/Items/Potions/Elixirs/Elixirs.cs,ItemCandidate,SourceVerified,
ElixirProvocation,BaseElixir,Data/Scripts/Items/Potions/Elixirs/Elixirs.cs,ItemCandidate,SourceVerified,
ElixirRemoveTrap,BaseElixir,Data/Scripts/Items/Potions/Elixirs/Elixirs.cs,ItemCandidate,SourceVerified,
ElixirSnooping,BaseElixir,Data/Scripts/Items/Potions/Elixirs/Elixirs.cs,ItemCandidate,SourceVerified,
ElixirSpiritSpeak,BaseElixir,Data/Scripts/Items/Potions/Elixirs/Elixirs.cs,ItemCandidate,SourceVerified,
ElixirStealing,BaseElixir,Data/Scripts/Items/Potions/Elixirs/Elixirs.cs,ItemCandidate,SourceVerified,
ElixirStealth,BaseElixir,Data/Scripts/Items/Potions/Elixirs/Elixirs.cs,ItemCandidate,SourceVerified,
ElixirSwords,BaseElixir,Data/Scripts/Items/Potions/Elixirs/Elixirs.cs,ItemCandidate,SourceVerified,
ElixirTactics,BaseElixir,Data/Scripts/Items/Potions/Elixirs/Elixirs.cs,ItemCandidate,SourceVerified,
ElixirTailoring,BaseElixir,Data/Scripts/Items/Potions/Elixirs/Elixirs.cs,ItemCandidate,SourceVerified,
ElixirTasteID,BaseElixir,Data/Scripts/Items/Potions/Elixirs/Elixirs.cs,ItemCandidate,SourceVerified,
ElixirTinkering,BaseElixir,Data/Scripts/Items/Potions/Elixirs/Elixirs.cs,ItemCandidate,SourceVerified,
ElixirTracking,BaseElixir,Data/Scripts/Items/Potions/Elixirs/Elixirs.cs,ItemCandidate,SourceVerified,
ElixirVeterinary,BaseElixir,Data/Scripts/Items/Potions/Elixirs/Elixirs.cs,ItemCandidate,SourceVerified,
ElixirWrestling,BaseElixir,Data/Scripts/Items/Potions/Elixirs/Elixirs.cs,ItemCandidate,SourceVerified,
ElvenBedEastAddon,BaseAddon,Data/Scripts/Items/Construction/Addons/ElvenBedEastAddon.cs,ItemCandidate,SourceVerified,
ElvenBedEastDeed,BaseAddonDeed,Data/Scripts/Items/Construction/Addons/ElvenBedEastAddon.cs,ItemCandidate,SourceVerified,
ElvenBedSouthAddon,BaseAddon,Data/Scripts/Items/Construction/Addons/ElvenBedSouthAddon.cs,ItemCandidate,SourceVerified,
ElvenBedSouthDeed,BaseAddonDeed,Data/Scripts/Items/Construction/Addons/ElvenBedSouthAddon.cs,ItemCandidate,SourceVerified,
ElvenBoard,BaseWoodBoard,Data/Scripts/Items/Trades/Carpenter Items/Board.cs,ItemCandidate,SourceVerified,
ElvenBoots,BaseShoes,Data/Scripts/Items/Clothing/Shoes.cs,ItemCandidate,SourceVerified,
ElvenCompositeLongbow,BaseRanged,Data/Scripts/Items/Weapons/Bows/ElvenCompositeLongbow.cs,ItemCandidate,SourceVerified,
ElvenDresserEastAddon,BaseAddon,Data/Scripts/Items/Construction/Addons/ElvenDresserEastAddon.cs,ItemCandidate,SourceVerified,
ElvenDresserEastDeed,BaseAddonDeed,Data/Scripts/Items/Construction/Addons/ElvenDresserEastAddon.cs,ItemCandidate,SourceVerified,
ElvenDresserSouthAddon,BaseAddon,Data/Scripts/Items/Construction/Addons/ElvenDresserSouthAddon.cs,ItemCandidate,SourceVerified,
ElvenDresserSouthDeed,BaseAddonDeed,Data/Scripts/Items/Construction/Addons/ElvenDresserSouthAddon.cs,ItemCandidate,SourceVerified,
ElvenForgeAddon,BaseAddon,Data/Scripts/Items/Construction/Addons/ElvenForgeAddon.cs,ItemCandidate,SourceVerified,
ElvenForgeDeed,BaseAddonDeed,Data/Scripts/Items/Construction/Addons/ElvenForgeAddon.cs,ItemCandidate,SourceVerified,
ElvenGlasses,BaseArmor,Data/Scripts/Items/Armor/Glasses/ElvenGlasses.cs,ItemCandidate,SourceVerified,
ElvenHops,BaseHops,Data/Scripts/Custom/Vhaerun's CRL Homestead System [2.0]/Vhaerun's CRL Brewing/Items/Hops/Hops.cs,ItemCandidate,SourceVerified,
ElvenLog,BaseLog,Data/Scripts/Items/Trades/Lumberjack/Log.cs,ItemCandidate,SourceVerified,
ElvenLoveseatEastAddon,BaseAddon,Data/Scripts/Items/Construction/Addons/ElvenLoveseatEastAddon.cs,ItemCandidate,SourceVerified,
ElvenLoveseatEastDeed,BaseAddonDeed,Data/Scripts/Items/Construction/Addons/ElvenLoveseatEastAddon.cs,ItemCandidate,SourceVerified,
ElvenLoveseatSouthAddon,BaseAddon,Data/Scripts/Items/Construction/Addons/ElvenLoveseatSouthAddon.cs,ItemCandidate,SourceVerified,
ElvenLoveseatSouthDeed,BaseAddonDeed,Data/Scripts/Items/Construction/Addons/ElvenLoveseatSouthAddon.cs,ItemCandidate,SourceVerified,
ElvenMachete,BaseSword,Data/Scripts/Items/Weapons/Swords/ElvenMachete.cs,ItemCandidate,SourceVerified,
ElvenQuiver,BaseQuiver,Data/Scripts/Items/Containers/Quivers/ElvenQuiver.cs,ItemCandidate,SourceVerified,
ElvenReadingChair,Item,Data/Scripts/Items/Construction/Chairs/Chairs.cs,ItemCandidate,SourceVerified,
ElvenShield,BaseShield,Data/Scripts/Items/Armor/Shields/ElvenShield.cs,ItemCandidate,SourceVerified,
ElvenSpellblade,BaseSword,Data/Scripts/Items/Weapons/Swords/ElvenSpellblade.cs,ItemCandidate,SourceVerified,
ElvenSpinningwheelEastAddon,BaseAddon,Data/Scripts/Items/Construction/Addons/ElvenSpinningwheelEastAddon.cs,ItemCandidate,SourceVerified,
ElvenSpinningwheelEastDeed,BaseAddonDeed,Data/Scripts/Items/Construction/Addons/ElvenSpinningwheelEastAddon.cs,ItemCandidate,SourceVerified,
ElvenSpinningwheelSouthAddon,BaseAddon,Data/Scripts/Items/Construction/Addons/ElvenSpinningwheelSouthAddon.cs,ItemCandidate,SourceVerified,
ElvenSpinningwheelSouthDeed,BaseAddonDeed,Data/Scripts/Items/Construction/Addons/ElvenSpinningwheelSouthAddon.cs,ItemCandidate,SourceVerified,
ElvenStoveEastAddon,BaseAddon,Data/Scripts/Items/Construction/Addons/ElvenStoveEastAddon.cs,ItemCandidate,SourceVerified,
ElvenStoveEastDeed,BaseAddonDeed,Data/Scripts/Items/Construction/Addons/ElvenStoveEastAddon.cs,ItemCandidate,SourceVerified,
ElvenStoveSouthAddon,BaseAddon,Data/Scripts/Items/Construction/Addons/ElvenStoveSouthAddon.cs,ItemCandidate,SourceVerified,
ElvenStoveSouthDeed,BaseAddonDeed,Data/Scripts/Items/Construction/Addons/ElvenStoveSouthAddon.cs,ItemCandidate,SourceVerified,
ElvenWashBasinEastAddon,BaseAddon,Data/Scripts/Items/Construction/Addons/ElvenWashbasinEastAddon.cs,ItemCandidate,SourceVerified,
ElvenWashBasinEastDeed,BaseAddonDeed,Data/Scripts/Items/Construction/Addons/ElvenWashbasinEastAddon.cs,ItemCandidate,SourceVerified,
ElvenWashBasinSouthAddon,BaseAddon,Data/Scripts/Items/Construction/Addons/ElvenWashbasinSouthAddon.cs,ItemCandidate,SourceVerified,
ElvenWashBasinSouthDeed,BaseAddonDeed,Data/Scripts/Items/Construction/Addons/ElvenWashbasinSouthAddon.cs,ItemCandidate,SourceVerified,
EmbroideredOakLeafCloak,BaseOuterTorso,Data/Scripts/Items/Magical/Artifacts/Obsolete/Obsolete_EmbroideredOakLeafCloak.cs,ItemCandidate,SourceVerified,
Emerald,Item,Data/Scripts/Items/Gems/Emerald.cs,ItemCandidate,SourceVerified,
EmeraldAmulet,GoldNecklace,Data/Scripts/Items/Jewels/Tinkered.cs,ItemCandidate,SourceVerified,
EmeraldBracelet,GoldBracelet,Data/Scripts/Items/Jewels/Tinkered.cs,ItemCandidate,SourceVerified,
EmeraldEarrings,GoldEarrings,Data/Scripts/Items/Jewels/Tinkered.cs,ItemCandidate,SourceVerified,
EmeraldFemalePlateChest,FemalePlateChest,Data/Scripts/Items/Armor/Gargoyle/EmeraldArmor.cs,ItemCandidate,SourceVerified,
EmeraldIngot,Item,Data/Scripts/Items/Trades/Resources/Blacksmithing/BlockofEmerald.cs,ItemCandidate,SourceVerified,
EmeraldPlateArms,PlateArms,Data/Scripts/Items/Armor/Gargoyle/EmeraldArmor.cs,ItemCandidate,SourceVerified,
EmeraldPlateChest,PlateChest,Data/Scripts/Items/Armor/Gargoyle/EmeraldArmor.cs,ItemCandidate,SourceVerified,
EmeraldPlateGloves,PlateGloves,Data/Scripts/Items/Armor/Gargoyle/EmeraldArmor.cs,ItemCandidate,SourceVerified,
EmeraldPlateGorget,PlateGorget,Data/Scripts/Items/Armor/Gargoyle/EmeraldArmor.cs,ItemCandidate,SourceVerified,
EmeraldPlateHelm,PlateHelm,Data/Scripts/Items/Armor/Gargoyle/EmeraldArmor.cs,ItemCandidate,SourceVerified,
EmeraldPlateLegs,PlateLegs,Data/Scripts/Items/Armor/Gargoyle/EmeraldArmor.cs,ItemCandidate,SourceVerified,
EmeraldRing,GoldRing,Data/Scripts/Items/Jewels/Tinkered.cs,ItemCandidate,SourceVerified,
EmeraldShield,HeaterShield,Data/Scripts/Items/Armor/Gargoyle/EmeraldArmor.cs,ItemCandidate,SourceVerified,
EmptyAleBottle,Item,Data/Scripts/Custom/Vhaerun's CRL Homestead System [2.0]/Vhaerun's CRL Brewing/Items/Bottles/EmptyAleBottle.cs,ItemCandidate,SourceVerified,
EmptyBentoBox,Item,Data/Scripts/Items/Food/Asian.cs,ItemCandidate,SourceVerified,
EmptyBookcase,BaseContainer,Data/Scripts/Items/Containers/FurnitureContainer.cs,ItemCandidate,SourceVerified,
EmptyCanopicJar,Item,Data/Scripts/Items/Potions/Special/EmptyCanopicJar.cs,ItemCandidate,SourceVerified,
EmptyCurvedFlaskE,Item,Data/Scripts/Items/Misc/GlassItems.cs,ItemCandidate,SourceVerified,
EmptyCurvedFlaskW,Item,Data/Scripts/Items/Misc/GlassItems.cs,ItemCandidate,SourceVerified,
EmptyJar,Item,Data/Scripts/Items/Special/Rares/Jars/EmptyJars.cs,ItemCandidate,SourceVerified,
EmptyJars,Item,Data/Scripts/Items/Special/Rares/Jars/EmptyJars.cs,ItemCandidate,SourceVerified,
EmptyJars2,Item,Data/Scripts/Items/Special/Rares/Jars/EmptyJars.cs,ItemCandidate,SourceVerified,
EmptyJars3,Item,Data/Scripts/Items/Special/Rares/Jars/EmptyJars.cs,ItemCandidate,SourceVerified,
EmptyJars4,Item,Data/Scripts/Items/Special/Rares/Jars/EmptyJars.cs,ItemCandidate,SourceVerified,
EmptyJug,Item,Data/Scripts/Custom/Vhaerun's CRL Homestead System [2.0]/Vhaerun's CRL Brewing/Items/Bottles/EmptyJug.cs,ItemCandidate,SourceVerified,
EmptyJuiceBottle,Item,Data/Scripts/Custom/Vhaerun's CRL Homestead System [2.0]/Vhaerun's CRL Juicing/Items/EmptyJuiceBottle.cs,ItemCandidate,SourceVerified,
EmptyMeadBottle,Item,Data/Scripts/Custom/Vhaerun's CRL Homestead System [2.0]/Vhaerun's CRL Brewing/Items/Bottles/EmptyMeadBottle.cs,ItemCandidate,SourceVerified,
EmptyPewterBowl,Item,Data/Scripts/Items/Food/Bowls.cs,ItemCandidate,SourceVerified,
EmptyPewterTub,Item,Data/Scripts/Items/Food/Bowls.cs,ItemCandidate,SourceVerified,
EmptyPotionCauldron,BaseAddon,Data/Scripts/Items/Potions/Special/PotionCauldron.cs,ItemCandidate,SourceVerified,
EmptyRibbedFlask,Item,Data/Scripts/Items/Misc/GlassItems.cs,ItemCandidate,SourceVerified,
EmptyTheBowlGump,Gump,Data/Scripts/Trades/Gardening/Gumps/EmptyTheBowlGump.cs,ItemCandidate,SourceVerified,
EmptyToolKit,Item,Data/Scripts/Items/Special/Rares/Tinker/EmptyToolKit.cs,ItemCandidate,SourceVerified,
EmptyToolKit2,Item,Data/Scripts/Items/Special/Rares/Tinker/EmptyToolKit2.cs,ItemCandidate,SourceVerified,
EmptyVial,Item,Data/Scripts/Items/Misc/GlassItems.cs,ItemCandidate,SourceVerified,
EmptyVialsWRack,Item,Data/Scripts/Items/Misc/GlassItems.cs,ItemCandidate,SourceVerified,
EmptyWineBottle,Item,Data/Scripts/Custom/Vhaerun's CRL Homestead System [2.0]/Dracana's Winecrafting [2.0]/Items/Food/EmptyWineBottle.cs,ItemCandidate,SourceVerified,
EmptyWoodenBowl,Item,Data/Scripts/Items/Food/Bowls.cs,ItemCandidate,SourceVerified,
EmptyWoodenTub,Item,Data/Scripts/Items/Food/Bowls.cs,ItemCandidate,SourceVerified,
EnchantedSeaweed,Item,Data/Scripts/Items/Trades/Resources/Unique/EnchantedSeaweed.cs,ItemCandidate,SourceVerified,
EnchantedSextant,Item,Data/Scripts/System/Obsolete/Obsolete.cs,ItemCandidate,SourceVerified,
EnchantedTitanLegBone,ShortSpear,Data/Scripts/Items/Magical/Artifacts/Obsolete/Obsolete_EnchantedTitanLegBone.cs,ItemCandidate,SourceVerified,
EndHouseCustomization,Packet,Data/Scripts/Items/Houses/HouseFoundation.cs,ItemCandidate,SourceVerified,
EnergyBoltMagicStaff,BaseMagicStaff,Data/Scripts/Items/Wands/6th Circle/EnergyBoltStaff.cs,ItemCandidate,SourceVerified,
EnergyFieldMagicStaff,BaseMagicStaff,Data/Scripts/Items/Wands/7th Circle/EnergyFieldStaff.cs,ItemCandidate,SourceVerified,
EnergyVortexMagicStaff,BaseMagicStaff,Data/Scripts/Items/Wands/8th Circle/EnergyVortexStaff.cs,ItemCandidate,SourceVerified,
Enhance,,Data/Scripts/Trades/Core/Enhance.cs,ItemCandidate,SourceVerified,
EnhancedBandage,Bandage,Data/Scripts/Items/Special/FountainOfLife.cs,ItemCandidate,SourceVerified,
EnhancementGump,Gump,Data/Scripts/Trades/Guild/Gumps/EnhancementGump.cs,ItemCandidate,SourceVerified,
EnormousBag,BaseContainer,Data/Scripts/Items/Containers/Container.cs,ItemCandidate,SourceVerified,
EssenceBase,BaseAddon,Data/Scripts/Items/Misc/Dyes/Essence/EssenceBase.cs,ItemCandidate,SourceVerified,
EssenceBaseEmpty,Item,Data/Scripts/Items/Misc/Dyes/Essence/EssenceBaseEmpty.cs,ItemCandidate,SourceVerified,
EssenceOfBattle,GoldRing,Data/Scripts/Items/Magical/Artifacts/Obsolete/Obsolete_EssenceOfBattle.cs,ItemCandidate,SourceVerified,
EssenceOrb,Item,Data/Scripts/Items/Misc/Dyes/Essence/EssenceOrb.cs,ItemCandidate,SourceVerified,
EternalFlame,MagicLantern,Data/Scripts/Items/Magical/Artifacts/Obsolete/Obsolete_EternalFlame.cs,ItemCandidate,SourceVerified,
EverlastingBottle,Item,Data/Scripts/Items/Magical/Artifacts/Minor/EverlastingBottle.cs,ItemCandidate,SourceVerified,
EverlastingLoaf,Item,Data/Scripts/Items/Magical/Artifacts/Minor/EverlastingLoaf.cs,ItemCandidate,SourceVerified,
EvilFireplaceEastFaceAddon,BaseAddon,Data/Scripts/Items/Gifts/Holiday/Halloween/Rewards/EvilFireplaceFace.cs,ItemCandidate,SourceVerified,
EvilFireplaceEastFaceAddonDeed,BaseAddonDeed,Data/Scripts/Items/Gifts/Holiday/Halloween/Rewards/EvilFireplaceFace.cs,ItemCandidate,SourceVerified,
EvilFireplaceSouthFaceAddon,BaseAddon,Data/Scripts/Items/Gifts/Holiday/Halloween/Rewards/EvilFireplaceFace.cs,ItemCandidate,SourceVerified,
EvilFireplaceSouthFaceAddonDeed,BaseAddonDeed,Data/Scripts/Items/Gifts/Holiday/Halloween/Rewards/EvilFireplaceFace.cs,ItemCandidate,SourceVerified,
EvilIdolSkull,Item,Data/Scripts/Items/Decorations/Artifacts/Decorative/EvilIdolSkull.cs,ItemCandidate,SourceVerified,
EvilItems,Item,Data/Scripts/Items/Decorations/EvilItems.cs,ItemCandidate,SourceVerified,
EvilMageGloves,BoneGloves,Data/Scripts/Items/Magical/Artifacts/Obsolete/Obsolete_EvilMageGloves.cs,ItemCandidate,SourceVerified,
EvilSkull,Item,Data/Scripts/Items/Potions/Special/EvilSkull.cs,ItemCandidate,SourceVerified,
Excalibur,VikingSword,Data/Scripts/Items/Magical/Artifacts/Obsolete/Obsolete_Excalibur.cs,ItemCandidate,SourceVerified,
ExecutionersAxe,BaseAxe,Data/Scripts/Items/Weapons/Axes/ExecutionersAxe.cs,ItemCandidate,SourceVerified,
ExecutionersCap,Item,Data/Scripts/Items/Misc/ExecutionersCap.cs,ItemCandidate,SourceVerified,
ExitDiceGump,Gump,Data/Scripts/Items/Misc/Games/LiarsDice/Gumps/ExitDiceGump.cs,ItemCandidate,SourceVerified,
ExodusArmor,BoneChest,,ProposedItemClass,Proposed,New class should inherit from the resolved base item class.
ExodusHands,DragonGloves,,ProposedItemClass,Proposed,New class should inherit from the resolved base item class.
ExodusHead,BoneHelm,,ProposedItemClass,Proposed,New class should inherit from the resolved base item class.
ExodusMaul,Tetsubo,,ProposedItemClass,Proposed,New class should inherit from the resolved base item class.
ExplainShopped,Gump,Data/Scripts/Trades/Shoppes/BaseShoppe.cs,ItemCandidate,SourceVerified,
ExplosionMagicStaff,BaseMagicStaff,Data/Scripts/Items/Wands/6th Circle/ExplosionStaff.cs,ItemCandidate,SourceVerified,
ExplosionPotion,BaseExplosionPotion,Data/Scripts/Items/Potions/Standard/Explosion Potions/ExplosionPotion.cs,ItemCandidate,SourceVerified,
ExplosionTrapCraft,TrapCraft,Data/Scripts/Trades/Crafting/DefTinkering.cs,ItemCandidate,SourceVerified,
ExquisiteRobe,BaseOuterTorso,Data/Scripts/Items/Clothing/Robes.cs,ItemCandidate,SourceVerified,
EyeOfTheTravesty,Item,Data/Scripts/Items/Trades/Resources/MiscMLResources.cs,ItemCandidate,SourceVerified,
EyeOfToad,BaseReagent,Data/Scripts/Items/Trades/Resources/Reagents/Alchemy/EyeOfToad.cs,ItemCandidate,SourceVerified,
FabledFishingNet,Item,Data/Scripts/Items/Trades/Fishing/FabledFishingNet.cs,ItemCandidate,SourceVerified,
FairyEgg,BaseReagent,Data/Scripts/Items/Trades/Resources/Reagents/Alchemy/FairyEgg.cs,ItemCandidate,SourceVerified,
FalseGodsScepter,Scepter,Data/Scripts/Items/Magical/Artifacts/Obsolete/Obsolete_FalseGodsScepter.cs,ItemCandidate,SourceVerified,
FamiliarClue,DynamicBook,Data/Scripts/Items/Books/DynamicBook.cs,ItemCandidate,SourceVerified,
FanNorthArtifact,BaseDecorationArtifact,Data/Scripts/Items/Decorations/Artifacts/SEDecorationArtifacts.cs,ItemCandidate,SourceVerified,
FanWestArtifact,BaseDecorationArtifact,Data/Scripts/Items/Decorations/Artifacts/SEDecorationArtifacts.cs,ItemCandidate,SourceVerified,
FancyArmoire,BaseContainer,Data/Scripts/Items/Containers/FurnitureContainer.cs,ItemCandidate,SourceVerified,
FancyDrawer,BaseContainer,Data/Scripts/Items/Containers/FurnitureContainer.cs,ItemCandidate,SourceVerified,
FancyDress,BaseOuterTorso,Data/Scripts/Items/Clothing/OuterTorso.cs,ItemCandidate,SourceVerified,
FancyElvenTableEastAddon,BaseAddon,Data/Scripts/Items/Construction/Addons/FancyElvenTableEastAddon.cs,ItemCandidate,SourceVerified,
FancyElvenTableEastDeed,BaseAddonDeed,Data/Scripts/Items/Construction/Addons/FancyElvenTableEastAddon.cs,ItemCandidate,SourceVerified,
FancyElvenTableSouthAddon,BaseAddon,Data/Scripts/Items/Construction/Addons/FancyElvenTableSouthAddon.cs,ItemCandidate,SourceVerified,
FancyElvenTableSouthDeed,BaseAddonDeed,Data/Scripts/Items/Construction/Addons/FancyElvenTableSouthAddon.cs,ItemCandidate,SourceVerified,
FancyHood,BaseHat,Data/Scripts/Items/Clothing/Hats.cs,ItemCandidate,SourceVerified,
FancyRobe,BaseOuterTorso,Data/Scripts/Items/Clothing/Robes.cs,ItemCandidate,SourceVerified,
FancyShirt,BaseShirt,Data/Scripts/Items/Clothing/Shirts.cs,ItemCandidate,SourceVerified,
FancyStoneChest,LockableContainer,Data/Scripts/Items/Containers/Container.cs,ItemCandidate,SourceVerified,
FancyWindChimes,BaseWindChimes,Data/Scripts/Items/Misc/WindChimes.cs,ItemCandidate,SourceVerified,
FancyWoodenChairCushion,Item,Data/Scripts/Items/Construction/Chairs/Chairs.cs,ItemCandidate,SourceVerified,
FangOfRactus,Kryss,Data/Scripts/Items/Magical/Artifacts/Obsolete/Obsolete_FangOfRactus.cs,ItemCandidate,SourceVerified,
FarmLabelMaker,Item,Data/Scripts/Custom/Vhaerun's CRL Homestead System [2.0]/Vhaerun's CRL Juicing/Items/Tools/FarmLabelMaker.cs,ItemCandidate,SourceVerified,
FarmableCabbage,FarmableCrop,Data/Scripts/Items/Farming/FarmableCabbage.cs,ItemCandidate,SourceVerified,
FarmableCarrot,FarmableCrop,Data/Scripts/Items/Farming/FarmableCarrot.cs,ItemCandidate,SourceVerified,
FarmableCorn,FarmableCrop,Data/Scripts/Items/Farming/FarmableCorn.cs,ItemCandidate,SourceVerified,
FarmableCotton,FarmableCrop,Data/Scripts/Items/Farming/FarmableCotton.cs,ItemCandidate,SourceVerified,
FarmableCrop,Item,Data/Scripts/Items/Farming/FarmableCrop.cs,ItemCandidate,SourceVerified,
FarmableFlax,FarmableCrop,Data/Scripts/Items/Farming/FarmableFlax.cs,ItemCandidate,SourceVerified,
FarmableGarlic,FarmableCrop,Data/Scripts/Items/Trades/Resources/Reagents/Farm/FarmableGarlic.cs,ItemCandidate,SourceVerified,
FarmableGinseng,FarmableCrop,Data/Scripts/Items/Trades/Resources/Reagents/Farm/FarmableGinseng.cs,ItemCandidate,SourceVerified,
FarmableLettuce,FarmableCrop,Data/Scripts/Items/Farming/FarmableLettuce.cs,ItemCandidate,SourceVerified,
FarmableMandrakeRoot,FarmableCrop,Data/Scripts/Items/Trades/Resources/Reagents/Farm/FarmableMandrakeRoot.cs,ItemCandidate,SourceVerified,
FarmableNightshade,FarmableCrop,Data/Scripts/Items/Trades/Resources/Reagents/Farm/FarmableNightshade.cs,ItemCandidate,SourceVerified,
FarmableOnion,FarmableCrop,Data/Scripts/Items/Farming/FarmableOnion.cs,ItemCandidate,SourceVerified,
FarmablePumpkin,FarmableCrop,Data/Scripts/Items/Farming/FarmablePumpkin.cs,ItemCandidate,SourceVerified,
FarmablePumpkinGiant,FarmableCrop,Data/Scripts/Items/Farming/FarmablePumpkin.cs,ItemCandidate,SourceVerified,
FarmablePumpkinGreen,FarmableCrop,Data/Scripts/Items/Farming/FarmablePumpkin.cs,ItemCandidate,SourceVerified,
FarmablePumpkinLarge,FarmableCrop,Data/Scripts/Items/Farming/FarmablePumpkin.cs,ItemCandidate,SourceVerified,
FarmablePumpkinTall,FarmableCrop,Data/Scripts/Items/Farming/FarmablePumpkin.cs,ItemCandidate,SourceVerified,
FarmableTomato,FarmableCrop,Data/Scripts/Items/Farming/FarmableTomato.cs,ItemCandidate,SourceVerified,
FarmableTurnip,FarmableCrop,Data/Scripts/Items/Farming/FarmableTurnip.cs,ItemCandidate,SourceVerified,
FarmableWatermelon,FarmableCrop,Data/Scripts/Items/Farming/FarmableWatermelon.cs,ItemCandidate,SourceVerified,
FarmableWheat,FarmableCrop,Data/Scripts/Items/Farming/FarmableWheat.cs,ItemCandidate,SourceVerified,
Feather,Item,Data/Scripts/Items/Trades/Resources/Arrows/Feather.cs,ItemCandidate,SourceVerified,
FeatheredHat,BaseHat,Data/Scripts/Items/Clothing/Hats.cs,ItemCandidate,SourceVerified,
FeebleMagicStaff,BaseMagicStaff,Data/Scripts/Items/Wands/1st Circle/FeebleStaff.cs,ItemCandidate,SourceVerified,
FemaleKimono,BaseOuterTorso,Data/Scripts/Items/Clothing/OuterTorso.cs,ItemCandidate,SourceVerified,
FemaleLeafChest,BaseArmor,Data/Scripts/Items/Armor/Leather/FemaleLeafChest.cs,ItemCandidate,SourceVerified,
FemaleLeatherChest,BaseArmor,Data/Scripts/Items/Armor/Leather/FemaleLeatherChest.cs,ItemCandidate,SourceVerified,
FemalePlateChest,BaseArmor,Data/Scripts/Items/Armor/Plate/FemalePlateChest.cs,ItemCandidate,SourceVerified,
FemaleStuddedChest,BaseArmor,Data/Scripts/Items/Armor/Studded/FemaleStuddedChest.cs,ItemCandidate,SourceVerified,
FerretFormTalisman,BaseFormTalisman,Data/Scripts/Items/Special/Talismans.cs,ItemCandidate,SourceVerified,
FertileDirt,Item,Data/Scripts/Trades/Gardening/MiscItems/FertileDirt.cs,ItemCandidate,SourceVerified,
FesteringWound,Kryss,Data/Scripts/Items/Magical/Artifacts/Obsolete/Obsolete_FesteringWound.cs,ItemCandidate,SourceVerified,
FestiveCactus,Item,Data/Scripts/Items/Gifts/Holiday/Christmas/Christmas Gifts/FestiveCactus.cs,ItemCandidate,SourceVerified,
FeyLeggings,ChainLegs,Data/Scripts/Items/Magical/Artifacts/Obsolete/Obsolete_FeyLeggings.cs,ItemCandidate,SourceVerified,
Fiddle,BaseInstrument,Data/Scripts/Items/Trades/Musical Instruments/Fiddle.cs,ItemCandidate,SourceVerified,
FieldStoneCityHallDeed,CityDeed,Data/Scripts/Custom/Government System/Items/Deeds/Stock Deeds/City Halls/FieldStoneCityHallDeed.cs,ItemCandidate,SourceVerified,
FieldStoneCityMarketDeed,CityDeed,Data/Scripts/Custom/Government System/Items/Deeds/Stock Deeds/Markets/FieldstoneCityMarketDeed.cs,ItemCandidate,SourceVerified,
FieldStoneHouseDeed,HouseDeed,Data/Scripts/Items/Houses/Deeds.cs,ItemCandidate,SourceVerified,
FieldstoneCityBankAddon,BaseAddon,Data/Scripts/Custom/Government System/Items/Civic Structures/Stock Buildings/Banks/FieldstoneCityBankAddon.cs,ItemCandidate,SourceVerified,
FieldstoneCityBankDeed,CityDeed,Data/Scripts/Custom/Government System/Items/Deeds/Stock Deeds/Banks/FieldstoneCityBankDeed.cs,ItemCandidate,SourceVerified,
FieldstoneCityHallAddon,BaseAddon,Data/Scripts/Custom/Government System/Items/Civic Structures/Stock Buildings/City Halls/FieldStoneCityHallAddon.cs,ItemCandidate,SourceVerified,
FieldstoneCityHealerAddon,BaseAddon,Data/Scripts/Custom/Government System/Items/Civic Structures/Stock Buildings/Healers/FieldstoneCityHealerAddon.cs,ItemCandidate,SourceVerified,
FieldstoneCityHealerDeed,CityDeed,Data/Scripts/Custom/Government System/Items/Deeds/Stock Deeds/Healers/FieldstoneCityHealerDeed.cs,ItemCandidate,SourceVerified,
FieldstoneCityMarketAddon,BaseAddon,Data/Scripts/Custom/Government System/Items/Civic Structures/Stock Buildings/Markets/FieldstoneMarketAddon.cs,ItemCandidate,SourceVerified,
FieldstoneCityStableAddon,BaseAddon,Data/Scripts/Custom/Government System/Items/Civic Structures/Stock Buildings/Stable/FieldstoneCityStableAddon.cs,ItemCandidate,SourceVerified,
FieldstoneCityStableDeed,CityDeed,Data/Scripts/Custom/Government System/Items/Deeds/Stock Deeds/Stable/FieldstoneCityHealerDeed.cs,ItemCandidate,SourceVerified,
FieldstoneCityTavernAddon,BaseAddon,Data/Scripts/Custom/Government System/Items/Civic Structures/Stock Buildings/Taverns/FieldstoneCityTavernAddon.cs,ItemCandidate,SourceVerified,
FieldstoneCityTavernDeed,CityDeed,Data/Scripts/Custom/Government System/Items/Deeds/Stock Deeds/Taverns/FieldstoneCityTavernDeed.cs,ItemCandidate,SourceVerified,
FillMenu,ContextMenuEntry,Data/Scripts/Items/Food/Beverage.cs,ItemCandidate,SourceVerified,
FillableBarrel,FillableContainer,Data/Scripts/Items/Containers/FillableContainers.cs,ItemCandidate,SourceVerified,
FillableBvrge,FillableEntry,Data/Scripts/Items/Containers/FillableContainers.cs,ItemCandidate,SourceVerified,
FillableContainer,LockableContainer,Data/Scripts/Items/Containers/FillableContainers.cs,ItemCandidate,SourceVerified,
FillableContent,,Data/Scripts/Items/Containers/FillableContainers.cs,ItemCandidate,SourceVerified,
FillableEntry,,Data/Scripts/Items/Containers/FillableContainers.cs,ItemCandidate,SourceVerified,
FillableLargeCrate,FillableContainer,Data/Scripts/Items/Containers/FillableContainers.cs,ItemCandidate,SourceVerified,
FillableMetalBox,FillableContainer,Data/Scripts/Items/Containers/FillableContainers.cs,ItemCandidate,SourceVerified,
FillableMetalChest,FillableContainer,Data/Scripts/Items/Containers/FillableContainers.cs,ItemCandidate,SourceVerified,
FillableMetalGoldenChest,FillableContainer,Data/Scripts/Items/Containers/FillableContainers.cs,ItemCandidate,SourceVerified,
FillableSmallCrate,FillableContainer,Data/Scripts/Items/Containers/FillableContainers.cs,ItemCandidate,SourceVerified,
FillableWoodenBox,FillableContainer,Data/Scripts/Items/Containers/FillableContainers.cs,ItemCandidate,SourceVerified,
FillableWoodenChest,FillableContainer,Data/Scripts/Items/Containers/FillableContainers.cs,ItemCandidate,SourceVerified,
FindPlayerVendorsGump,Gump,Data/Scripts/Items/Houses/AdvertiserVendor.cs,ItemCandidate,SourceVerified,
FindboatGump,Gump,Data/Scripts/Items/Boats/Gumps/FindboatGump.cs,ItemCandidate,SourceVerified,
FinishedWoodenChest,LockableContainer,Data/Scripts/Items/Containers/Container.cs,ItemCandidate,SourceVerified,
FireColumnAddon,BaseAddon,Data/Scripts/Items/Construction/Addons/FireColumnAddon.cs,ItemCandidate,SourceVerified,
FireColumnTrap,BaseTrap,Data/Scripts/Items/Traps/FireColumnTrap.cs,ItemCandidate,SourceVerified,
FireElementalMagicStaff,BaseMagicStaff,Data/Scripts/Items/Wands/8th Circle/FireElementalStaff.cs,ItemCandidate,SourceVerified,
FireFieldMagicStaff,BaseMagicStaff,Data/Scripts/Items/Wands/4th Circle/FireFieldStaff.cs,ItemCandidate,SourceVerified,
FireGiantForge,Item,Data/Scripts/Items/Trades/Blacksmith Items/FireGiantForge.cs,ItemCandidate,SourceVerified,
FireHorn,Item,Data/Scripts/Items/Trades/Misc/FireHorn.cs,ItemCandidate,SourceVerified,
FireRuby,Item,Data/Scripts/Items/Trades/Resources/MiscMLResources.cs,ItemCandidate,SourceVerified,
FireballMagicStaff,BaseMagicStaff,Data/Scripts/Items/Wands/3rd Circle/FireballStaff.cs,ItemCandidate,SourceVerified,
Firebomb,Item,Data/Scripts/Items/Misc/Firebomb.cs,ItemCandidate,SourceVerified,
FirebombField,Item,Data/Scripts/Items/Misc/Firebomb.cs,ItemCandidate,SourceVerified,
FireworksWand,MagicWand,Data/Scripts/Items/Weapons/Maces/FireworksWand.cs,ItemCandidate,SourceVerified,
FirstAidKit,Item,Data/Scripts/Items/Technology/FirstAidKit.cs,ItemCandidate,SourceVerified,
Fish,Item,Data/Scripts/Items/Trades/Resources/Fishing/Fish.cs,ItemCandidate,SourceVerified,
FishBarrel,Item,Data/Scripts/Items/Trades/Fishing/FishBarrel.cs,ItemCandidate,SourceVerified,
FishSteak,Food,Data/Scripts/Items/Food/Food.cs,ItemCandidate,SourceVerified,Multiple source declarations found.
Fishing,HarvestSystem,Data/Scripts/Trades/Harvest/Fishing.cs,ItemCandidate,SourceVerified,
FishingNet,Item,Data/Scripts/Items/Trades/Fishing/FishingNet.cs,ItemCandidate,SourceVerified,
FishingPole,BaseHarvestTool,Data/Scripts/Items/Trades/Fishing/FishingPole.cs,ItemCandidate,SourceVerified,
Fists,BaseMeleeWeapon,Data/Scripts/Items/Weapons/Hands/Fists.cs,ItemCandidate,SourceVerified,
FlameSpurtTrap,BaseTrap,Data/Scripts/Items/Traps/FlameSpurtTrap.cs,ItemCandidate,SourceVerified,
FlameStrikeMagicStaff,BaseMagicStaff,Data/Scripts/Items/Wands/7th Circle/FlameStrikeStaff.cs,ItemCandidate,SourceVerified,
FlamingHead,StoneFaceTrapNoDamage,Data/Scripts/Items/Special/Veteran Rewards/FlamingHead.cs,ItemCandidate,SourceVerified,
FlamingHeadDeed,Item,Data/Scripts/Items/Special/Veteran Rewards/FlamingHead.cs,ItemCandidate,SourceVerified,
Flax,Item,Data/Scripts/Items/Trades/Resources/Tailor/Flax.cs,ItemCandidate,SourceVerified,
FleshRipper,AssassinSpike,Data/Scripts/Items/Magical/Artifacts/Obsolete/Obsolete_FleshRipper.cs,ItemCandidate,SourceVerified,
FletcherCrate,LockableContainer,Data/Scripts/Items/Containers/Container.cs,ItemCandidate,SourceVerified,
FletcherTools,BaseTool,Data/Scripts/Items/Trades/Tools/FletcherTools.cs,ItemCandidate,SourceVerified,
FlipCommandHandlers,,Data/Scripts/Items/Misc/FlipableAttribute.cs,ItemCandidate,SourceVerified,
FlipableAddonAttribute,Attribute,Data/Scripts/Items/Misc/FlipableAddonAttribute.cs,ItemCandidate,SourceVerified,
FlipableAttribute,Attribute,Data/Scripts/Items/Misc/FlipableAttribute.cs,ItemCandidate,SourceVerified,
FloppyHat,BaseHat,Data/Scripts/Items/Clothing/Hats.cs,ItemCandidate,SourceVerified,
FlourMillEastAddon,BaseAddon,Data/Scripts/Items/Construction/Addons/FlourMillEastAddon.cs,ItemCandidate,SourceVerified,
FlourMillEastDeed,BaseAddonDeed,Data/Scripts/Items/Construction/Addons/FlourMillEastAddon.cs,ItemCandidate,SourceVerified,
FlourMillSouthAddon,BaseAddon,Data/Scripts/Items/Construction/Addons/FlourMillSouthAddon.cs,ItemCandidate,SourceVerified,
FlourMillSouthDeed,BaseAddonDeed,Data/Scripts/Items/Construction/Addons/FlourMillSouthAddon.cs,ItemCandidate,SourceVerified,
FlourSifter,BaseTool,Data/Scripts/Items/Trades/Tools/FlourSifter.cs,ItemCandidate,SourceVerified,
FlowerGarland,BaseHat,Data/Scripts/Items/Clothing/Hats.cs,ItemCandidate,SourceVerified,
FlowersArtifact,BaseDecorationArtifact,Data/Scripts/Items/Decorations/Artifacts/SEDecorationArtifacts.cs,ItemCandidate,SourceVerified,
FoldedSteelGlasses,ElvenGlasses,Data/Scripts/Items/Armor/Glasses/FoldedSteelGlasses.cs,ItemCandidate,SourceVerified,
Food,Item,Data/Scripts/Items/Food/Food.cs,ItemCandidate,SourceVerified,
FoodBeefJerky,Food,Data/Scripts/Items/Food/Food.cs,ItemCandidate,SourceVerified,
FoodChest,Item,Data/Scripts/Items/Containers/FoodChest.cs,ItemCandidate,SourceVerified,
FoodDriedBeef,Food,Data/Scripts/Items/Food/Food.cs,ItemCandidate,SourceVerified,
FoodDyes,Item,Data/Scripts/Custom/Vhaerun's CRL Homestead System [2.0]/Vhaerun's CRL Cooking/Items/FoodDyes.cs,ItemCandidate,SourceVerified,
FoodImpBerry,Food,Data/Scripts/Items/Food/Food.cs,ItemCandidate,SourceVerified,
FoodPotato,Food,Data/Scripts/Items/Food/Food.cs,ItemCandidate,SourceVerified,
FoodStaleBread,Food,Data/Scripts/Items/Food/Food.cs,ItemCandidate,SourceVerified,
FoodToadStool,Food,Data/Scripts/Items/Food/Food.cs,ItemCandidate,SourceVerified,
FoolsCoat,BaseOuterTorso,Data/Scripts/Items/Clothing/Robes.cs,ItemCandidate,SourceVerified,
FootStool,Item,Data/Scripts/Items/Construction/Chairs/Stools.cs,ItemCandidate,SourceVerified,
Forge,Item,Data/Scripts/Items/Trades/Blacksmith Items/AnvilForge.cs,ItemCandidate,SourceVerified,
ForgeAttribute,Attribute,Data/Scripts/Trades/Crafting/DefBlacksmithy.cs,ItemCandidate,SourceVerified,
ForgeComponent,AddonComponent,Data/Scripts/Items/Construction/Addons/AddonComponent.cs,ItemCandidate,SourceVerified,
ForgedMetal,Item,Data/Scripts/Items/Misc/Rares.cs,ItemCandidate,SourceVerified,
Fork,Item,Data/Scripts/Items/Trades/Tinkering/Utensils.cs,ItemCandidate,SourceVerified,
ForkLeft,Item,Data/Scripts/Items/Trades/Tinkering/Utensils.cs,ItemCandidate,SourceVerified,
ForkRight,Item,Data/Scripts/Items/Trades/Tinkering/Utensils.cs,ItemCandidate,SourceVerified,
FormalCoat,BaseShirt,Data/Scripts/Items/Clothing/Shirts.cs,ItemCandidate,SourceVerified,
FormalRobe,BaseOuterTorso,Data/Scripts/Items/Clothing/Robes.cs,ItemCandidate,SourceVerified,
FormalShirt,BaseMiddleTorso,Data/Scripts/Items/Clothing/MiddleTorso.cs,ItemCandidate,SourceVerified,
Fortifiedarms,BoneArms,Data/Scripts/Items/Magical/Artifacts/Obsolete/Obsolete_FortifiedArms.cs,ItemCandidate,SourceVerified,
Fortress,BaseHouse,Data/Scripts/Items/Houses/NewHouses.cs,ItemCandidate,SourceVerified,
FortunateBlades,Daisho,Data/Scripts/Items/Magical/Artifacts/Obsolete/Obsolete_FortunateBlades.cs,ItemCandidate,SourceVerified,
FountainAddon,StoneFountainAddon,Data/Scripts/Items/Special/Heritage Items/Fountain.cs,ItemCandidate,SourceVerified,
FountainDeed,BaseAddonDeed,Data/Scripts/Items/Special/Heritage Items/Fountain.cs,ItemCandidate,SourceVerified,
FountainOfLife,BaseAddonContainer,Data/Scripts/Items/Special/FountainOfLife.cs,ItemCandidate,SourceVerified,
FountainOfLifeDeed,BaseAddonContainerDeed,Data/Scripts/Items/Special/FountainOfLife.cs,ItemCandidate,SourceVerified,
FrenchBread,Food,Data/Scripts/Items/Food/Food.cs,ItemCandidate,SourceVerified,Multiple source declarations found.
FreshBrain,Item,Data/Scripts/Items/Food/FreshBrain.cs,ItemCandidate,SourceVerified,
FriedEggs,Food,Data/Scripts/Items/Food/Food.cs,ItemCandidate,SourceVerified,Multiple source declarations found.
Froe,BaseTool,Data/Scripts/Items/Trades/Tools/Froe.cs,ItemCandidate,SourceVerified,
FrostbitePotion,BaseFrostbitePotion,Data/Scripts/Items/Potions/Standard/Frostbite Potions/FrostbitePotion.cs,ItemCandidate,SourceVerified,
Frostbringer,Bow,Data/Scripts/Items/Magical/Artifacts/Obsolete/Obsolete_Frostbringer.cs,ItemCandidate,SourceVerified,
FrozenHides,BaseHides,Data/Scripts/Items/Trades/Resources/Tailor/Hides.cs,ItemCandidate,SourceVerified,
FrozenLeather,BaseLeather,Data/Scripts/Items/Trades/Resources/Tailor/Leathers.cs,ItemCandidate,SourceVerified,
FruitPie,Food,Data/Scripts/Items/Food/Food.cs,ItemCandidate,SourceVerified,Multiple source declarations found.
FryingPan,BaseTool,Data/Scripts/Custom/Vhaerun's CRL Homestead System [2.0]/Vhaerun's CRL Cooking/Items/FryingPan.cs,ItemCandidate,SourceVerified,
Fukiya,Item,Data/Scripts/Items/Trades/Ninjitsu/Fukiya.cs,ItemCandidate,SourceVerified,
FukiyaDarts,Item,Data/Scripts/Items/Trades/Ninjitsu/FukiyaDarts.cs,ItemCandidate,SourceVerified,
FullApron,BaseMiddleTorso,Data/Scripts/Items/Clothing/MiddleTorso.cs,ItemCandidate,SourceVerified,
FullBookcase,BaseContainer,Data/Scripts/Items/Containers/FurnitureContainer.cs,ItemCandidate,SourceVerified,
FullVialsWRack,Item,Data/Scripts/Items/Misc/GlassItems.cs,ItemCandidate,SourceVerified,
FurArms,BaseArmor,Data/Scripts/Items/Armor/Furs/FurArms.cs,ItemCandidate,SourceVerified,
FurBoots,Boots,Data/Scripts/Items/Clothing/Shoes.cs,ItemCandidate,SourceVerified,
FurCap,SkullCap,Data/Scripts/Items/Armor/Furs/FurCap.cs,ItemCandidate,SourceVerified,
FurCape,Cloak,Data/Scripts/Items/Clothing/Cloaks.cs,ItemCandidate,SourceVerified,
FurCapeOfTheSorceress,FurCape,Data/Scripts/Items/Magical/Artifacts/Obsolete/Obsolete_FurCapeOfTheSorceress.cs,ItemCandidate,SourceVerified,
FurLegs,BaseArmor,Data/Scripts/Items/Armor/Furs/FurLegs.cs,ItemCandidate,SourceVerified,
FurRobe,Robe,Data/Scripts/Items/Armor/Furs/FurRobe.cs,ItemCandidate,SourceVerified,
FurSarong,Kilt,Data/Scripts/Items/Clothing/OuterLegs.cs,ItemCandidate,SourceVerified,
FurTunic,BaseArmor,Data/Scripts/Items/Armor/Furs/FurChest.cs,ItemCandidate,SourceVerified,
FurnitureAttribute,Attribute,Data/Scripts/Trades/Harvest/HarvestSystem.cs,ItemCandidate,SourceVerified,
FurnitureDyeTub,DyeTub,Data/Scripts/Items/Misc/Dyes/FurnitureDyeTub.cs,ItemCandidate,SourceVerified,
FurnitureTimer,Timer,Data/Scripts/Items/Containers/FurnitureContainer.cs,ItemCandidate,SourceVerified,
FurrowsGreenThornsEffect,GreenThornsEffect,Data/Scripts/Trades/Gardening/MiscItems/GreenThorns.cs,ItemCandidate,SourceVerified,
Furs,Item,Data/Scripts/Items/Trades/Tailor Items/Furs.cs,ItemCandidate,SourceVerified,
FursWhite,Item,Data/Scripts/Items/Trades/Tailor Items/Furs.cs,ItemCandidate,SourceVerified,
Fury,Katana,Data/Scripts/Items/Magical/Artifacts/Obsolete/Obsolete_Fury.cs,ItemCandidate,SourceVerified,
Futon,Item,Data/Scripts/Items/Decorations/Artifacts/Decorative/Futon.cs,ItemCandidate,SourceVerified,
GMItemPacket,Packet,Data/Scripts/Items/Misc/Blocker.cs,ItemCandidate,SourceVerified,Multiple source declarations found.
GMRobe,BaseSuit,Data/Scripts/Items/Clothing/Suits/GMRobe.cs,ItemCandidate,SourceVerified,
GalleonBarbarian,BaseBoat,Data/Scripts/Items/Boats/Galleons.cs,ItemCandidate,SourceVerified,
GalleonExotic,BaseBoat,Data/Scripts/Items/Boats/Galleons.cs,ItemCandidate,SourceVerified,
GalleonLarge,BaseBoat,Data/Scripts/Items/Boats/Galleons.cs,ItemCandidate,SourceVerified,
GalleonRoyal,BaseBoat,Data/Scripts/Items/Boats/Galleons.cs,ItemCandidate,SourceVerified,
GalleonRuinedBarbarian,BaseBoat,Data/Scripts/Items/Boats/Galleons.cs,ItemCandidate,SourceVerified,
GalleonRuinedExotic,BaseBoat,Data/Scripts/Items/Boats/Galleons.cs,ItemCandidate,SourceVerified,
GalleonRuinedRoyal,BaseBoat,Data/Scripts/Items/Boats/Galleons.cs,ItemCandidate,SourceVerified,
GalleonWreckedBarbarian,BaseBoat,Data/Scripts/Items/Boats/Galleons.cs,ItemCandidate,SourceVerified,
GalleonWreckedExotic,BaseBoat,Data/Scripts/Items/Boats/Galleons.cs,ItemCandidate,SourceVerified,
GalleonWreckedLarge,BaseBoat,Data/Scripts/Items/Boats/Galleons.cs,ItemCandidate,SourceVerified,
GalleonWreckedRoyal,BaseBoat,Data/Scripts/Items/Boats/Galleons.cs,ItemCandidate,SourceVerified,
GameDiceGump,Gump,Data/Scripts/Items/Misc/Games/LiarsDice/Gumps/GameDiceGump.cs,ItemCandidate,SourceVerified,
GandalfsHat,WizardsHat,Data/Scripts/Items/Magical/Artifacts/Obsolete/Obsolete_GandalfsHat.cs,ItemCandidate,SourceVerified,
GandalfsRobe,MagicRobe,Data/Scripts/Items/Magical/Artifacts/Obsolete/Obsolete_GandalfsRobe.cs,ItemCandidate,SourceVerified,
GandalfsStaff,BaseMagicObject,Data/Scripts/Items/Magical/Artifacts/Obsolete/Obsolete_GandalfsStaff.cs,ItemCandidate,SourceVerified,
GargoyleEar,BaseReagent,Data/Scripts/Items/Trades/Resources/Reagents/Alchemy/GargoyleEar.cs,ItemCandidate,SourceVerified,
GargoyleFlightStatue,BaseStatue,Data/Scripts/Trades/Stone/Statues.cs,ItemCandidate,SourceVerified,
GargoyleStatue,BaseStatue,Data/Scripts/Trades/Stone/Statues.cs,ItemCandidate,SourceVerified,
GargoylesPickaxe,BaseAxe,Data/Scripts/Items/Trades/Harvest Tools/GargoylesPickaxe.cs,ItemCandidate,SourceVerified,
Garlic,BaseReagent,Data/Scripts/Items/Trades/Resources/Reagents/Common/Garlic.cs,ItemCandidate,SourceVerified,
GarnetAmulet,GoldNecklace,Data/Scripts/Items/Jewels/Tinkered.cs,ItemCandidate,SourceVerified,
GarnetBracelet,GoldBracelet,Data/Scripts/Items/Jewels/Tinkered.cs,ItemCandidate,SourceVerified,
GarnetEarrings,GoldEarrings,Data/Scripts/Items/Jewels/Tinkered.cs,ItemCandidate,SourceVerified,
GarnetFemalePlateChest,FemalePlateChest,Data/Scripts/Items/Armor/Gargoyle/GarnetArmor.cs,ItemCandidate,SourceVerified,
GarnetIngot,Item,Data/Scripts/Items/Trades/Resources/Blacksmithing/BlockofGarnet.cs,ItemCandidate,SourceVerified,
GarnetPlateArms,PlateArms,Data/Scripts/Items/Armor/Gargoyle/GarnetArmor.cs,ItemCandidate,SourceVerified,
GarnetPlateChest,PlateChest,Data/Scripts/Items/Armor/Gargoyle/GarnetArmor.cs,ItemCandidate,SourceVerified,
GarnetPlateGloves,PlateGloves,Data/Scripts/Items/Armor/Gargoyle/GarnetArmor.cs,ItemCandidate,SourceVerified,
GarnetPlateGorget,PlateGorget,Data/Scripts/Items/Armor/Gargoyle/GarnetArmor.cs,ItemCandidate,SourceVerified,
GarnetPlateHelm,PlateHelm,Data/Scripts/Items/Armor/Gargoyle/GarnetArmor.cs,ItemCandidate,SourceVerified,
GarnetPlateLegs,PlateLegs,Data/Scripts/Items/Armor/Gargoyle/GarnetArmor.cs,ItemCandidate,SourceVerified,
GarnetRing,GoldRing,Data/Scripts/Items/Jewels/Tinkered.cs,ItemCandidate,SourceVerified,
GarnetShield,HeaterShield,Data/Scripts/Items/Armor/Gargoyle/GarnetArmor.cs,ItemCandidate,SourceVerified,
GasTrap,BaseTrap,Data/Scripts/Items/Traps/GasTrap.cs,ItemCandidate,SourceVerified,
GateMoon,Item,Data/Scripts/Items/Doors/GateMoon.cs,ItemCandidate,SourceVerified,
GateTravelMagicStaff,BaseMagicStaff,Data/Scripts/Items/Wands/7th Circle/GateTravelStaff.cs,ItemCandidate,SourceVerified,
GauntletsOfNobility,RingmailGloves,Data/Scripts/Items/Magical/Artifacts/Obsolete/Obsolete_GauntletsOfNobility.cs,ItemCandidate,SourceVerified,
Gears,Item,Data/Scripts/Items/Trades/Tinkering/Gears.cs,ItemCandidate,SourceVerified,
GeishasObi,Obi,Data/Scripts/Items/Magical/Artifacts/Obsolete/Obsolete_GeishasObi.cs,ItemCandidate,SourceVerified,
GemOfSeeing,Item,Data/Scripts/Items/Magical/Artifacts/Minor/GemOfSeeing.cs,ItemCandidate,SourceVerified,
GenderPotion,Item,Data/Scripts/Items/Potions/Special/GenderPotion.cs,ItemCandidate,SourceVerified,
GenericBeard,Beard,Data/Scripts/Items/Misc/Facial/Beard.cs,ItemCandidate,SourceVerified,
GenericHair,Hair,Data/Scripts/Items/Misc/Facial/Hair.cs,ItemCandidate,SourceVerified,
GenericHouseDoor,BaseHouseDoor,Data/Scripts/Items/Doors/HouseDoors.cs,ItemCandidate,SourceVerified,
GhostBoard,BaseWoodBoard,Data/Scripts/Items/Trades/Carpenter Items/Board.cs,ItemCandidate,SourceVerified,
GhostLog,BaseLog,Data/Scripts/Items/Trades/Lumberjack/Log.cs,ItemCandidate,SourceVerified,
GhostShipAnchor,Item,Data/Scripts/Items/Magical/Artifacts/Minor/GhostShipAnchor.cs,ItemCandidate,SourceVerified,
GhostlyDust,Item,Data/Scripts/Items/Trades/Resources/Unique/GhostlyDust.cs,ItemCandidate,SourceVerified,
GiantBag,BaseContainer,Data/Scripts/Items/Containers/Container.cs,ItemCandidate,SourceVerified,
GiantBlackjack,Club,Data/Scripts/Items/Magical/Artifacts/Obsolete/Obsolete_GiantBlackjack.cs,ItemCandidate,SourceVerified,
GiantSpikeTrap,BaseTrap,Data/Scripts/Items/Traps/GiantSpikeTrap.cs,ItemCandidate,SourceVerified,
GiantWeb1,BaseAddon,Data/Scripts/Items/Construction/Addons/GiantWebs.cs,ItemCandidate,SourceVerified,
GiantWeb2,BaseAddon,Data/Scripts/Items/Construction/Addons/GiantWebs.cs,ItemCandidate,SourceVerified,
GiantWeb3,BaseAddon,Data/Scripts/Items/Construction/Addons/GiantWebs.cs,ItemCandidate,SourceVerified,
GiantWeb4,BaseAddon,Data/Scripts/Items/Construction/Addons/GiantWebs.cs,ItemCandidate,SourceVerified,
GiantWeb5,BaseAddon,Data/Scripts/Items/Construction/Addons/GiantWebs.cs,ItemCandidate,SourceVerified,
GiantWeb6,BaseAddon,Data/Scripts/Items/Construction/Addons/GiantWebs.cs,ItemCandidate,SourceVerified,
GiftAssassinSpike,BaseGiftKnife,Data/Scripts/Items/Magical/Gifts/Weapons/ML Weapons/GiftAssassinSpike.cs,ItemCandidate,SourceVerified,
GiftAttributeInfo,,Data/Scripts/Items/Magical/Gifts/GiftAttributes.cs,ItemCandidate,SourceVerified,
GiftAttributes,,Data/Scripts/Items/Magical/Gifts/GiftAttributes.cs,ItemCandidate,SourceVerified,
GiftAxe,BaseGiftAxe,Data/Scripts/Items/Magical/Gifts/Weapons/Axes/GiftAxe.cs,ItemCandidate,SourceVerified,
GiftBandana,BaseGiftHat,Data/Scripts/Items/Magical/Gifts/Clothing/GiftHats.cs,ItemCandidate,SourceVerified,
GiftBardiche,BaseGiftPoleArm,Data/Scripts/Items/Magical/Gifts/Weapons/PoleArms/GiftBardiche.cs,ItemCandidate,SourceVerified,
GiftBascinet,BaseGiftArmor,Data/Scripts/Items/Magical/Gifts/Armor/Helmets/GiftBascinet.cs,ItemCandidate,SourceVerified,
GiftBattleAxe,BaseGiftAxe,Data/Scripts/Items/Magical/Gifts/Weapons/Axes/GiftBattleAxe.cs,ItemCandidate,SourceVerified,
GiftBearMask,BaseGiftHat,Data/Scripts/Items/Magical/Gifts/Clothing/GiftHats.cs,ItemCandidate,SourceVerified,
GiftBelt,GiftGoldRing,Data/Scripts/Items/Magical/Gifts/Jewels/MagicBelt.cs,ItemCandidate,SourceVerified,
GiftBlackStaff,BaseGiftStaff,Data/Scripts/Items/Magical/Gifts/Weapons/Staves/GiftBlackStaff.cs,ItemCandidate,SourceVerified,
GiftBladedStaff,BaseGiftSpear,Data/Scripts/Items/Magical/Gifts/Weapons/SpearsAndForks/GiftBladedStaff.cs,ItemCandidate,SourceVerified,
GiftBodySash,BaseGiftMiddleTorso,Data/Scripts/Items/Magical/Gifts/Clothing/GiftMiddleTorso.cs,ItemCandidate,SourceVerified,
GiftBokuto,BaseGiftSword,Data/Scripts/Items/Magical/Gifts/Weapons/SE Weapons/GiftBokuto.cs,ItemCandidate,SourceVerified,
GiftBoneArms,BaseGiftArmor,Data/Scripts/Items/Magical/Gifts/Armor/Bone/GiftBoneArms.cs,ItemCandidate,SourceVerified,
GiftBoneChest,BaseGiftArmor,Data/Scripts/Items/Magical/Gifts/Armor/Bone/GiftBoneChest.cs,ItemCandidate,SourceVerified,
GiftBoneGloves,BaseGiftArmor,Data/Scripts/Items/Magical/Gifts/Armor/Bone/GiftBoneGloves.cs,ItemCandidate,SourceVerified,
GiftBoneHarvester,BaseGiftSword,Data/Scripts/Items/Magical/Gifts/Weapons/Swords/GiftBoneHarvester.cs,ItemCandidate,SourceVerified,
GiftBoneHelm,BaseGiftArmor,Data/Scripts/Items/Magical/Gifts/Armor/Helmets/GiftBoneHelm.cs,ItemCandidate,SourceVerified,
GiftBoneLegs,BaseGiftArmor,Data/Scripts/Items/Magical/Gifts/Armor/Bone/GiftBoneLegs.cs,ItemCandidate,SourceVerified,
GiftBonnet,BaseGiftHat,Data/Scripts/Items/Magical/Gifts/Clothing/GiftHats.cs,ItemCandidate,SourceVerified,
GiftBoots,BaseGiftShoes,Data/Scripts/Items/Magical/Gifts/Clothing/GiftShoes.cs,ItemCandidate,SourceVerified,
GiftBow,BaseGiftRanged,Data/Scripts/Items/Magical/Gifts/Weapons/Ranged/GiftBow.cs,ItemCandidate,SourceVerified,
GiftBox,BaseContainer,Data/Scripts/Items/Special/Holiday/GiftBox.cs,ItemCandidate,SourceVerified,
GiftBoxAngel,BaseContainer,Data/Scripts/Items/Special/Holiday/HolidayGiftBoxes.cs,ItemCandidate,SourceVerified,
GiftBoxCube,BaseContainer,Data/Scripts/Items/Special/Holiday/HolidayGiftBoxes.cs,ItemCandidate,SourceVerified,
GiftBoxCylinder,BaseContainer,Data/Scripts/Items/Special/Holiday/HolidayGiftBoxes.cs,ItemCandidate,SourceVerified,
GiftBoxHues,,Data/Scripts/Items/Special/Holiday/HolidayGiftBoxes.cs,ItemCandidate,SourceVerified,
GiftBoxNeon,BaseContainer,Data/Scripts/Items/Special/Holiday/HolidayGiftBoxes.cs,ItemCandidate,SourceVerified,
GiftBoxOctogon,BaseContainer,Data/Scripts/Items/Special/Holiday/HolidayGiftBoxes.cs,ItemCandidate,SourceVerified,
GiftBoxRectangle,BaseContainer,Data/Scripts/Items/Special/Holiday/HolidayGiftBoxes.cs,ItemCandidate,SourceVerified,
GiftBroadsword,BaseGiftSword,Data/Scripts/Items/Magical/Gifts/Weapons/Swords/GiftBroadsword.cs,ItemCandidate,SourceVerified,
GiftBronzeShield,BaseGiftShield,Data/Scripts/Items/Magical/Gifts/Shields/GiftBronzeShield.cs,ItemCandidate,SourceVerified,
GiftBuckler,BaseGiftShield,Data/Scripts/Items/Magical/Gifts/Shields/GiftBuckler.cs,ItemCandidate,SourceVerified,
GiftButcherKnife,BaseGiftKnife,Data/Scripts/Items/Magical/Gifts/Weapons/Knives/GiftButcherKnife.cs,ItemCandidate,SourceVerified,
GiftCandle,GiftGoldRing,Data/Scripts/Items/Magical/Gifts/Jewels/MagicCandle.cs,ItemCandidate,SourceVerified,
GiftCap,BaseGiftHat,Data/Scripts/Items/Magical/Gifts/Clothing/GiftHats.cs,ItemCandidate,SourceVerified,
GiftChainChest,BaseGiftArmor,Data/Scripts/Items/Magical/Gifts/Armor/Chain/GiftChainChest.cs,ItemCandidate,SourceVerified,
GiftChainCoif,BaseGiftArmor,Data/Scripts/Items/Magical/Gifts/Armor/Helmets/GiftChainCoif.cs,ItemCandidate,SourceVerified,
GiftChainHatsuburi,BaseGiftArmor,Data/Scripts/Items/Magical/Gifts/Armor/Chain/GiftChainHatsuburi.cs,ItemCandidate,SourceVerified,
GiftChainLegs,BaseGiftArmor,Data/Scripts/Items/Magical/Gifts/Armor/Chain/GiftChainLegs.cs,ItemCandidate,SourceVerified,
GiftChampionShield,BaseGiftShield,Data/Scripts/Items/Magical/Gifts/Shields/GiftChampionShield.cs,ItemCandidate,SourceVerified,
GiftChaosShield,BaseGiftShield,Data/Scripts/Items/Magical/Gifts/Shields/GiftChaosShield.cs,ItemCandidate,SourceVerified,
GiftCirclet,BaseGiftArmor,Data/Scripts/Items/Magical/Gifts/Armor/Helmets/GiftCirclet.cs,ItemCandidate,SourceVerified,
GiftClaymore,BaseGiftSword,Data/Scripts/Items/Magical/Gifts/Weapons/Swords/GiftClaymore.cs,ItemCandidate,SourceVerified,
GiftCleaver,BaseGiftKnife,Data/Scripts/Items/Magical/Gifts/Weapons/Knives/GiftCleaver.cs,ItemCandidate,SourceVerified,
GiftCloak,BaseGiftCloak,Data/Scripts/Items/Magical/Gifts/Clothing/GiftCloaks.cs,ItemCandidate,SourceVerified,
GiftCloseHelm,BaseGiftArmor,Data/Scripts/Items/Magical/Gifts/Armor/Helmets/GiftCloseHelm.cs,ItemCandidate,SourceVerified,
GiftClothNinjaHood,BaseGiftHat,Data/Scripts/Items/Magical/Gifts/Clothing/GiftHats.cs,ItemCandidate,SourceVerified,
GiftClothNinjaJacket,BaseGiftShirt,Data/Scripts/Items/Magical/Gifts/Clothing/GiftShirts.cs,ItemCandidate,SourceVerified,
GiftClub,BaseGiftBashing,Data/Scripts/Items/Magical/Gifts/Weapons/Maces/GiftClub.cs,ItemCandidate,SourceVerified,
GiftCompositeBow,BaseGiftRanged,Data/Scripts/Items/Magical/Gifts/Weapons/Ranged/GiftCompositeBow.cs,ItemCandidate,SourceVerified,
GiftCowl,BaseGiftHat,Data/Scripts/Items/Magical/Gifts/Clothing/GiftHats.cs,ItemCandidate,SourceVerified,
GiftCrescentBlade,BaseGiftSword,Data/Scripts/Items/Magical/Gifts/Weapons/Swords/GiftCrescentBlade.cs,ItemCandidate,SourceVerified,
GiftCrestedShield,BaseGiftShield,Data/Scripts/Items/Magical/Gifts/Shields/GiftCrestedShield.cs,ItemCandidate,SourceVerified,
GiftCrossbow,BaseGiftRanged,Data/Scripts/Items/Magical/Gifts/Weapons/Ranged/GiftCrossbow.cs,ItemCandidate,SourceVerified,
GiftCutlass,BaseGiftSword,Data/Scripts/Items/Magical/Gifts/Weapons/Swords/GiftCutlass.cs,ItemCandidate,SourceVerified,
GiftDagger,BaseGiftKnife,Data/Scripts/Items/Magical/Gifts/Weapons/Knives/GiftDagger.cs,ItemCandidate,SourceVerified,
GiftDaisho,BaseGiftSword,Data/Scripts/Items/Magical/Gifts/Weapons/SE Weapons/GiftDaisho.cs,ItemCandidate,SourceVerified,
GiftDarkShield,BaseGiftShield,Data/Scripts/Items/Magical/Gifts/Shields/GiftDarkShield.cs,ItemCandidate,SourceVerified,
GiftDecorativePlateKabuto,BaseGiftArmor,Data/Scripts/Items/Magical/Gifts/Armor/Plate/GiftDecorativePlateKabuto.cs,ItemCandidate,SourceVerified,
GiftDeerMask,BaseGiftHat,Data/Scripts/Items/Magical/Gifts/Clothing/GiftHats.cs,ItemCandidate,SourceVerified,
GiftDiamondMace,BaseGiftBashing,Data/Scripts/Items/Magical/Gifts/Weapons/ML Weapons/GiftDiamondMace.cs,ItemCandidate,SourceVerified,
GiftDoubleAxe,BaseGiftAxe,Data/Scripts/Items/Magical/Gifts/Weapons/Axes/GiftDoubleAxe.cs,ItemCandidate,SourceVerified,
GiftDoubleBladedStaff,BaseGiftSpear,Data/Scripts/Items/Magical/Gifts/Weapons/SpearsAndForks/GiftDoubleBladedStaff.cs,ItemCandidate,SourceVerified,
GiftDoublet,BaseGiftMiddleTorso,Data/Scripts/Items/Magical/Gifts/Clothing/GiftMiddleTorso.cs,ItemCandidate,SourceVerified,
GiftDragonArms,BaseGiftArmor,Data/Scripts/Items/Magical/Gifts/Armor/Dragon/GiftDragonArms.cs,ItemCandidate,SourceVerified,
GiftDragonChest,BaseGiftArmor,Data/Scripts/Items/Magical/Gifts/Armor/Dragon/GiftDragonChest.cs,ItemCandidate,SourceVerified,
GiftDragonGloves,BaseGiftArmor,Data/Scripts/Items/Magical/Gifts/Armor/Dragon/GiftDragonGloves.cs,ItemCandidate,SourceVerified,
GiftDragonHelm,BaseGiftArmor,Data/Scripts/Items/Magical/Gifts/Armor/Dragon/GiftDragonHelm.cs,ItemCandidate,SourceVerified,
GiftDragonLegs,BaseGiftArmor,Data/Scripts/Items/Magical/Gifts/Armor/Dragon/GiftDragonLegs.cs,ItemCandidate,SourceVerified,
GiftDreadHelm,BaseGiftArmor,Data/Scripts/Items/Magical/Gifts/Armor/Helmets/GiftDreadHelm.cs,ItemCandidate,SourceVerified,
GiftElvenBoots,BaseGiftShoes,Data/Scripts/Items/Magical/Gifts/Clothing/GiftShoes.cs,ItemCandidate,SourceVerified,
GiftElvenCompositeLongbow,BaseGiftRanged,Data/Scripts/Items/Magical/Gifts/Weapons/ML Weapons/GiftElvenCompositeLongbow.cs,ItemCandidate,SourceVerified,
GiftElvenMachete,BaseGiftSword,Data/Scripts/Items/Magical/Gifts/Weapons/ML Weapons/GiftElvenMachete.cs,ItemCandidate,SourceVerified,
GiftElvenShield,BaseGiftShield,Data/Scripts/Items/Magical/Gifts/Shields/GiftElvenShield.cs,ItemCandidate,SourceVerified,
GiftElvenSpellblade,BaseGiftKnife,Data/Scripts/Items/Magical/Gifts/Weapons/ML Weapons/GiftElvenSpellblade.cs,ItemCandidate,SourceVerified,
GiftExecutionersAxe,BaseGiftAxe,Data/Scripts/Items/Magical/Gifts/Weapons/Axes/GiftExecutionersAxe.cs,ItemCandidate,SourceVerified,
GiftFancyDress,BaseGiftOuterTorso,Data/Scripts/Items/Magical/Gifts/Clothing/GiftOuterTorso.cs,ItemCandidate,SourceVerified,
GiftFancyShirt,BaseGiftShirt,Data/Scripts/Items/Magical/Gifts/Clothing/GiftShirts.cs,ItemCandidate,SourceVerified,
GiftFeatheredHat,BaseGiftHat,Data/Scripts/Items/Magical/Gifts/Clothing/GiftHats.cs,ItemCandidate,SourceVerified,
GiftFemaleKimono,BaseGiftOuterTorso,Data/Scripts/Items/Magical/Gifts/Clothing/GiftOuterTorso.cs,ItemCandidate,SourceVerified,
GiftFemaleLeatherChest,BaseGiftArmor,Data/Scripts/Items/Magical/Gifts/Armor/Leather/GiftFemaleLeatherChest.cs,ItemCandidate,SourceVerified,
GiftFemalePlateChest,BaseGiftArmor,Data/Scripts/Items/Magical/Gifts/Armor/Plate/GiftFemalePlateChest.cs,ItemCandidate,SourceVerified,
GiftFemaleStuddedChest,BaseGiftArmor,Data/Scripts/Items/Magical/Gifts/Armor/Studded/GiftFemaleStuddedChest.cs,ItemCandidate,SourceVerified,
GiftFloppyHat,BaseGiftHat,Data/Scripts/Items/Magical/Gifts/Clothing/GiftHats.cs,ItemCandidate,SourceVerified,
GiftFlowerGarland,BaseGiftHat,Data/Scripts/Items/Magical/Gifts/Clothing/GiftHats.cs,ItemCandidate,SourceVerified,
GiftFormalShirt,BaseGiftMiddleTorso,Data/Scripts/Items/Magical/Gifts/Clothing/GiftMiddleTorso.cs,ItemCandidate,SourceVerified,
GiftFullApron,BaseGiftMiddleTorso,Data/Scripts/Items/Magical/Gifts/Clothing/GiftMiddleTorso.cs,ItemCandidate,SourceVerified,
GiftFurBoots,BaseGiftShoes,Data/Scripts/Items/Magical/Gifts/Clothing/GiftShoes.cs,ItemCandidate,SourceVerified,
GiftFurCape,BaseGiftCloak,Data/Scripts/Items/Magical/Gifts/Clothing/GiftCloaks.cs,ItemCandidate,SourceVerified,
GiftFurSarong,BaseGiftOuterLegs,Data/Scripts/Items/Magical/Gifts/Clothing/GiftOuterLegs.cs,ItemCandidate,SourceVerified,
GiftGildedDress,BaseGiftOuterTorso,Data/Scripts/Items/Magical/Gifts/Clothing/GiftOuterTorso.cs,ItemCandidate,SourceVerified,
GiftGnarledStaff,BaseGiftStaff,Data/Scripts/Items/Magical/Gifts/Weapons/Staves/GiftGnarledStaff.cs,ItemCandidate,SourceVerified,
GiftGoldBeadNecklace,BaseGiftNecklace,Data/Scripts/Items/Magical/Gifts/Jewels/GiftNecklace.cs,ItemCandidate,SourceVerified,
GiftGoldBracelet,BaseGiftBracelet,Data/Scripts/Items/Magical/Gifts/Jewels/GiftBracelet.cs,ItemCandidate,SourceVerified,
GiftGoldEarrings,BaseGiftEarrings,Data/Scripts/Items/Magical/Gifts/Jewels/GiftEarrings.cs,ItemCandidate,SourceVerified,
GiftGoldNecklace,BaseGiftNecklace,Data/Scripts/Items/Magical/Gifts/Jewels/GiftNecklace.cs,ItemCandidate,SourceVerified,
GiftGoldRing,BaseGiftRing,Data/Scripts/Items/Magical/Gifts/Jewels/GiftRing.cs,ItemCandidate,SourceVerified,
GiftGuardsmanShield,BaseGiftShield,Data/Scripts/Items/Magical/Gifts/Shields/GiftGuardsmanShield.cs,ItemCandidate,SourceVerified,
GiftGump,Gump,Data/Scripts/Items/Magical/Gifts/Gumps/GiftGump.cs,ItemCandidate,SourceVerified,
GiftHakama,BaseGiftOuterLegs,Data/Scripts/Items/Magical/Gifts/Clothing/GiftOuterLegs.cs,ItemCandidate,SourceVerified,
GiftHakamaShita,BaseGiftOuterTorso,Data/Scripts/Items/Magical/Gifts/Clothing/GiftOuterTorso.cs,ItemCandidate,SourceVerified,
GiftHalberd,BaseGiftPoleArm,Data/Scripts/Items/Magical/Gifts/Weapons/PoleArms/GiftHalberd.cs,ItemCandidate,SourceVerified,
GiftHalfApron,BaseGiftWaist,Data/Scripts/Items/Magical/Gifts/Clothing/GiftWaist.cs,ItemCandidate,SourceVerified,
GiftHammerPick,BaseGiftBashing,Data/Scripts/Items/Magical/Gifts/Weapons/Maces/GiftHammerPick.cs,ItemCandidate,SourceVerified,
GiftHammers,BaseGiftBashing,Data/Scripts/Items/Magical/Gifts/Weapons/Maces/GiftHammers.cs,ItemCandidate,SourceVerified,
GiftHarpoon,BaseGiftRanged,Data/Scripts/Items/Magical/Gifts/Weapons/GiftHarpoon.cs,ItemCandidate,SourceVerified,
GiftHatchet,BaseGiftAxe,Data/Scripts/Items/Magical/Gifts/Weapons/Axes/GiftHatchet.cs,ItemCandidate,SourceVerified,
GiftHeaterShield,BaseGiftShield,Data/Scripts/Items/Magical/Gifts/Shields/GiftHeaterShield.cs,ItemCandidate,SourceVerified,
GiftHeavyCrossbow,BaseGiftRanged,Data/Scripts/Items/Magical/Gifts/Weapons/Ranged/GiftHeavyCrossbow.cs,ItemCandidate,SourceVerified,
GiftHeavyPlateJingasa,BaseGiftArmor,Data/Scripts/Items/Magical/Gifts/Armor/Plate/GiftHeavyPlateJingasa.cs,ItemCandidate,SourceVerified,
GiftHelmet,BaseGiftArmor,Data/Scripts/Items/Magical/Gifts/Armor/Helmets/GiftHelmet.cs,ItemCandidate,SourceVerified,
GiftHood,BaseGiftHat,Data/Scripts/Items/Magical/Gifts/Clothing/GiftHats.cs,ItemCandidate,SourceVerified,
GiftHoodedShroudOfShadows,BaseGiftOuterTorso,Data/Scripts/Items/Magical/Gifts/Clothing/GiftOuterTorso.cs,ItemCandidate,SourceVerified,
GiftHornedTribalMask,BaseGiftHat,Data/Scripts/Items/Magical/Gifts/Clothing/GiftHats.cs,ItemCandidate,SourceVerified,
GiftInfoEntry,ContextMenuEntry,Data/Scripts/Items/Magical/Gifts/Gifts.cs,ItemCandidate,SourceVerified,
GiftJesterHat,BaseGiftHat,Data/Scripts/Items/Magical/Gifts/Clothing/GiftHats.cs,ItemCandidate,SourceVerified,
GiftJesterSuit,BaseGiftMiddleTorso,Data/Scripts/Items/Magical/Gifts/Clothing/GiftMiddleTorso.cs,ItemCandidate,SourceVerified,
GiftJeweledShield,BaseGiftShield,Data/Scripts/Items/Magical/Gifts/Shields/GiftJeweledShield.cs,ItemCandidate,SourceVerified,
GiftJinBaori,BaseGiftMiddleTorso,Data/Scripts/Items/Magical/Gifts/Clothing/GiftMiddleTorso.cs,ItemCandidate,SourceVerified,
GiftKama,BaseGiftKnife,Data/Scripts/Items/Magical/Gifts/Weapons/SE Weapons/GiftKama.cs,ItemCandidate,SourceVerified,
GiftKamishimo,BaseGiftOuterTorso,Data/Scripts/Items/Magical/Gifts/Clothing/GiftOuterTorso.cs,ItemCandidate,SourceVerified,
GiftKasa,BaseGiftHat,Data/Scripts/Items/Magical/Gifts/Clothing/GiftHats.cs,ItemCandidate,SourceVerified,
GiftKatana,BaseGiftSword,Data/Scripts/Items/Magical/Gifts/Weapons/Swords/GiftKatana.cs,ItemCandidate,SourceVerified,
GiftKilt,BaseGiftOuterLegs,Data/Scripts/Items/Magical/Gifts/Clothing/GiftOuterLegs.cs,ItemCandidate,SourceVerified,
GiftKryss,BaseGiftSword,Data/Scripts/Items/Magical/Gifts/Weapons/Swords/GiftKryss.cs,ItemCandidate,SourceVerified,
GiftLajatang,BaseGiftKnife,Data/Scripts/Items/Magical/Gifts/Weapons/SE Weapons/GiftLajatang.cs,ItemCandidate,SourceVerified,
GiftLance,BaseGiftSword,Data/Scripts/Items/Magical/Gifts/Weapons/Swords/GiftLance.cs,ItemCandidate,SourceVerified,
GiftLantern,GiftGoldRing,Data/Scripts/Items/Magical/Gifts/Jewels/MagicLantern.cs,ItemCandidate,SourceVerified,
GiftLargeBattleAxe,BaseGiftAxe,Data/Scripts/Items/Magical/Gifts/Weapons/Axes/GiftLargeBattleAxe.cs,ItemCandidate,SourceVerified,
GiftLargeKnife,BaseGiftKnife,Data/Scripts/Items/Magical/Gifts/Weapons/Knives/GiftLargeKnife.cs,ItemCandidate,SourceVerified,
GiftLeafblade,BaseGiftKnife,Data/Scripts/Items/Magical/Gifts/Weapons/ML Weapons/GiftLeafblade.cs,ItemCandidate,SourceVerified,
GiftLeatherArms,BaseGiftArmor,Data/Scripts/Items/Magical/Gifts/Armor/Leather/GiftLeatherArms.cs,ItemCandidate,SourceVerified,
GiftLeatherBustierArms,BaseGiftArmor,Data/Scripts/Items/Magical/Gifts/Armor/Leather/GiftLeatherBustierArms.cs,ItemCandidate,SourceVerified,
GiftLeatherCap,BaseGiftArmor,Data/Scripts/Items/Magical/Gifts/Armor/Helmets/GiftLeatherCap.cs,ItemCandidate,SourceVerified,
GiftLeatherChest,BaseGiftArmor,Data/Scripts/Items/Magical/Gifts/Armor/Leather/GiftLeatherChest.cs,ItemCandidate,SourceVerified,
GiftLeatherCloak,BaseGiftArmor,Data/Scripts/Items/Magical/Gifts/Armor/Leather/GiftLeatherCloak.cs,ItemCandidate,SourceVerified,
GiftLeatherDo,BaseGiftArmor,Data/Scripts/Items/Magical/Gifts/Armor/Leather/GiftLeatherDo.cs,ItemCandidate,SourceVerified,
GiftLeatherGloves,BaseGiftArmor,Data/Scripts/Items/Magical/Gifts/Armor/Leather/GiftLeatherGloves.cs,ItemCandidate,SourceVerified,
GiftLeatherGorget,BaseGiftArmor,Data/Scripts/Items/Magical/Gifts/Armor/Leather/GiftLeatherGorget.cs,ItemCandidate,SourceVerified,
GiftLeatherHaidate,BaseGiftArmor,Data/Scripts/Items/Magical/Gifts/Armor/Leather/GiftLeatherHaidate.cs,ItemCandidate,SourceVerified,
GiftLeatherHiroSode,BaseGiftArmor,Data/Scripts/Items/Magical/Gifts/Armor/Leather/GiftLeatherHiroSode.cs,ItemCandidate,SourceVerified,
GiftLeatherJingasa,BaseGiftArmor,Data/Scripts/Items/Magical/Gifts/Armor/Leather/GiftLeatherJingasa.cs,ItemCandidate,SourceVerified,
GiftLeatherLegs,BaseGiftArmor,Data/Scripts/Items/Magical/Gifts/Armor/Leather/GiftLeatherLegs.cs,ItemCandidate,SourceVerified,
GiftLeatherMempo,BaseGiftArmor,Data/Scripts/Items/Magical/Gifts/Armor/Leather/GiftLeatherMempo.cs,ItemCandidate,SourceVerified,
GiftLeatherNinjaHood,BaseGiftArmor,Data/Scripts/Items/Magical/Gifts/Armor/Leather/GiftLeatherNinjaHood.cs,ItemCandidate,SourceVerified,
GiftLeatherNinjaJacket,BaseGiftArmor,Data/Scripts/Items/Magical/Gifts/Armor/Leather/GiftLeatherNinjaJacket.cs,ItemCandidate,SourceVerified,
GiftLeatherNinjaMitts,BaseGiftArmor,Data/Scripts/Items/Magical/Gifts/Armor/Leather/GiftLeatherNinjaMitts.cs,ItemCandidate,SourceVerified,
GiftLeatherNinjaPants,BaseGiftArmor,Data/Scripts/Items/Magical/Gifts/Armor/Leather/GiftLeatherNinjaPants.cs,ItemCandidate,SourceVerified,
GiftLeatherRobe,BaseGiftArmor,Data/Scripts/Items/Magical/Gifts/Armor/Leather/GiftLeatherRobe.cs,ItemCandidate,SourceVerified,
GiftLeatherShorts,BaseGiftArmor,Data/Scripts/Items/Magical/Gifts/Armor/Leather/GiftLeatherShorts.cs,ItemCandidate,SourceVerified,
GiftLeatherSkirt,BaseGiftArmor,Data/Scripts/Items/Magical/Gifts/Armor/Leather/GiftLeatherSkirt.cs,ItemCandidate,SourceVerified,
GiftLeatherSuneate,BaseGiftArmor,Data/Scripts/Items/Magical/Gifts/Armor/Leather/GiftLeatherSuneate.cs,ItemCandidate,SourceVerified,
GiftLightPlateJingasa,BaseGiftArmor,Data/Scripts/Items/Magical/Gifts/Armor/Plate/GiftLightPlateJingasa.cs,ItemCandidate,SourceVerified,
GiftLoinCloth,GiftGoldRing,Data/Scripts/Items/Magical/Gifts/Jewels/MagicBelt.cs,ItemCandidate,SourceVerified,
GiftLongPants,BaseGiftPants,Data/Scripts/Items/Magical/Gifts/Clothing/GiftPants.cs,ItemCandidate,SourceVerified,
GiftLongsword,BaseGiftSword,Data/Scripts/Items/Magical/Gifts/Weapons/Swords/GiftLongsword.cs,ItemCandidate,SourceVerified,
GiftMace,BaseGiftBashing,Data/Scripts/Items/Magical/Gifts/Weapons/Maces/GiftMace.cs,ItemCandidate,SourceVerified,
GiftMagicalShortbow,BaseGiftRanged,Data/Scripts/Items/Magical/Gifts/Weapons/ML Weapons/GiftMagicalShortbow.cs,ItemCandidate,SourceVerified,
GiftMaleKimono,BaseGiftOuterTorso,Data/Scripts/Items/Magical/Gifts/Clothing/GiftOuterTorso.cs,ItemCandidate,SourceVerified,
GiftMaul,BaseGiftBashing,Data/Scripts/Items/Magical/Gifts/Weapons/Maces/GiftMaul.cs,ItemCandidate,SourceVerified,
GiftMetalKiteShield,BaseGiftShield,Data/Scripts/Items/Magical/Gifts/Shields/GiftMetalKiteShield.cs,ItemCandidate,SourceVerified,
GiftMetalShield,BaseGiftShield,Data/Scripts/Items/Magical/Gifts/Shields/GiftMetalShield.cs,ItemCandidate,SourceVerified,
GiftNecklace,BaseGiftNecklace,Data/Scripts/Items/Magical/Gifts/Jewels/GiftNecklace.cs,ItemCandidate,SourceVerified,
GiftNinjaTabi,BaseGiftShoes,Data/Scripts/Items/Magical/Gifts/Clothing/GiftShoes.cs,ItemCandidate,SourceVerified,
GiftNoDachi,BaseGiftSword,Data/Scripts/Items/Magical/Gifts/Weapons/SE Weapons/GiftNoDachi.cs,ItemCandidate,SourceVerified,
GiftNorseHelm,BaseGiftArmor,Data/Scripts/Items/Magical/Gifts/Armor/Helmets/GiftNorseHelm.cs,ItemCandidate,SourceVerified,
GiftNunchaku,BaseGiftBashing,Data/Scripts/Items/Magical/Gifts/Weapons/SE Weapons/GiftNunchaku.cs,ItemCandidate,SourceVerified,
GiftObi,BaseGiftWaist,Data/Scripts/Items/Magical/Gifts/Clothing/GiftWaist.cs,ItemCandidate,SourceVerified,
GiftOniwabanBoots,BaseGiftArmor,Data/Scripts/Items/Magical/Gifts/Armor/Leather/GiftOniwabanBoots.cs,ItemCandidate,SourceVerified,
GiftOniwabanGloves,GiftLeatherGloves,Data/Scripts/Items/Magical/Gifts/Armor/Leather/GiftOniwabanGloves.cs,ItemCandidate,SourceVerified,
GiftOniwabanHood,GiftLeatherCap,Data/Scripts/Items/Magical/Gifts/Armor/Helmets/GiftOniwabanHood.cs,ItemCandidate,SourceVerified,
GiftOniwabanLeggings,GiftLeatherLegs,Data/Scripts/Items/Magical/Gifts/Armor/Leather/GiftOniwabanLeggings.cs,ItemCandidate,SourceVerified,
GiftOniwabanTunic,GiftLeatherChest,Data/Scripts/Items/Magical/Gifts/Armor/Leather/GiftOniwabanTunic.cs,ItemCandidate,SourceVerified,
GiftOrcHelm,BaseGiftArmor,Data/Scripts/Items/Magical/Gifts/Armor/Helmets/GiftOrcHelm.cs,ItemCandidate,SourceVerified,
GiftOrderShield,BaseGiftShield,Data/Scripts/Items/Magical/Gifts/Shields/GiftOrderShield.cs,ItemCandidate,SourceVerified,
GiftOrnateAxe,BaseGiftAxe,Data/Scripts/Items/Magical/Gifts/Weapons/ML Weapons/GiftOrnateAxe.cs,ItemCandidate,SourceVerified,
GiftPickaxe,BaseGiftAxe,Data/Scripts/Items/Magical/Gifts/Weapons/Axes/GiftPickaxe.cs,ItemCandidate,SourceVerified,
GiftPike,BaseGiftSpear,Data/Scripts/Items/Magical/Gifts/Weapons/SpearsAndForks/GiftPike.cs,ItemCandidate,SourceVerified,
GiftPirateHat,BaseGiftHat,Data/Scripts/Items/Magical/Gifts/Clothing/GiftHats.cs,ItemCandidate,SourceVerified,
GiftPitchfork,BaseGiftSpear,Data/Scripts/Items/Magical/Gifts/Weapons/SpearsAndForks/GiftPitchfork.cs,ItemCandidate,SourceVerified,
GiftPlainDress,BaseGiftOuterTorso,Data/Scripts/Items/Magical/Gifts/Clothing/GiftOuterTorso.cs,ItemCandidate,SourceVerified,
GiftPlateArms,BaseGiftArmor,Data/Scripts/Items/Magical/Gifts/Armor/Plate/GiftPlateArms.cs,ItemCandidate,SourceVerified,
GiftPlateBattleKabuto,BaseGiftArmor,Data/Scripts/Items/Magical/Gifts/Armor/Plate/GiftPlateBattleKabuto.cs,ItemCandidate,SourceVerified,
GiftPlateChest,BaseGiftArmor,Data/Scripts/Items/Magical/Gifts/Armor/Plate/GiftPlateChest.cs,ItemCandidate,SourceVerified,
GiftPlateDo,BaseGiftArmor,Data/Scripts/Items/Magical/Gifts/Armor/Plate/GiftPlateDo.cs,ItemCandidate,SourceVerified,
GiftPlateGloves,BaseGiftArmor,Data/Scripts/Items/Magical/Gifts/Armor/Plate/GiftPlateGloves.cs,ItemCandidate,SourceVerified,
GiftPlateGorget,BaseGiftArmor,Data/Scripts/Items/Magical/Gifts/Armor/Plate/GiftPlateGorget.cs,ItemCandidate,SourceVerified,
GiftPlateHaidate,BaseGiftArmor,Data/Scripts/Items/Magical/Gifts/Armor/Plate/GiftPlateHaidate.cs,ItemCandidate,SourceVerified,
GiftPlateHatsuburi,BaseGiftArmor,Data/Scripts/Items/Magical/Gifts/Armor/Plate/GiftPlateHatsuburi.cs,ItemCandidate,SourceVerified,
GiftPlateHelm,BaseGiftArmor,Data/Scripts/Items/Magical/Gifts/Armor/Helmets/GiftPlateHelm.cs,ItemCandidate,SourceVerified,
GiftPlateHiroSode,BaseGiftArmor,Data/Scripts/Items/Magical/Gifts/Armor/Plate/GiftPlateHiroSode.cs,ItemCandidate,SourceVerified,
GiftPlateLegs,BaseGiftArmor,Data/Scripts/Items/Magical/Gifts/Armor/Plate/GiftPlateLegs.cs,ItemCandidate,SourceVerified,
GiftPlateMempo,BaseGiftArmor,Data/Scripts/Items/Magical/Gifts/Armor/Plate/GiftPlateMempo.cs,ItemCandidate,SourceVerified,
GiftPlateSuneate,BaseGiftArmor,Data/Scripts/Items/Magical/Gifts/Armor/Plate/GiftPlateSuneate.cs,ItemCandidate,SourceVerified,
GiftPugilistGloves,BaseGiftBashing,Data/Scripts/Items/Magical/Gifts/Weapons/GiftPugilistMits.cs,ItemCandidate,SourceVerified,
GiftQuarterStaff,BaseGiftStaff,Data/Scripts/Items/Magical/Gifts/Weapons/Staves/GiftQuarterStaff.cs,ItemCandidate,SourceVerified,
GiftRadiantScimitar,BaseGiftSword,Data/Scripts/Items/Magical/Gifts/Weapons/ML Weapons/GiftRadiantScimitar.cs,ItemCandidate,SourceVerified,
GiftRepeatingCrossbow,BaseGiftRanged,Data/Scripts/Items/Magical/Gifts/Weapons/Ranged/GiftRepeatingCrossbow.cs,ItemCandidate,SourceVerified,
GiftResistanceTypeInfo,,Data/Scripts/Items/Magical/Gifts/GiftAttributes.cs,ItemCandidate,SourceVerified,
GiftRingmailArms,BaseGiftArmor,Data/Scripts/Items/Magical/Gifts/Armor/Ring/GiftRingmailArms.cs,ItemCandidate,SourceVerified,
GiftRingmailChest,BaseGiftArmor,Data/Scripts/Items/Magical/Gifts/Armor/Ring/GiftRingmailChest.cs,ItemCandidate,SourceVerified,
GiftRingmailGloves,BaseGiftArmor,Data/Scripts/Items/Magical/Gifts/Armor/Ring/GiftRingmailGloves.cs,ItemCandidate,SourceVerified,
GiftRingmailLegs,BaseGiftArmor,Data/Scripts/Items/Magical/Gifts/Armor/Ring/GiftRingmailLegs.cs,ItemCandidate,SourceVerified,
GiftRobe,BaseGiftOuterTorso,Data/Scripts/Items/Magical/Gifts/Clothing/GiftOuterTorso.cs,ItemCandidate,SourceVerified,
GiftRoyalArms,GiftPlateArms,Data/Scripts/Items/Magical/Gifts/Armor/Royal/GiftRoyalArms.cs,ItemCandidate,SourceVerified,
GiftRoyalBoots,GiftPlateGorget,Data/Scripts/Items/Magical/Gifts/Armor/Royal/GiftRoyalBoots.cs,ItemCandidate,SourceVerified,
GiftRoyalCape,BaseGiftCloak,Data/Scripts/Items/Magical/Gifts/Clothing/GiftRoyalCloak.cs,ItemCandidate,SourceVerified,
GiftRoyalChest,GiftPlateChest,Data/Scripts/Items/Magical/Gifts/Armor/Royal/GiftRoyalChest.cs,ItemCandidate,SourceVerified,
GiftRoyalGloves,GiftPlateGloves,Data/Scripts/Items/Magical/Gifts/Armor/Royal/GiftRoyalGloves.cs,ItemCandidate,SourceVerified,
GiftRoyalGorget,GiftPlateGorget,Data/Scripts/Items/Magical/Gifts/Armor/Royal/GiftRoyalGorget.cs,ItemCandidate,SourceVerified,
GiftRoyalHelm,GiftPlateHelm,Data/Scripts/Items/Magical/Gifts/Armor/Helmets/GiftRoyalHelm.cs,ItemCandidate,SourceVerified,
GiftRoyalShield,GiftHeaterShield,Data/Scripts/Items/Magical/Gifts/Shields/GiftRoyalShield.cs,ItemCandidate,SourceVerified,
GiftRoyalSword,GiftVikingSword,Data/Scripts/Items/Magical/Gifts/Weapons/Swords/GiftRoyalSword.cs,ItemCandidate,SourceVerified,
GiftRoyalsLegs,GiftPlateLegs,Data/Scripts/Items/Magical/Gifts/Armor/Royal/GiftRoyalLegs.cs,ItemCandidate,SourceVerified,
GiftRuneBlade,BaseGiftSword,Data/Scripts/Items/Magical/Gifts/Weapons/ML Weapons/GiftRuneBlade.cs,ItemCandidate,SourceVerified,
GiftSai,BaseGiftKnife,Data/Scripts/Items/Magical/Gifts/Weapons/SE Weapons/GiftSai.cs,ItemCandidate,SourceVerified,
GiftSamuraiTabi,BaseGiftShoes,Data/Scripts/Items/Magical/Gifts/Clothing/GiftShoes.cs,ItemCandidate,SourceVerified,
GiftSandals,BaseGiftShoes,Data/Scripts/Items/Magical/Gifts/Clothing/GiftShoes.cs,ItemCandidate,SourceVerified,
GiftSash,GiftGoldRing,Data/Scripts/Items/Magical/Gifts/Jewels/MagicSash.cs,ItemCandidate,SourceVerified,
GiftScepter,BaseGiftBashing,Data/Scripts/Items/Magical/Gifts/Weapons/Maces/GiftScepter.cs,ItemCandidate,SourceVerified,
GiftSceptre,BaseGiftStave,Data/Scripts/Items/Magical/Gifts/Weapons/GiftStave.cs,ItemCandidate,SourceVerified,
GiftScimitar,BaseGiftSword,Data/Scripts/Items/Magical/Gifts/Weapons/Swords/GiftScimitar.cs,ItemCandidate,SourceVerified,
GiftScythe,BaseGiftPoleArm,Data/Scripts/Items/Magical/Gifts/Weapons/PoleArms/GiftScythe.cs,ItemCandidate,SourceVerified,
GiftShepherdsCrook,BaseGiftStaff,Data/Scripts/Items/Magical/Gifts/Weapons/Staves/GiftShepherdsCrook.cs,ItemCandidate,SourceVerified,
GiftShinobiCowl,GiftLeatherCap,Data/Scripts/Items/Magical/Gifts/Armor/Leather/GiftShinobiGarb.cs,ItemCandidate,SourceVerified,
GiftShinobiHood,GiftLeatherCap,Data/Scripts/Items/Magical/Gifts/Armor/Leather/GiftShinobiGarb.cs,ItemCandidate,SourceVerified,
GiftShinobiMask,GiftLeatherCap,Data/Scripts/Items/Magical/Gifts/Armor/Leather/GiftShinobiGarb.cs,ItemCandidate,SourceVerified,
GiftShinobiRobe,GiftLeatherRobe,Data/Scripts/Items/Magical/Gifts/Armor/Leather/GiftShinobiGarb.cs,ItemCandidate,SourceVerified,
GiftShirt,BaseGiftShirt,Data/Scripts/Items/Magical/Gifts/Clothing/GiftShirts.cs,ItemCandidate,SourceVerified,
GiftShoes,BaseGiftShoes,Data/Scripts/Items/Magical/Gifts/Clothing/GiftShoes.cs,ItemCandidate,SourceVerified,
GiftShortPants,BaseGiftPants,Data/Scripts/Items/Magical/Gifts/Clothing/GiftPants.cs,ItemCandidate,SourceVerified,
GiftShortSpear,BaseGiftSpear,Data/Scripts/Items/Magical/Gifts/Weapons/SpearsAndForks/GiftShortSpear.cs,ItemCandidate,SourceVerified,
GiftShortSword,BaseGiftSword,Data/Scripts/Items/Magical/Gifts/Weapons/Swords/GiftShortSword.cs,ItemCandidate,SourceVerified,
GiftSilverBeadNecklace,BaseGiftNecklace,Data/Scripts/Items/Magical/Gifts/Jewels/GiftNecklace.cs,ItemCandidate,SourceVerified,
GiftSilverBracelet,BaseGiftBracelet,Data/Scripts/Items/Magical/Gifts/Jewels/GiftBracelet.cs,ItemCandidate,SourceVerified,
GiftSilverEarrings,BaseGiftEarrings,Data/Scripts/Items/Magical/Gifts/Jewels/GiftEarrings.cs,ItemCandidate,SourceVerified,
GiftSilverNecklace,BaseGiftNecklace,Data/Scripts/Items/Magical/Gifts/Jewels/GiftNecklace.cs,ItemCandidate,SourceVerified,
GiftSilverRing,BaseGiftRing,Data/Scripts/Items/Magical/Gifts/Jewels/GiftRing.cs,ItemCandidate,SourceVerified,
GiftSkinningKnife,BaseGiftKnife,Data/Scripts/Items/Magical/Gifts/Weapons/Knives/GiftSkinningKnife.cs,ItemCandidate,SourceVerified,
GiftSkirt,BaseGiftOuterLegs,Data/Scripts/Items/Magical/Gifts/Clothing/GiftOuterLegs.cs,ItemCandidate,SourceVerified,
GiftSkullCap,BaseGiftHat,Data/Scripts/Items/Magical/Gifts/Clothing/GiftHats.cs,ItemCandidate,SourceVerified,
GiftSmallPlateJingasa,BaseGiftArmor,Data/Scripts/Items/Magical/Gifts/Armor/Plate/GiftSmallPlateJingasa.cs,ItemCandidate,SourceVerified,
GiftSpear,BaseGiftSpear,Data/Scripts/Items/Magical/Gifts/Weapons/SpearsAndForks/GiftSpear.cs,ItemCandidate,SourceVerified,
GiftSpikedClub,BaseGiftBashing,Data/Scripts/Items/Magical/Gifts/Weapons/Maces/GiftSpikedClub.cs,ItemCandidate,SourceVerified,
GiftStandardPlateKabuto,BaseGiftArmor,Data/Scripts/Items/Magical/Gifts/Armor/Plate/GiftStandardPlateKabuto.cs,ItemCandidate,SourceVerified,
GiftStave,BaseGiftStave,Data/Scripts/Items/Magical/Gifts/Weapons/GiftStave.cs,ItemCandidate,SourceVerified,
GiftStrawHat,BaseGiftHat,Data/Scripts/Items/Magical/Gifts/Clothing/GiftHats.cs,ItemCandidate,SourceVerified,
GiftStuddedArms,BaseGiftArmor,Data/Scripts/Items/Magical/Gifts/Armor/Studded/GiftStuddedArms.cs,ItemCandidate,SourceVerified,
GiftStuddedBustierArms,BaseGiftArmor,Data/Scripts/Items/Magical/Gifts/Armor/Studded/GiftStuddedBustierArms.cs,ItemCandidate,SourceVerified,
GiftStuddedChest,BaseGiftArmor,Data/Scripts/Items/Magical/Gifts/Armor/Studded/GiftStuddedChest.cs,ItemCandidate,SourceVerified,
GiftStuddedDo,BaseGiftArmor,Data/Scripts/Items/Magical/Gifts/Armor/Studded/GiftStuddedDo.cs,ItemCandidate,SourceVerified,
GiftStuddedGloves,BaseGiftArmor,Data/Scripts/Items/Magical/Gifts/Armor/Studded/GiftStuddedGloves.cs,ItemCandidate,SourceVerified,
GiftStuddedGorget,BaseGiftArmor,Data/Scripts/Items/Magical/Gifts/Armor/Studded/GiftStuddedGorget.cs,ItemCandidate,SourceVerified,
GiftStuddedHaidate,BaseGiftArmor,Data/Scripts/Items/Magical/Gifts/Armor/Studded/GiftStuddedHaidate.cs,ItemCandidate,SourceVerified,
GiftStuddedHiroSode,BaseGiftArmor,Data/Scripts/Items/Magical/Gifts/Armor/Studded/GiftStuddedHiroSode.cs,ItemCandidate,SourceVerified,
GiftStuddedLegs,BaseGiftArmor,Data/Scripts/Items/Magical/Gifts/Armor/Studded/GiftStuddedLegs.cs,ItemCandidate,SourceVerified,
GiftStuddedMempo,BaseGiftArmor,Data/Scripts/Items/Magical/Gifts/Armor/Studded/GiftStuddedMempo.cs,ItemCandidate,SourceVerified,
GiftStuddedSuneate,BaseGiftArmor,Data/Scripts/Items/Magical/Gifts/Armor/Studded/GiftStuddedSuneate.cs,ItemCandidate,SourceVerified,
GiftSunShield,BaseGiftShield,Data/Scripts/Items/Magical/Gifts/Shields/GiftSunShield.cs,ItemCandidate,SourceVerified,
GiftSurcoat,BaseGiftMiddleTorso,Data/Scripts/Items/Magical/Gifts/Clothing/GiftMiddleTorso.cs,ItemCandidate,SourceVerified,
GiftTalismanHoly,GiftGoldRing,Data/Scripts/Items/Magical/Gifts/Jewels/MagicTalisman.cs,ItemCandidate,SourceVerified,
GiftTalismanLeather,GiftGoldRing,Data/Scripts/Items/Magical/Gifts/Jewels/MagicTalisman.cs,ItemCandidate,SourceVerified,
GiftTalismanSnake,GiftGoldRing,Data/Scripts/Items/Magical/Gifts/Jewels/MagicTalisman.cs,ItemCandidate,SourceVerified,
GiftTalismanTotem,GiftGoldRing,Data/Scripts/Items/Magical/Gifts/Jewels/MagicTalisman.cs,ItemCandidate,SourceVerified,
GiftTallStrawHat,BaseGiftHat,Data/Scripts/Items/Magical/Gifts/Clothing/GiftHats.cs,ItemCandidate,SourceVerified,
GiftTattsukeHakama,BaseGiftPants,Data/Scripts/Items/Magical/Gifts/Clothing/GiftPants.cs,ItemCandidate,SourceVerified,
GiftTekagi,BaseGiftKnife,Data/Scripts/Items/Magical/Gifts/Weapons/SE Weapons/GiftTekagi.cs,ItemCandidate,SourceVerified,
GiftTessen,BaseGiftBashing,Data/Scripts/Items/Magical/Gifts/Weapons/SE Weapons/GiftTessen.cs,ItemCandidate,SourceVerified,
GiftTetsubo,BaseGiftBashing,Data/Scripts/Items/Magical/Gifts/Weapons/SE Weapons/GiftTetsubo.cs,ItemCandidate,SourceVerified,
GiftThighBoots,BaseGiftShoes,Data/Scripts/Items/Magical/Gifts/Clothing/GiftShoes.cs,ItemCandidate,SourceVerified,
GiftThinLongsword,BaseGiftSword,Data/Scripts/Items/Magical/Gifts/Weapons/Swords/GiftThinLongsword.cs,ItemCandidate,SourceVerified,
GiftThrowingGloves,BaseGiftRanged,Data/Scripts/Items/Magical/Gifts/Weapons/GiftThrowingGloves.cs,ItemCandidate,SourceVerified,
GiftTorch,GiftGoldRing,Data/Scripts/Items/Magical/Gifts/Jewels/MagicTorch.cs,ItemCandidate,SourceVerified,
GiftTribalMask,BaseGiftHat,Data/Scripts/Items/Magical/Gifts/Clothing/GiftHats.cs,ItemCandidate,SourceVerified,
GiftTribalSpear,BaseGiftSpear,Data/Scripts/Items/Magical/Gifts/Weapons/SpearsAndForks/GiftTribalSpear.cs,ItemCandidate,SourceVerified,
GiftTricorneHat,BaseGiftHat,Data/Scripts/Items/Magical/Gifts/Clothing/GiftHats.cs,ItemCandidate,SourceVerified,
GiftTunic,BaseGiftMiddleTorso,Data/Scripts/Items/Magical/Gifts/Clothing/GiftMiddleTorso.cs,ItemCandidate,SourceVerified,
GiftTwoHandedAxe,BaseGiftAxe,Data/Scripts/Items/Magical/Gifts/Weapons/Axes/GiftTwoHandedAxe.cs,ItemCandidate,SourceVerified,
GiftVikingSword,BaseGiftSword,Data/Scripts/Items/Magical/Gifts/Weapons/Swords/GiftVikingSword.cs,ItemCandidate,SourceVerified,
GiftVirtueShield,BaseGiftShield,Data/Scripts/Items/Magical/Gifts/Shields/GiftVirtueShield.cs,ItemCandidate,SourceVerified,
GiftWakizashi,BaseGiftSword,Data/Scripts/Items/Magical/Gifts/Weapons/SE Weapons/GiftWakizashi.cs,ItemCandidate,SourceVerified,
GiftWarAxe,BaseGiftAxe,Data/Scripts/Items/Magical/Gifts/Weapons/Axes/GiftWarAxe.cs,ItemCandidate,SourceVerified,
GiftWarCleaver,BaseGiftKnife,Data/Scripts/Items/Magical/Gifts/Weapons/ML Weapons/GiftWarCleaver.cs,ItemCandidate,SourceVerified,
GiftWarFork,BaseGiftSpear,Data/Scripts/Items/Magical/Gifts/Weapons/SpearsAndForks/GiftWarFork.cs,ItemCandidate,SourceVerified,
GiftWarHammer,BaseGiftBashing,Data/Scripts/Items/Magical/Gifts/Weapons/Maces/GiftWarHammer.cs,ItemCandidate,SourceVerified,
GiftWarMace,BaseGiftBashing,Data/Scripts/Items/Magical/Gifts/Weapons/Maces/GiftWarMace.cs,ItemCandidate,SourceVerified,
GiftWaraji,BaseGiftShoes,Data/Scripts/Items/Magical/Gifts/Clothing/GiftShoes.cs,ItemCandidate,SourceVerified,
GiftWhips,BaseGiftWhip,Data/Scripts/Items/Magical/Gifts/Weapons/Maces/GiftWhip.cs,ItemCandidate,SourceVerified,
GiftWideBrimHat,BaseGiftHat,Data/Scripts/Items/Magical/Gifts/Clothing/GiftHats.cs,ItemCandidate,SourceVerified,
GiftWildStaff,BaseGiftStaff,Data/Scripts/Items/Magical/Gifts/Weapons/ML Weapons/GiftWildStaff.cs,ItemCandidate,SourceVerified,
GiftWitchHat,BaseGiftHat,Data/Scripts/Items/Magical/Gifts/Clothing/GiftHats.cs,ItemCandidate,SourceVerified,
GiftWizardsHat,BaseGiftHat,Data/Scripts/Items/Magical/Gifts/Clothing/GiftHats.cs,ItemCandidate,SourceVerified,
GiftWolfMask,BaseGiftHat,Data/Scripts/Items/Magical/Gifts/Clothing/GiftHats.cs,ItemCandidate,SourceVerified,
GiftWoodenKiteShield,BaseGiftShield,Data/Scripts/Items/Magical/Gifts/Shields/GiftWoodenKiteShield.cs,ItemCandidate,SourceVerified,
GiftWoodenPlateArms,BaseGiftArmor,Data/Scripts/Items/Magical/Gifts/Armor/GiftWoodenArmor.cs,ItemCandidate,SourceVerified,
GiftWoodenPlateChest,BaseGiftArmor,Data/Scripts/Items/Magical/Gifts/Armor/GiftWoodenArmor.cs,ItemCandidate,SourceVerified,
GiftWoodenPlateGloves,BaseGiftArmor,Data/Scripts/Items/Magical/Gifts/Armor/GiftWoodenArmor.cs,ItemCandidate,SourceVerified,
GiftWoodenPlateGorget,BaseGiftArmor,Data/Scripts/Items/Magical/Gifts/Armor/GiftWoodenArmor.cs,ItemCandidate,SourceVerified,
GiftWoodenPlateHelm,BaseGiftArmor,Data/Scripts/Items/Magical/Gifts/Armor/GiftWoodenArmor.cs,ItemCandidate,SourceVerified,
GiftWoodenPlateLegs,BaseGiftArmor,Data/Scripts/Items/Magical/Gifts/Armor/GiftWoodenArmor.cs,ItemCandidate,SourceVerified,
GiftWoodenShield,BaseGiftShield,Data/Scripts/Items/Magical/Gifts/Shields/GiftWoodenShield.cs,ItemCandidate,SourceVerified,
GiftWoodlandBelt,BaseGiftWaist,Data/Scripts/Items/Magical/Gifts/Clothing/GiftWaist.cs,ItemCandidate,SourceVerified,
GiftYumi,BaseGiftRanged,Data/Scripts/Items/Magical/Gifts/Weapons/SE Weapons/GiftYumi.cs,ItemCandidate,SourceVerified,
GildedDarkRobe,BaseOuterTorso,Data/Scripts/Items/Clothing/Robes.cs,ItemCandidate,SourceVerified,
GildedDress,BaseOuterTorso,Data/Scripts/Items/Clothing/OuterTorso.cs,ItemCandidate,SourceVerified,
GildedLightRobe,BaseOuterTorso,Data/Scripts/Items/Clothing/Robes.cs,ItemCandidate,SourceVerified,
GildedRobe,BaseOuterTorso,Data/Scripts/Items/Clothing/Robes.cs,ItemCandidate,SourceVerified,
GildedStoneChest,LockableContainer,Data/Scripts/Items/Containers/Container.cs,ItemCandidate,SourceVerified,
GildedWoodenChest,LockableContainer,Data/Scripts/Items/Containers/Container.cs,ItemCandidate,SourceVerified,
GingerBreadCookie,Food,Data/Scripts/Items/Special/Holiday/HolidayFoods.cs,ItemCandidate,SourceVerified,
GingerBreadHouseAddon,BaseAddon,Data/Scripts/Items/Special/Holiday/GingerBreadHouseDeed.cs,ItemCandidate,SourceVerified,
GingerBreadHouseDeed,BaseAddonDeed,Data/Scripts/Items/Special/Holiday/GingerBreadHouseDeed.cs,ItemCandidate,SourceVerified,
Ginseng,BaseReagent,Data/Scripts/Items/Trades/Resources/Reagents/Common/Ginseng.cs,ItemCandidate,SourceVerified,
GlacialStaff,BlackStaff,Data/Scripts/Items/Weapons/Staves/GlacialStaff.cs,ItemCandidate,SourceVerified,
GladiatorsCollar,PlateGorget,Data/Scripts/Items/Magical/Artifacts/Obsolete/Obsolete_GladiatorsCollar.cs,ItemCandidate,SourceVerified,
Glass,Item,Data/Scripts/Items/Food/BeverageEmpty.cs,ItemCandidate,SourceVerified,
GlassBottle,Item,Data/Scripts/Items/Food/BeverageEmpty.cs,ItemCandidate,SourceVerified,
GlassMug,BaseBeverage,Data/Scripts/Items/Food/Beverage.cs,ItemCandidate,SourceVerified,
GlassSword,VikingSword,Data/Scripts/Items/Magical/Artifacts/Obsolete/Obsolete_GlassSword.cs,ItemCandidate,SourceVerified,
GlassblowingBook,Item,Data/Scripts/Items/Trades/Specialized/GlassblowingBook.cs,ItemCandidate,SourceVerified,
Globe,Item,Data/Scripts/Items/Trades/Tinkering/Globe.cs,ItemCandidate,SourceVerified,
GlovesOfAegis,PlateGloves,Data/Scripts/Items/Magical/Artifacts/Obsolete/Obsolete_GlovesOfAegis.cs,ItemCandidate,SourceVerified,
GlovesOfCorruption,LeatherGloves,Data/Scripts/Items/Magical/Artifacts/Obsolete/Obsolete_GlovesOfCorruption.cs,ItemCandidate,SourceVerified,
GlovesOfDexterity,LeatherGloves,Data/Scripts/Items/Magical/Artifacts/Obsolete/Obsolete_GlovesOfDexterity.cs,ItemCandidate,SourceVerified,
GlovesOfFortune,StuddedGloves,Data/Scripts/Items/Magical/Artifacts/Obsolete/Obsolete_GlovesOfFortune.cs,ItemCandidate,SourceVerified,
GlovesOfInsight,PlateGloves,Data/Scripts/Items/Magical/Artifacts/Obsolete/Obsolete_GlovesOfInsight.cs,ItemCandidate,SourceVerified,
GlovesOfRegeneration,LeatherGloves,Data/Scripts/Items/Magical/Artifacts/Obsolete/Obsolete_GlovesOfRegeneration.cs,ItemCandidate,SourceVerified,
GlovesOfTheFallenKing,LeatherGloves,Data/Scripts/Items/Magical/Artifacts/Obsolete/Obsolete_GlovesOfTheFallenKing.cs,ItemCandidate,SourceVerified,
GlovesOfTheHarrower,BoneGloves,Data/Scripts/Items/Magical/Artifacts/Obsolete/Obsolete_GlovesOfTheHarrower.cs,ItemCandidate,SourceVerified,
GlovesOfThePugilist,BaseWeapon,Data/Scripts/Items/Magical/Artifacts/Obsolete/Obsolete_GlovesOfThePugilist.cs,ItemCandidate,SourceVerified,
GlowingLight,Item,Data/Scripts/Items/Construction/Lights/GlowingLight.cs,ItemCandidate,SourceVerified,
GnarledStaff,BaseStaff,Data/Scripts/Items/Weapons/Staves/GnarledStaff.cs,ItemCandidate,SourceVerified,
Goatee,Beard,Data/Scripts/Items/Misc/Facial/Beard.cs,ItemCandidate,SourceVerified,
Goblet,BaseBeverage,Data/Scripts/Items/Food/Beverage.cs,ItemCandidate,SourceVerified,
GodBrewing,BaseTool,Data/Scripts/Trades/Crafting/GodCrafting.cs,ItemCandidate,SourceVerified,
GodSewing,BaseTool,Data/Scripts/Trades/Crafting/GodCrafting.cs,ItemCandidate,SourceVerified,
GodSmithing,BaseTool,Data/Scripts/Trades/Crafting/GodCrafting.cs,ItemCandidate,SourceVerified,
Gold,Item,Data/Scripts/Items/Misc/Gold.cs,ItemCandidate,SourceVerified,
GoldBeadNecklace,BaseNecklace,Data/Scripts/Items/Jewels/Necklace.cs,ItemCandidate,SourceVerified,
GoldBracelet,BaseBracelet,Data/Scripts/Items/Jewels/Bracelet.cs,ItemCandidate,SourceVerified,
GoldBricks,Item,Data/Scripts/Items/Magical/Artifacts/Minor/GoldBricks.cs,ItemCandidate,SourceVerified,
GoldEarrings,BaseEarrings,Data/Scripts/Items/Jewels/Earrings.cs,ItemCandidate,SourceVerified,
GoldGranite,BaseGranite,Data/Scripts/Items/Trades/Resources/Masonry/Granite.cs,ItemCandidate,SourceVerified,
GoldHammer,RunicHammer1,Data/Scripts/Trades/Runics/BaseRunicHammer.cs,ItemCandidate,SourceVerified,
GoldIngot,BaseIngot,Data/Scripts/Items/Trades/Resources/Blacksmithing/Ingots.cs,ItemCandidate,SourceVerified,
GoldNecklace,BaseNecklace,Data/Scripts/Items/Jewels/Necklace.cs,ItemCandidate,SourceVerified,
GoldOre,BaseOre,Data/Scripts/Items/Trades/Resources/Blacksmithing/Ore.cs,ItemCandidate,SourceVerified,
GoldRing,BaseRing,Data/Scripts/Items/Jewels/Ring.cs,ItemCandidate,SourceVerified,
GoldTinkerTools,RunicTinkerTools,Data/Scripts/Trades/Runics/BaseRunicTinkerTools.cs,ItemCandidate,SourceVerified,
GoldWire,Item,Data/Scripts/Items/Misc/Rares.cs,ItemCandidate,SourceVerified,
GoldenAmulet,GoldNecklace,Data/Scripts/Items/Jewels/Tinkered.cs,ItemCandidate,SourceVerified,
GoldenBracelet,GoldBracelet,Data/Scripts/Items/Jewels/Tinkered.cs,ItemCandidate,SourceVerified,
GoldenDecorativeRugAddon,BaseAddon,Data/Scripts/Items/Special/Heritage Items/GoldenDecorativeRug.cs,ItemCandidate,SourceVerified,
GoldenDecorativeRugDeed,BaseAddonDeed,Data/Scripts/Items/Special/Heritage Items/GoldenDecorativeRug.cs,ItemCandidate,SourceVerified,
GoldenDragonStatue,StatueAdventurer,,ProposedItemClass,Proposed,New class should inherit from the resolved base item class.
GoldenEarrings,GoldEarrings,Data/Scripts/Items/Jewels/Tinkered.cs,ItemCandidate,SourceVerified,
GoldenFeathers,Item,Data/Scripts/Items/Trades/Resources/Unique/GoldenFeathers.cs,ItemCandidate,SourceVerified,
GoldenOakBoard,BaseWoodBoard,Data/Scripts/Items/Trades/Carpenter Items/Board.cs,ItemCandidate,SourceVerified,
GoldenOakLog,BaseLog,Data/Scripts/Items/Trades/Lumberjack/Log.cs,ItemCandidate,SourceVerified,
GoldenOakTreeFletcherTools,RunicFletcherTools,Data/Scripts/Trades/Runics/BaseRunicFletcherTools.cs,ItemCandidate,SourceVerified,
GoldenOakTreeSaw,RunicSaw,Data/Scripts/Trades/Runics/BaseRunicSaw.cs,ItemCandidate,SourceVerified,
GoldenRangers,DynamicBook,Data/Scripts/Items/Books/DynamicBook.cs,ItemCandidate,SourceVerified,
GoldenRing,GoldRing,Data/Scripts/Items/Jewels/Tinkered.cs,ItemCandidate,SourceVerified,
GoldenSerpentVenom,BasePoisonPotion,Data/Scripts/Items/Trades/Resources/Unique/GoldenSerpentVenom.cs,ItemCandidate,SourceVerified,
GoliathHides,BaseHides,Data/Scripts/Items/Trades/Resources/Tailor/Hides.cs,ItemCandidate,SourceVerified,
GoliathLeather,BaseLeather,Data/Scripts/Items/Trades/Resources/Tailor/Leathers.cs,ItemCandidate,SourceVerified,
GorgetOfAegis,PlateGorget,Data/Scripts/Items/Magical/Artifacts/Obsolete/Obsolete_GorgetOfAegis.cs,ItemCandidate,SourceVerified,
GorgetOfFortune,StuddedGorget,Data/Scripts/Items/Magical/Artifacts/Obsolete/Obsolete_GorgetOfFortune.cs,ItemCandidate,SourceVerified,
GorgetOfInsight,PlateGorget,Data/Scripts/Items/Magical/Artifacts/Obsolete/Obsolete_GorgetOfInsight.cs,ItemCandidate,SourceVerified,
GothicCandelabraA,BaseLight,Data/Scripts/Items/Construction/Lights/GothicCandelabra.cs,ItemCandidate,SourceVerified,
GothicCandelabraB,BaseLight,Data/Scripts/Items/Construction/Lights/GothicCandelabra.cs,ItemCandidate,SourceVerified,
GozaMatEastAddon,BaseAddon,Data/Scripts/Items/Construction/Addons/GozaMats.cs,ItemCandidate,SourceVerified,
GozaMatEastDeed,BaseAddonDeed,Data/Scripts/Items/Construction/Addons/GozaMats.cs,ItemCandidate,SourceVerified,
GozaMatSouthAddon,BaseAddon,Data/Scripts/Items/Construction/Addons/GozaMats.cs,ItemCandidate,SourceVerified,
GozaMatSouthDeed,BaseAddonDeed,Data/Scripts/Items/Construction/Addons/GozaMats.cs,ItemCandidate,SourceVerified,
Granite,BaseGranite,Data/Scripts/Items/Trades/Resources/Masonry/Granite.cs,ItemCandidate,SourceVerified,
GrapeVarietyInfo,,Data/Scripts/Custom/Vhaerun's CRL Homestead System [2.0]/Dracana's Winecrafting [2.0]/Items/Craft Items/WineGrapeInfo.cs,ItemCandidate,SourceVerified,
GrapeVineBranchEast,BaseGrapeVine,Data/Scripts/Custom/Vhaerun's CRL Homestead System [2.0]/Dracana's Winecrafting [2.0]/Items/Grape Vines/GrapeVines.cs,ItemCandidate,SourceVerified,
GrapeVineBranchEast2,BaseGrapeVine,Data/Scripts/Custom/Vhaerun's CRL Homestead System [2.0]/Dracana's Winecrafting [2.0]/Items/Grape Vines/GrapeVines.cs,ItemCandidate,SourceVerified,
GrapeVineBranchNorth,BaseGrapeVine,Data/Scripts/Custom/Vhaerun's CRL Homestead System [2.0]/Dracana's Winecrafting [2.0]/Items/Grape Vines/GrapeVines.cs,ItemCandidate,SourceVerified,
GrapeVineBranchNorth2,BaseGrapeVine,Data/Scripts/Custom/Vhaerun's CRL Homestead System [2.0]/Dracana's Winecrafting [2.0]/Items/Grape Vines/GrapeVines.cs,ItemCandidate,SourceVerified,
GrapeVinePoleEast,BaseGrapeVine,Data/Scripts/Custom/Vhaerun's CRL Homestead System [2.0]/Dracana's Winecrafting [2.0]/Items/Grape Vines/GrapeVines.cs,ItemCandidate,SourceVerified,
GrapeVinePoleEast2,BaseGrapeVine,Data/Scripts/Custom/Vhaerun's CRL Homestead System [2.0]/Dracana's Winecrafting [2.0]/Items/Grape Vines/GrapeVines.cs,ItemCandidate,SourceVerified,
GrapeVinePoleEast3,BaseGrapeVine,Data/Scripts/Custom/Vhaerun's CRL Homestead System [2.0]/Dracana's Winecrafting [2.0]/Items/Grape Vines/GrapeVines.cs,ItemCandidate,SourceVerified,
GrapeVinePoleNorth,BaseGrapeVine,Data/Scripts/Custom/Vhaerun's CRL Homestead System [2.0]/Dracana's Winecrafting [2.0]/Items/Grape Vines/GrapeVines.cs,ItemCandidate,SourceVerified,
GrapeVinePoleNorth2,BaseGrapeVine,Data/Scripts/Custom/Vhaerun's CRL Homestead System [2.0]/Dracana's Winecrafting [2.0]/Items/Grape Vines/GrapeVines.cs,ItemCandidate,SourceVerified,
GrapeVinePoleNorth3,BaseGrapeVine,Data/Scripts/Custom/Vhaerun's CRL Homestead System [2.0]/Dracana's Winecrafting [2.0]/Items/Grape Vines/GrapeVines.cs,ItemCandidate,SourceVerified,
GrapevinePlacementTool,Item,Data/Scripts/Custom/Vhaerun's CRL Homestead System [2.0]/Dracana's Winecrafting [2.0]/Items/Grape Vines/Tools/GrapevinePlacementTool.cs,ItemCandidate,SourceVerified,
GrapplingHook,Item,Data/Scripts/Items/Boats/GrapplingHook.cs,ItemCandidate,SourceVerified,
GraveChest,SkullChest,Data/Scripts/Items/Containers/GraveChest.cs,ItemCandidate,SourceVerified,
GraveDust,BaseReagent,Data/Scripts/Items/Trades/Resources/Reagents/Necromancy/GraveDust.cs,ItemCandidate,SourceVerified,
GraveRobbing,HarvestSystem,Data/Scripts/Trades/Grave Robbing/GraveRobbing.cs,ItemCandidate,SourceVerified,
GraveShovel,Shovel,Data/Scripts/Trades/Grave Robbing/GraveShovel.cs,ItemCandidate,SourceVerified,
GrayBrickFireplaceEastAddon,BaseAddon,Data/Scripts/Items/Construction/Addons/GrayBrickFireplaceEastAddon.cs,ItemCandidate,SourceVerified,
GrayBrickFireplaceEastDeed,BaseAddonDeed,Data/Scripts/Items/Construction/Addons/GrayBrickFireplaceEastAddon.cs,ItemCandidate,SourceVerified,
GrayBrickFireplaceSouthAddon,BaseAddon,Data/Scripts/Items/Construction/Addons/GrayBrickFireplaceSouthAddon.cs,ItemCandidate,SourceVerified,
GrayBrickFireplaceSouthDeed,BaseAddonDeed,Data/Scripts/Items/Construction/Addons/GrayBrickFireplaceSouthAddon.cs,ItemCandidate,SourceVerified,
GrayMouserCloak,GoldRing,Data/Scripts/Items/Magical/Artifacts/Obsolete/Obsolete_GrayMouserCloak.cs,ItemCandidate,SourceVerified,
GreaterAgilityPotion,BaseAgilityPotion,Data/Scripts/Items/Potions/Standard/Agility Potions/GreaterAgilityPotion.cs,ItemCandidate,SourceVerified,
GreaterConflagrationPotion,BaseConflagrationPotion,Data/Scripts/Items/Potions/Standard/Conflagration Potions/GreaterConflagrationPotion.cs,ItemCandidate,SourceVerified,
GreaterConfusionBlastPotion,BaseConfusionBlastPotion,Data/Scripts/Items/Potions/Standard/Confusion Blast Potions/GreaterConfusionBlastPotion.cs,ItemCandidate,SourceVerified,
GreaterCurePotion,BaseCurePotion,Data/Scripts/Items/Potions/Standard/Cure Potions/GreaterCurePotion.cs,ItemCandidate,SourceVerified,
GreaterExplosionPotion,BaseExplosionPotion,Data/Scripts/Items/Potions/Standard/Explosion Potions/GreaterExplosionPotion.cs,ItemCandidate,SourceVerified,
GreaterFrostbitePotion,BaseFrostbitePotion,Data/Scripts/Items/Potions/Standard/Frostbite Potions/GreaterFrostbitePotion.cs,ItemCandidate,SourceVerified,
GreaterHealMagicStaff,BaseMagicStaff,Data/Scripts/Items/Wands/4th Circle/GreaterHealStaff.cs,ItemCandidate,SourceVerified,
GreaterHealPotion,BaseHealPotion,Data/Scripts/Items/Potions/Standard/Heal Potions/GreaterHealPotion.cs,ItemCandidate,SourceVerified,
GreaterInvisibilityPotion,BasePotion,Data/Scripts/Items/Potions/Unique/GreaterInvisibilityPotion.cs,ItemCandidate,SourceVerified,
GreaterManaPotion,BaseManaRefreshPotion,Data/Scripts/Items/Potions/Unique/GreaterManaPotion.cs,ItemCandidate,SourceVerified,
GreaterPoisonPotion,BasePoisonPotion,Data/Scripts/Items/Potions/Standard/Poison Potions/GreaterPoisonPotion.cs,ItemCandidate,SourceVerified,
GreaterRejuvenatePotion,BaseRejuvenatePotion,Data/Scripts/Items/Potions/Unique/GreaterRejuvenatePotion.cs,ItemCandidate,SourceVerified,
GreaterStrengthPotion,BaseStrengthPotion,Data/Scripts/Items/Potions/Standard/Strength Potions/GreaterStrengthPotion.cs,ItemCandidate,SourceVerified,
GreenBeaker,Item,Data/Scripts/Items/Misc/GlassItems.cs,ItemCandidate,SourceVerified,
GreenBottle,Item,Data/Scripts/Items/Misc/GlassItems.cs,ItemCandidate,SourceVerified,
GreenCurvedFlask,Item,Data/Scripts/Items/Misc/GlassItems.cs,ItemCandidate,SourceVerified,
GreenDriedFlowers,Item,Data/Scripts/Items/Misc/Rares.cs,ItemCandidate,SourceVerified,
GreenGourd,Food,Data/Scripts/Items/Food/Food.cs,ItemCandidate,SourceVerified,Multiple source declarations found.
GreenMarbleFloor,BaseFloor,Data/Scripts/Items/Construction/Floors/Floors.cs,ItemCandidate,SourceVerified,
GreenScales,BaseScales,Data/Scripts/Items/Trades/Resources/Blacksmithing/Scales.cs,ItemCandidate,SourceVerified,
GreenStocking,BaseContainer,Data/Scripts/Items/Special/Holiday/Stockings.cs,ItemCandidate,SourceVerified,
GreenTea,Food,Data/Scripts/Items/Food/Asian.cs,ItemCandidate,SourceVerified,
GreenTeaBasket,Item,Data/Scripts/Items/Food/Asian.cs,ItemCandidate,SourceVerified,
GreenTent,BaseHouse,Data/Scripts/Items/Houses/SmallTents.cs,ItemCandidate,SourceVerified,
GreenTentDeed,HouseDeed,Data/Scripts/Items/Houses/SmallTents.cs,ItemCandidate,SourceVerified,
GreenThorns,Item,Data/Scripts/Trades/Gardening/MiscItems/GreenThorns.cs,ItemCandidate,SourceVerified,
GreenThornsEffect,Timer,Data/Scripts/Trades/Gardening/MiscItems/GreenThorns.cs,ItemCandidate,SourceVerified,
GreenThornsSHTeleporter,Item,Data/Scripts/Trades/Gardening/MiscItems/GreenThorns.cs,ItemCandidate,SourceVerified,
GreyFlagstones,BaseFloor,Data/Scripts/Items/Construction/Floors/Floors.cs,ItemCandidate,SourceVerified,
GreyJournal,DynamicBook,Data/Scripts/Items/Books/DynamicBook.cs,ItemCandidate,SourceVerified,
GreyMarbleFloor,BaseFloor,Data/Scripts/Items/Construction/Floors/Floors.cs,ItemCandidate,SourceVerified,
GreySlateFloor,BaseFloor,Data/Scripts/Items/Construction/Floors/Floors.cs,ItemCandidate,SourceVerified,
GreyTreeAddon,BaseAddon,Data/Scripts/Items/Construction/Trees/GreyTreeAddon.cs,ItemCandidate,SourceVerified,
GreyTreeDeed,BaseAddonDeed,Data/Scripts/Items/Construction/Trees/GreyTreeAddon.cs,ItemCandidate,SourceVerified,
GrimReapersLantern,MagicLantern,Data/Scripts/Items/Magical/Artifacts/Obsolete/Obsolete_GrimReapersLantern.cs,ItemCandidate,SourceVerified,
GrimReapersMask,MagicHat,Data/Scripts/Items/Magical/Artifacts/Obsolete/Obsolete_GrimReapersMask.cs,ItemCandidate,SourceVerified,
GrimReapersRobe,MagicRobe,Data/Scripts/Items/Magical/Artifacts/Obsolete/Obsolete_GrimReapersRobe.cs,ItemCandidate,SourceVerified,
GrimReapersScythe,Scythe,Data/Scripts/Items/Magical/Artifacts/Obsolete/Obsolete_GrimReapersScythe.cs,ItemCandidate,SourceVerified,
GrimWarning,Item,Data/Scripts/Items/Gifts/Holiday/Halloween/Rewards/HalloweenItems.cs,ItemCandidate,SourceVerified,
GrizzledBones,Item,Data/Scripts/Items/Trades/Resources/MiscMLResources.cs,ItemCandidate,SourceVerified,
GrizzledMare,SkeletalMount,Data/Scripts/Items/Special/GrizzledMareStatuette.cs,ItemCandidate,SourceVerified,
GrizzledMareStatuette,BaseImprisonedMobile,Data/Scripts/Items/Special/GrizzledMareStatuette.cs,ItemCandidate,SourceVerified,
GruesomeStandardArtifact,BaseDecorationArtifact,Data/Scripts/Items/Decorations/Artifacts/DoomDecorationArtifacts.cs,ItemCandidate,SourceVerified,
GuantletsOfAnger,PlateGloves,Data/Scripts/Items/Magical/Artifacts/Obsolete/Obsolete_GuantletsOfAnger.cs,ItemCandidate,SourceVerified,
GuardNote,Item,Data/Scripts/Items/Books/BulletinBoards/GuardNote.cs,ItemCandidate,SourceVerified,
GuardianShield,MetalKiteShield,,ProposedItemClass,Proposed,New class should inherit from the resolved base item class.
GuardsmanShield,BaseShield,Data/Scripts/Items/Armor/Shields/GuardsmanShield.cs,ItemCandidate,SourceVerified,
GuildBoard,Item,Data/Scripts/Items/Books/BulletinBoards/GuildBoard.cs,ItemCandidate,SourceVerified,
GuildBoardGump,Gump,Data/Scripts/Items/Books/BulletinBoards/GuildBoard.cs,ItemCandidate,SourceVerified,
GuildCarpentry,Item,Data/Scripts/Trades/Guild/GuildCarpentry.cs,ItemCandidate,SourceVerified,
GuildCraftingProcess,,Data/Scripts/Trades/Guild/EnhancementStoneProcess.cs,ItemCandidate,SourceVerified,
GuildFletching,Item,Data/Scripts/Trades/Guild/GuildFletching.cs,ItemCandidate,SourceVerified,
GuildHammer,Item,Data/Scripts/Trades/Guild/GuildHammer.cs,ItemCandidate,SourceVerified,
GuildHouse,BaseHouse,Data/Scripts/Items/Houses/Houses.cs,ItemCandidate,SourceVerified,
GuildRings,GoldRing,Data/Scripts/Items/Magical/GuildRings.cs,ItemCandidate,SourceVerified,
GuildSewing,Item,Data/Scripts/Trades/Guild/GuildSewing.cs,ItemCandidate,SourceVerified,
GuildTinkering,Item,Data/Scripts/Trades/Guild/GuildTinkering.cs,ItemCandidate,SourceVerified,
Guillotine,Item,Data/Scripts/Items/Misc/Guillotine.cs,ItemCandidate,SourceVerified,
GuillotineAddon,BaseAddon,Data/Scripts/Items/Special/Heritage Items/Guillotine.cs,ItemCandidate,SourceVerified,
GuillotineComponent,AddonComponent,Data/Scripts/Items/Special/Heritage Items/Guillotine.cs,ItemCandidate,SourceVerified,
GuillotineDeed,BaseAddonDeed,Data/Scripts/Items/Special/Heritage Items/Guillotine.cs,ItemCandidate,SourceVerified,
GumpPlusLight,Gump,Data/Scripts/Items/Houses/Monopoly/Gumps/Gumps Plus Light/GumpPlusLight.cs,ItemCandidate,SourceVerified,
GumpResponse,,Data/Scripts/Items/Houses/Monopoly/Misc/GumpResponse.cs,ItemCandidate,SourceVerified,
GwennoGraveAddon,BaseAddon,Data/Scripts/Items/Decorations/GwennoGraveAddon.cs,ItemCandidate,SourceVerified,
GwennoGraveAddonDeed,BaseAddonDeed,Data/Scripts/Items/Decorations/GwennoGraveAddon.cs,ItemCandidate,SourceVerified,
GwennosHarp,LapHarp,Data/Scripts/Items/Magical/Artifacts/Specific/GwennosHarp.cs,ItemCandidate,SourceVerified,
GypsyCampAddon,BaseAddon,Data/Scripts/Items/Houses/GypsyCampAddon.cs,ItemCandidate,SourceVerified,
GypsyCampAddonDeed,BaseAddonDeed,Data/Scripts/Items/Houses/GypsyCampAddon.cs,ItemCandidate,SourceVerified,
GypsyShelf,Item,Data/Scripts/Items/Containers/GypsyShelf.cs,ItemCandidate,SourceVerified,
Hair,Item,Data/Scripts/Items/Misc/Facial/Hair.cs,ItemCandidate,SourceVerified,
HairDye,Item,Data/Scripts/Items/Misc/HairDye.cs,ItemCandidate,SourceVerified,
HairDyeBottle,Item,Data/Scripts/Items/Potions/Special/HairDyeBottle.cs,ItemCandidate,SourceVerified,
HairDyeGump,Gump,Data/Scripts/Items/Misc/HairDye.cs,ItemCandidate,SourceVerified,
HairDyePotion,BasePotion,Data/Scripts/Items/Potions/Special/HairDyePotion.cs,ItemCandidate,SourceVerified,
HairOilPotion,BasePotion,Data/Scripts/Items/Potions/Special/HairOilPotion.cs,ItemCandidate,SourceVerified,
HairRestylingDeed,Item,Data/Scripts/Items/Deeds/HairRestylingDeed.cs,ItemCandidate,SourceVerified,
Hakama,BaseOuterLegs,Data/Scripts/Items/Clothing/OuterLegs.cs,ItemCandidate,SourceVerified,
HakamaShita,BaseOuterTorso,Data/Scripts/Items/Clothing/OuterTorso.cs,ItemCandidate,SourceVerified,
Halberd,BasePoleArm,Data/Scripts/Items/Weapons/PoleArms/Halberd.cs,ItemCandidate,SourceVerified,
HalfApron,BaseWaist,Data/Scripts/Items/Clothing/Waist.cs,ItemCandidate,SourceVerified,
HalfEmptyJar,Item,Data/Scripts/Items/Special/Rares/Jars/HalfEmptyJars.cs,ItemCandidate,SourceVerified,
HalfEmptyJars,Item,Data/Scripts/Items/Special/Rares/Jars/HalfEmptyJars.cs,ItemCandidate,SourceVerified,
HalloweenBag,BoneContainer,Data/Scripts/Items/Gifts/Holiday/Halloween/HalloweenBag.cs,ItemCandidate,SourceVerified,
HalloweenBlood,Item,Data/Scripts/Items/Gifts/Holiday/Halloween/Rewards/HalloweenBlood.cs,ItemCandidate,SourceVerified,
HalloweenBonePileAddon,BaseAddon,Data/Scripts/Items/Gifts/Holiday/Halloween/Rewards/HalloweenBonePile.cs,ItemCandidate,SourceVerified,
HalloweenBonePileDeed,BaseAddonDeed,Data/Scripts/Items/Gifts/Holiday/Halloween/Rewards/HalloweenBonePile.cs,ItemCandidate,SourceVerified,
HalloweenChopper,Item,Data/Scripts/Items/Gifts/Holiday/Halloween/Rewards/HalloweenChopper.cs,ItemCandidate,SourceVerified,
HalloweenColumn,Item,Data/Scripts/Items/Gifts/Holiday/Halloween/Rewards/HalloweenColumn.cs,ItemCandidate,SourceVerified,
HalloweenCostume,Robe,Data/Scripts/Items/Gifts/Holiday/Halloween/HalloweenBag.cs,ItemCandidate,SourceVerified,
HalloweenDeco1,BaseAddon,Data/Scripts/Items/Gifts/Holiday/Halloween/Decorations/HalloweenDeco1.cs,ItemCandidate,SourceVerified,
HalloweenDeco2,BaseAddon,Data/Scripts/Items/Gifts/Holiday/Halloween/Decorations/HalloweenDeco2.cs,ItemCandidate,SourceVerified,
HalloweenDeco3,BaseAddon,Data/Scripts/Items/Gifts/Holiday/Halloween/Decorations/HalloweenDeco3.cs,ItemCandidate,SourceVerified,
HalloweenDeco4,BaseAddon,Data/Scripts/Items/Gifts/Holiday/Halloween/Decorations/HalloweenDeco4.cs,ItemCandidate,SourceVerified,
HalloweenDeco5,BaseAddon,Data/Scripts/Items/Gifts/Holiday/Halloween/Decorations/HalloweenDeco5.cs,ItemCandidate,SourceVerified,
HalloweenDeco6,BaseAddon,Data/Scripts/Items/Gifts/Holiday/Halloween/Decorations/HalloweenDeco6.cs,ItemCandidate,SourceVerified,
HalloweenDeco7,BaseAddon,Data/Scripts/Items/Gifts/Holiday/Halloween/Decorations/HalloweenDeco7.cs,ItemCandidate,SourceVerified,
HalloweenDeco8,BaseAddon,Data/Scripts/Items/Gifts/Holiday/Halloween/Decorations/HalloweenDeco8.cs,ItemCandidate,SourceVerified,
HalloweenDeco9,BaseAddon,Data/Scripts/Items/Gifts/Holiday/Halloween/Decorations/HalloweenDeco9.cs,ItemCandidate,SourceVerified,
HalloweenGift,Item,Data/Scripts/Items/Gifts/Holiday/Halloween/HalloweenGift.cs,ItemCandidate,SourceVerified,
HalloweenGrave1,Item,Data/Scripts/Items/Gifts/Holiday/Halloween/Rewards/HalloweenGrave1.cs,ItemCandidate,SourceVerified,
HalloweenGrave2,Item,Data/Scripts/Items/Gifts/Holiday/Halloween/Rewards/HalloweenGrave2.cs,ItemCandidate,SourceVerified,
HalloweenGrave3,Item,Data/Scripts/Items/Gifts/Holiday/Halloween/Rewards/HalloweenGrave3.cs,ItemCandidate,SourceVerified,
HalloweenMaiden,Item,Data/Scripts/Items/Gifts/Holiday/Halloween/Rewards/HalloweenMaiden.cs,ItemCandidate,SourceVerified,
HalloweenPack,Item,Data/Scripts/Items/Gifts/Holiday/Halloween/HalloweenPack.cs,ItemCandidate,SourceVerified,
HalloweenPylon,Item,Data/Scripts/Items/Gifts/Holiday/Halloween/Rewards/HalloweenPylon.cs,ItemCandidate,SourceVerified,
HalloweenPylonFire,Item,Data/Scripts/Items/Gifts/Holiday/Halloween/Rewards/HalloweenPylonFire.cs,ItemCandidate,SourceVerified,
HalloweenShrineChaosAddon,BaseAddon,Data/Scripts/Items/Gifts/Holiday/Halloween/Rewards/HalloweenShrineChaos.cs,ItemCandidate,SourceVerified,
HalloweenShrineChaosDeed,BaseAddonDeed,Data/Scripts/Items/Gifts/Holiday/Halloween/Rewards/HalloweenShrineChaos.cs,ItemCandidate,SourceVerified,
HalloweenSkullPole,Item,Data/Scripts/Items/Gifts/Holiday/Halloween/Rewards/HalloweenSkullPole.cs,ItemCandidate,SourceVerified,
HalloweenStoneColumn,Item,Data/Scripts/Items/Gifts/Holiday/Halloween/Rewards/HalloweenStoneColumn.cs,ItemCandidate,SourceVerified,
HalloweenStoneSpike,Item,Data/Scripts/Items/Gifts/Holiday/Halloween/Rewards/HalloweenStoneSpike.cs,ItemCandidate,SourceVerified,
HalloweenStoneSpike2,Item,Data/Scripts/Items/Gifts/Holiday/Halloween/Rewards/HalloweenStoneSpike2.cs,ItemCandidate,SourceVerified,
HalloweenTortSkel,Item,Data/Scripts/Items/Gifts/Holiday/Halloween/Rewards/HalloweenTortSkel.cs,ItemCandidate,SourceVerified,
HalloweenTree1,Item,Data/Scripts/Items/Gifts/Holiday/Halloween/Rewards/HalloweenTree1.cs,ItemCandidate,SourceVerified,
HalloweenTree2,Item,Data/Scripts/Items/Gifts/Holiday/Halloween/Rewards/HalloweenTree2.cs,ItemCandidate,SourceVerified,
HalloweenTree3,Item,Data/Scripts/Items/Gifts/Holiday/Halloween/Rewards/HalloweenTree3.cs,ItemCandidate,SourceVerified,
HalloweenTree4,Item,Data/Scripts/Items/Gifts/Holiday/Halloween/Rewards/HalloweenTree4.cs,ItemCandidate,SourceVerified,
HalloweenTree5,Item,Data/Scripts/Items/Gifts/Holiday/Halloween/Rewards/HalloweenTree5.cs,ItemCandidate,SourceVerified,
HalloweenTree6,Item,Data/Scripts/Items/Gifts/Holiday/Halloween/Rewards/HalloweenTree6.cs,ItemCandidate,SourceVerified,
HalloweenWeb,Item,Data/Scripts/Items/Gifts/Holiday/Halloween/Rewards/HalloweenItems.cs,ItemCandidate,SourceVerified,
Ham,Food,Data/Scripts/Items/Food/Food.cs,ItemCandidate,SourceVerified,Multiple source declarations found.
Hammer,BaseTool,Data/Scripts/Items/Trades/Tools/Hammer.cs,ItemCandidate,SourceVerified,
HammerPick,BaseBashing,Data/Scripts/Items/Weapons/Maces/HammerPick.cs,ItemCandidate,SourceVerified,
HammerofThor,BaseMagicObject,Data/Scripts/Items/Magical/Artifacts/Obsolete/Obsolete_HammerofThor.cs,ItemCandidate,SourceVerified,
Hammers,BaseBashing,Data/Scripts/Items/Weapons/Maces/Hammers.cs,ItemCandidate,SourceVerified,
HangingAxesAddon,BaseAddon,Data/Scripts/Items/Special/Heritage Items/HangingAxes.cs,ItemCandidate,SourceVerified,
HangingAxesDeed,BaseAddonDeed,Data/Scripts/Items/Special/Heritage Items/HangingAxes.cs,ItemCandidate,SourceVerified,
HangingLantern,BaseLight,Data/Scripts/Items/Construction/Lights/HangingLantern.cs,ItemCandidate,SourceVerified,
HangingPlantA,Item,Data/Scripts/Items/Misc/HomePlants.cs,ItemCandidate,SourceVerified,
HangingPlantB,Item,Data/Scripts/Items/Misc/HomePlants.cs,ItemCandidate,SourceVerified,
HangingPlantC,Item,Data/Scripts/Items/Misc/HomePlants.cs,ItemCandidate,SourceVerified,
HangingSkeleton,Item,Data/Scripts/Items/Special/Veteran Rewards/HangingSkeleton.cs,ItemCandidate,SourceVerified,
HangingSkeletonDeed,Item,Data/Scripts/Items/Special/Veteran Rewards/HangingSkeleton.cs,ItemCandidate,SourceVerified,
HangingSwordsAddon,BaseAddon,Data/Scripts/Items/Special/Heritage Items/HangingSwords.cs,ItemCandidate,SourceVerified,
HangingSwordsDeed,BaseAddonDeed,Data/Scripts/Items/Special/Heritage Items/HangingSwords.cs,ItemCandidate,SourceVerified,
HardCrystals,Item,Data/Scripts/Items/Trades/Resources/Blacksmithing/HardCrystals.cs,ItemCandidate,SourceVerified,
HardScales,Item,Data/Scripts/Items/Trades/Resources/Blacksmithing/HardScales.cs,ItemCandidate,SourceVerified,
HarmMagicStaff,BaseMagicStaff,Data/Scripts/Items/Wands/2nd Circle/HarmStaff.cs,ItemCandidate,SourceVerified,
Harp,BaseInstrument,Data/Scripts/Items/Trades/Musical Instruments/Harp.cs,ItemCandidate,SourceVerified,
Harpoon,BaseRanged,Data/Scripts/Items/Weapons/Marksman/Harpoon.cs,ItemCandidate,SourceVerified,
HarpoonRope,Item,Data/Scripts/Items/Weapons/Marksman/Harpoon.cs,ItemCandidate,SourceVerified,
HarvestBank,,Data/Scripts/Trades/Harvest/HarvestBank.cs,ItemCandidate,SourceVerified,
HarvestDefinition,,Data/Scripts/Trades/Harvest/HarvestDefinition.cs,ItemCandidate,SourceVerified,
HarvestResource,,Data/Scripts/Trades/Harvest/HarvestResource.cs,ItemCandidate,SourceVerified,
HarvestSoundTimer,Timer,Data/Scripts/Trades/Harvest/HarvestSoundTimer.cs,ItemCandidate,SourceVerified,
HarvestSystem,,Data/Scripts/Trades/Harvest/HarvestSystem.cs,ItemCandidate,SourceVerified,
HarvestTarget,Target,Data/Scripts/Trades/Harvest/HarvestTarget.cs,ItemCandidate,SourceVerified,
HarvestTimer,Timer,Data/Scripts/Trades/Harvest/HarvestTimer.cs,ItemCandidate,SourceVerified,
HarvestVein,,Data/Scripts/Trades/Harvest/HarvestVein.cs,ItemCandidate,SourceVerified,
HatOfTheMagi,WizardsHat,Data/Scripts/Items/Magical/Artifacts/Obsolete/Obsolete_HatOfTheMagi.cs,ItemCandidate,SourceVerified,
Hatchet,BaseAxe,Data/Scripts/Items/Weapons/Axes/Hatchet.cs,ItemCandidate,SourceVerified,
HaunterMirrorAddon,BaseAddon,Data/Scripts/Items/Special/Evil Home Decor Collection/HauntedMirror.cs,ItemCandidate,SourceVerified,
HaunterMirrorComponent,AddonComponent,Data/Scripts/Items/Special/Evil Home Decor Collection/HauntedMirror.cs,ItemCandidate,SourceVerified,
HaunterMirrorDeed,BaseAddonDeed,Data/Scripts/Items/Special/Evil Home Decor Collection/HauntedMirror.cs,ItemCandidate,SourceVerified,
HazardCrate,LockableContainer,Data/Scripts/Items/Containers/Container.cs,ItemCandidate,SourceVerified,
Head,Item,Data/Scripts/Items/Misc/Bodies/Head.cs,ItemCandidate,SourceVerified,
HealMagicStaff,BaseMagicStaff,Data/Scripts/Items/Wands/1st Circle/HealStaff.cs,ItemCandidate,SourceVerified,
HealPotion,BaseHealPotion,Data/Scripts/Items/Potions/Standard/Heal Potions/HealPotion.cs,ItemCandidate,SourceVerified,
HealerCrate,LockableContainer,Data/Scripts/Items/Containers/Container.cs,ItemCandidate,SourceVerified,
HeartOfFire,Item,Data/Scripts/Trades/Taxidermy/MagicSkulls.cs,ItemCandidate,SourceVerified,
HeartOfIce,Item,Data/Scripts/Trades/Taxidermy/MagicSkulls.cs,ItemCandidate,SourceVerified,
HeartOfTheLion,PlateChest,Data/Scripts/Items/Magical/Artifacts/Obsolete/Obsolete_HeartOfTheLion.cs,ItemCandidate,SourceVerified,
HearthOfHomeFire,BaseAddon,Data/Scripts/Items/Special/HearthOfHomeFire.cs,ItemCandidate,SourceVerified,
HearthOfHomeFireDeed,BaseAddonDeed,Data/Scripts/Items/Special/HearthOfHomeFire.cs,ItemCandidate,SourceVerified,
HeartofFire,MagicTalisman,,ProposedItemClass,Proposed,New class should inherit from the resolved base item class.
HeaterShield,BaseShield,Data/Scripts/Items/Armor/Shields/HeaterShield.cs,ItemCandidate,SourceVerified,
HeatingStand,BaseLight,Data/Scripts/Items/Construction/Lights/HeatingStand.cs,ItemCandidate,SourceVerified,
HeavyCrossbow,BaseRanged,Data/Scripts/Items/Weapons/Bows/HeavyCrossbow.cs,ItemCandidate,SourceVerified,
HeavyPlateJingasa,BaseArmor,Data/Scripts/Items/Armor/Plate/HeavyPlateJingasa.cs,ItemCandidate,SourceVerified,
HeavySharpeningStone,Item,Data/Scripts/Items/Trades/Sharpening/HeavySharpeningStone.cs,ItemCandidate,SourceVerified,
HeavySharpeningStoneTarget,Target,Data/Scripts/Items/Trades/Sharpening/HeavySharpeningStone.cs,ItemCandidate,SourceVerified,
HellForgedArms,PlateArms,Data/Scripts/Items/Magical/Artifacts/Obsolete/Obsolete_HellForgedArms.cs,ItemCandidate,SourceVerified,
HellishHides,BaseHides,Data/Scripts/Items/Trades/Resources/Tailor/Hides.cs,ItemCandidate,SourceVerified,
HellishLeather,BaseLeather,Data/Scripts/Items/Trades/Resources/Tailor/Leathers.cs,ItemCandidate,SourceVerified,
HelmOfAegis,PlateHelm,Data/Scripts/Items/Magical/Artifacts/Obsolete/Obsolete_HelmOfAegis.cs,ItemCandidate,SourceVerified,
HelmOfBrilliance,NorseHelm,Data/Scripts/Items/Magical/Artifacts/Obsolete/Obsolete_HelmOfBrilliance.cs,ItemCandidate,SourceVerified,
HelmOfInsight,PlateHelm,Data/Scripts/Items/Magical/Artifacts/Obsolete/Obsolete_HelmOfInsight.cs,ItemCandidate,SourceVerified,
HelmOfSwiftness,NorseHelm,Data/Scripts/Items/Magical/Artifacts/Obsolete/Obsolete_HelmOfSwiftness.cs,ItemCandidate,SourceVerified,
Helmet,BaseArmor,Data/Scripts/Items/Armor/Helmets/Helmet.cs,ItemCandidate,SourceVerified,
HerbalistShoppe,BaseShoppe,Data/Scripts/Trades/Shoppes/HerbalistShoppe.cs,ItemCandidate,SourceVerified,
HiLoCards,Item,Data/Scripts/Items/Misc/Games/HiLoCards.cs,ItemCandidate,SourceVerified,
HickoryBoard,BaseWoodBoard,Data/Scripts/Items/Trades/Carpenter Items/Board.cs,ItemCandidate,SourceVerified,
HickoryLog,BaseLog,Data/Scripts/Items/Trades/Lumberjack/Log.cs,ItemCandidate,SourceVerified,
HickoryTreeFletcherTools,RunicFletcherTools,Data/Scripts/Trades/Runics/BaseRunicFletcherTools.cs,ItemCandidate,SourceVerified,
HickoryTreeSaw,RunicSaw,Data/Scripts/Trades/Runics/BaseRunicSaw.cs,ItemCandidate,SourceVerified,
HiddenBox,HiddenContainer,Data/Scripts/Items/Containers/HiddenBox.cs,ItemCandidate,SourceVerified,
HiddenChest,Item,Data/Scripts/Items/Containers/HiddenChest.cs,ItemCandidate,SourceVerified,
HiddenContainer,LockableContainer,Data/Scripts/Items/Containers/HiddenBox.cs,ItemCandidate,SourceVerified,
HiddenTrap,Item,Data/Scripts/Items/Traps/HiddenTrap.cs,ItemCandidate,SourceVerified,
HideChest,BaseArmor,Data/Scripts/Items/Armor/Leather/HideChest.cs,ItemCandidate,SourceVerified,
Hides,BaseHides,Data/Scripts/Items/Trades/Resources/Tailor/Hides.cs,ItemCandidate,SourceVerified,
HighSeasRelic,Item,Data/Scripts/Items/Trades/Fishing/HighSeasRelic.cs,ItemCandidate,SourceVerified,
HikingBoots,LeatherBoots,Data/Scripts/Items/Armor/Leather/HikingBoots.cs,ItemCandidate,SourceVerified,
HiloCardGump,Gump,Data/Scripts/Items/Misc/Games/HiLoCards.cs,ItemCandidate,SourceVerified,
Hinge,Item,Data/Scripts/Items/Trades/Tinkering/Hinge.cs,ItemCandidate,SourceVerified,
HintItem,WarningItem,Data/Scripts/Items/Misc/WarningItem.cs,ItemCandidate,SourceVerified,
HitLower,,Data/Scripts/Items/Weapons/HitLower.cs,ItemCandidate,SourceVerified,
HitsDecayTimer,Timer,Data/Scripts/Items/Food/HitsDecay.cs,ItemCandidate,SourceVerified,
HiveTool,Item,Data/Scripts/Trades/Apiculture/Items/HiveTool.cs,ItemCandidate,SourceVerified,
Hold,Container,Data/Scripts/Items/Boats/Hold.cs,ItemCandidate,SourceVerified,
HolidayBell,Item,Data/Scripts/Items/Special/Holiday/HolidayBell.cs,ItemCandidate,SourceVerified,
HolidayBells,BaseHolidayBells,Data/Scripts/Items/Special/Holiday/HolidayBells.cs,ItemCandidate,SourceVerified,
HolidayTreeAddon,BaseAddon,Data/Scripts/Items/Gifts/Holiday/Christmas/HolidayTree.cs,ItemCandidate,SourceVerified,
HolidayTreeDeed,BaseAddonDeed,Data/Scripts/Items/Gifts/Holiday/Christmas/HolidayTree.cs,ItemCandidate,SourceVerified,
HolidayTreeFlat,BaseAddon,Data/Scripts/Items/Gifts/Holiday/Christmas/HolidayTreeFlat.cs,ItemCandidate,SourceVerified,
HolidayTreeFlatDeed,BaseAddonDeed,Data/Scripts/Items/Gifts/Holiday/Christmas/HolidayTreeFlat.cs,ItemCandidate,SourceVerified,
HolidayTreeNew1Addon,BaseAddon,Data/Scripts/Items/Gifts/Holiday/Christmas/HolidayTreesNew.cs,ItemCandidate,SourceVerified,
HolidayTreeNew1Deed,BaseAddonDeed,Data/Scripts/Items/Gifts/Holiday/Christmas/HolidayTreesNew.cs,ItemCandidate,SourceVerified,
HolidayTreeNew2Addon,BaseAddon,Data/Scripts/Items/Gifts/Holiday/Christmas/HolidayTreesNew.cs,ItemCandidate,SourceVerified,
HolidayTreeNew2Deed,BaseAddonDeed,Data/Scripts/Items/Gifts/Holiday/Christmas/HolidayTreesNew.cs,ItemCandidate,SourceVerified,
HolidayTreeNew3Addon,BaseAddon,Data/Scripts/Items/Gifts/Holiday/Christmas/HolidayTreesNew.cs,ItemCandidate,SourceVerified,
HolidayTreeNew3Deed,BaseAddonDeed,Data/Scripts/Items/Gifts/Holiday/Christmas/HolidayTreesNew.cs,ItemCandidate,SourceVerified,
HolidayTreeNew4Addon,BaseAddon,Data/Scripts/Items/Gifts/Holiday/Christmas/HolidayTreesNew.cs,ItemCandidate,SourceVerified,
HolidayTreeNew4Deed,BaseAddonDeed,Data/Scripts/Items/Gifts/Holiday/Christmas/HolidayTreesNew.cs,ItemCandidate,SourceVerified,
HolidayTreeNew5Addon,BaseAddon,Data/Scripts/Items/Gifts/Holiday/Christmas/HolidayTreesNew.cs,ItemCandidate,SourceVerified,
HolidayTreeNew5Deed,BaseAddonDeed,Data/Scripts/Items/Gifts/Holiday/Christmas/HolidayTreesNew.cs,ItemCandidate,SourceVerified,
HolidayTreeNew6Addon,BaseAddon,Data/Scripts/Items/Gifts/Holiday/Christmas/HolidayTreesNew.cs,ItemCandidate,SourceVerified,
HolidayTreeNew6Deed,BaseAddonDeed,Data/Scripts/Items/Gifts/Holiday/Christmas/HolidayTreesNew.cs,ItemCandidate,SourceVerified,
HolyKnightsArmPlates,RoyalArms,Data/Scripts/Items/Magical/Artifacts/Obsolete/Obsolete_HolyKnightsArms.cs,ItemCandidate,SourceVerified,
HolyKnightsBreastplate,RoyalChest,Data/Scripts/Items/Magical/Artifacts/Obsolete/Obsolete_HolyKnightsBreastplate.cs,ItemCandidate,SourceVerified,
HolyKnightsGloves,RoyalGloves,Data/Scripts/Items/Magical/Artifacts/Obsolete/Obsolete_HolyKnightsGloves.cs,ItemCandidate,SourceVerified,
HolyKnightsGorget,RoyalGorget,Data/Scripts/Items/Magical/Artifacts/Obsolete/Obsolete_HolyKnightsGorget.cs,ItemCandidate,SourceVerified,
HolyKnightsLegging,RoyalsLegs,Data/Scripts/Items/Magical/Artifacts/Obsolete/Obsolete_HolyKnightsLegging.cs,ItemCandidate,SourceVerified,
HolyKnightsPlateHelm,RoyalHelm,Data/Scripts/Items/Magical/Artifacts/Obsolete/Obsolete_HolyKnightsHelm.cs,ItemCandidate,SourceVerified,
HolySword,Longsword,Data/Scripts/Items/Magical/Artifacts/Obsolete/Obsolete_HolySword.cs,ItemCandidate,SourceVerified,
HolyWater,Item,Data/Scripts/Items/Potions/Special/HolyWater.cs,ItemCandidate,SourceVerified,
HomePlants_Cactus,Item,Data/Scripts/Items/Misc/HomePlants.cs,ItemCandidate,SourceVerified,
HomePlants_Flower,Item,Data/Scripts/Items/Misc/HomePlants.cs,ItemCandidate,SourceVerified,
HomePlants_Grass,Item,Data/Scripts/Items/Misc/HomePlants.cs,ItemCandidate,SourceVerified,
HomePlants_Leaf,Item,Data/Scripts/Items/Misc/HomePlants.cs,ItemCandidate,SourceVerified,
HomePlants_Lilly,Item,Data/Scripts/Items/Misc/HomePlants.cs,ItemCandidate,SourceVerified,
HomePlants_Mushroom,Item,Data/Scripts/Items/Misc/HomePlants.cs,ItemCandidate,SourceVerified,
HoneydewMelon,Food,Data/Scripts/Items/Food/Food.cs,ItemCandidate,SourceVerified,Multiple source declarations found.
HoodedMantle,BaseHat,Data/Scripts/Items/Clothing/Hats.cs,ItemCandidate,SourceVerified,
HoodedShroudOfShadows,BaseOuterTorso,Data/Scripts/Items/Magical/Artifacts/Obsolete/Obsolete_HoodedShroudOfShadows.cs,ItemCandidate,SourceVerified,
HopsInfo,,Data/Scripts/Custom/Vhaerun's CRL Homestead System [2.0]/Vhaerun's CRL Brewing/Items/Hops/HopsInfo.cs,ItemCandidate,SourceVerified,
HopsVarietyInfo,,Data/Scripts/Custom/Vhaerun's CRL Homestead System [2.0]/Vhaerun's CRL Brewing/Items/Hops/HopsInfo.cs,ItemCandidate,SourceVerified,
HornOfKingTriton,BaseInstrument,Data/Scripts/Items/Magical/Artifacts/Specific/HornOfKingTriton.cs,ItemCandidate,SourceVerified,
HornedHides,BaseHides,Data/Scripts/Items/Trades/Resources/Tailor/Hides.cs,ItemCandidate,SourceVerified,
HornedLeather,BaseLeather,Data/Scripts/Items/Trades/Resources/Tailor/Leathers.cs,ItemCandidate,SourceVerified,
HornedSewingKit,RunicSewingKit1,Data/Scripts/Trades/Runics/BaseRunicSewingKit.cs,ItemCandidate,SourceVerified,
HornedTribalMask,BaseHat,Data/Scripts/Items/Clothing/Hats.cs,ItemCandidate,SourceVerified,
HorseArmor,Item,Data/Scripts/Items/Armor/HorseArmor.cs,ItemCandidate,SourceVerified,
HorseShoes,Item,Data/Scripts/Items/Misc/Rares.cs,ItemCandidate,SourceVerified,
Hourglass,Item,Data/Scripts/Items/Misc/GlassItems.cs,ItemCandidate,SourceVerified,
HourglassAni,Item,Data/Scripts/Items/Misc/GlassItems.cs,ItemCandidate,SourceVerified,
HouseAccessTarget,Target,Data/Scripts/Items/Houses/BaseHouse.cs,ItemCandidate,SourceVerified,
HouseBanTarget,Target,Data/Scripts/Items/Houses/BaseHouse.cs,ItemCandidate,SourceVerified,
HouseDeed,Item,Data/Scripts/Items/Houses/Deeds.cs,ItemCandidate,SourceVerified,
HouseFoundation,BaseHouse,Data/Scripts/Items/Houses/HouseFoundation.cs,ItemCandidate,SourceVerified,
HouseFriendTarget,Target,Data/Scripts/Items/Houses/BaseHouse.cs,ItemCandidate,SourceVerified,
HouseKickTarget,Target,Data/Scripts/Items/Houses/BaseHouse.cs,ItemCandidate,SourceVerified,
HouseLadderAddon,BaseAddon,Data/Scripts/Items/Special/Heritage Items/HouseLadder.cs,ItemCandidate,SourceVerified,
HouseLadderDeed,BaseAddonDeed,Data/Scripts/Items/Special/Heritage Items/HouseLadder.cs,ItemCandidate,SourceVerified,
HouseOwnerTarget,Target,Data/Scripts/Items/Houses/BaseHouse.cs,ItemCandidate,SourceVerified,
HousePlacement,,Data/Scripts/Items/Houses/HousePlacement.cs,ItemCandidate,SourceVerified,
HousePlacementCategoryGump,Gump,Data/Scripts/Items/Houses/HousePlacementTool.cs,ItemCandidate,SourceVerified,
HousePlacementEntry,,Data/Scripts/Items/Houses/HousePlacementTool.cs,ItemCandidate,SourceVerified,
HousePlacementListGump,Gump,Data/Scripts/Items/Houses/HousePlacementTool.cs,ItemCandidate,SourceVerified,
HousePlacementTarget,MultiTarget,Data/Scripts/Items/Houses/Deeds.cs,ItemCandidate,SourceVerified,
HousePlacementTool,Item,Data/Scripts/Items/Houses/HousePlacementTool.cs,ItemCandidate,SourceVerified,
HouseRaffleDeed,Item,Data/Scripts/Items/Special/House Raffle/HouseRaffleDeed.cs,ItemCandidate,SourceVerified,
HouseRaffleManagementGump,Gump,Data/Scripts/Items/Special/House Raffle/Gumps/HouseRaffleManagementGump.cs,ItemCandidate,SourceVerified,
HouseRaffleRegion,BaseRegion,Data/Scripts/Items/Special/House Raffle/HouseRaffleRegion.cs,ItemCandidate,SourceVerified,
HouseRaffleStone,Item,Data/Scripts/Items/Special/House Raffle/HouseRaffleStone.cs,ItemCandidate,SourceVerified,
HouseSign,Item,Data/Scripts/Items/Houses/HouseSign.cs,ItemCandidate,SourceVerified,
HouseTeleporter,Item,Data/Scripts/Items/Houses/HouseTeleporter.cs,ItemCandidate,SourceVerified,
HueStone,Item,Data/Scripts/Items/Misc/Dyes/HueStone.cs,ItemCandidate,SourceVerified,
HugeCrate,LockableContainer,Data/Scripts/Items/Containers/Container.cs,ItemCandidate,SourceVerified,
HuntersArms,LeatherArms,Data/Scripts/Items/Magical/Artifacts/Obsolete/Obsolete_HuntersArms.cs,ItemCandidate,SourceVerified,
HuntersGloves,LeatherGloves,Data/Scripts/Items/Magical/Artifacts/Obsolete/Obsolete_HuntersGloves.cs,ItemCandidate,SourceVerified,
HuntersGorget,LeatherGorget,Data/Scripts/Items/Magical/Artifacts/Obsolete/Obsolete_HuntersGorget.cs,ItemCandidate,SourceVerified,
HuntersHeaddress,DeerMask,Data/Scripts/Items/Magical/Artifacts/Obsolete/Obsolete_HuntersHeaddress.cs,ItemCandidate,SourceVerified,
HuntersLeggings,LeatherLegs,Data/Scripts/Items/Magical/Artifacts/Obsolete/Obsolete_HuntersLeggings.cs,ItemCandidate,SourceVerified,
HuntersTunic,LeatherChest,Data/Scripts/Items/Magical/Artifacts/Obsolete/Obsolete_HuntersTunic.cs,ItemCandidate,SourceVerified,
HydraTooth,SpellScroll,Data/Scripts/Items/Magical/HydraTooth.cs,ItemCandidate,SourceVerified,
IceFemalePlateChest,FemalePlateChest,Data/Scripts/Items/Armor/Gargoyle/IceArmor.cs,ItemCandidate,SourceVerified,
IceIngot,Item,Data/Scripts/Items/Trades/Resources/Blacksmithing/BlockofIce.cs,ItemCandidate,SourceVerified,
IcePlateArms,PlateArms,Data/Scripts/Items/Armor/Gargoyle/IceArmor.cs,ItemCandidate,SourceVerified,
IcePlateChest,PlateChest,Data/Scripts/Items/Armor/Gargoyle/IceArmor.cs,ItemCandidate,SourceVerified,
IcePlateGloves,PlateGloves,Data/Scripts/Items/Armor/Gargoyle/IceArmor.cs,ItemCandidate,SourceVerified,
IcePlateGorget,PlateGorget,Data/Scripts/Items/Armor/Gargoyle/IceArmor.cs,ItemCandidate,SourceVerified,
IcePlateHelm,PlateHelm,Data/Scripts/Items/Armor/Gargoyle/IceArmor.cs,ItemCandidate,SourceVerified,
IcePlateLegs,PlateLegs,Data/Scripts/Items/Armor/Gargoyle/IceArmor.cs,ItemCandidate,SourceVerified,
IceShield,HeaterShield,Data/Scripts/Items/Armor/Gargoyle/IceArmor.cs,ItemCandidate,SourceVerified,
IcicleLargeEast,Item,Data/Scripts/Items/Special/Holiday/Icecicles.cs,ItemCandidate,SourceVerified,
IcicleLargeSouth,Item,Data/Scripts/Items/Special/Holiday/Icecicles.cs,ItemCandidate,SourceVerified,
IcicleMedEast,Item,Data/Scripts/Items/Special/Holiday/Icecicles.cs,ItemCandidate,SourceVerified,
IcicleMedSouth,Item,Data/Scripts/Items/Special/Holiday/Icecicles.cs,ItemCandidate,SourceVerified,
IcicleSmallEast,Item,Data/Scripts/Items/Special/Holiday/Icecicles.cs,ItemCandidate,SourceVerified,
IcicleSmallSouth,Item,Data/Scripts/Items/Special/Holiday/Icecicles.cs,ItemCandidate,SourceVerified,
IcyPatch,Item,Data/Scripts/Items/Special/Holiday/IcyPatch.cs,ItemCandidate,SourceVerified,
IcySkinArms,LeatherArms,Data/Scripts/Items/Armor/Skin/IcySkinArmor.cs,ItemCandidate,SourceVerified,
IcySkinChest,LeatherChest,Data/Scripts/Items/Armor/Skin/IcySkinArmor.cs,ItemCandidate,SourceVerified,
IcySkinGloves,LeatherGloves,Data/Scripts/Items/Armor/Skin/IcySkinArmor.cs,ItemCandidate,SourceVerified,
IcySkinGorget,LeatherGorget,Data/Scripts/Items/Armor/Skin/IcySkinArmor.cs,ItemCandidate,SourceVerified,
IcySkinHelm,LeatherCap,Data/Scripts/Items/Armor/Skin/IcySkinArmor.cs,ItemCandidate,SourceVerified,
IcySkinLegs,LeatherLegs,Data/Scripts/Items/Armor/Skin/IcySkinArmor.cs,ItemCandidate,SourceVerified,
IdentifyStaff,BaseMagicStaff,Data/Scripts/Items/Wands/1st Circle/IdentifyStaff.cs,ItemCandidate,SourceVerified,
IncognitoMagicStaff,BaseMagicStaff,Data/Scripts/Items/Wands/5th Circle/IncognitoStaff.cs,ItemCandidate,SourceVerified,
Indecency,StuddedChest,Data/Scripts/Items/Magical/Artifacts/Obsolete/Obsolete_Indecency.cs,ItemCandidate,SourceVerified,
IndecipherableMap,MapItem,Data/Scripts/Items/Trades/Maps/IndecipherableMap.cs,ItemCandidate,SourceVerified,
InquisitorsArms,PlateArms,Data/Scripts/Items/Magical/Artifacts/Obsolete/Obsolete_InquisitorsArms.cs,ItemCandidate,SourceVerified,
InquisitorsGorget,PlateGorget,Data/Scripts/Items/Magical/Artifacts/Obsolete/Obsolete_InquisitorsGorget.cs,ItemCandidate,SourceVerified,
InquisitorsHelm,PlateHelm,Data/Scripts/Items/Magical/Artifacts/Obsolete/Obsolete_InquisitorsHelm.cs,ItemCandidate,SourceVerified,
InquisitorsLeggings,PlateLegs,Data/Scripts/Items/Magical/Artifacts/Obsolete/Obsolete_InquisitorsLegs.cs,ItemCandidate,SourceVerified,
InquisitorsResolution,PlateGloves,Data/Scripts/Items/Magical/Artifacts/Obsolete/Obsolete_InquisitorsResolution.cs,ItemCandidate,SourceVerified,
InquisitorsTunic,PlateChest,Data/Scripts/Items/Magical/Artifacts/Obsolete/Obsolete_InquisitorsTunic.cs,ItemCandidate,SourceVerified,
Inshave,BaseTool,Data/Scripts/Items/Trades/Tools/Inshave.cs,ItemCandidate,SourceVerified,
InteriorDecorator,Item,Data/Scripts/Items/Houses/InteriorDecorator.cs,ItemCandidate,SourceVerified,
InternalGump,Gump,Data/Scripts/Items/Special/Special Scrolls/SpecialScroll.cs,ItemCandidate,SourceVerified,
InternalizeTimer,Timer,Data/Scripts/Items/Houses/MovingCrate.cs,ItemCandidate,SourceVerified,
InvisibilityMagicStaff,BaseMagicStaff,Data/Scripts/Items/Wands/6th Circle/InvisibilityStaff.cs,ItemCandidate,SourceVerified,
InvisibilityPotion,BasePotion,Data/Scripts/Items/Potions/Unique/InvisibilityPotion.cs,ItemCandidate,SourceVerified,
InvulnerabilityPotion,BasePotion,Data/Scripts/Items/Potions/Special/InvulnerabilityPotion.cs,ItemCandidate,SourceVerified,
IolosLute,Lute,Data/Scripts/Items/Magical/Artifacts/Specific/IolosLute.cs,ItemCandidate,SourceVerified,
IronChest,LockableContainer,Data/Scripts/Items/Containers/Container.cs,ItemCandidate,SourceVerified,
IronGate,BaseDoor,Data/Scripts/Items/Doors/Doors.cs,ItemCandidate,SourceVerified,
IronGateShort,BaseDoor,Data/Scripts/Items/Doors/Doors.cs,ItemCandidate,SourceVerified,
IronIngot,BaseIngot,Data/Scripts/Items/Trades/Resources/Blacksmithing/Ingots.cs,ItemCandidate,SourceVerified,
IronMaidenAddon,BaseAddon,Data/Scripts/Items/Special/Heritage Items/IronMaiden.cs,ItemCandidate,SourceVerified,
IronMaidenDeed,BaseAddonDeed,Data/Scripts/Items/Special/Heritage Items/IronMaiden.cs,ItemCandidate,SourceVerified,
IronOre,BaseOre,Data/Scripts/Items/Trades/Resources/Blacksmithing/Ore.cs,ItemCandidate,SourceVerified,
IronSafe,LockableContainer,Data/Scripts/Items/Containers/Container.cs,ItemCandidate,SourceVerified,
IronWire,Item,Data/Scripts/Items/Misc/Rares.cs,ItemCandidate,SourceVerified,
IronwoodCrown,LeatherCap,Data/Scripts/Items/Magical/Artifacts/Obsolete/Obsolete_IronwoodCrown.cs,ItemCandidate,SourceVerified,
ItemExperienceGump,Gump,Data/Scripts/Items/Magical/God/Gumps/ItemExperienceGump.cs,ItemCandidate,SourceVerified,
IvoryTusk,Item,Data/Scripts/Items/Misc/IvoryTusk.cs,ItemCandidate,SourceVerified,
JackOLantern,BaseAddon,Data/Scripts/Items/Construction/Addons/JackOLantern.cs,ItemCandidate,SourceVerified,
JackalsArms,PlateArms,Data/Scripts/Items/Magical/Artifacts/Obsolete/Obsolete_JackalsArms.cs,ItemCandidate,SourceVerified,
JackalsCollar,PlateGorget,Data/Scripts/Items/Magical/Artifacts/Obsolete/Obsolete_JackalsCollar.cs,ItemCandidate,SourceVerified,
JackalsGloves,PlateGloves,Data/Scripts/Items/Magical/Artifacts/Obsolete/Obsolete_JackalsGloves.cs,ItemCandidate,SourceVerified,
JackalsHelm,PlateHelm,Data/Scripts/Items/Magical/Artifacts/Obsolete/Obsolete_JackalsHelm.cs,ItemCandidate,SourceVerified,
JackalsLeggings,PlateLegs,Data/Scripts/Items/Magical/Artifacts/Obsolete/Obsolete_JackalsLegging.cs,ItemCandidate,SourceVerified,
JackalsTunic,PlateChest,Data/Scripts/Items/Magical/Artifacts/Obsolete/Obsolete_JackalsTunic.cs,ItemCandidate,SourceVerified,
JadeAmulet,GoldNecklace,Data/Scripts/Items/Jewels/Tinkered.cs,ItemCandidate,SourceVerified,
JadeBracelet,GoldBracelet,Data/Scripts/Items/Jewels/Tinkered.cs,ItemCandidate,SourceVerified,
JadeEarrings,GoldEarrings,Data/Scripts/Items/Jewels/Tinkered.cs,ItemCandidate,SourceVerified,
JadeFemalePlateChest,FemalePlateChest,Data/Scripts/Items/Armor/Gargoyle/JadeArmor.cs,ItemCandidate,SourceVerified,
JadeIngot,Item,Data/Scripts/Items/Trades/Resources/Blacksmithing/BlockofJade.cs,ItemCandidate,SourceVerified,
JadePlateArms,PlateArms,Data/Scripts/Items/Armor/Gargoyle/JadeArmor.cs,ItemCandidate,SourceVerified,
JadePlateChest,PlateChest,Data/Scripts/Items/Armor/Gargoyle/JadeArmor.cs,ItemCandidate,SourceVerified,
JadePlateGloves,PlateGloves,Data/Scripts/Items/Armor/Gargoyle/JadeArmor.cs,ItemCandidate,SourceVerified,
JadePlateGorget,PlateGorget,Data/Scripts/Items/Armor/Gargoyle/JadeArmor.cs,ItemCandidate,SourceVerified,
JadePlateHelm,PlateHelm,Data/Scripts/Items/Armor/Gargoyle/JadeArmor.cs,ItemCandidate,SourceVerified,
JadePlateLegs,PlateLegs,Data/Scripts/Items/Armor/Gargoyle/JadeArmor.cs,ItemCandidate,SourceVerified,
JadeRing,GoldRing,Data/Scripts/Items/Jewels/Tinkered.cs,ItemCandidate,SourceVerified,
JadeScimitar,RadiantScimitar,Data/Scripts/Items/Magical/Artifacts/Obsolete/Obsolete_JadeScimitar.cs,ItemCandidate,SourceVerified,
JadeShield,HeaterShield,Data/Scripts/Items/Armor/Gargoyle/JadeArmor.cs,ItemCandidate,SourceVerified,
Jar,Item,Data/Scripts/Items/Potions/Bottles/Jar.cs,ItemCandidate,SourceVerified,
JarHoney,Item,Data/Scripts/Items/Food/Cooking.cs,ItemCandidate,SourceVerified,Multiple source declarations found.
Jars2,Item,Data/Scripts/Items/Special/Rares/Jars/HalfEmptyJars.cs,ItemCandidate,SourceVerified,
Jars3,Item,Data/Scripts/Items/Special/Rares/Jars/HalfEmptyJars.cs,ItemCandidate,SourceVerified,
Jars4,Item,Data/Scripts/Items/Special/Rares/Jars/HalfEmptyJars.cs,ItemCandidate,SourceVerified,
JarsOfWaxInstrument,Item,Data/Scripts/Trades/Apiculture/Craft/JarsOfWax.cs,ItemCandidate,SourceVerified,
JarsOfWaxLeather,Item,Data/Scripts/Trades/Apiculture/Craft/JarsOfWax.cs,ItemCandidate,SourceVerified,
JarsOfWaxMetal,Item,Data/Scripts/Trades/Apiculture/Craft/JarsOfWax.cs,ItemCandidate,SourceVerified,
JesterGarb,BaseOuterTorso,Data/Scripts/Items/Clothing/Robes.cs,ItemCandidate,SourceVerified,
JesterHat,BaseHat,Data/Scripts/Items/Clothing/Hats.cs,ItemCandidate,SourceVerified,
JesterHatofChuckles,MagicHat,Data/Scripts/Items/Magical/Artifacts/Obsolete/Obsolete_JesterHatofChuckles.cs,ItemCandidate,SourceVerified,
JesterShoes,BaseShoes,Data/Scripts/Items/Clothing/Shoes.cs,ItemCandidate,SourceVerified,
JesterSuit,BaseMiddleTorso,Data/Scripts/Items/Clothing/MiddleTorso.cs,ItemCandidate,SourceVerified,
JewelImmortality,Item,Data/Scripts/Magic/Research/Spells/Death/ResearchWithstandDeath.cs,ItemCandidate,SourceVerified,
JeweledShield,BaseShield,Data/Scripts/Items/Armor/Shields/JeweledShield.cs,ItemCandidate,SourceVerified,
JewelerCrate,LockableContainer,Data/Scripts/Items/Containers/Container.cs,ItemCandidate,SourceVerified,
JinBaori,BaseMiddleTorso,Data/Scripts/Items/Clothing/MiddleTorso.cs,ItemCandidate,SourceVerified,
JinBaoriOfGoodFortune,JinBaori,Data/Scripts/Items/Magical/Artifacts/Obsolete/Obsolete_JinBaoriOfGoodfFortune.cs,ItemCandidate,SourceVerified,
JoinCityTarget,Target,Data/Scripts/Custom/Government System/Items/Stones/CityManagementStone.cs,ItemCandidate,SourceVerified,
JointingPlane,BaseTool,Data/Scripts/Items/Trades/Tools/JointingPlane.cs,ItemCandidate,SourceVerified,
JokerHat,BaseHat,Data/Scripts/Items/Clothing/Hats.cs,ItemCandidate,SourceVerified,
JokerRobe,BaseOuterTorso,Data/Scripts/Items/Clothing/Robes.cs,ItemCandidate,SourceVerified,
Jug,BaseBeverage,Data/Scripts/Items/Food/Beverage.cs,ItemCandidate,SourceVerified,
JugOfCider,BaseCraftCider,Data/Scripts/Custom/Vhaerun's CRL Homestead System [2.0]/Vhaerun's CRL Brewing/Items/Bottles/JugOfCider.cs,ItemCandidate,SourceVerified,
JuiceKeg,Item,Data/Scripts/Custom/Vhaerun's CRL Homestead System [2.0]/Vhaerun's CRL Juicing/Items/JuiceKeg.cs,ItemCandidate,SourceVerified,
JuicersTools,BaseTool,Data/Scripts/Custom/Vhaerun's CRL Homestead System [2.0]/Vhaerun's CRL Juicing/Items/Tools/JuicersTools.cs,ItemCandidate,SourceVerified,
JukaBow,Bow,Data/Scripts/Items/Weapons/Bows/JukaBow.cs,ItemCandidate,SourceVerified,
Kama,BaseKnife,Data/Scripts/Items/Weapons/Oriental/Kama.cs,ItemCandidate,SourceVerified,
KamiNarisIndestructableDoubleAxe,DoubleAxe,Data/Scripts/Items/Magical/Artifacts/Obsolete/Obsolete_KamiNarisIndestructableDoubleAxe.cs,ItemCandidate,SourceVerified,
Kamishimo,BaseOuterTorso,Data/Scripts/Items/Clothing/OuterTorso.cs,ItemCandidate,SourceVerified,
Kasa,BaseHat,Data/Scripts/Items/Clothing/Hats.cs,ItemCandidate,SourceVerified,
Katana,BaseSword,Data/Scripts/Items/Weapons/Swords/Katana.cs,ItemCandidate,SourceVerified,
Keep,BaseHouse,Data/Scripts/Items/Houses/Houses.cs,ItemCandidate,SourceVerified,
KeepDeed,HouseDeed,Data/Scripts/Items/Houses/Deeds.cs,ItemCandidate,SourceVerified,
Keg,BaseContainer,Data/Scripts/Items/Containers/Container.cs,ItemCandidate,SourceVerified,
KegRemovalTimer,Timer,Data/Scripts/Items/Unknown/UnknownKeg.cs,ItemCandidate,SourceVerified,
Key,Item,Data/Scripts/Items/Misc/Key.cs,ItemCandidate,SourceVerified,
KeyRing,Item,Data/Scripts/Items/Misc/KeyRing.cs,ItemCandidate,SourceVerified,
KeywordDoor,BaseDoor,Data/Scripts/Items/Doors/KeywordDoor.cs,ItemCandidate,SourceVerified,
KeywordTeleporter,Teleporter,Data/Scripts/Items/Doors/Teleporter.cs,ItemCandidate,SourceVerified,
Keywordmoongates,moongates,Data/Scripts/Items/Doors/Moongates.cs,ItemCandidate,SourceVerified,
KillGump,Gump,Data/Scripts/Items/Books/BulletinBoards/AssassinNote.cs,ItemCandidate,SourceVerified,
KillerTile,Item,Data/Scripts/Items/Traps/KillerTile.cs,ItemCandidate,SourceVerified,
KilrathiGun,BaseKilrathi,Data/Scripts/Items/Technology/KilrathiGun.cs,ItemCandidate,SourceVerified,
KilrathiHeavyGun,BaseKilrathi,Data/Scripts/Items/Technology/KilrathiHeavyGun.cs,ItemCandidate,SourceVerified,
Kilt,BaseOuterLegs,Data/Scripts/Items/Clothing/OuterLegs.cs,ItemCandidate,SourceVerified,
Kindling,Item,Data/Scripts/Items/Explorers/Kindling.cs,ItemCandidate,SourceVerified,
Knife,Item,Data/Scripts/Items/Trades/Tinkering/Utensils.cs,ItemCandidate,SourceVerified,
KnifeLeft,Item,Data/Scripts/Items/Trades/Tinkering/Utensils.cs,ItemCandidate,SourceVerified,
KnifeRight,Item,Data/Scripts/Items/Trades/Tinkering/Utensils.cs,ItemCandidate,SourceVerified,
KodiakBearMask,BearMask,Data/Scripts/Items/Magical/Artifacts/Obsolete/Obsolete_KodiakBearMask.cs,ItemCandidate,SourceVerified,
KrisnaHair,Hair,Data/Scripts/Items/Misc/Facial/Hair.cs,ItemCandidate,SourceVerified,
Kryss,BaseSword,Data/Scripts/Items/Weapons/Swords/Kryss.cs,ItemCandidate,SourceVerified,
Krystal,Item,Data/Scripts/Items/Technology/Krystal.cs,ItemCandidate,SourceVerified,
LOSBlocker,Item,Data/Scripts/Items/Misc/LOSBlocker.cs,ItemCandidate,SourceVerified,
LadyPortrait1,Item,Data/Scripts/Items/Construction/Decorative/PaintingPortraits.cs,ItemCandidate,SourceVerified,
LadyPortrait2,Item,Data/Scripts/Items/Construction/Decorative/PaintingPortraits.cs,ItemCandidate,SourceVerified,
Lajatang,BaseKnife,Data/Scripts/Items/Weapons/Oriental/Lajatang.cs,ItemCandidate,SourceVerified,
LambLeg,Food,Data/Scripts/Items/Food/Food.cs,ItemCandidate,SourceVerified,Multiple source declarations found.
LampPost1,BaseLight,Data/Scripts/Items/Construction/Lights/LampPost1.cs,ItemCandidate,SourceVerified,
LampPost2,BaseLight,Data/Scripts/Items/Construction/Lights/LampPost2.cs,ItemCandidate,SourceVerified,
LampPost3,BaseLight,Data/Scripts/Items/Construction/Lights/LampPost3.cs,ItemCandidate,SourceVerified,
LampPostArtifact,BaseDecorationArtifact,Data/Scripts/Items/Decorations/Artifacts/DoomDecorationArtifacts.cs,ItemCandidate,SourceVerified,
LampofBadWishes,MagicTalisman,,ProposedItemClass,Proposed,New class should inherit from the resolved base item class.
Lance,BaseSword,Data/Scripts/Items/Weapons/Swords/Lance.cs,ItemCandidate,SourceVerified,
LandChest,LockableContainer,Data/Scripts/Items/Containers/LandChest.cs,ItemCandidate,SourceVerified,
Landmine,Item,Data/Scripts/Items/Technology/Landmine.cs,ItemCandidate,SourceVerified,
LandmineSetup,Item,Data/Scripts/Items/Technology/Landmine.cs,ItemCandidate,SourceVerified,
Lantern,BaseEquipableLight,Data/Scripts/Items/Construction/Lights/Lantern.cs,ItemCandidate,SourceVerified,
LanternOfSouls,Lantern,Data/Scripts/Items/Construction/Lights/Lantern.cs,ItemCandidate,SourceVerified,
LapHarp,BaseInstrument,Data/Scripts/Items/Trades/Musical Instruments/LapHarp.cs,ItemCandidate,SourceVerified,
LardOfParoxysmus,Item,Data/Scripts/Items/Trades/Resources/MiscMLResources.cs,ItemCandidate,SourceVerified,
LargeBOD,Item,Data/Scripts/Trades/Bulk Orders/LargeBOD.cs,ItemCandidate,SourceVerified,
LargeBODAcceptGump,Gump,Data/Scripts/Trades/Bulk Orders/Gumps/LargeBODAcceptGump.cs,ItemCandidate,SourceVerified,
LargeBODGump,Gump,Data/Scripts/Trades/Bulk Orders/Gumps/LargeBODGump.cs,ItemCandidate,SourceVerified,
LargeBODTarget,Target,Data/Scripts/Trades/Bulk Orders/LargeBODTarget.cs,ItemCandidate,SourceVerified,
LargeBackpack,BaseContainer,Data/Scripts/Items/Containers/Container.cs,ItemCandidate,SourceVerified,
LargeBag,BaseContainer,Data/Scripts/Items/Containers/Container.cs,ItemCandidate,SourceVerified,
LargeBagBall,BaseBagBall,Data/Scripts/Items/Containers/Container.cs,ItemCandidate,SourceVerified,
LargeBagofHolding,WeightReductionContainer,Data/Scripts/Items/Containers/WeightReductionContainer.cs,ItemCandidate,SourceVerified,
LargeBattleAxe,BaseAxe,Data/Scripts/Items/Weapons/Axes/LargeBattleAxe.cs,ItemCandidate,SourceVerified,
LargeBedEastAddon,BaseAddon,Data/Scripts/Items/Construction/Addons/LargeBedEastAddon.cs,ItemCandidate,SourceVerified,
LargeBedEastDeed,BaseAddonDeed,Data/Scripts/Items/Construction/Addons/LargeBedEastAddon.cs,ItemCandidate,SourceVerified,
LargeBedSouthAddon,BaseAddon,Data/Scripts/Items/Construction/Addons/LargeBedSouthAddon.cs,ItemCandidate,SourceVerified,
LargeBedSouthDeed,BaseAddonDeed,Data/Scripts/Items/Construction/Addons/LargeBedSouthAddon.cs,ItemCandidate,SourceVerified,
LargeBoat,BaseBoat,Data/Scripts/Items/Boats/LargeBoat.cs,ItemCandidate,SourceVerified,
LargeBoatDeed,BaseBoatDeed,Data/Scripts/Items/Boats/LargeBoat.cs,ItemCandidate,SourceVerified,
LargeBulkEntry,,Data/Scripts/Trades/Bulk Orders/LargeBulkEntry.cs,ItemCandidate,SourceVerified,
LargeCityGardenAddon,BaseAddon,Data/Scripts/Custom/Government System/Items/Civic Structures/Stock Buildings/Parks & Gardens/LargeCityGardenAddon.cs,ItemCandidate,SourceVerified,
LargeCityGardenDeed,CityDeed,Data/Scripts/Custom/Government System/Items/Deeds/Stock Deeds/Parks & Gardens/LargeCityGardenDeed.cs,ItemCandidate,SourceVerified,
LargeCityParkAddon,BaseAddon,Data/Scripts/Custom/Government System/Items/Civic Structures/Stock Buildings/Parks & Gardens/LargeCityParkAddon.cs,ItemCandidate,SourceVerified,
LargeCityParkDeed,CityDeed,Data/Scripts/Custom/Government System/Items/Deeds/Stock Deeds/Parks & Gardens/LargeCityParkDeed.cs,ItemCandidate,SourceVerified,
LargeCrate,LockableContainer,Data/Scripts/Items/Containers/Container.cs,ItemCandidate,SourceVerified,
LargeCrystal,Item,Data/Scripts/Items/Gems/LargeCrystal.cs,ItemCandidate,SourceVerified,
LargeDockedBoat,BaseDockedBoat,Data/Scripts/Items/Boats/LargeBoat.cs,ItemCandidate,SourceVerified,
LargeDockedDragonBoat,BaseDockedBoat,Data/Scripts/Items/Boats/LargeDragonBoat.cs,ItemCandidate,SourceVerified,
LargeDragonBoat,BaseBoat,Data/Scripts/Items/Boats/LargeDragonBoat.cs,ItemCandidate,SourceVerified,
LargeDragonBoatDeed,BaseBoatDeed,Data/Scripts/Items/Boats/LargeDragonBoat.cs,ItemCandidate,SourceVerified,
LargeDyingPlant,Item,Data/Scripts/Items/Gifts/Holiday/Halloween/Rewards/HalloweenItems.cs,ItemCandidate,SourceVerified,
LargeEmptyFlask,Item,Data/Scripts/Items/Misc/GlassItems.cs,ItemCandidate,SourceVerified,
LargeEmptyPot,Item,Data/Scripts/Items/Trades/Plants/Potted/EmptyPots.cs,ItemCandidate,SourceVerified,
LargeFishingNetAddon,BaseAddon,Data/Scripts/Items/Special/Heritage Items/LargeFishingNet.cs,ItemCandidate,SourceVerified,
LargeFishingNetComponent,AddonComponent,Data/Scripts/Items/Special/Heritage Items/LargeFishingNet.cs,ItemCandidate,SourceVerified,
LargeFishingNetDeed,BaseAddonDeed,Data/Scripts/Items/Special/Heritage Items/LargeFishingNet.cs,ItemCandidate,SourceVerified,
LargeFlask,Item,Data/Scripts/Items/Misc/GlassItems.cs,ItemCandidate,SourceVerified,
LargeForgeEast,Item,Data/Scripts/Items/Trades/Blacksmith Items/LargeForge.cs,ItemCandidate,SourceVerified,
LargeForgeEastAddon,BaseAddon,Data/Scripts/Items/Construction/Addons/LargeForgeEastAddon.cs,ItemCandidate,SourceVerified,
LargeForgeEastDeed,BaseAddonDeed,Data/Scripts/Items/Construction/Addons/LargeForgeEastAddon.cs,ItemCandidate,SourceVerified,
LargeForgeSouthAddon,BaseAddon,Data/Scripts/Items/Construction/Addons/LargeForgeSouthAddon.cs,ItemCandidate,SourceVerified,
LargeForgeSouthDeed,BaseAddonDeed,Data/Scripts/Items/Construction/Addons/LargeForgeSouthAddon.cs,ItemCandidate,SourceVerified,
LargeForgeWest,Item,Data/Scripts/Items/Trades/Blacksmith Items/LargeForge.cs,ItemCandidate,SourceVerified,
LargeHollowBook,BaseContainer,Data/Scripts/Items/Containers/Container.cs,ItemCandidate,SourceVerified,
LargeKnife,BaseKnife,Data/Scripts/Items/Weapons/Knives/LargeKnife.cs,ItemCandidate,SourceVerified,
LargeMarbleDeed,HouseDeed,Data/Scripts/Items/Houses/Deeds.cs,ItemCandidate,SourceVerified,
LargeMarbleHouse,BaseHouse,Data/Scripts/Items/Houses/Houses.cs,ItemCandidate,SourceVerified,
LargePainting,Item,Data/Scripts/Items/Construction/Decorative/PaintingPortraits.cs,ItemCandidate,SourceVerified,
LargePatioDeed,HouseDeed,Data/Scripts/Items/Houses/Deeds.cs,ItemCandidate,SourceVerified,
LargePatioHouse,BaseHouse,Data/Scripts/Items/Houses/Houses.cs,ItemCandidate,SourceVerified,
LargePegasusStatue,BaseStatue,Data/Scripts/Trades/Stone/Statues.cs,ItemCandidate,SourceVerified,
LargeSack,BaseContainer,Data/Scripts/Items/Containers/Container.cs,ItemCandidate,SourceVerified,
LargeSmithBOD,LargeBOD,Data/Scripts/Trades/Bulk Orders/LargeSmithBOD.cs,ItemCandidate,SourceVerified,
LargeStatueLion,BaseStatueDeed,Data/Scripts/Trades/Stone/Assemblies.cs,ItemCandidate,SourceVerified,
LargeStatueWolf,BaseStatueDeed,Data/Scripts/Trades/Stone/Assemblies.cs,ItemCandidate,SourceVerified,
LargeStoneTableEastAddon,BaseAddon,Data/Scripts/Items/Construction/Addons/LargeStoneTableEastAddon.cs,ItemCandidate,SourceVerified,
LargeStoneTableEastDeed,BaseAddonDeed,Data/Scripts/Items/Construction/Addons/LargeStoneTableEastAddon.cs,ItemCandidate,SourceVerified,
LargeStoneTableSouthAddon,BaseAddon,Data/Scripts/Items/Construction/Addons/LargeStoneTableSouthAddon.cs,ItemCandidate,SourceVerified,
LargeStoneTableSouthDeed,BaseAddonDeed,Data/Scripts/Items/Construction/Addons/LargeStoneTableSouthAddon.cs,ItemCandidate,SourceVerified,
LargeTable,Item,Data/Scripts/Items/Construction/Tables/Tables.cs,ItemCandidate,SourceVerified,
LargeTailorBOD,LargeBOD,Data/Scripts/Trades/Bulk Orders/LargeTailorBOD.cs,ItemCandidate,SourceVerified,
LargeTent,BaseHouse,Data/Scripts/Items/Houses/NewHouses.cs,ItemCandidate,SourceVerified,
LargeVase,Item,Data/Scripts/Items/Construction/Misc/Vase.cs,ItemCandidate,SourceVerified,
LargeVioletFlask,Item,Data/Scripts/Items/Misc/GlassItems.cs,ItemCandidate,SourceVerified,
LargeYellowFlask,Item,Data/Scripts/Items/Misc/GlassItems.cs,ItemCandidate,SourceVerified,
LavaSkinArms,LeatherArms,Data/Scripts/Items/Armor/Skin/LavaSkinArmor.cs,ItemCandidate,SourceVerified,
LavaSkinChest,LeatherChest,Data/Scripts/Items/Armor/Skin/LavaSkinArmor.cs,ItemCandidate,SourceVerified,
LavaSkinGloves,LeatherGloves,Data/Scripts/Items/Armor/Skin/LavaSkinArmor.cs,ItemCandidate,SourceVerified,
LavaSkinGorget,LeatherGorget,Data/Scripts/Items/Armor/Skin/LavaSkinArmor.cs,ItemCandidate,SourceVerified,
LavaSkinHelm,LeatherCap,Data/Scripts/Items/Armor/Skin/LavaSkinArmor.cs,ItemCandidate,SourceVerified,
LavaSkinLegs,LeatherLegs,Data/Scripts/Items/Armor/Skin/LavaSkinArmor.cs,ItemCandidate,SourceVerified,
LavaTile,Item,Data/Scripts/Items/Decorations/Artifacts/Decorative/LavaTile.cs,ItemCandidate,SourceVerified,
LawnGate,BaseDoor,Data/Scripts/Items/Houses/Remodeling/LawnGate.cs,ItemCandidate,SourceVerified,
LawnGump,Gump,Data/Scripts/Items/Houses/Remodeling/Gumps/LawnGump.cs,ItemCandidate,SourceVerified,
LawnGumpCategory,,Data/Scripts/Items/Houses/Remodeling/LawnRegistry.cs,ItemCandidate,SourceVerified,
LawnGumpEntry,,Data/Scripts/Items/Houses/Remodeling/LawnRegistry.cs,ItemCandidate,SourceVerified,
LawnItem,LawnPiece,Data/Scripts/Items/Houses/Remodeling/LawnItem.cs,ItemCandidate,SourceVerified,
LawnMultiInfo,,Data/Scripts/Items/Houses/Remodeling/LawnItem.cs,ItemCandidate,SourceVerified,
LawnPiece,Item,Data/Scripts/Items/Houses/Remodeling/LawnItem.cs,ItemCandidate,SourceVerified,
LawnSecurityEntry,ContextMenuEntry,Data/Scripts/Items/Houses/Remodeling/ContextMenuEntries.cs,ItemCandidate,SourceVerified,
LawnSecurityGump,Gump,Data/Scripts/Items/Houses/Remodeling/Gumps/LawnSecurityGump.cs,ItemCandidate,SourceVerified,
LawnStair,LawnItem,Data/Scripts/Items/Houses/Remodeling/LawnStair.cs,ItemCandidate,SourceVerified,
LawnSystem,,Data/Scripts/Items/Houses/Remodeling/LawnSystem.cs,ItemCandidate,SourceVerified,
LawnTarget,Target,Data/Scripts/Items/Houses/Remodeling/LawnTarget.cs,ItemCandidate,SourceVerified,
LawnTools,Item,Data/Scripts/Items/Houses/Remodeling/LawnTools.cs,ItemCandidate,SourceVerified,
Leafblade,BaseKnife,Data/Scripts/Items/Weapons/Knives/Leafblade.cs,ItemCandidate,SourceVerified,
LearnGraniteBook,Item,Data/Scripts/Items/Books/LearnGranite.cs,ItemCandidate,SourceVerified,
LearnGraniteGump,Gump,Data/Scripts/Items/Books/LearnGranite.cs,ItemCandidate,SourceVerified,
LearnLeatherBook,Item,Data/Scripts/Items/Books/LearnLeather.cs,ItemCandidate,SourceVerified,
LearnLeatherGump,Gump,Data/Scripts/Items/Books/LearnLeather.cs,ItemCandidate,SourceVerified,
LearnMetalBook,Item,Data/Scripts/Items/Books/LearnMetal.cs,ItemCandidate,SourceVerified,
LearnMetalGump,Gump,Data/Scripts/Items/Books/LearnMetal.cs,ItemCandidate,SourceVerified,
LearnMiscBook,Item,Data/Scripts/Items/Books/LearnMisc.cs,ItemCandidate,SourceVerified,
LearnMiscGump,Gump,Data/Scripts/Items/Books/LearnMisc.cs,ItemCandidate,SourceVerified,
LearnReagentsBook,Item,Data/Scripts/Items/Books/LearnReagents.cs,ItemCandidate,SourceVerified,
LearnReagentsGump,Gump,Data/Scripts/Items/Books/LearnReagents.cs,ItemCandidate,SourceVerified,
LearnScalesBook,Item,Data/Scripts/Items/Books/LearnScales.cs,ItemCandidate,SourceVerified,
LearnScalesGump,Gump,Data/Scripts/Items/Books/LearnScales.cs,ItemCandidate,SourceVerified,
LearnStealingBook,Item,Data/Scripts/Items/Books/LearnStealing.cs,ItemCandidate,SourceVerified,
LearnStealingGump,Gump,Data/Scripts/Items/Books/LearnStealing.cs,ItemCandidate,SourceVerified,
LearnTailorBook,Item,Data/Scripts/Items/Books/LearnTailor.cs,ItemCandidate,SourceVerified,
LearnTailorGump,Gump,Data/Scripts/Items/Books/LearnTailor.cs,ItemCandidate,SourceVerified,
LearnTitles,DynamicBook,Data/Scripts/Items/Books/DynamicBook.cs,ItemCandidate,SourceVerified,
LearnTraps,DynamicBook,Data/Scripts/Items/Books/DynamicBook.cs,ItemCandidate,SourceVerified,
LearnWoodBook,Item,Data/Scripts/Items/Books/LearnWood.cs,ItemCandidate,SourceVerified,
LearnWoodBookGump,Gump,Data/Scripts/Items/Books/LearnWood.cs,ItemCandidate,SourceVerified,
Leather,BaseLeather,Data/Scripts/Items/Trades/Resources/Tailor/Leathers.cs,ItemCandidate,SourceVerified,
LeatherArms,BaseArmor,Data/Scripts/Items/Armor/Leather/LeatherArms.cs,ItemCandidate,SourceVerified,
LeatherBoots,BaseArmor,Data/Scripts/Items/Armor/Leather/LeatherBoots.cs,ItemCandidate,SourceVerified,
LeatherBustierArms,BaseArmor,Data/Scripts/Items/Armor/Leather/LeatherBustierArms.cs,ItemCandidate,SourceVerified,
LeatherCap,BaseArmor,Data/Scripts/Items/Armor/Helmets/LeatherCap.cs,ItemCandidate,SourceVerified,
LeatherChest,BaseArmor,Data/Scripts/Items/Armor/Leather/LeatherChest.cs,ItemCandidate,SourceVerified,
LeatherCloak,BaseArmor,Data/Scripts/Items/Armor/Leather/LeatherGarb.cs,ItemCandidate,SourceVerified,
LeatherDo,BaseArmor,Data/Scripts/Items/Armor/Leather/LeatherDo.cs,ItemCandidate,SourceVerified,
LeatherDyeTub,DyeTub,Data/Scripts/Items/Misc/Dyes/LeatherDyeTub.cs,ItemCandidate,SourceVerified,
LeatherGloves,BaseArmor,Data/Scripts/Items/Armor/Leather/LeatherGloves.cs,ItemCandidate,SourceVerified,
LeatherGlovesOfMining,BaseGlovesOfMining,Data/Scripts/Items/Special/Bulk Order Rewards/Blacksmithy/GlovesOfMining.cs,ItemCandidate,SourceVerified,
LeatherGorget,BaseArmor,Data/Scripts/Items/Armor/Leather/LeatherGorget.cs,ItemCandidate,SourceVerified,
LeatherHaidate,BaseArmor,Data/Scripts/Items/Armor/Leather/LeatherHaidate.cs,ItemCandidate,SourceVerified,
LeatherHiroSode,BaseArmor,Data/Scripts/Items/Armor/Leather/LeatherHiroSode.cs,ItemCandidate,SourceVerified,
LeatherJingasa,BaseArmor,Data/Scripts/Items/Armor/Leather/LeatherJingasa.cs,ItemCandidate,SourceVerified,
LeatherLegs,BaseArmor,Data/Scripts/Items/Armor/Leather/LeatherLegs.cs,ItemCandidate,SourceVerified,
LeatherMempo,BaseArmor,Data/Scripts/Items/Armor/Leather/LeatherMempo.cs,ItemCandidate,SourceVerified,
LeatherNinjaBelt,BaseWaist,Data/Scripts/Items/Trades/Ninjitsu/LeatherNinjaBelt.cs,ItemCandidate,SourceVerified,
LeatherNinjaHood,BaseArmor,Data/Scripts/Items/Armor/Leather/LeatherNinjaHood.cs,ItemCandidate,SourceVerified,
LeatherNinjaJacket,BaseArmor,Data/Scripts/Items/Armor/Leather/LeatherNinjaJacket.cs,ItemCandidate,SourceVerified,
LeatherNinjaMitts,BaseArmor,Data/Scripts/Items/Armor/Leather/LeatherNinjaMitts.cs,ItemCandidate,SourceVerified,
LeatherNinjaPants,BaseArmor,Data/Scripts/Items/Armor/Leather/LeatherNinjaPants.cs,ItemCandidate,SourceVerified,
LeatherRobe,BaseArmor,Data/Scripts/Items/Armor/Leather/LeatherGarb.cs,ItemCandidate,SourceVerified,
LeatherSandals,BaseArmor,Data/Scripts/Items/Armor/Leather/LeatherBoots.cs,ItemCandidate,SourceVerified,
LeatherShoes,BaseArmor,Data/Scripts/Items/Armor/Leather/LeatherBoots.cs,ItemCandidate,SourceVerified,
LeatherShorts,BaseArmor,Data/Scripts/Items/Armor/Leather/LeatherShorts.cs,ItemCandidate,SourceVerified,
LeatherSkirt,BaseArmor,Data/Scripts/Items/Armor/Leather/LeatherSkirt.cs,ItemCandidate,SourceVerified,
LeatherSoftBoots,BaseArmor,Data/Scripts/Items/Armor/Leather/LeatherBoots.cs,ItemCandidate,SourceVerified,
LeatherSuneate,BaseArmor,Data/Scripts/Items/Armor/Leather/LeatherSuneate.cs,ItemCandidate,SourceVerified,
LeatherThighBoots,BaseArmor,Data/Scripts/Items/Armor/Leather/LeatherBoots.cs,ItemCandidate,SourceVerified,
LeatherTunicArtifact,BaseDecorationArtifact,Data/Scripts/Items/Decorations/Artifacts/DoomDecorationArtifacts.cs,ItemCandidate,SourceVerified,
LeftArm,Item,Data/Scripts/Items/Misc/Bodies/LeftArm.cs,ItemCandidate,SourceVerified,
LeftLeg,Item,Data/Scripts/Items/Misc/Bodies/LeftLeg.cs,ItemCandidate,SourceVerified,
LegacyOfTheDreadLord,Bardiche,Data/Scripts/Items/Magical/Artifacts/Obsolete/Obsolete_LegacyOfTheDreadLord.cs,ItemCandidate,SourceVerified,
LegendaryAlchemyStudyBook,StudyBook,Data/Scripts/Custom/Offline Skill Training/Items/LegendaryStudyBooks.cs,ItemCandidate,SourceVerified,
LegendaryAnatomyStudyBook,StudyBook,Data/Scripts/Custom/Offline Skill Training/Items/LegendaryStudyBooks.cs,ItemCandidate,SourceVerified,
LegendaryArmsLoreStudyBook,StudyBook,Data/Scripts/Custom/Offline Skill Training/Items/LegendaryStudyBooks.cs,ItemCandidate,SourceVerified,
LegendaryArtifactRename,Item,Data/Scripts/Items/Magical/God/LegendaryArtifactRename.cs,ItemCandidate,SourceVerified,
LegendaryBeggingStudyBook,StudyBook,Data/Scripts/Custom/Offline Skill Training/Items/LegendaryStudyBooks.cs,ItemCandidate,SourceVerified,
LegendaryBlacksmithStudyBook,StudyBook,Data/Scripts/Custom/Offline Skill Training/Items/LegendaryStudyBooks.cs,ItemCandidate,SourceVerified,
LegendaryBludgeoningStudyBook,StudyBook,Data/Scripts/Custom/Offline Skill Training/Items/LegendaryStudyBooks.cs,ItemCandidate,SourceVerified,
LegendaryBowcraftStudyBook,StudyBook,Data/Scripts/Custom/Offline Skill Training/Items/LegendaryStudyBooks.cs,ItemCandidate,SourceVerified,
LegendaryBushidoStudyBook,StudyBook,Data/Scripts/Custom/Offline Skill Training/Items/LegendaryStudyBooks.cs,ItemCandidate,SourceVerified,
LegendaryCampingStudyBook,StudyBook,Data/Scripts/Custom/Offline Skill Training/Items/LegendaryStudyBooks.cs,ItemCandidate,SourceVerified,
LegendaryCarpentryStudyBook,StudyBook,Data/Scripts/Custom/Offline Skill Training/Items/LegendaryStudyBooks.cs,ItemCandidate,SourceVerified,
LegendaryCartographyStudyBook,StudyBook,Data/Scripts/Custom/Offline Skill Training/Items/LegendaryStudyBooks.cs,ItemCandidate,SourceVerified,
LegendaryCookingStudyBook,StudyBook,Data/Scripts/Custom/Offline Skill Training/Items/LegendaryStudyBooks.cs,ItemCandidate,SourceVerified,
LegendaryDiscordanceStudyBook,StudyBook,Data/Scripts/Custom/Offline Skill Training/Items/LegendaryStudyBooks.cs,ItemCandidate,SourceVerified,
LegendaryDruidismStudyBook,StudyBook,Data/Scripts/Custom/Offline Skill Training/Items/LegendaryStudyBooks.cs,ItemCandidate,SourceVerified,
LegendaryElementalismStudyBook,StudyBook,Data/Scripts/Custom/Offline Skill Training/Items/LegendaryStudyBooks.cs,ItemCandidate,SourceVerified,
LegendaryFencingStudyBook,StudyBook,Data/Scripts/Custom/Offline Skill Training/Items/LegendaryStudyBooks.cs,ItemCandidate,SourceVerified,
LegendaryFistFightingStudyBook,StudyBook,Data/Scripts/Custom/Offline Skill Training/Items/LegendaryStudyBooks.cs,ItemCandidate,SourceVerified,
LegendaryFocusStudyBook,StudyBook,Data/Scripts/Custom/Offline Skill Training/Items/LegendaryStudyBooks.cs,ItemCandidate,SourceVerified,
LegendaryForensicsStudyBook,StudyBook,Data/Scripts/Custom/Offline Skill Training/Items/LegendaryStudyBooks.cs,ItemCandidate,SourceVerified,
LegendaryHealingStudyBook,StudyBook,Data/Scripts/Custom/Offline Skill Training/Items/LegendaryStudyBooks.cs,ItemCandidate,SourceVerified,
LegendaryHerdingStudyBook,StudyBook,Data/Scripts/Custom/Offline Skill Training/Items/LegendaryStudyBooks.cs,ItemCandidate,SourceVerified,
LegendaryHidingStudyBook,StudyBook,Data/Scripts/Custom/Offline Skill Training/Items/LegendaryStudyBooks.cs,ItemCandidate,SourceVerified,
LegendaryImbuingStudyBook,StudyBook,Data/Scripts/Custom/Offline Skill Training/Items/LegendaryStudyBooks.cs,ItemCandidate,SourceVerified,
LegendaryInscribeStudyBook,StudyBook,Data/Scripts/Custom/Offline Skill Training/Items/LegendaryStudyBooks.cs,ItemCandidate,SourceVerified,
LegendaryKnightshipStudyBook,StudyBook,Data/Scripts/Custom/Offline Skill Training/Items/LegendaryStudyBooks.cs,ItemCandidate,SourceVerified,
LegendaryLockpickingStudyBook,StudyBook,Data/Scripts/Custom/Offline Skill Training/Items/LegendaryStudyBooks.cs,ItemCandidate,SourceVerified,
LegendaryLumberjackingStudyBook,StudyBook,Data/Scripts/Custom/Offline Skill Training/Items/LegendaryStudyBooks.cs,ItemCandidate,SourceVerified,
LegendaryMageryStudyBook,StudyBook,Data/Scripts/Custom/Offline Skill Training/Items/LegendaryStudyBooks.cs,ItemCandidate,SourceVerified,
LegendaryMagicResistStudyBook,StudyBook,Data/Scripts/Custom/Offline Skill Training/Items/LegendaryStudyBooks.cs,ItemCandidate,SourceVerified,
LegendaryMarksmanshipStudyBook,StudyBook,Data/Scripts/Custom/Offline Skill Training/Items/LegendaryStudyBooks.cs,ItemCandidate,SourceVerified,
LegendaryMeditationStudyBook,StudyBook,Data/Scripts/Custom/Offline Skill Training/Items/LegendaryStudyBooks.cs,ItemCandidate,SourceVerified,
LegendaryMercantileStudyBook,StudyBook,Data/Scripts/Custom/Offline Skill Training/Items/LegendaryStudyBooks.cs,ItemCandidate,SourceVerified,
LegendaryMiningStudyBook,StudyBook,Data/Scripts/Custom/Offline Skill Training/Items/LegendaryStudyBooks.cs,ItemCandidate,SourceVerified,
LegendaryMusicianshipStudyBook,StudyBook,Data/Scripts/Custom/Offline Skill Training/Items/LegendaryStudyBooks.cs,ItemCandidate,SourceVerified,
LegendaryMysticismStudyBook,StudyBook,Data/Scripts/Custom/Offline Skill Training/Items/LegendaryStudyBooks.cs,ItemCandidate,SourceVerified,
LegendaryNecromancyStudyBook,StudyBook,Data/Scripts/Custom/Offline Skill Training/Items/LegendaryStudyBooks.cs,ItemCandidate,SourceVerified,
LegendaryNinjitsuStudyBook,StudyBook,Data/Scripts/Custom/Offline Skill Training/Items/LegendaryStudyBooks.cs,ItemCandidate,SourceVerified,
LegendaryParryStudyBook,StudyBook,Data/Scripts/Custom/Offline Skill Training/Items/LegendaryStudyBooks.cs,ItemCandidate,SourceVerified,
LegendaryPeacemakingStudyBook,StudyBook,Data/Scripts/Custom/Offline Skill Training/Items/LegendaryStudyBooks.cs,ItemCandidate,SourceVerified,
LegendaryPoisoningStudyBook,StudyBook,Data/Scripts/Custom/Offline Skill Training/Items/LegendaryStudyBooks.cs,ItemCandidate,SourceVerified,
LegendaryProvocationStudyBook,StudyBook,Data/Scripts/Custom/Offline Skill Training/Items/LegendaryStudyBooks.cs,ItemCandidate,SourceVerified,
LegendaryPsychologyStudyBook,StudyBook,Data/Scripts/Custom/Offline Skill Training/Items/LegendaryStudyBooks.cs,ItemCandidate,SourceVerified,
LegendaryRandomStudyBook,StudyBook,Data/Scripts/Custom/Offline Skill Training/Items/RandomStudyBooks.cs,ItemCandidate,SourceVerified,
LegendaryRemoveTrapStudyBook,StudyBook,Data/Scripts/Custom/Offline Skill Training/Items/LegendaryStudyBooks.cs,ItemCandidate,SourceVerified,
LegendarySeafaringStudyBook,StudyBook,Data/Scripts/Custom/Offline Skill Training/Items/LegendaryStudyBooks.cs,ItemCandidate,SourceVerified,
LegendarySearchingStudyBook,StudyBook,Data/Scripts/Custom/Offline Skill Training/Items/LegendaryStudyBooks.cs,ItemCandidate,SourceVerified,
LegendarySnoopingStudyBook,StudyBook,Data/Scripts/Custom/Offline Skill Training/Items/LegendaryStudyBooks.cs,ItemCandidate,SourceVerified,
LegendarySpiritualismStudyBook,StudyBook,Data/Scripts/Custom/Offline Skill Training/Items/LegendaryStudyBooks.cs,ItemCandidate,SourceVerified,
LegendaryStealingStudyBook,StudyBook,Data/Scripts/Custom/Offline Skill Training/Items/LegendaryStudyBooks.cs,ItemCandidate,SourceVerified,
LegendaryStealthStudyBook,StudyBook,Data/Scripts/Custom/Offline Skill Training/Items/LegendaryStudyBooks.cs,ItemCandidate,SourceVerified,
LegendarySwordsStudyBook,StudyBook,Data/Scripts/Custom/Offline Skill Training/Items/LegendaryStudyBooks.cs,ItemCandidate,SourceVerified,
LegendaryTacticsStudyBook,StudyBook,Data/Scripts/Custom/Offline Skill Training/Items/LegendaryStudyBooks.cs,ItemCandidate,SourceVerified,
LegendaryTailoringStudyBook,StudyBook,Data/Scripts/Custom/Offline Skill Training/Items/LegendaryStudyBooks.cs,ItemCandidate,SourceVerified,
LegendaryTamingStudyBook,StudyBook,Data/Scripts/Custom/Offline Skill Training/Items/LegendaryStudyBooks.cs,ItemCandidate,SourceVerified,
LegendaryTastingStudyBook,StudyBook,Data/Scripts/Custom/Offline Skill Training/Items/LegendaryStudyBooks.cs,ItemCandidate,SourceVerified,
LegendaryThrowingStudyBook,StudyBook,Data/Scripts/Custom/Offline Skill Training/Items/LegendaryStudyBooks.cs,ItemCandidate,SourceVerified,
LegendaryTinkeringStudyBook,StudyBook,Data/Scripts/Custom/Offline Skill Training/Items/LegendaryStudyBooks.cs,ItemCandidate,SourceVerified,
LegendaryTrackingStudyBook,StudyBook,Data/Scripts/Custom/Offline Skill Training/Items/LegendaryStudyBooks.cs,ItemCandidate,SourceVerified,
LegendaryVeterinaryStudyBook,StudyBook,Data/Scripts/Custom/Offline Skill Training/Items/LegendaryStudyBooks.cs,ItemCandidate,SourceVerified,
LegendsBook,Item,Data/Scripts/Items/Magical/God/LegendsBook.cs,ItemCandidate,SourceVerified,
LegendsBookGump,Gump,Data/Scripts/Items/Magical/God/LegendsBook.cs,ItemCandidate,SourceVerified,
LeggingsOfAegis,PlateLegs,Data/Scripts/Items/Magical/Artifacts/Obsolete/Obsolete_LegsOfAegis.cs,ItemCandidate,SourceVerified,
LeggingsOfBane,ChainLegs,Data/Scripts/Items/Magical/Artifacts/Obsolete/Obsolete_LeggingsOfBane.cs,ItemCandidate,SourceVerified,
LeggingsOfDeceit,ChainLegs,Data/Scripts/Items/Magical/Artifacts/Obsolete/Obsolete_LeggingsOfDeceit.cs,ItemCandidate,SourceVerified,
LeggingsOfEmbers,PlateLegs,Data/Scripts/Items/Magical/Artifacts/Obsolete/Obsolete_LeggingsOfEmbers.cs,ItemCandidate,SourceVerified,
LeggingsOfEnlightenment,LeatherLegs,Data/Scripts/Items/Magical/Artifacts/Obsolete/Obsolete_LeggingsOfEnlightenment.cs,ItemCandidate,SourceVerified,
LeggingsOfFire,ChainLegs,Data/Scripts/Items/Magical/Artifacts/Obsolete/Obsolete_LeggingsOfFire.cs,ItemCandidate,SourceVerified,
LegsOfFortune,StuddedLegs,Data/Scripts/Items/Magical/Artifacts/Obsolete/Obsolete_LegsOfFortune.cs,ItemCandidate,SourceVerified,
LegsOfInsight,PlateLegs,Data/Scripts/Items/Magical/Artifacts/Obsolete/Obsolete_LegsOfInsight.cs,ItemCandidate,SourceVerified,
LegsOfNobility,RingmailLegs,Data/Scripts/Items/Magical/Artifacts/Obsolete/Obsolete_LegsOfNobility.cs,ItemCandidate,SourceVerified,
LegsOfTheFallenKing,LeatherLegs,Data/Scripts/Items/Magical/Artifacts/Obsolete/Obsolete_LegsOfTheFallenKing.cs,ItemCandidate,SourceVerified,
LegsOfTheHarrower,BoneLegs,Data/Scripts/Items/Magical/Artifacts/Obsolete/Obsolete_LegsOfTheHarrower.cs,ItemCandidate,SourceVerified,
Lemonhead,Food,Data/Scripts/Items/Gifts/Holiday/Christmas/Items/Food/Lemon Heads.cs,ItemCandidate,SourceVerified,
LesserCurePotion,BaseCurePotion,Data/Scripts/Items/Potions/Standard/Cure Potions/LesserCurePotion.cs,ItemCandidate,SourceVerified,
LesserExplosionPotion,BaseExplosionPotion,Data/Scripts/Items/Potions/Standard/Explosion Potions/LesserExplosionPotion.cs,ItemCandidate,SourceVerified,
LesserHealPotion,BaseHealPotion,Data/Scripts/Items/Potions/Standard/Heal Potions/LesserHealPotion.cs,ItemCandidate,SourceVerified,
LesserInvisibilityPotion,BasePotion,Data/Scripts/Items/Potions/Unique/LesserInvisibilityPotion.cs,ItemCandidate,SourceVerified,
LesserManaPotion,BaseManaRefreshPotion,Data/Scripts/Items/Potions/Unique/LesserManaPotion.cs,ItemCandidate,SourceVerified,
LesserPoisonPotion,BasePoisonPotion,Data/Scripts/Items/Potions/Standard/Poison Potions/LesserPoisonPotion.cs,ItemCandidate,SourceVerified,
LesserRejuvenatePotion,BaseRejuvenatePotion,Data/Scripts/Items/Potions/Unique/LesserRejuvenatePotion.cs,ItemCandidate,SourceVerified,
LethalPoisonPotion,BasePoisonPotion,Data/Scripts/Items/Potions/Standard/Poison Potions/LethalPoisonPotion.cs,ItemCandidate,SourceVerified,
LevelAssassinSpike,BaseLevelKnife,Data/Scripts/Items/Magical/God/Weapons/ML Weapons/LevelAssassinSpike.cs,ItemCandidate,SourceVerified,
LevelAttributes,,Data/Scripts/Items/Magical/God/LevelAttributes.cs,ItemCandidate,SourceVerified,
LevelAxe,BaseLevelAxe,Data/Scripts/Items/Magical/God/Weapons/Axes/LevelAxe.cs,ItemCandidate,SourceVerified,
LevelBandana,BaseLevelHat,Data/Scripts/Items/Magical/God/Clothing/LevelHats.cs,ItemCandidate,SourceVerified,
LevelBardiche,BaseLevelPoleArm,Data/Scripts/Items/Magical/God/Weapons/PoleArms/LevelBardiche.cs,ItemCandidate,SourceVerified,
LevelBascinet,BaseLevelArmor,Data/Scripts/Items/Magical/God/Armor/Helmets/LevelBascinet.cs,ItemCandidate,SourceVerified,
LevelBattleAxe,BaseLevelAxe,Data/Scripts/Items/Magical/God/Weapons/Axes/LevelBattleAxe.cs,ItemCandidate,SourceVerified,
LevelBearMask,BaseLevelHat,Data/Scripts/Items/Magical/God/Clothing/LevelHats.cs,ItemCandidate,SourceVerified,
LevelBelt,LevelGoldRing,Data/Scripts/Items/Magical/God/Jewels/MagicBelt.cs,ItemCandidate,SourceVerified,
LevelBlackStaff,BaseLevelStaff,Data/Scripts/Items/Magical/God/Weapons/Staves/LevelBlackStaff.cs,ItemCandidate,SourceVerified,
LevelBladedStaff,BaseLevelSpear,Data/Scripts/Items/Magical/God/Weapons/SpearsAndForks/LevelBladedStaff.cs,ItemCandidate,SourceVerified,
LevelBodySash,BaseLevelMiddleTorso,Data/Scripts/Items/Magical/God/Clothing/LevelMiddleTorso.cs,ItemCandidate,SourceVerified,
LevelBokuto,BaseLevelSword,Data/Scripts/Items/Magical/God/Weapons/SE Weapons/LevelBokuto.cs,ItemCandidate,SourceVerified,
LevelBoneArms,BaseLevelArmor,Data/Scripts/Items/Magical/God/Armor/Bone/LevelBoneArms.cs,ItemCandidate,SourceVerified,
LevelBoneChest,BaseLevelArmor,Data/Scripts/Items/Magical/God/Armor/Bone/LevelBoneChest.cs,ItemCandidate,SourceVerified,
LevelBoneGloves,BaseLevelArmor,Data/Scripts/Items/Magical/God/Armor/Bone/LevelBoneGloves.cs,ItemCandidate,SourceVerified,
LevelBoneHarvester,BaseLevelSword,Data/Scripts/Items/Magical/God/Weapons/Swords/LevelBoneHarvester.cs,ItemCandidate,SourceVerified,
LevelBoneHelm,BaseLevelArmor,Data/Scripts/Items/Magical/God/Armor/Helmets/LevelBoneHelm.cs,ItemCandidate,SourceVerified,
LevelBoneLegs,BaseLevelArmor,Data/Scripts/Items/Magical/God/Armor/Bone/LevelBoneLegs.cs,ItemCandidate,SourceVerified,
LevelBonnet,BaseLevelHat,Data/Scripts/Items/Magical/God/Clothing/LevelHats.cs,ItemCandidate,SourceVerified,
LevelBoots,BaseLevelShoes,Data/Scripts/Items/Magical/God/Clothing/LevelShoes.cs,ItemCandidate,SourceVerified,
LevelBow,BaseLevelRanged,Data/Scripts/Items/Magical/God/Weapons/Ranged/LevelBow.cs,ItemCandidate,SourceVerified,
LevelBroadsword,BaseLevelSword,Data/Scripts/Items/Magical/God/Weapons/Swords/LevelBroadsword.cs,ItemCandidate,SourceVerified,
LevelBronzeShield,BaseLevelShield,Data/Scripts/Items/Magical/God/Shields/LevelBronzeShield.cs,ItemCandidate,SourceVerified,
LevelBuckler,BaseLevelShield,Data/Scripts/Items/Magical/God/Shields/LevelBuckler.cs,ItemCandidate,SourceVerified,
LevelButcherKnife,BaseLevelKnife,Data/Scripts/Items/Magical/God/Weapons/Knives/LevelButcherKnife.cs,ItemCandidate,SourceVerified,
LevelCandle,LevelGoldRing,Data/Scripts/Items/Magical/God/Jewels/MagicCandle.cs,ItemCandidate,SourceVerified,
LevelCap,BaseLevelHat,Data/Scripts/Items/Magical/God/Clothing/LevelHats.cs,ItemCandidate,SourceVerified,
LevelChainChest,BaseLevelArmor,Data/Scripts/Items/Magical/God/Armor/Chain/LevelChainChest.cs,ItemCandidate,SourceVerified,
LevelChainCoif,BaseLevelArmor,Data/Scripts/Items/Magical/God/Armor/Helmets/LevelChainCoif.cs,ItemCandidate,SourceVerified,
LevelChainHatsuburi,BaseLevelArmor,Data/Scripts/Items/Magical/God/Armor/Chain/LevelChainHatsuburi.cs,ItemCandidate,SourceVerified,
LevelChainLegs,BaseLevelArmor,Data/Scripts/Items/Magical/God/Armor/Chain/LevelChainLegs.cs,ItemCandidate,SourceVerified,
LevelChampionShield,BaseLevelShield,Data/Scripts/Items/Magical/God/Shields/LevelChampionShield.cs,ItemCandidate,SourceVerified,
LevelChaosShield,BaseLevelShield,Data/Scripts/Items/Magical/God/Shields/LevelChaosShield.cs,ItemCandidate,SourceVerified,
LevelCirclet,BaseLevelArmor,Data/Scripts/Items/Magical/God/Armor/Helmets/LevelCirclet.cs,ItemCandidate,SourceVerified,
LevelClaymore,BaseLevelSword,Data/Scripts/Items/Magical/God/Weapons/Swords/LevelClaymore.cs,ItemCandidate,SourceVerified,
LevelCleaver,BaseLevelKnife,Data/Scripts/Items/Magical/God/Weapons/Knives/LevelCleaver.cs,ItemCandidate,SourceVerified,
LevelCloak,BaseLevelCloak,Data/Scripts/Items/Magical/God/Clothing/LevelCloaks.cs,ItemCandidate,SourceVerified,
LevelCloseHelm,BaseLevelArmor,Data/Scripts/Items/Magical/God/Armor/Helmets/LevelCloseHelm.cs,ItemCandidate,SourceVerified,
LevelClothNinjaHood,BaseLevelHat,Data/Scripts/Items/Magical/God/Clothing/LevelHats.cs,ItemCandidate,SourceVerified,
LevelClothNinjaJacket,BaseLevelShirt,Data/Scripts/Items/Magical/God/Clothing/LevelShirts.cs,ItemCandidate,SourceVerified,
LevelClub,BaseLevelBashing,Data/Scripts/Items/Magical/God/Weapons/Maces/LevelClub.cs,ItemCandidate,SourceVerified,
LevelCompositeBow,BaseLevelRanged,Data/Scripts/Items/Magical/God/Weapons/Ranged/LevelCompositeBow.cs,ItemCandidate,SourceVerified,
LevelCowl,BaseLevelHat,Data/Scripts/Items/Magical/God/Clothing/LevelHats.cs,ItemCandidate,SourceVerified,
LevelCrescentBlade,BaseLevelSword,Data/Scripts/Items/Magical/God/Weapons/Swords/LevelCrescentBlade.cs,ItemCandidate,SourceVerified,
LevelCrestedShield,BaseLevelShield,Data/Scripts/Items/Magical/God/Shields/LevelCrestedShield.cs,ItemCandidate,SourceVerified,
LevelCrossbow,BaseLevelRanged,Data/Scripts/Items/Magical/God/Weapons/Ranged/LevelCrossbow.cs,ItemCandidate,SourceVerified,
LevelCutlass,BaseLevelSword,Data/Scripts/Items/Magical/God/Weapons/Swords/LevelCutlass.cs,ItemCandidate,SourceVerified,
LevelDagger,BaseLevelKnife,Data/Scripts/Items/Magical/God/Weapons/Knives/LevelDagger.cs,ItemCandidate,SourceVerified,
LevelDaisho,BaseLevelSword,Data/Scripts/Items/Magical/God/Weapons/SE Weapons/LevelDaisho.cs,ItemCandidate,SourceVerified,
LevelDarkShield,BaseLevelShield,Data/Scripts/Items/Magical/God/Shields/LevelDarkShield.cs,ItemCandidate,SourceVerified,
LevelDecorativePlateKabuto,BaseLevelArmor,Data/Scripts/Items/Magical/God/Armor/Plate/LevelDecorativePlateKabuto.cs,ItemCandidate,SourceVerified,
LevelDeerMask,BaseLevelHat,Data/Scripts/Items/Magical/God/Clothing/LevelHats.cs,ItemCandidate,SourceVerified,
LevelDiamondMace,BaseLevelBashing,Data/Scripts/Items/Magical/God/Weapons/ML Weapons/LevelDiamondMace.cs,ItemCandidate,SourceVerified,
LevelDoubleAxe,BaseLevelAxe,Data/Scripts/Items/Magical/God/Weapons/Axes/LevelDoubleAxe.cs,ItemCandidate,SourceVerified,
LevelDoubleBladedStaff,BaseLevelSpear,Data/Scripts/Items/Magical/God/Weapons/SpearsAndForks/LevelDoubleBladedStaff.cs,ItemCandidate,SourceVerified,
LevelDoubleLaserSword,BaseLevelSword,Data/Scripts/Items/Magical/God/Weapons/Swords/LevelDoubleLaserSword.cs,ItemCandidate,SourceVerified,
LevelDoublet,BaseLevelMiddleTorso,Data/Scripts/Items/Magical/God/Clothing/LevelMiddleTorso.cs,ItemCandidate,SourceVerified,
LevelDragonArms,BaseLevelArmor,Data/Scripts/Items/Magical/God/Armor/Dragon/LevelDragonArms.cs,ItemCandidate,SourceVerified,
LevelDragonChest,BaseLevelArmor,Data/Scripts/Items/Magical/God/Armor/Dragon/LevelDragonChest.cs,ItemCandidate,SourceVerified,
LevelDragonGloves,BaseLevelArmor,Data/Scripts/Items/Magical/God/Armor/Dragon/LevelDragonGloves.cs,ItemCandidate,SourceVerified,
LevelDragonHelm,BaseLevelArmor,Data/Scripts/Items/Magical/God/Armor/Dragon/LevelDragonHelm.cs,ItemCandidate,SourceVerified,
LevelDragonLegs,BaseLevelArmor,Data/Scripts/Items/Magical/God/Armor/Dragon/LevelDragonLegs.cs,ItemCandidate,SourceVerified,
LevelDreadHelm,BaseLevelArmor,Data/Scripts/Items/Magical/God/Armor/Helmets/LevelDreadHelm.cs,ItemCandidate,SourceVerified,
LevelElvenBoots,BaseLevelShoes,Data/Scripts/Items/Magical/God/Clothing/LevelShoes.cs,ItemCandidate,SourceVerified,
LevelElvenCompositeLongbow,BaseLevelRanged,Data/Scripts/Items/Magical/God/Weapons/ML Weapons/LevelElvenCompositeLongbow.cs,ItemCandidate,SourceVerified,
LevelElvenMachete,BaseLevelSword,Data/Scripts/Items/Magical/God/Weapons/ML Weapons/LevelElvenMachete.cs,ItemCandidate,SourceVerified,
LevelElvenPants,BaseLevelPants,Data/Scripts/Items/Magical/God/Clothing/LevelPants.cs,ItemCandidate,SourceVerified,
LevelElvenShield,BaseLevelShield,Data/Scripts/Items/Magical/God/Shields/LevelElvenShield.cs,ItemCandidate,SourceVerified,
LevelElvenSpellblade,BaseLevelKnife,Data/Scripts/Items/Magical/God/Weapons/ML Weapons/LevelElvenSpellblade.cs,ItemCandidate,SourceVerified,
LevelExecutionersAxe,BaseLevelAxe,Data/Scripts/Items/Magical/God/Weapons/Axes/LevelExecutionersAxe.cs,ItemCandidate,SourceVerified,
LevelFancyDress,BaseLevelOuterTorso,Data/Scripts/Items/Magical/God/Clothing/LevelOuterTorso.cs,ItemCandidate,SourceVerified,
LevelFancyShirt,BaseLevelShirt,Data/Scripts/Items/Magical/God/Clothing/LevelShirts.cs,ItemCandidate,SourceVerified,
LevelFeatheredHat,BaseLevelHat,Data/Scripts/Items/Magical/God/Clothing/LevelHats.cs,ItemCandidate,SourceVerified,
LevelFemaleElvenRobe,BaseLevelOuterTorso,Data/Scripts/Items/Magical/God/Clothing/LevelOuterTorso.cs,ItemCandidate,SourceVerified,
LevelFemaleKimono,BaseLevelOuterTorso,Data/Scripts/Items/Magical/God/Clothing/LevelOuterTorso.cs,ItemCandidate,SourceVerified,
LevelFemaleLeatherChest,BaseLevelArmor,Data/Scripts/Items/Magical/God/Armor/Leather/LevelFemaleLeatherChest.cs,ItemCandidate,SourceVerified,
LevelFemalePlateChest,BaseLevelArmor,Data/Scripts/Items/Magical/God/Armor/Plate/LevelFemalePlateChest.cs,ItemCandidate,SourceVerified,
LevelFemaleStuddedChest,BaseLevelArmor,Data/Scripts/Items/Magical/God/Armor/Studded/LevelFemaleStuddedChest.cs,ItemCandidate,SourceVerified,
LevelFloppyHat,BaseLevelHat,Data/Scripts/Items/Magical/God/Clothing/LevelHats.cs,ItemCandidate,SourceVerified,
LevelFlowerGarland,BaseLevelHat,Data/Scripts/Items/Magical/God/Clothing/LevelHats.cs,ItemCandidate,SourceVerified,
LevelFormalShirt,BaseLevelMiddleTorso,Data/Scripts/Items/Magical/God/Clothing/LevelMiddleTorso.cs,ItemCandidate,SourceVerified,
LevelFullApron,BaseLevelMiddleTorso,Data/Scripts/Items/Magical/God/Clothing/LevelMiddleTorso.cs,ItemCandidate,SourceVerified,
LevelFurBoots,BaseLevelShoes,Data/Scripts/Items/Magical/God/Clothing/LevelShoes.cs,ItemCandidate,SourceVerified,
LevelFurCape,BaseLevelCloak,Data/Scripts/Items/Magical/God/Clothing/LevelCloaks.cs,ItemCandidate,SourceVerified,
LevelFurSarong,BaseLevelOuterLegs,Data/Scripts/Items/Magical/God/Clothing/LevelOuterLegs.cs,ItemCandidate,SourceVerified,
LevelGildedDress,BaseLevelOuterTorso,Data/Scripts/Items/Magical/God/Clothing/LevelOuterTorso.cs,ItemCandidate,SourceVerified,
LevelGnarledStaff,BaseLevelStaff,Data/Scripts/Items/Magical/God/Weapons/Staves/LevelGnarledStaff.cs,ItemCandidate,SourceVerified,
LevelGoldBeadNecklace,BaseLevelNecklace,Data/Scripts/Items/Magical/God/Jewels/LevelNecklace.cs,ItemCandidate,SourceVerified,
LevelGoldBracelet,BaseLevelBracelet,Data/Scripts/Items/Magical/God/Jewels/LevelBracelet.cs,ItemCandidate,SourceVerified,
LevelGoldEarrings,BaseLevelEarrings,Data/Scripts/Items/Magical/God/Jewels/LevelEarrings.cs,ItemCandidate,SourceVerified,
LevelGoldNecklace,BaseLevelNecklace,Data/Scripts/Items/Magical/God/Jewels/LevelNecklace.cs,ItemCandidate,SourceVerified,
LevelGoldRing,BaseLevelRing,Data/Scripts/Items/Magical/God/Jewels/LevelRing.cs,ItemCandidate,SourceVerified,
LevelGuardsmanShield,BaseLevelShield,Data/Scripts/Items/Magical/God/Shields/LevelGuardsmanShield.cs,ItemCandidate,SourceVerified,
LevelHakama,BaseLevelOuterLegs,Data/Scripts/Items/Magical/God/Clothing/LevelOuterLegs.cs,ItemCandidate,SourceVerified,
LevelHakamaShita,BaseLevelOuterTorso,Data/Scripts/Items/Magical/God/Clothing/LevelOuterTorso.cs,ItemCandidate,SourceVerified,
LevelHalberd,BaseLevelPoleArm,Data/Scripts/Items/Magical/God/Weapons/PoleArms/LevelHalberd.cs,ItemCandidate,SourceVerified,
LevelHalfApron,BaseLevelWaist,Data/Scripts/Items/Magical/God/Clothing/LevelWaist.cs,ItemCandidate,SourceVerified,
LevelHammerPick,BaseLevelBashing,Data/Scripts/Items/Magical/God/Weapons/Maces/LevelHammerPick.cs,ItemCandidate,SourceVerified,
LevelHammers,BaseLevelBashing,Data/Scripts/Items/Magical/God/Weapons/Maces/LevelHammers.cs,ItemCandidate,SourceVerified,
LevelHarpoon,BaseLevelRanged,Data/Scripts/Items/Magical/God/Weapons/LevelHarpoon.cs,ItemCandidate,SourceVerified,
LevelHatchet,BaseLevelAxe,Data/Scripts/Items/Magical/God/Weapons/Axes/LevelHatchet.cs,ItemCandidate,SourceVerified,
LevelHeaterShield,BaseLevelShield,Data/Scripts/Items/Magical/God/Shields/LevelHeaterShield.cs,ItemCandidate,SourceVerified,
LevelHeavyCrossbow,BaseLevelRanged,Data/Scripts/Items/Magical/God/Weapons/Ranged/LevelHeavyCrossbow.cs,ItemCandidate,SourceVerified,
LevelHeavyPlateJingasa,BaseLevelArmor,Data/Scripts/Items/Magical/God/Armor/Plate/LevelHeavyPlateJingasa.cs,ItemCandidate,SourceVerified,
LevelHelmet,BaseLevelArmor,Data/Scripts/Items/Magical/God/Armor/Helmets/LevelHelmet.cs,ItemCandidate,SourceVerified,
LevelHood,BaseLevelHat,Data/Scripts/Items/Magical/God/Clothing/LevelHats.cs,ItemCandidate,SourceVerified,
LevelHoodedShroudOfShadows,BaseLevelOuterTorso,Data/Scripts/Items/Magical/God/Clothing/LevelOuterTorso.cs,ItemCandidate,SourceVerified,
LevelHornedTribalMask,BaseLevelHat,Data/Scripts/Items/Magical/God/Clothing/LevelHats.cs,ItemCandidate,SourceVerified,
LevelInfoEntry,ContextMenuEntry,Data/Scripts/Items/Magical/God/LevelInfoEntry.cs,ItemCandidate,SourceVerified,
LevelItemManager,,Data/Scripts/Items/Magical/God/LevelItemManager.cs,ItemCandidate,SourceVerified,
LevelItemTarget,Target,Data/Scripts/Items/Magical/God/LevelUpScroll.cs,ItemCandidate,SourceVerified,
LevelItems,,Data/Scripts/Items/Magical/God/LevelableItemSettings.cs,ItemCandidate,SourceVerified,
LevelJesterHat,BaseLevelHat,Data/Scripts/Items/Magical/God/Clothing/LevelHats.cs,ItemCandidate,SourceVerified,
LevelJesterSuit,BaseLevelMiddleTorso,Data/Scripts/Items/Magical/God/Clothing/LevelMiddleTorso.cs,ItemCandidate,SourceVerified,
LevelJeweledShield,BaseLevelShield,Data/Scripts/Items/Magical/God/Shields/LevelJeweledShield.cs,ItemCandidate,SourceVerified,
LevelJinBaori,BaseLevelMiddleTorso,Data/Scripts/Items/Magical/God/Clothing/LevelMiddleTorso.cs,ItemCandidate,SourceVerified,
LevelKama,BaseLevelKnife,Data/Scripts/Items/Magical/God/Weapons/SE Weapons/LevelKama.cs,ItemCandidate,SourceVerified,
LevelKamishimo,BaseLevelOuterTorso,Data/Scripts/Items/Magical/God/Clothing/LevelOuterTorso.cs,ItemCandidate,SourceVerified,
LevelKasa,BaseLevelHat,Data/Scripts/Items/Magical/God/Clothing/LevelHats.cs,ItemCandidate,SourceVerified,
LevelKatana,BaseLevelSword,Data/Scripts/Items/Magical/God/Weapons/Swords/LevelKatana.cs,ItemCandidate,SourceVerified,
LevelKilt,BaseLevelOuterLegs,Data/Scripts/Items/Magical/God/Clothing/LevelOuterLegs.cs,ItemCandidate,SourceVerified,
LevelKryss,BaseLevelSword,Data/Scripts/Items/Magical/God/Weapons/Swords/LevelKryss.cs,ItemCandidate,SourceVerified,
LevelLajatang,BaseLevelKnife,Data/Scripts/Items/Magical/God/Weapons/SE Weapons/LevelLajatang.cs,ItemCandidate,SourceVerified,
LevelLance,BaseLevelSword,Data/Scripts/Items/Magical/God/Weapons/Swords/LevelLance.cs,ItemCandidate,SourceVerified,
LevelLantern,LevelGoldRing,Data/Scripts/Items/Magical/God/Jewels/MagicLantern.cs,ItemCandidate,SourceVerified,
LevelLargeBattleAxe,BaseLevelAxe,Data/Scripts/Items/Magical/God/Weapons/Axes/LevelLargeBattleAxe.cs,ItemCandidate,SourceVerified,
LevelLargeKnife,BaseLevelKnife,Data/Scripts/Items/Magical/God/Weapons/Knives/LevelLargeKnife.cs,ItemCandidate,SourceVerified,
LevelLaserSword,BaseLevelSword,Data/Scripts/Items/Magical/God/Weapons/Swords/LevelLaserSword.cs,ItemCandidate,SourceVerified,
LevelLeafblade,BaseLevelKnife,Data/Scripts/Items/Magical/God/Weapons/ML Weapons/LevelLeafblade.cs,ItemCandidate,SourceVerified,
LevelLeatherArms,BaseLevelArmor,Data/Scripts/Items/Magical/God/Armor/Leather/LevelLeatherArms.cs,ItemCandidate,SourceVerified,
LevelLeatherBustierArms,BaseLevelArmor,Data/Scripts/Items/Magical/God/Armor/Leather/LevelLeatherBustierArms.cs,ItemCandidate,SourceVerified,
LevelLeatherCap,BaseLevelArmor,Data/Scripts/Items/Magical/God/Armor/Helmets/LevelLeatherCap.cs,ItemCandidate,SourceVerified,
LevelLeatherChest,BaseLevelArmor,Data/Scripts/Items/Magical/God/Armor/Leather/LevelLeatherChest.cs,ItemCandidate,SourceVerified,
LevelLeatherCloak,BaseLevelArmor,Data/Scripts/Items/Magical/God/Armor/Leather/LevelLeatherCloak.cs,ItemCandidate,SourceVerified,
LevelLeatherDo,BaseLevelArmor,Data/Scripts/Items/Magical/God/Armor/Leather/LevelLeatherDo.cs,ItemCandidate,SourceVerified,
LevelLeatherGloves,BaseLevelArmor,Data/Scripts/Items/Magical/God/Armor/Leather/LevelLeatherGloves.cs,ItemCandidate,SourceVerified,
LevelLeatherGorget,BaseLevelArmor,Data/Scripts/Items/Magical/God/Armor/Leather/LevelLeatherGorget.cs,ItemCandidate,SourceVerified,
LevelLeatherHaidate,BaseLevelArmor,Data/Scripts/Items/Magical/God/Armor/Leather/LevelLeatherHaidate.cs,ItemCandidate,SourceVerified,
LevelLeatherHiroSode,BaseLevelArmor,Data/Scripts/Items/Magical/God/Armor/Leather/LevelLeatherHiroSode.cs,ItemCandidate,SourceVerified,
LevelLeatherJingasa,BaseLevelArmor,Data/Scripts/Items/Magical/God/Armor/Leather/LevelLeatherJingasa.cs,ItemCandidate,SourceVerified,
LevelLeatherLegs,BaseLevelArmor,Data/Scripts/Items/Magical/God/Armor/Leather/LevelLeatherLegs.cs,ItemCandidate,SourceVerified,
LevelLeatherMempo,BaseLevelArmor,Data/Scripts/Items/Magical/God/Armor/Leather/LevelLeatherMempo.cs,ItemCandidate,SourceVerified,
LevelLeatherNinjaHood,BaseLevelArmor,Data/Scripts/Items/Magical/God/Armor/Leather/LevelLeatherNinjaHood.cs,ItemCandidate,SourceVerified,
LevelLeatherNinjaJacket,BaseLevelArmor,Data/Scripts/Items/Magical/God/Armor/Leather/LevelLeatherNinjaJacket.cs,ItemCandidate,SourceVerified,
LevelLeatherNinjaMitts,BaseLevelArmor,Data/Scripts/Items/Magical/God/Armor/Leather/LevelLeatherNinjaMitts.cs,ItemCandidate,SourceVerified,
LevelLeatherNinjaPants,BaseLevelArmor,Data/Scripts/Items/Magical/God/Armor/Leather/LevelLeatherNinjaPants.cs,ItemCandidate,SourceVerified,
LevelLeatherRobe,BaseLevelArmor,Data/Scripts/Items/Magical/God/Armor/Leather/LevelLeatherRobe.cs,ItemCandidate,SourceVerified,
LevelLeatherShorts,BaseLevelArmor,Data/Scripts/Items/Magical/God/Armor/Leather/LevelLeatherShorts.cs,ItemCandidate,SourceVerified,
LevelLeatherSkirt,BaseLevelArmor,Data/Scripts/Items/Magical/God/Armor/Leather/LevelLeatherSkirt.cs,ItemCandidate,SourceVerified,
LevelLeatherSuneate,BaseLevelArmor,Data/Scripts/Items/Magical/God/Armor/Leather/LevelLeatherSuneate.cs,ItemCandidate,SourceVerified,
LevelLightPlateJingasa,BaseLevelArmor,Data/Scripts/Items/Magical/God/Armor/Plate/LevelLightPlateJingasa.cs,ItemCandidate,SourceVerified,
LevelLoinCloth,LevelGoldRing,Data/Scripts/Items/Magical/God/Jewels/MagicBelt.cs,ItemCandidate,SourceVerified,
LevelLongPants,BaseLevelPants,Data/Scripts/Items/Magical/God/Clothing/LevelPants.cs,ItemCandidate,SourceVerified,
LevelLongsword,BaseLevelSword,Data/Scripts/Items/Magical/God/Weapons/Swords/LevelLongsword.cs,ItemCandidate,SourceVerified,
LevelMace,BaseLevelBashing,Data/Scripts/Items/Magical/God/Weapons/Maces/LevelMace.cs,ItemCandidate,SourceVerified,
LevelMagicalShortbow,BaseLevelRanged,Data/Scripts/Items/Magical/God/Weapons/ML Weapons/LevelMagicalShortbow.cs,ItemCandidate,SourceVerified,
LevelMaleElvenRobe,BaseLevelOuterTorso,Data/Scripts/Items/Magical/God/Clothing/LevelOuterTorso.cs,ItemCandidate,SourceVerified,
LevelMaleKimono,BaseLevelOuterTorso,Data/Scripts/Items/Magical/God/Clothing/LevelOuterTorso.cs,ItemCandidate,SourceVerified,
LevelMaul,BaseLevelBashing,Data/Scripts/Items/Magical/God/Weapons/Maces/LevelMaul.cs,ItemCandidate,SourceVerified,
LevelMetalKiteShield,BaseLevelShield,Data/Scripts/Items/Magical/God/Shields/LevelMetalKiteShield.cs,ItemCandidate,SourceVerified,
LevelMetalShield,BaseLevelShield,Data/Scripts/Items/Magical/God/Shields/LevelMetalShield.cs,ItemCandidate,SourceVerified,
LevelNecklace,BaseLevelNecklace,Data/Scripts/Items/Magical/God/Jewels/LevelNecklace.cs,ItemCandidate,SourceVerified,
LevelNinjaTabi,BaseLevelShoes,Data/Scripts/Items/Magical/God/Clothing/LevelShoes.cs,ItemCandidate,SourceVerified,
LevelNoDachi,BaseLevelSword,Data/Scripts/Items/Magical/God/Weapons/SE Weapons/LevelNoDachi.cs,ItemCandidate,SourceVerified,
LevelNorseHelm,BaseLevelArmor,Data/Scripts/Items/Magical/God/Armor/Helmets/LevelNorseHelm.cs,ItemCandidate,SourceVerified,
LevelNunchaku,BaseLevelBashing,Data/Scripts/Items/Magical/God/Weapons/SE Weapons/LevelNunchaku.cs,ItemCandidate,SourceVerified,
LevelObi,BaseLevelWaist,Data/Scripts/Items/Magical/God/Clothing/LevelWaist.cs,ItemCandidate,SourceVerified,
LevelOniwabanBoots,BaseLevelArmor,Data/Scripts/Items/Magical/God/Armor/Leather/LevelOniwabanBoots.cs,ItemCandidate,SourceVerified,
LevelOniwabanGloves,LevelLeatherGloves,Data/Scripts/Items/Magical/God/Armor/Leather/LevelOniwabanGloves.cs,ItemCandidate,SourceVerified,
LevelOniwabanHood,LevelLeatherCap,Data/Scripts/Items/Magical/God/Armor/Helmets/LevelOniwabanHood.cs,ItemCandidate,SourceVerified,
LevelOniwabanLeggings,LevelLeatherLegs,Data/Scripts/Items/Magical/God/Armor/Leather/LevelOniwabanLeggings.cs,ItemCandidate,SourceVerified,
LevelOniwabanTunic,LevelLeatherChest,Data/Scripts/Items/Magical/God/Armor/Leather/LevelOniwabanTunic.cs,ItemCandidate,SourceVerified,
LevelOrcHelm,BaseLevelArmor,Data/Scripts/Items/Magical/God/Armor/Helmets/LevelOrcHelm.cs,ItemCandidate,SourceVerified,
LevelOrderShield,BaseLevelShield,Data/Scripts/Items/Magical/God/Shields/LevelOrderShield.cs,ItemCandidate,SourceVerified,
LevelOrnateAxe,BaseLevelAxe,Data/Scripts/Items/Magical/God/Weapons/ML Weapons/LevelOrnateAxe.cs,ItemCandidate,SourceVerified,
LevelPickaxe,BaseLevelAxe,Data/Scripts/Items/Magical/God/Weapons/Axes/LevelPickaxe.cs,ItemCandidate,SourceVerified,
LevelPike,BaseLevelSpear,Data/Scripts/Items/Magical/God/Weapons/SpearsAndForks/LevelPike.cs,ItemCandidate,SourceVerified,
LevelPirateHat,BaseLevelHat,Data/Scripts/Items/Magical/God/Clothing/LevelHats.cs,ItemCandidate,SourceVerified,
LevelPitchfork,BaseLevelSpear,Data/Scripts/Items/Magical/God/Weapons/SpearsAndForks/LevelPitchfork.cs,ItemCandidate,SourceVerified,
LevelPlainDress,BaseLevelOuterTorso,Data/Scripts/Items/Magical/God/Clothing/LevelOuterTorso.cs,ItemCandidate,SourceVerified,
LevelPlateArms,BaseLevelArmor,Data/Scripts/Items/Magical/God/Armor/Plate/LevelPlateArms.cs,ItemCandidate,SourceVerified,
LevelPlateBattleKabuto,BaseLevelArmor,Data/Scripts/Items/Magical/God/Armor/Plate/LevelPlateBattleKabuto.cs,ItemCandidate,SourceVerified,
LevelPlateChest,BaseLevelArmor,Data/Scripts/Items/Magical/God/Armor/Plate/LevelPlateChest.cs,ItemCandidate,SourceVerified,
LevelPlateDo,BaseLevelArmor,Data/Scripts/Items/Magical/God/Armor/Plate/LevelPlateDo.cs,ItemCandidate,SourceVerified,
LevelPlateGloves,BaseLevelArmor,Data/Scripts/Items/Magical/God/Armor/Plate/LevelPlateGloves.cs,ItemCandidate,SourceVerified,
LevelPlateGorget,BaseLevelArmor,Data/Scripts/Items/Magical/God/Armor/Plate/LevelPlateGorget.cs,ItemCandidate,SourceVerified,
LevelPlateHaidate,BaseLevelArmor,Data/Scripts/Items/Magical/God/Armor/Plate/LevelPlateHaidate.cs,ItemCandidate,SourceVerified,
LevelPlateHatsuburi,BaseLevelArmor,Data/Scripts/Items/Magical/God/Armor/Plate/LevelPlateHatsuburi.cs,ItemCandidate,SourceVerified,
LevelPlateHelm,BaseLevelArmor,Data/Scripts/Items/Magical/God/Armor/Helmets/LevelPlateHelm.cs,ItemCandidate,SourceVerified,
LevelPlateHiroSode,BaseLevelArmor,Data/Scripts/Items/Magical/God/Armor/Plate/LevelPlateHiroSode.cs,ItemCandidate,SourceVerified,
LevelPlateLegs,BaseLevelArmor,Data/Scripts/Items/Magical/God/Armor/Plate/LevelPlateLegs.cs,ItemCandidate,SourceVerified,
LevelPlateMempo,BaseLevelArmor,Data/Scripts/Items/Magical/God/Armor/Plate/LevelPlateMempo.cs,ItemCandidate,SourceVerified,
LevelPlateSuneate,BaseLevelArmor,Data/Scripts/Items/Magical/God/Armor/Plate/LevelPlateSuneate.cs,ItemCandidate,SourceVerified,
LevelPugilistGloves,BaseLevelBashing,Data/Scripts/Items/Magical/God/Weapons/LevelPugilistMits.cs,ItemCandidate,SourceVerified,
LevelQuarterStaff,BaseLevelStaff,Data/Scripts/Items/Magical/God/Weapons/Staves/LevelQuarterStaff.cs,ItemCandidate,SourceVerified,
LevelRadiantScimitar,BaseLevelSword,Data/Scripts/Items/Magical/God/Weapons/ML Weapons/LevelRadiantScimitar.cs,ItemCandidate,SourceVerified,
LevelRepeatingCrossbow,BaseLevelRanged,Data/Scripts/Items/Magical/God/Weapons/Ranged/LevelRepeatingCrossbow.cs,ItemCandidate,SourceVerified,
LevelRingmailArms,BaseLevelArmor,Data/Scripts/Items/Magical/God/Armor/Ring/LevelRingmailArms.cs,ItemCandidate,SourceVerified,
LevelRingmailChest,BaseLevelArmor,Data/Scripts/Items/Magical/God/Armor/Ring/LevelRingmailChest.cs,ItemCandidate,SourceVerified,
LevelRingmailGloves,BaseLevelArmor,Data/Scripts/Items/Magical/God/Armor/Ring/LevelRingmailGloves.cs,ItemCandidate,SourceVerified,
LevelRingmailLegs,BaseLevelArmor,Data/Scripts/Items/Magical/God/Armor/Ring/LevelRingmailLegs.cs,ItemCandidate,SourceVerified,
LevelRobe,BaseLevelOuterTorso,Data/Scripts/Items/Magical/God/Clothing/LevelOuterTorso.cs,ItemCandidate,SourceVerified,
LevelRoyalArms,LevelPlateArms,Data/Scripts/Items/Magical/God/Armor/Royal/LevelRoyalArms.cs,ItemCandidate,SourceVerified,
LevelRoyalBoots,LevelPlateGorget,Data/Scripts/Items/Magical/God/Armor/Royal/LevelRoyalBoots.cs,ItemCandidate,SourceVerified,
LevelRoyalCape,BaseLevelCloak,Data/Scripts/Items/Magical/God/Clothing/LevelRoyalCloak.cs,ItemCandidate,SourceVerified,
LevelRoyalChest,LevelPlateChest,Data/Scripts/Items/Magical/God/Armor/Royal/LevelRoyalChest.cs,ItemCandidate,SourceVerified,
LevelRoyalGloves,LevelPlateGloves,Data/Scripts/Items/Magical/God/Armor/Royal/LevelRoyalGloves.cs,ItemCandidate,SourceVerified,
LevelRoyalGorget,LevelPlateGorget,Data/Scripts/Items/Magical/God/Armor/Royal/LevelRoyalGorget.cs,ItemCandidate,SourceVerified,
LevelRoyalHelm,LevelPlateHelm,Data/Scripts/Items/Magical/God/Armor/Helmets/LevelRoyalHelm.cs,ItemCandidate,SourceVerified,
LevelRoyalShield,LevelHeaterShield,Data/Scripts/Items/Magical/God/Shields/LevelRoyalShield.cs,ItemCandidate,SourceVerified,
LevelRoyalSword,LevelVikingSword,Data/Scripts/Items/Magical/God/Weapons/Swords/LevelRoyalSword.cs,ItemCandidate,SourceVerified,
LevelRoyalsLegs,LevelPlateLegs,Data/Scripts/Items/Magical/God/Armor/Royal/LevelRoyalLegs.cs,ItemCandidate,SourceVerified,
LevelRuneBlade,BaseLevelSword,Data/Scripts/Items/Magical/God/Weapons/ML Weapons/LevelRuneBlade.cs,ItemCandidate,SourceVerified,
LevelSai,BaseLevelKnife,Data/Scripts/Items/Magical/God/Weapons/SE Weapons/LevelSai.cs,ItemCandidate,SourceVerified,
LevelSamuraiTabi,BaseLevelShoes,Data/Scripts/Items/Magical/God/Clothing/LevelShoes.cs,ItemCandidate,SourceVerified,
LevelSandals,BaseLevelShoes,Data/Scripts/Items/Magical/God/Clothing/LevelShoes.cs,ItemCandidate,SourceVerified,
LevelSash,LevelGoldRing,Data/Scripts/Items/Magical/God/Jewels/MagicSash.cs,ItemCandidate,SourceVerified,
LevelScepter,BaseLevelBashing,Data/Scripts/Items/Magical/God/Weapons/Maces/LevelScepter.cs,ItemCandidate,SourceVerified,
LevelSceptre,BaseLevelStave,Data/Scripts/Items/Magical/God/Weapons/LevelStave.cs,ItemCandidate,SourceVerified,
LevelScimitar,BaseLevelSword,Data/Scripts/Items/Magical/God/Weapons/Swords/LevelScimitar.cs,ItemCandidate,SourceVerified,
LevelScythe,BaseLevelPoleArm,Data/Scripts/Items/Magical/God/Weapons/PoleArms/LevelScythe.cs,ItemCandidate,SourceVerified,
LevelShepherdsCrook,BaseLevelStaff,Data/Scripts/Items/Magical/God/Weapons/Staves/LevelShepherdsCrook.cs,ItemCandidate,SourceVerified,
LevelShinobiCowl,LevelLeatherCap,Data/Scripts/Items/Magical/God/Armor/Leather/LevelShinobiGarb.cs,ItemCandidate,SourceVerified,
LevelShinobiHood,LevelLeatherCap,Data/Scripts/Items/Magical/God/Armor/Leather/LevelShinobiGarb.cs,ItemCandidate,SourceVerified,
LevelShinobiMask,LevelLeatherCap,Data/Scripts/Items/Magical/God/Armor/Leather/LevelShinobiGarb.cs,ItemCandidate,SourceVerified,
LevelShinobiRobe,LevelLeatherRobe,Data/Scripts/Items/Magical/God/Armor/Leather/LevelShinobiGarb.cs,ItemCandidate,SourceVerified,
LevelShirt,BaseLevelShirt,Data/Scripts/Items/Magical/God/Clothing/LevelShirts.cs,ItemCandidate,SourceVerified,
LevelShoes,BaseLevelShoes,Data/Scripts/Items/Magical/God/Clothing/LevelShoes.cs,ItemCandidate,SourceVerified,
LevelShortPants,BaseLevelPants,Data/Scripts/Items/Magical/God/Clothing/LevelPants.cs,ItemCandidate,SourceVerified,
LevelShortSpear,BaseLevelSpear,Data/Scripts/Items/Magical/God/Weapons/SpearsAndForks/LevelShortSpear.cs,ItemCandidate,SourceVerified,
LevelShortSword,BaseLevelSword,Data/Scripts/Items/Magical/God/Weapons/Swords/LevelShortSword.cs,ItemCandidate,SourceVerified,
LevelSilverBeadNecklace,BaseLevelNecklace,Data/Scripts/Items/Magical/God/Jewels/LevelNecklace.cs,ItemCandidate,SourceVerified,
LevelSilverBracelet,BaseLevelBracelet,Data/Scripts/Items/Magical/God/Jewels/LevelBracelet.cs,ItemCandidate,SourceVerified,
LevelSilverEarrings,BaseLevelEarrings,Data/Scripts/Items/Magical/God/Jewels/LevelEarrings.cs,ItemCandidate,SourceVerified,
LevelSilverNecklace,BaseLevelNecklace,Data/Scripts/Items/Magical/God/Jewels/LevelNecklace.cs,ItemCandidate,SourceVerified,
LevelSilverRing,BaseLevelRing,Data/Scripts/Items/Magical/God/Jewels/LevelRing.cs,ItemCandidate,SourceVerified,
LevelSkinningKnife,BaseLevelKnife,Data/Scripts/Items/Magical/God/Weapons/Knives/LevelSkinningKnife.cs,ItemCandidate,SourceVerified,
LevelSkirt,BaseLevelOuterLegs,Data/Scripts/Items/Magical/God/Clothing/LevelOuterLegs.cs,ItemCandidate,SourceVerified,
LevelSkullCap,BaseLevelHat,Data/Scripts/Items/Magical/God/Clothing/LevelHats.cs,ItemCandidate,SourceVerified,
LevelSmallPlateJingasa,BaseLevelArmor,Data/Scripts/Items/Magical/God/Armor/Plate/LevelSmallPlateJingasa.cs,ItemCandidate,SourceVerified,
LevelSpear,BaseLevelSpear,Data/Scripts/Items/Magical/God/Weapons/SpearsAndForks/LevelSpear.cs,ItemCandidate,SourceVerified,
LevelSpikedClub,BaseLevelBashing,Data/Scripts/Items/Magical/God/Weapons/Maces/LevelSpikedClub.cs,ItemCandidate,SourceVerified,
LevelStandardPlateKabuto,BaseLevelArmor,Data/Scripts/Items/Magical/God/Armor/Plate/LevelStandardPlateKabuto.cs,ItemCandidate,SourceVerified,
LevelStave,BaseLevelStave,Data/Scripts/Items/Magical/God/Weapons/LevelStave.cs,ItemCandidate,SourceVerified,
LevelStrawHat,BaseLevelHat,Data/Scripts/Items/Magical/God/Clothing/LevelHats.cs,ItemCandidate,SourceVerified,
LevelStuddedArms,BaseLevelArmor,Data/Scripts/Items/Magical/God/Armor/Studded/LevelStuddedArms.cs,ItemCandidate,SourceVerified,
LevelStuddedBustierArms,BaseLevelArmor,Data/Scripts/Items/Magical/God/Armor/Studded/LevelStuddedBustierArms.cs,ItemCandidate,SourceVerified,
LevelStuddedChest,BaseLevelArmor,Data/Scripts/Items/Magical/God/Armor/Studded/LevelStuddedChest.cs,ItemCandidate,SourceVerified,
LevelStuddedDo,BaseLevelArmor,Data/Scripts/Items/Magical/God/Armor/Studded/LevelStuddedDo.cs,ItemCandidate,SourceVerified,
LevelStuddedGloves,BaseLevelArmor,Data/Scripts/Items/Magical/God/Armor/Studded/LevelStuddedGloves.cs,ItemCandidate,SourceVerified,
LevelStuddedGorget,BaseLevelArmor,Data/Scripts/Items/Magical/God/Armor/Studded/LevelStuddedGorget.cs,ItemCandidate,SourceVerified,
LevelStuddedHaidate,BaseLevelArmor,Data/Scripts/Items/Magical/God/Armor/Studded/LevelStuddedHaidate.cs,ItemCandidate,SourceVerified,
LevelStuddedHiroSode,BaseLevelArmor,Data/Scripts/Items/Magical/God/Armor/Studded/LevelStuddedHiroSode.cs,ItemCandidate,SourceVerified,
LevelStuddedLegs,BaseLevelArmor,Data/Scripts/Items/Magical/God/Armor/Studded/LevelStuddedLegs.cs,ItemCandidate,SourceVerified,
LevelStuddedMempo,BaseLevelArmor,Data/Scripts/Items/Magical/God/Armor/Studded/LevelStuddedMempo.cs,ItemCandidate,SourceVerified,
LevelStuddedSuneate,BaseLevelArmor,Data/Scripts/Items/Magical/God/Armor/Studded/LevelStuddedSuneate.cs,ItemCandidate,SourceVerified,
LevelSunShield,BaseLevelShield,Data/Scripts/Items/Magical/God/Shields/LevelSunShield.cs,ItemCandidate,SourceVerified,
LevelSurcoat,BaseLevelMiddleTorso,Data/Scripts/Items/Magical/God/Clothing/LevelMiddleTorso.cs,ItemCandidate,SourceVerified,
LevelTalismanHoly,LevelGoldRing,Data/Scripts/Items/Magical/God/Jewels/MagicTalisman.cs,ItemCandidate,SourceVerified,
LevelTalismanLeather,LevelGoldRing,Data/Scripts/Items/Magical/God/Jewels/MagicTalisman.cs,ItemCandidate,SourceVerified,
LevelTalismanSnake,LevelGoldRing,Data/Scripts/Items/Magical/God/Jewels/MagicTalisman.cs,ItemCandidate,SourceVerified,
LevelTalismanTotem,LevelGoldRing,Data/Scripts/Items/Magical/God/Jewels/MagicTalisman.cs,ItemCandidate,SourceVerified,
LevelTallStrawHat,BaseLevelHat,Data/Scripts/Items/Magical/God/Clothing/LevelHats.cs,ItemCandidate,SourceVerified,
LevelTattsukeHakama,BaseLevelPants,Data/Scripts/Items/Magical/God/Clothing/LevelPants.cs,ItemCandidate,SourceVerified,
LevelTekagi,BaseLevelKnife,Data/Scripts/Items/Magical/God/Weapons/SE Weapons/LevelTekagi.cs,ItemCandidate,SourceVerified,
LevelTessen,BaseLevelBashing,Data/Scripts/Items/Magical/God/Weapons/SE Weapons/LevelTessen.cs,ItemCandidate,SourceVerified,
LevelTetsubo,BaseLevelBashing,Data/Scripts/Items/Magical/God/Weapons/SE Weapons/LevelTetsubo.cs,ItemCandidate,SourceVerified,
LevelThighBoots,BaseLevelShoes,Data/Scripts/Items/Magical/God/Clothing/LevelShoes.cs,ItemCandidate,SourceVerified,
LevelThinLongsword,BaseLevelSword,Data/Scripts/Items/Magical/God/Weapons/Swords/LevelThinLongsword.cs,ItemCandidate,SourceVerified,
LevelThrowingGloves,BaseLevelRanged,Data/Scripts/Items/Magical/God/Weapons/LevelThrowingGloves.cs,ItemCandidate,SourceVerified,
LevelTorch,LevelGoldRing,Data/Scripts/Items/Magical/God/Jewels/MagicTorch.cs,ItemCandidate,SourceVerified,
LevelTribalMask,BaseLevelHat,Data/Scripts/Items/Magical/God/Clothing/LevelHats.cs,ItemCandidate,SourceVerified,
LevelTribalSpear,BaseLevelSpear,Data/Scripts/Items/Magical/God/Weapons/SpearsAndForks/LevelTribalSpear.cs,ItemCandidate,SourceVerified,
LevelTricorneHat,BaseLevelHat,Data/Scripts/Items/Magical/God/Clothing/LevelHats.cs,ItemCandidate,SourceVerified,
LevelTunic,BaseLevelMiddleTorso,Data/Scripts/Items/Magical/God/Clothing/LevelMiddleTorso.cs,ItemCandidate,SourceVerified,
LevelTwoHandedAxe,BaseLevelAxe,Data/Scripts/Items/Magical/God/Weapons/Axes/LevelTwoHandedAxe.cs,ItemCandidate,SourceVerified,
LevelUpAcceptGump,Gump,Data/Scripts/Items/Magical/God/Gumps/LevelUpAcceptGump.cs,ItemCandidate,SourceVerified,
LevelUpScroll,Item,Data/Scripts/Items/Magical/God/LevelUpScroll.cs,ItemCandidate,SourceVerified,
LevelVikingSword,BaseLevelSword,Data/Scripts/Items/Magical/God/Weapons/Swords/LevelVikingSword.cs,ItemCandidate,SourceVerified,
LevelVirtueShield,BaseLevelShield,Data/Scripts/Items/Magical/God/Shields/LevelVirtueShield.cs,ItemCandidate,SourceVerified,
LevelWakizashi,BaseLevelSword,Data/Scripts/Items/Magical/God/Weapons/SE Weapons/LevelWakizashi.cs,ItemCandidate,SourceVerified,
LevelWarAxe,BaseLevelAxe,Data/Scripts/Items/Magical/God/Weapons/Axes/LevelWarAxe.cs,ItemCandidate,SourceVerified,
LevelWarCleaver,BaseLevelKnife,Data/Scripts/Items/Magical/God/Weapons/ML Weapons/LevelWarCleaver.cs,ItemCandidate,SourceVerified,
LevelWarFork,BaseLevelSpear,Data/Scripts/Items/Magical/God/Weapons/SpearsAndForks/LevelWarFork.cs,ItemCandidate,SourceVerified,
LevelWarHammer,BaseLevelBashing,Data/Scripts/Items/Magical/God/Weapons/Maces/LevelWarHammer.cs,ItemCandidate,SourceVerified,
LevelWarMace,BaseLevelBashing,Data/Scripts/Items/Magical/God/Weapons/Maces/LevelWarMace.cs,ItemCandidate,SourceVerified,
LevelWaraji,BaseLevelShoes,Data/Scripts/Items/Magical/God/Clothing/LevelShoes.cs,ItemCandidate,SourceVerified,
LevelWhips,BaseLevelWhip,Data/Scripts/Items/Magical/God/Weapons/Maces/LevelWhip.cs,ItemCandidate,SourceVerified,
LevelWideBrimHat,BaseLevelHat,Data/Scripts/Items/Magical/God/Clothing/LevelHats.cs,ItemCandidate,SourceVerified,
LevelWildStaff,BaseLevelStaff,Data/Scripts/Items/Magical/God/Weapons/ML Weapons/LevelWildStaff.cs,ItemCandidate,SourceVerified,
LevelWitchHat,BaseLevelHat,Data/Scripts/Items/Magical/God/Clothing/LevelHats.cs,ItemCandidate,SourceVerified,
LevelWizardsHat,BaseLevelHat,Data/Scripts/Items/Magical/God/Clothing/LevelHats.cs,ItemCandidate,SourceVerified,
LevelWolfMask,BaseLevelHat,Data/Scripts/Items/Magical/God/Clothing/LevelHats.cs,ItemCandidate,SourceVerified,
LevelWoodenKiteShield,BaseLevelShield,Data/Scripts/Items/Magical/God/Shields/LevelWoodenKiteShield.cs,ItemCandidate,SourceVerified,
LevelWoodenPlateArms,BaseLevelArmor,Data/Scripts/Items/Magical/God/Armor/LevelWoodenArmor.cs,ItemCandidate,SourceVerified,
LevelWoodenPlateChest,BaseLevelArmor,Data/Scripts/Items/Magical/God/Armor/LevelWoodenArmor.cs,ItemCandidate,SourceVerified,
LevelWoodenPlateGloves,BaseLevelArmor,Data/Scripts/Items/Magical/God/Armor/LevelWoodenArmor.cs,ItemCandidate,SourceVerified,
LevelWoodenPlateGorget,BaseLevelArmor,Data/Scripts/Items/Magical/God/Armor/LevelWoodenArmor.cs,ItemCandidate,SourceVerified,
LevelWoodenPlateHelm,BaseLevelArmor,Data/Scripts/Items/Magical/God/Armor/LevelWoodenArmor.cs,ItemCandidate,SourceVerified,
LevelWoodenPlateLegs,BaseLevelArmor,Data/Scripts/Items/Magical/God/Armor/LevelWoodenArmor.cs,ItemCandidate,SourceVerified,
LevelWoodenShield,BaseLevelShield,Data/Scripts/Items/Magical/God/Shields/LevelWoodenShield.cs,ItemCandidate,SourceVerified,
LevelWoodlandBelt,BaseLevelWaist,Data/Scripts/Items/Magical/God/Clothing/LevelWaist.cs,ItemCandidate,SourceVerified,
LevelYumi,BaseLevelRanged,Data/Scripts/Items/Magical/God/Weapons/SE Weapons/LevelYumi.cs,ItemCandidate,SourceVerified,
LiarsDice,Item,Data/Scripts/Items/Misc/Games/LiarsDice/LiarsDice.cs,ItemCandidate,SourceVerified,
Librarian,HarvestSystem,Data/Scripts/Trades/Librarian/Librarian.cs,ItemCandidate,SourceVerified,
LibrarianCrate,LockableContainer,Data/Scripts/Items/Containers/Container.cs,ItemCandidate,SourceVerified,
LibrarianShoppe,BaseShoppe,Data/Scripts/Trades/Shoppes/LibrarianShoppe.cs,ItemCandidate,SourceVerified,
LibraryBookcase,FillableContainer,Data/Scripts/Items/Containers/FillableContainers.cs,ItemCandidate,SourceVerified,
LibraryScroll1,UnknownScroll,Data/Scripts/Trades/Librarian/LibraryScrolls.cs,ItemCandidate,SourceVerified,
LibraryScroll2,UnknownScroll,Data/Scripts/Trades/Librarian/LibraryScrolls.cs,ItemCandidate,SourceVerified,
LibraryScroll3,UnknownScroll,Data/Scripts/Trades/Librarian/LibraryScrolls.cs,ItemCandidate,SourceVerified,
LibraryScroll4,UnknownScroll,Data/Scripts/Trades/Librarian/LibraryScrolls.cs,ItemCandidate,SourceVerified,
LibraryScroll5,UnknownScroll,Data/Scripts/Trades/Librarian/LibraryScrolls.cs,ItemCandidate,SourceVerified,
LibraryScroll6,UnknownScroll,Data/Scripts/Trades/Librarian/LibraryScrolls.cs,ItemCandidate,SourceVerified,
LichDust,Item,Data/Scripts/Items/Trades/Resources/Unique/LichDust.cs,ItemCandidate,SourceVerified,
LieutenantOfTheBritannianRoyalGuard,BodySash,Data/Scripts/Items/Magical/Artifacts/Obsolete/Obsolete_LieutenantOfTheBritannianRoyalGuard.cs,ItemCandidate,SourceVerified,
LifeFountain,Item,Data/Scripts/Items/Misc/LifeFountain.cs,ItemCandidate,SourceVerified,
LightBrownTreeAddon,BaseAddon,Data/Scripts/Items/Construction/Trees/LightBrownTreeAddon.cs,ItemCandidate,SourceVerified,
LightBrownTreeDeed,BaseAddonDeed,Data/Scripts/Items/Construction/Trees/LightBrownTreeAddon.cs,ItemCandidate,SourceVerified,
LightCitizen,Item,Data/Scripts/Items/Construction/Lights/LightSource.cs,ItemCandidate,SourceVerified,
LightFlowerTapestryEastAddon,BaseAddon,Data/Scripts/Items/Construction/Addons/FlowerTapestries.cs,ItemCandidate,SourceVerified,
LightFlowerTapestryEastDeed,BaseAddonDeed,Data/Scripts/Items/Construction/Addons/FlowerTapestries.cs,ItemCandidate,SourceVerified,
LightFlowerTapestrySouthAddon,BaseAddon,Data/Scripts/Items/Construction/Addons/FlowerTapestries.cs,ItemCandidate,SourceVerified,
LightFlowerTapestrySouthDeed,BaseAddonDeed,Data/Scripts/Items/Construction/Addons/FlowerTapestries.cs,ItemCandidate,SourceVerified,
LightHouseAddon,BaseAddon,Data/Scripts/Items/Trades/Fishing/Sea Artifacts/LightHouse.cs,ItemCandidate,SourceVerified,
LightHouseAddonDeed,BaseAddonDeed,Data/Scripts/Items/Trades/Fishing/Sea Artifacts/LightHouse.cs,ItemCandidate,SourceVerified,
LightOfTheWinterSolstice,Item,Data/Scripts/Items/Gifts/Holiday/Christmas/Christmas Gifts/LightOfTheWinterSolstice.cs,ItemCandidate,SourceVerified,
LightOfWayGlasses,ElvenGlasses,Data/Scripts/Items/Armor/Glasses/LightOfWayGlasses.cs,ItemCandidate,SourceVerified,
LightPlateJingasa,BaseArmor,Data/Scripts/Items/Armor/Plate/LightPlateJingasa.cs,ItemCandidate,SourceVerified,
LightSource,Item,Data/Scripts/Items/Construction/Lights/LightSource.cs,ItemCandidate,SourceVerified,
LightSword,BaseSword,Data/Scripts/Items/Technology/LightSword.cs,ItemCandidate,SourceVerified,
LightWoodDoor,BaseDoor,Data/Scripts/Items/Doors/Doors.cs,ItemCandidate,SourceVerified,
LightWoodGate,BaseDoor,Data/Scripts/Items/Doors/Doors.cs,ItemCandidate,SourceVerified,
LightYarn,BaseClothMaterial,Data/Scripts/Items/Trades/Resources/Tailor/YarnsAndThreads.cs,ItemCandidate,SourceVerified,
LightYarnUnraveled,BaseClothMaterial,Data/Scripts/Items/Trades/Resources/Tailor/YarnsAndThreads.cs,ItemCandidate,SourceVerified,
LighterSource,Item,Data/Scripts/Items/Construction/Lights/LightSource.cs,ItemCandidate,SourceVerified,
LightningMagicStaff,BaseMagicStaff,Data/Scripts/Items/Wands/4th Circle/LightningStaff.cs,ItemCandidate,SourceVerified,
LillyBook,DynamicBook,Data/Scripts/Items/Books/DynamicBook.cs,ItemCandidate,SourceVerified,
LiquidFire,BaseLiquid,Data/Scripts/Items/Potions/Mixtures/LiquidFire.cs,ItemCandidate,SourceVerified,
LiquidGoo,BaseLiquid,Data/Scripts/Items/Potions/Mixtures/LiquidGoo.cs,ItemCandidate,SourceVerified,
LiquidIce,BaseLiquid,Data/Scripts/Items/Potions/Mixtures/LiquidIce.cs,ItemCandidate,SourceVerified,
LiquidPain,BaseLiquid,Data/Scripts/Items/Potions/Mixtures/LiquidPain.cs,ItemCandidate,SourceVerified,
LiquidRot,BaseLiquid,Data/Scripts/Items/Potions/Mixtures/LiquidRot.cs,ItemCandidate,SourceVerified,
LoadEntry,ContextMenuEntry,Data/Scripts/Items/Trades/Ninjitsu/NinjaWeapons.cs,ItemCandidate,SourceVerified,
LocalMap,MapItem,Data/Scripts/Items/Trades/Maps/LocalMap.cs,ItemCandidate,SourceVerified,
LocalizedAddonComponent,AddonComponent,Data/Scripts/Items/Construction/Addons/AddonComponent.cs,ItemCandidate,SourceVerified,
LocalizedContainerComponent,AddonContainerComponent,Data/Scripts/Items/Construction/Addons/AddonContainerComponent.cs,ItemCandidate,SourceVerified,
LocalizedSign,Sign,Data/Scripts/Items/Construction/Signs/LocalizedSign.cs,ItemCandidate,SourceVerified,
LocalizedStatic,Static,Data/Scripts/Items/Misc/Static.cs,ItemCandidate,SourceVerified,
LockableContainer,TrapableContainer,Data/Scripts/Items/Containers/LockableContainer.cs,ItemCandidate,SourceVerified,
LockdownTarget,Target,Data/Scripts/Items/Houses/BaseHouse.cs,ItemCandidate,SourceVerified,
Lockpick,Item,Data/Scripts/Items/Trades/Thieving/LockPick.cs,ItemCandidate,SourceVerified,
Lockpicks,Item,Data/Scripts/Items/Special/Rares/Tinker/Lockpicks.cs,ItemCandidate,SourceVerified,
LodorBook,DynamicBook,Data/Scripts/Items/Books/DynamicBook.cs,ItemCandidate,SourceVerified,
Log,BaseLog,Data/Scripts/Items/Trades/Lumberjack/Log.cs,ItemCandidate,SourceVerified,
LogCabin,BaseHouse,Data/Scripts/Items/Houses/Houses.cs,ItemCandidate,SourceVerified,
LogCabinDeed,HouseDeed,Data/Scripts/Items/Houses/Deeds.cs,ItemCandidate,SourceVerified,
LogMansion,BaseHouse,Data/Scripts/Items/Houses/NewHouses.cs,ItemCandidate,SourceVerified,
LoinCloth,BaseWaist,Data/Scripts/Items/Clothing/LoinCloth.cs,ItemCandidate,SourceVerified,
LongBeard,Beard,Data/Scripts/Items/Misc/Facial/Beard.cs,ItemCandidate,SourceVerified,
LongFlask,Item,Data/Scripts/Items/Misc/GlassItems.cs,ItemCandidate,SourceVerified,
LongHair,Hair,Data/Scripts/Items/Misc/Facial/Hair.cs,ItemCandidate,SourceVerified,
LongPants,BasePants,Data/Scripts/Items/Clothing/Pants.cs,ItemCandidate,SourceVerified,
LongShot,CompositeBow,Data/Scripts/Items/Magical/Artifacts/Obsolete/Obsolete_LongShot.cs,ItemCandidate,SourceVerified,
Longsword,BaseSword,Data/Scripts/Items/Weapons/Swords/Longsword.cs,ItemCandidate,SourceVerified,
LoomEastAddon,BaseAddon,Data/Scripts/Items/Construction/Addons/LoomEastAddon.cs,ItemCandidate,SourceVerified,
LoomEastDeed,BaseAddonDeed,Data/Scripts/Items/Construction/Addons/LoomEastAddon.cs,ItemCandidate,SourceVerified,
LoomSouthAddon,BaseAddon,Data/Scripts/Items/Construction/Addons/LoomSouthAddon.cs,ItemCandidate,SourceVerified,
LoomSouthDeed,BaseAddonDeed,Data/Scripts/Items/Construction/Addons/LoomSouthAddon.cs,ItemCandidate,SourceVerified,
Loot,,Data/Scripts/Items/Containers/Loot.cs,ItemCandidate,SourceVerified,
LootBag,LockableContainer,Data/Scripts/Items/Containers/LootBag.cs,ItemCandidate,SourceVerified,
LootChest,LockableContainer,Data/Scripts/Items/Containers/LootChest.cs,ItemCandidate,SourceVerified,
LootPack,,Data/Scripts/Items/Containers/LootPack.cs,ItemCandidate,SourceVerified,
LootPackDice,,Data/Scripts/Items/Containers/LootPack.cs,ItemCandidate,SourceVerified,
LootPackEntry,,Data/Scripts/Items/Containers/LootPack.cs,ItemCandidate,SourceVerified,
LootPackItem,,Data/Scripts/Items/Containers/LootPack.cs,ItemCandidate,SourceVerified,
LordBlackthorneSuit,BaseSuit,Data/Scripts/Items/Clothing/Suits/LordBlackthorneSuit.cs,ItemCandidate,SourceVerified,
LordBritishSuit,BaseSuit,Data/Scripts/Items/Clothing/Suits/LordBritishSuit.cs,ItemCandidate,SourceVerified,
LoreBook,DynamicBook,Data/Scripts/Items/Books/LoreBook.cs,ItemCandidate,SourceVerified,
LoreGuidetoAdventure,DynamicBook,Data/Scripts/Items/Books/DynamicBook.cs,ItemCandidate,SourceVerified,
LtBlueCurvedFlask,Item,Data/Scripts/Items/Misc/GlassItems.cs,ItemCandidate,SourceVerified,
LuckTarget,Target,Data/Scripts/Items/Magical/LuckyHorseShoes.cs,ItemCandidate,SourceVerified,
LuckyHorseShoes,Item,Data/Scripts/Items/Magical/LuckyHorseShoes.cs,ItemCandidate,SourceVerified,
LuckyNecklace,BaseJewel,Data/Scripts/Items/Magical/Artifacts/Obsolete/Obsolete_LuckyNecklace.cs,ItemCandidate,SourceVerified,
LumberAxe,BaseAxe,Data/Scripts/Items/Trades/Resources/Unique/LumberAxe.cs,ItemCandidate,SourceVerified,
Lumberjacking,HarvestSystem,Data/Scripts/Trades/Harvest/Lumberjacking.cs,ItemCandidate,SourceVerified,
LuminescentFungi,Item,Data/Scripts/Items/Trades/Resources/MiscMLResources.cs,ItemCandidate,SourceVerified,
LuminousRuneBlade,RuneBlade,Data/Scripts/Items/Magical/Artifacts/Obsolete/Obsolete_LuminousRuneBlade.cs,ItemCandidate,SourceVerified,
LunaLance,Lance,Data/Scripts/Items/Magical/Artifacts/Obsolete/Obsolete_LunaLance.cs,ItemCandidate,SourceVerified,
Lute,BaseInstrument,Data/Scripts/Items/Trades/Musical Instruments/Lute.cs,ItemCandidate,SourceVerified,
LyricalGlasses,ElvenGlasses,Data/Scripts/Items/Armor/Glasses/LyricalGlasses.cs,ItemCandidate,SourceVerified,
Mace,BaseBashing,Data/Scripts/Items/Weapons/Maces/Mace.cs,ItemCandidate,SourceVerified,
MaceShieldGlasses,ElvenGlasses,Data/Scripts/Items/Armor/Glasses/MaceShieldGlasses.cs,ItemCandidate,SourceVerified,
MadmansHatchet,Hatchet,Data/Scripts/Items/Magical/Artifacts/Obsolete/Obsolete_MadmansHatchet.cs,ItemCandidate,SourceVerified,
MageEye,Item,Data/Scripts/Items/Weapons/Marksman/WizardStaff.cs,ItemCandidate,SourceVerified,
MagesBand,GoldRing,Data/Scripts/Items/Magical/Artifacts/Obsolete/Obsolete_MagesBand.cs,ItemCandidate,SourceVerified,
MagestykcClueBook,DynamicBook,Data/Scripts/Items/Books/DynamicBook.cs,ItemCandidate,SourceVerified,
Maggot,BaseReagent,Data/Scripts/Items/Trades/Resources/Reagents/Witch/Maggot.cs,ItemCandidate,SourceVerified,
MagicArrowMagicStaff,BaseMagicStaff,Data/Scripts/Items/Wands/1st Circle/MagicArrowStaff.cs,ItemCandidate,SourceVerified,
MagicBelt,GoldRing,Data/Scripts/Items/Magical/MagicBelt.cs,ItemCandidate,SourceVerified,
MagicBoneArms,BoneArms,Data/Scripts/Items/Armor/Bone/BoneArmor.cs,ItemCandidate,SourceVerified,
MagicBoneChest,BoneChest,Data/Scripts/Items/Armor/Bone/BoneArmor.cs,ItemCandidate,SourceVerified,
MagicBoneGloves,BoneGloves,Data/Scripts/Items/Armor/Bone/BoneArmor.cs,ItemCandidate,SourceVerified,
MagicBoneHelm,BoneHelm,Data/Scripts/Items/Armor/Bone/BoneArmor.cs,ItemCandidate,SourceVerified,
MagicBoneLegs,BoneLegs,Data/Scripts/Items/Armor/Bone/BoneArmor.cs,ItemCandidate,SourceVerified,
MagicBoneSkirt,BoneSkirt,Data/Scripts/Items/Armor/Bone/BoneArmor.cs,ItemCandidate,SourceVerified,
MagicBoots,GoldRing,Data/Scripts/Items/Magical/MagicBoots.cs,ItemCandidate,SourceVerified,
MagicCandle,GoldRing,Data/Scripts/Items/Magical/MagicCandle.cs,ItemCandidate,SourceVerified,
MagicCarpetA,BaseBoat,Data/Scripts/Items/Carpets/MagicCarpetA.cs,ItemCandidate,SourceVerified,
MagicCarpetADeed,BaseBoatDeed,Data/Scripts/Items/Carpets/MagicCarpetA.cs,ItemCandidate,SourceVerified,
MagicCarpetB,BaseBoat,Data/Scripts/Items/Carpets/MagicCarpetB.cs,ItemCandidate,SourceVerified,
MagicCarpetBDeed,BaseBoatDeed,Data/Scripts/Items/Carpets/MagicCarpetB.cs,ItemCandidate,SourceVerified,
MagicCarpetC,BaseBoat,Data/Scripts/Items/Carpets/MagicCarpetC.cs,ItemCandidate,SourceVerified,
MagicCarpetCDeed,BaseBoatDeed,Data/Scripts/Items/Carpets/MagicCarpetC.cs,ItemCandidate,SourceVerified,
MagicCarpetD,BaseBoat,Data/Scripts/Items/Carpets/MagicCarpetD.cs,ItemCandidate,SourceVerified,
MagicCarpetDDeed,BaseBoatDeed,Data/Scripts/Items/Carpets/MagicCarpetD.cs,ItemCandidate,SourceVerified,
MagicCarpetE,BaseBoat,Data/Scripts/Items/Carpets/MagicCarpetE.cs,ItemCandidate,SourceVerified,
MagicCarpetEDeed,BaseBoatDeed,Data/Scripts/Items/Carpets/MagicCarpetE.cs,ItemCandidate,SourceVerified,
MagicCarpetF,BaseBoat,Data/Scripts/Items/Carpets/MagicCarpetF.cs,ItemCandidate,SourceVerified,
MagicCarpetFDeed,BaseBoatDeed,Data/Scripts/Items/Carpets/MagicCarpetF.cs,ItemCandidate,SourceVerified,
MagicCarpetG,BaseBoat,Data/Scripts/Items/Carpets/MagicCarpetG.cs,ItemCandidate,SourceVerified,
MagicCarpetGDeed,BaseBoatDeed,Data/Scripts/Items/Carpets/MagicCarpetG.cs,ItemCandidate,SourceVerified,
MagicCarpetH,BaseBoat,Data/Scripts/Items/Carpets/MagicCarpetH.cs,ItemCandidate,SourceVerified,
MagicCarpetHDeed,BaseBoatDeed,Data/Scripts/Items/Carpets/MagicCarpetH.cs,ItemCandidate,SourceVerified,
MagicCarpetI,BaseBoat,Data/Scripts/Items/Carpets/MagicCarpetI.cs,ItemCandidate,SourceVerified,
MagicCarpetIDeed,BaseBoatDeed,Data/Scripts/Items/Carpets/MagicCarpetI.cs,ItemCandidate,SourceVerified,
MagicCloak,GoldRing,Data/Scripts/Items/Magical/MagicCloak.cs,ItemCandidate,SourceVerified,
MagicDockedCarpetA,BaseDockedBoat,Data/Scripts/Items/Carpets/MagicCarpetA.cs,ItemCandidate,SourceVerified,
MagicDockedCarpetB,BaseDockedBoat,Data/Scripts/Items/Carpets/MagicCarpetB.cs,ItemCandidate,SourceVerified,
MagicDockedCarpetC,BaseDockedBoat,Data/Scripts/Items/Carpets/MagicCarpetC.cs,ItemCandidate,SourceVerified,
MagicDockedCarpetD,BaseDockedBoat,Data/Scripts/Items/Carpets/MagicCarpetD.cs,ItemCandidate,SourceVerified,
MagicDockedCarpetE,BaseDockedBoat,Data/Scripts/Items/Carpets/MagicCarpetE.cs,ItemCandidate,SourceVerified,
MagicDockedCarpetF,BaseDockedBoat,Data/Scripts/Items/Carpets/MagicCarpetF.cs,ItemCandidate,SourceVerified,
MagicDockedCarpetG,BaseDockedBoat,Data/Scripts/Items/Carpets/MagicCarpetG.cs,ItemCandidate,SourceVerified,
MagicDockedCarpetH,BaseDockedBoat,Data/Scripts/Items/Carpets/MagicCarpetH.cs,ItemCandidate,SourceVerified,
MagicDockedCarpetI,BaseDockedBoat,Data/Scripts/Items/Carpets/MagicCarpetI.cs,ItemCandidate,SourceVerified,
MagicDragonArms,DragonArms,Data/Scripts/Items/Armor/DragonArmor.cs,ItemCandidate,SourceVerified,
MagicDragonChest,DragonChest,Data/Scripts/Items/Armor/DragonArmor.cs,ItemCandidate,SourceVerified,
MagicDragonGloves,DragonGloves,Data/Scripts/Items/Armor/DragonArmor.cs,ItemCandidate,SourceVerified,
MagicDragonHelm,DragonHelm,Data/Scripts/Items/Armor/DragonArmor.cs,ItemCandidate,SourceVerified,
MagicDragonLegs,DragonLegs,Data/Scripts/Items/Armor/DragonArmor.cs,ItemCandidate,SourceVerified,
MagicForges,Item,Data/Scripts/Items/Misc/MagicForges.cs,ItemCandidate,SourceVerified,
MagicFurArms,FurArms,Data/Scripts/Items/Armor/FurArmor.cs,ItemCandidate,SourceVerified,
MagicFurChest,FurTunic,Data/Scripts/Items/Armor/FurArmor.cs,ItemCandidate,SourceVerified,
MagicFurLegs,FurLegs,Data/Scripts/Items/Armor/FurArmor.cs,ItemCandidate,SourceVerified,
MagicHammer,Item,Data/Scripts/Items/Magical/MagicHammer.cs,ItemCandidate,SourceVerified,
MagicHat,GoldRing,Data/Scripts/Items/Magical/MagicHat.cs,ItemCandidate,SourceVerified,
MagicHorn,BaseInstrument,Data/Scripts/Items/Trades/Musical Instruments/MagicHorn.cs,ItemCandidate,SourceVerified,
MagicJewelryBracelet,GoldBracelet,Data/Scripts/Items/Magical/MagicJewelry.cs,ItemCandidate,SourceVerified,
MagicJewelryCirclet,GoldBracelet,Data/Scripts/Items/Magical/MagicJewelry.cs,ItemCandidate,SourceVerified,
MagicJewelryEarrings,GoldEarrings,Data/Scripts/Items/Magical/MagicJewelry.cs,ItemCandidate,SourceVerified,
MagicJewelryNecklace,GoldNecklace,Data/Scripts/Items/Magical/MagicJewelry.cs,ItemCandidate,SourceVerified,
MagicJewelryRing,GoldRing,Data/Scripts/Items/Magical/MagicJewelry.cs,ItemCandidate,SourceVerified,
MagicLantern,GoldRing,Data/Scripts/Items/Magical/MagicLantern.cs,ItemCandidate,SourceVerified,
MagicLockMagicStaff,BaseMagicStaff,Data/Scripts/Items/Wands/3rd Circle/MagicLockStaff.cs,ItemCandidate,SourceVerified,
MagicMirror,Item,Data/Scripts/Items/Doors/MagicMirror.cs,ItemCandidate,SourceVerified,
MagicPigment,Item,Data/Scripts/Items/Misc/Dyes/MagicPigment.cs,ItemCandidate,SourceVerified,
MagicQuiver,BaseQuiver,Data/Scripts/Items/Magical/MagicQuiver.cs,ItemCandidate,SourceVerified,
MagicReflectionMagicStaff,BaseMagicStaff,Data/Scripts/Items/Wands/5th Circle/MagicReflectStaff.cs,ItemCandidate,SourceVerified,
MagicRobe,GoldRing,Data/Scripts/Items/Magical/MagicRobe.cs,ItemCandidate,SourceVerified,
MagicSash,GoldRing,Data/Scripts/Items/Magical/MagicSash.cs,ItemCandidate,SourceVerified,
MagicScissors,Item,Data/Scripts/Items/Magical/MagicScissors.cs,ItemCandidate,SourceVerified,
MagicSextant,Sextant,Data/Scripts/Items/Trades/Fishing/Misc/MagicSextant.cs,ItemCandidate,SourceVerified,
MagicSkeltonsKey,Item,Data/Scripts/Items/Containers/MagicSkeltonsKey.cs,ItemCandidate,SourceVerified,
MagicStaffTarget,Target,Data/Scripts/Items/Wands/MagicStaffTarget.cs,ItemCandidate,SourceVerified,
MagicTalisman,GoldRing,Data/Scripts/Items/Magical/MagicTalisman.cs,ItemCandidate,SourceVerified,
MagicTorch,GoldRing,Data/Scripts/Items/Magical/MagicTorch.cs,ItemCandidate,SourceVerified,
MagicTrapMagicStaff,BaseMagicStaff,Data/Scripts/Items/Wands/2nd Circle/MagicTrapStaff.cs,ItemCandidate,SourceVerified,
MagicUnlockMagicStaff,BaseMagicStaff,Data/Scripts/Items/Wands/3rd Circle/MagicUnlockStaff.cs,ItemCandidate,SourceVerified,
MagicUntrapMagicStaff,BaseMagicStaff,Data/Scripts/Items/Wands/2nd Circle/MagicUntrapStaff.cs,ItemCandidate,SourceVerified,
MagicWand,BaseBashing,Data/Scripts/Items/Weapons/Maces/MagicWand.cs,ItemCandidate,SourceVerified,
MagicWizardsHat,BaseHat,Data/Scripts/Items/Clothing/Hats.cs,ItemCandidate,SourceVerified,
MagicalDyes,Item,Data/Scripts/Items/Misc/Dyes/MagicalDyes.cs,ItemCandidate,SourceVerified,
MagicalRope,Item,Data/Scripts/Items/Houses/MagicalRope.cs,ItemCandidate,SourceVerified,
MagicalShortbow,BaseRanged,Data/Scripts/Items/Weapons/Bows/MagicalShortbow.cs,ItemCandidate,SourceVerified,
MagiciansIllusion,DoubleBladedStaff,Data/Scripts/Items/Magical/Artifacts/Obsolete/Obsolete_MagiciansIllusion.cs,ItemCandidate,SourceVerified,
MagiciansMempo,PlateMempo,Data/Scripts/Items/Magical/Artifacts/Obsolete/Obsolete_MagiciansMempo.cs,ItemCandidate,SourceVerified,
MagistrateRobe,BaseOuterTorso,Data/Scripts/Items/Clothing/Robes.cs,ItemCandidate,SourceVerified,
MahjongDealerIndicator,,Data/Scripts/Items/Misc/Games/Mahjong/MahjongDealerIndicator.cs,ItemCandidate,SourceVerified,
MahjongDices,,Data/Scripts/Items/Misc/Games/Mahjong/MahjongDices.cs,ItemCandidate,SourceVerified,
MahjongGame,Item,Data/Scripts/Items/Misc/Games/Mahjong/MahjongGame.cs,ItemCandidate,SourceVerified,
MahjongGeneralInfo,Packet,Data/Scripts/Items/Misc/Games/Mahjong/Packets.cs,ItemCandidate,SourceVerified,
MahjongJoinGame,Packet,Data/Scripts/Items/Misc/Games/Mahjong/Packets.cs,ItemCandidate,SourceVerified,
MahjongPacketHandlers,,Data/Scripts/Items/Misc/Games/Mahjong/MahjongPacketHandlers.cs,ItemCandidate,SourceVerified,
MahjongPlayers,,Data/Scripts/Items/Misc/Games/Mahjong/MahjongPlayers.cs,ItemCandidate,SourceVerified,
MahjongPlayersInfo,Packet,Data/Scripts/Items/Misc/Games/Mahjong/Packets.cs,ItemCandidate,SourceVerified,
MahjongRelieve,Packet,Data/Scripts/Items/Misc/Games/Mahjong/Packets.cs,ItemCandidate,SourceVerified,
MahjongTile,,Data/Scripts/Items/Misc/Games/Mahjong/MahjongTile.cs,ItemCandidate,SourceVerified,
MahjongTileInfo,Packet,Data/Scripts/Items/Misc/Games/Mahjong/Packets.cs,ItemCandidate,SourceVerified,
MahjongTileTypeGenerator,,Data/Scripts/Items/Misc/Games/Mahjong/MahjongTileTypeGenerator.cs,ItemCandidate,SourceVerified,
MahjongTilesInfo,Packet,Data/Scripts/Items/Misc/Games/Mahjong/Packets.cs,ItemCandidate,SourceVerified,
MahjongWallBreakIndicator,,Data/Scripts/Items/Misc/Games/Mahjong/MahjongWallBreakIndicator.cs,ItemCandidate,SourceVerified,
MahoganyBoard,BaseWoodBoard,Data/Scripts/Items/Trades/Carpenter Items/Board.cs,ItemCandidate,SourceVerified,
MahoganyLog,BaseLog,Data/Scripts/Items/Trades/Lumberjack/Log.cs,ItemCandidate,SourceVerified,
MahoganyTreeFletcherTools,RunicFletcherTools,Data/Scripts/Trades/Runics/BaseRunicFletcherTools.cs,ItemCandidate,SourceVerified,
MahoganyTreeSaw,RunicSaw,Data/Scripts/Trades/Runics/BaseRunicSaw.cs,ItemCandidate,SourceVerified,
Mailbox,BaseContainer,Data/Scripts/Items/Houses/Mailbox.cs,ItemCandidate,SourceVerified,
MainPlantGump,Gump,Data/Scripts/Trades/Gardening/Gumps/MainPlantGump.cs,ItemCandidate,SourceVerified,
MaleKimono,BaseOuterTorso,Data/Scripts/Items/Clothing/OuterTorso.cs,ItemCandidate,SourceVerified,
MalletAndChisel,BaseTool,Data/Scripts/Items/Trades/Tools/MalletAndChisel.cs,ItemCandidate,SourceVerified,
Malt,Item,Data/Scripts/Custom/Vhaerun's CRL Homestead System [2.0]/Vhaerun's CRL Brewing/Items/BrewingIngredients.cs,ItemCandidate,SourceVerified,
ManPortrait1,Item,Data/Scripts/Items/Construction/Decorative/PaintingPortraits.cs,ItemCandidate,SourceVerified,
ManPortrait2,Item,Data/Scripts/Items/Construction/Decorative/PaintingPortraits.cs,ItemCandidate,SourceVerified,
ManStatuetteEastArtifact,BaseDecorationArtifact,Data/Scripts/Items/Decorations/Artifacts/SEDecorationArtifacts.cs,ItemCandidate,SourceVerified,
ManStatuetteSouthArtifact,BaseDecorationArtifact,Data/Scripts/Items/Decorations/Artifacts/SEDecorationArtifacts.cs,ItemCandidate,SourceVerified,
ManaDrainMagicStaff,BaseMagicStaff,Data/Scripts/Items/Wands/4th Circle/ManaDrainStaff.cs,ItemCandidate,SourceVerified,
ManaPotion,BaseManaRefreshPotion,Data/Scripts/Items/Potions/Unique/ManaPotion.cs,ItemCandidate,SourceVerified,
ManaVampireMagicStaff,BaseMagicStaff,Data/Scripts/Items/Wands/7th Circle/ManaVampireStaff.cs,ItemCandidate,SourceVerified,
MandrakeRoot,BaseReagent,Data/Scripts/Items/Trades/Resources/Reagents/Common/MandrakeRoot.cs,ItemCandidate,SourceVerified,
ManualOfItems,Item,Data/Scripts/Items/Magical/ManualOfItems.cs,ItemCandidate,SourceVerified,
ManyArrows100,Item,Data/Scripts/Items/Explorers/ArrowsAndBolts.cs,ItemCandidate,SourceVerified,
ManyArrows1000,Item,Data/Scripts/Items/Explorers/ArrowsAndBolts.cs,ItemCandidate,SourceVerified,
ManyBolts100,Item,Data/Scripts/Items/Explorers/ArrowsAndBolts.cs,ItemCandidate,SourceVerified,
ManyBolts1000,Item,Data/Scripts/Items/Explorers/ArrowsAndBolts.cs,ItemCandidate,SourceVerified,
MapAmbrosiaGump,Gump,Data/Scripts/Items/Trades/Maps/MapWorld.cs,ItemCandidate,SourceVerified,
MapBottleGump,Gump,Data/Scripts/Items/Trades/Maps/MapWorld.cs,ItemCandidate,SourceVerified,
MapDreadGump,Gump,Data/Scripts/Items/Trades/Maps/MapWorld.cs,ItemCandidate,SourceVerified,
MapItem,Item,Data/Scripts/Items/Trades/Maps/MapItem.cs,ItemCandidate,SourceVerified,
MapLodoriaGump,Gump,Data/Scripts/Items/Trades/Maps/MapWorld.cs,ItemCandidate,SourceVerified,
MapRanger,Item,Data/Scripts/Items/Trades/Maps/MapRanger.cs,ItemCandidate,SourceVerified,
MapRangerDoor,Item,Data/Scripts/Items/Trades/Maps/MapRanger.cs,ItemCandidate,SourceVerified,
MapSavageGump,Gump,Data/Scripts/Items/Trades/Maps/MapWorld.cs,ItemCandidate,SourceVerified,
MapSerpentGump,Gump,Data/Scripts/Items/Trades/Maps/MapWorld.cs,ItemCandidate,SourceVerified,
MapSosariaGump,Gump,Data/Scripts/Items/Trades/Maps/MapWorld.cs,ItemCandidate,SourceVerified,
MapUmberGump,Gump,Data/Scripts/Items/Trades/Maps/MapWorld.cs,ItemCandidate,SourceVerified,
MapUnderworldGump,Gump,Data/Scripts/Items/Trades/Maps/MapWorld.cs,ItemCandidate,SourceVerified,
MapWorld,Item,Data/Scripts/Items/Trades/Maps/MapWorld.cs,ItemCandidate,SourceVerified,
MapleArmoire,BaseContainer,Data/Scripts/Items/Containers/FurnitureContainer.cs,ItemCandidate,SourceVerified,
MapmakersPen,BaseTool,Data/Scripts/Items/Trades/Tools/MapmakersPen.cs,ItemCandidate,SourceVerified,
MarbleCityBankAddon,BaseAddon,Data/Scripts/Custom/Government System/Items/Civic Structures/Stock Buildings/Banks/MarbleCityBankAddon.cs,ItemCandidate,SourceVerified,
MarbleCityBankDeed,CityDeed,Data/Scripts/Custom/Government System/Items/Deeds/Stock Deeds/Banks/MarbleCityBankDeed.cs,ItemCandidate,SourceVerified,
MarbleCityHallAddon,BaseAddon,Data/Scripts/Custom/Government System/Items/Civic Structures/Stock Buildings/City Halls/MarbleCityHallAddon.cs,ItemCandidate,SourceVerified,
MarbleCityHallDeed,CityDeed,Data/Scripts/Custom/Government System/Items/Deeds/Stock Deeds/City Halls/MarbleCityHallDeed.cs,ItemCandidate,SourceVerified,
MarbleCityHealerAddon,BaseAddon,Data/Scripts/Custom/Government System/Items/Civic Structures/Stock Buildings/Healers/MarbleCityHealerAddon.cs,ItemCandidate,SourceVerified,
MarbleCityHealerDeed,CityDeed,Data/Scripts/Custom/Government System/Items/Deeds/Stock Deeds/Healers/MarbleCityHealerDeed.cs,ItemCandidate,SourceVerified,
MarbleCityMarketAddon,BaseAddon,Data/Scripts/Custom/Government System/Items/Civic Structures/Stock Buildings/Markets/MarbleMarketAddon.cs,ItemCandidate,SourceVerified,
MarbleCityMarketDeed,CityDeed,Data/Scripts/Custom/Government System/Items/Deeds/Stock Deeds/Markets/MarbleCityMarketDeed.cs,ItemCandidate,SourceVerified,
MarbleCityMoongateAddon,BaseAddon,Data/Scripts/Custom/Government System/Items/Civic Structures/Stock Buildings/Moongates/MarbleCityMoongateAddon.cs,ItemCandidate,SourceVerified,
MarbleCityMoongateDeed,CityDeed,Data/Scripts/Custom/Government System/Items/Deeds/Stock Deeds/Moongates/MarbleCityMoongateDeed.cs,ItemCandidate,SourceVerified,
MarbleCityStableAddon,BaseAddon,Data/Scripts/Custom/Government System/Items/Civic Structures/Stock Buildings/Stable/MarbleCityStableAddon.cs,ItemCandidate,SourceVerified,
MarbleCityStableDeed,CityDeed,Data/Scripts/Custom/Government System/Items/Deeds/Stock Deeds/Stable/MarbleCityHealerDeed.cs,ItemCandidate,SourceVerified,
MarbleCityTavernAddon,BaseAddon,Data/Scripts/Custom/Government System/Items/Civic Structures/Stock Buildings/Taverns/MarbleCityTavernAddon.cs,ItemCandidate,SourceVerified,
MarbleCityTavernDeed,CityDeed,Data/Scripts/Custom/Government System/Items/Deeds/Stock Deeds/Taverns/MarbleCityTavernDeed.cs,ItemCandidate,SourceVerified,
MarbleFemalePlateChest,FemalePlateChest,Data/Scripts/Items/Armor/Gargoyle/MarbleArmor.cs,ItemCandidate,SourceVerified,
MarbleFloor,BaseFloor,Data/Scripts/Items/Construction/Floors/Floors.cs,ItemCandidate,SourceVerified,
MarbleIngot,Item,Data/Scripts/Items/Trades/Resources/Blacksmithing/BlockofMarble.cs,ItemCandidate,SourceVerified,
MarblePavers,BaseFloor,Data/Scripts/Items/Construction/Floors/Floors.cs,ItemCandidate,SourceVerified,
MarblePlateArms,PlateArms,Data/Scripts/Items/Armor/Gargoyle/MarbleArmor.cs,ItemCandidate,SourceVerified,
MarblePlateChest,PlateChest,Data/Scripts/Items/Armor/Gargoyle/MarbleArmor.cs,ItemCandidate,SourceVerified,
MarblePlateGloves,PlateGloves,Data/Scripts/Items/Armor/Gargoyle/MarbleArmor.cs,ItemCandidate,SourceVerified,
MarblePlateGorget,PlateGorget,Data/Scripts/Items/Armor/Gargoyle/MarbleArmor.cs,ItemCandidate,SourceVerified,
MarblePlateHelm,PlateHelm,Data/Scripts/Items/Armor/Gargoyle/MarbleArmor.cs,ItemCandidate,SourceVerified,
MarblePlateLegs,PlateLegs,Data/Scripts/Items/Armor/Gargoyle/MarbleArmor.cs,ItemCandidate,SourceVerified,
MarbleShield,HeaterShield,Data/Scripts/Items/Magical/Artifacts/Obsolete/Obsolete_MarbleShield.cs,ItemCandidate,SourceVerified,
MarbleShields,HeaterShield,Data/Scripts/Items/Armor/Gargoyle/MarbleArmor.cs,ItemCandidate,SourceVerified,
MarbleWellAddon,BaseAddon,Data/Scripts/Items/Construction/Wells/marblewell.cs,ItemCandidate,SourceVerified,
MarbleWellDeed,BaseAddonDeed,Data/Scripts/Items/Construction/Wells/marblewell.cs,ItemCandidate,SourceVerified,
MarbleWellPiece,AddonComponent,Data/Scripts/Items/Construction/Wells/marblewell.cs,ItemCandidate,SourceVerified,
MarbleWorkshopDeed,HouseDeed,Data/Scripts/Items/Houses/Deeds.cs,ItemCandidate,SourceVerified,
MaritimeGlasses,ElvenGlasses,Data/Scripts/Items/Armor/Glasses/MaritimeGlasses.cs,ItemCandidate,SourceVerified,
MarkContainer,LockableContainer,Data/Scripts/Items/Containers/MarkContainer.cs,ItemCandidate,SourceVerified,
MarkMagicStaff,BaseMagicStaff,Data/Scripts/Items/Wands/6th Circle/MarkStaff.cs,ItemCandidate,SourceVerified,
MarlinEastAddon,BaseAddon,Data/Scripts/Items/Trades/Fishing/Sea Artifacts/MarlinEastAddon.cs,ItemCandidate,SourceVerified,
MarlinEastAddonDeed,BaseAddonDeed,Data/Scripts/Items/Trades/Fishing/Sea Artifacts/MarlinEastAddon.cs,ItemCandidate,SourceVerified,
MarlinSouthAddon,BaseAddon,Data/Scripts/Items/Trades/Fishing/Sea Artifacts/MarlinSouthAddon.cs,ItemCandidate,SourceVerified,
MarlinSouthAddonDeed,BaseAddonDeed,Data/Scripts/Items/Trades/Fishing/Sea Artifacts/MarlinSouthAddon.cs,ItemCandidate,SourceVerified,
MasonryBook,Item,Data/Scripts/Items/Trades/Specialized/MasonryBook.cs,ItemCandidate,SourceVerified,
MassCurseMagicStaff,BaseMagicStaff,Data/Scripts/Items/Wands/6th Circle/MassCurseStaff.cs,ItemCandidate,SourceVerified,
MassDispelMagicStaff,BaseMagicStaff,Data/Scripts/Items/Wands/7th Circle/MassDispelStaff.cs,ItemCandidate,SourceVerified,
MasterSkeletonsKey,Item,Data/Scripts/Items/Containers/MasterSkeltonsKey.cs,ItemCandidate,SourceVerified,
MaterialLiquifier,Item,Data/Scripts/Items/Technology/MaterialLiquifier.cs,ItemCandidate,SourceVerified,
MaterialLiquifierGump,Gump,Data/Scripts/Items/Technology/MaterialLiquifier.cs,ItemCandidate,SourceVerified,
Maul,BaseBashing,Data/Scripts/Items/Weapons/Maces/Maul.cs,ItemCandidate,SourceVerified,
MaulOfTheTitans,Maul,Data/Scripts/Items/Magical/Artifacts/Obsolete/Obsolete_MaulOfTheTitans.cs,ItemCandidate,SourceVerified,
MauloftheBeast,Maul,Data/Scripts/Items/Magical/Artifacts/Obsolete/Obsolete_MauloftheBeast.cs,ItemCandidate,SourceVerified,
MeadKeg,Item,Data/Scripts/Custom/Vhaerun's CRL Homestead System [2.0]/Vhaerun's CRL Brewing/Items/Kegs/MeadKeg.cs,ItemCandidate,SourceVerified,
MeatPie,Food,Data/Scripts/Items/Food/Food.cs,ItemCandidate,SourceVerified,Multiple source declarations found.
MedCityGardenAddon,BaseAddon,Data/Scripts/Custom/Government System/Items/Civic Structures/Stock Buildings/Parks & Gardens/MedCityGardenAddon.cs,ItemCandidate,SourceVerified,
MedCityParkAddon,BaseAddon,Data/Scripts/Custom/Government System/Items/Civic Structures/Stock Buildings/Parks & Gardens/MedCityParkAddon.cs,ItemCandidate,SourceVerified,
MedicalRecord,Item,Data/Scripts/Items/Technology/MedicalRecord.cs,ItemCandidate,SourceVerified,
MedicalRecordGump,Gump,Data/Scripts/Items/Technology/MedicalRecord.cs,ItemCandidate,SourceVerified,
MediumBagofHolding,WeightReductionContainer,Data/Scripts/Items/Containers/WeightReductionContainer.cs,ItemCandidate,SourceVerified,
MediumBoat,BaseBoat,Data/Scripts/Items/Boats/MediumBoat.cs,ItemCandidate,SourceVerified,
MediumBoatDeed,BaseBoatDeed,Data/Scripts/Items/Boats/MediumBoat.cs,ItemCandidate,SourceVerified,
MediumCityGardenDeed,CityDeed,Data/Scripts/Custom/Government System/Items/Deeds/Stock Deeds/Parks & Gardens/MediumCityGardenDeed.cs,ItemCandidate,SourceVerified,
MediumCityParkDeed,CityDeed,Data/Scripts/Custom/Government System/Items/Deeds/Stock Deeds/Parks & Gardens/MediumCityParkDeed.cs,ItemCandidate,SourceVerified,
MediumCrate,LockableContainer,Data/Scripts/Items/Containers/Container.cs,ItemCandidate,SourceVerified,
MediumDockedBoat,BaseDockedBoat,Data/Scripts/Items/Boats/MediumBoat.cs,ItemCandidate,SourceVerified,
MediumDockedDragonBoat,BaseDockedBoat,Data/Scripts/Items/Boats/MediumDragonBoat.cs,ItemCandidate,SourceVerified,
MediumDragonBoat,BaseBoat,Data/Scripts/Items/Boats/MediumDragonBoat.cs,ItemCandidate,SourceVerified,
MediumDragonBoatDeed,BaseBoatDeed,Data/Scripts/Items/Boats/MediumDragonBoat.cs,ItemCandidate,SourceVerified,
MediumFlask,Item,Data/Scripts/Items/Misc/GlassItems.cs,ItemCandidate,SourceVerified,
MediumLongBeard,Beard,Data/Scripts/Items/Misc/Facial/Beard.cs,ItemCandidate,SourceVerified,
MediumShortBeard,Beard,Data/Scripts/Items/Misc/Facial/Beard.cs,ItemCandidate,SourceVerified,
MediumStatueLion,BaseStatueDeed,Data/Scripts/Trades/Stone/Assemblies.cs,ItemCandidate,SourceVerified,
MediumStoneTableEastAddon,BaseAddon,Data/Scripts/Items/Construction/Addons/MediumStoneTableEastAddon.cs,ItemCandidate,SourceVerified,
MediumStoneTableEastDeed,BaseAddonDeed,Data/Scripts/Items/Construction/Addons/MediumStoneTableEastAddon.cs,ItemCandidate,SourceVerified,
MediumStoneTableSouthAddon,BaseAddon,Data/Scripts/Items/Construction/Addons/MediumStoneTableSouthAddon.cs,ItemCandidate,SourceVerified,
MediumStoneTableSouthDeed,BaseAddonDeed,Data/Scripts/Items/Construction/Addons/MediumStoneTableSouthAddon.cs,ItemCandidate,SourceVerified,
MediumStretchedHideEastAddon,BaseAddon,Data/Scripts/Items/Construction/Addons/StretchedHides.cs,ItemCandidate,SourceVerified,
MediumStretchedHideEastDeed,BaseAddonDeed,Data/Scripts/Items/Construction/Addons/StretchedHides.cs,ItemCandidate,SourceVerified,
MediumStretchedHideSouthAddon,BaseAddon,Data/Scripts/Items/Construction/Addons/StretchedHides.cs,ItemCandidate,SourceVerified,
MediumStretchedHideSouthDeed,BaseAddonDeed,Data/Scripts/Items/Construction/Addons/StretchedHides.cs,ItemCandidate,SourceVerified,
MediumWoodDoor,BaseDoor,Data/Scripts/Items/Doors/Doors.cs,ItemCandidate,SourceVerified,
MedusaStatue,BaseStatue,Data/Scripts/Trades/Stone/Statues.cs,ItemCandidate,SourceVerified,
MegalodonTooth,Item,Data/Scripts/Items/Misc/MegalodonTooth.cs,ItemCandidate,SourceVerified,
MelisandesCorrodedHatchet,Hatchet,Data/Scripts/Items/Magical/Artifacts/Obsolete/Obsolete_MelisandesCorrodedHatchet.cs,ItemCandidate,SourceVerified,
MeltedWax,Item,Data/Scripts/Items/Construction/Misc/MeltedWax.cs,ItemCandidate,SourceVerified,
MemorialofVirtue,StatueAdventurer,,ProposedItemClass,Proposed,New class should inherit from the resolved base item class.
MerchantCrate,Container,Data/Scripts/Trades/Shoppes/MerchantCrate.cs,ItemCandidate,SourceVerified,
MerchantsBook,Item,Data/Scripts/Items/Books/MerchantsBook.cs,ItemCandidate,SourceVerified,
MerchantsBookGump,Gump,Data/Scripts/Items/Books/MerchantsBook.cs,ItemCandidate,SourceVerified,
MerlotGrapes,BaseWineGrapes,Data/Scripts/Custom/Vhaerun's CRL Homestead System [2.0]/Dracana's Winecrafting [2.0]/Items/Craft Items/Resources/WineGrapes.cs,ItemCandidate,SourceVerified,
MerryChristmas,,Data/Scripts/Items/Gifts/Holiday/Christmas/Commands/Merry Christmas.cs,ItemCandidate,SourceVerified,
MessageHelper,,Data/Scripts/Items/Special/Solen Items/MessageHelper.cs,ItemCandidate,SourceVerified,
MessageInABottle,Item,Data/Scripts/Items/Trades/Fishing/Misc/MessageInABottle.cs,ItemCandidate,SourceVerified,
MetalBox,LockableContainer,Data/Scripts/Items/Containers/Container.cs,ItemCandidate,SourceVerified,
MetalChest,LockableContainer,Data/Scripts/Items/Containers/Container.cs,ItemCandidate,SourceVerified,
MetalDoor,BaseDoor,Data/Scripts/Items/Doors/Doors.cs,ItemCandidate,SourceVerified,
MetalDoor2,BaseDoor,Data/Scripts/Items/Doors/Doors.cs,ItemCandidate,SourceVerified,
MetalGoldenChest,LockableContainer,Data/Scripts/Items/Containers/Container.cs,ItemCandidate,SourceVerified,
MetalGoldenTreasureChest,BaseTreasureChest,Data/Scripts/Items/Containers/TreasureChest.cs,ItemCandidate,SourceVerified,
MetalHouseDoor,BaseHouseDoor,Data/Scripts/Items/Doors/HouseDoors.cs,ItemCandidate,SourceVerified,
MetalKiteShield,BaseShield,Data/Scripts/Items/Armor/Shields/MetalKiteShield.cs,ItemCandidate,SourceVerified,
MetalPigmentsOfIslesDread,BasePigmentsOfIslesDread,Data/Scripts/System/Obsolete/Obsolete.cs,ItemCandidate,SourceVerified,
MetalSafe,LockableContainer,Data/Scripts/Items/Containers/Container.cs,ItemCandidate,SourceVerified,
MetalShield,BaseShield,Data/Scripts/Items/Armor/Shields/MetalShield.cs,ItemCandidate,SourceVerified,
MetalTreasureChest,BaseTreasureChest,Data/Scripts/Items/Containers/TreasureChest.cs,ItemCandidate,SourceVerified,
MetalVault,LockableContainer,Data/Scripts/Items/Containers/Container.cs,ItemCandidate,SourceVerified,
MeteorSwarmMagicStaff,BaseMagicStaff,Data/Scripts/Items/Wands/7th Circle/MeteorSwarmStaff.cs,ItemCandidate,SourceVerified,
MidnightBracers,BoneArms,Data/Scripts/Items/Magical/Artifacts/Obsolete/Obsolete_MidnightBracers.cs,ItemCandidate,SourceVerified,
MidnightGloves,BoneGloves,Data/Scripts/Items/Magical/Artifacts/Obsolete/Obsolete_MidnightGloves.cs,ItemCandidate,SourceVerified,
MidnightHelm,BoneHelm,Data/Scripts/Items/Magical/Artifacts/Obsolete/Obsolete_MidnightHelm.cs,ItemCandidate,SourceVerified,
MidnightLegs,BoneLegs,Data/Scripts/Items/Magical/Artifacts/Obsolete/Obsolete_MidnightLegs.cs,ItemCandidate,SourceVerified,
MidnightTunic,BoneChest,Data/Scripts/Items/Magical/Artifacts/Obsolete/Obsolete_MidnightTunic.cs,ItemCandidate,SourceVerified,
MindBlastMagicStaff,BaseMagicStaff,Data/Scripts/Items/Wands/5th Circle/MindBlastStaff.cs,ItemCandidate,SourceVerified,
MindOverMatterTalisman,MagicTalisman,,ProposedItemClass,Proposed,New class should inherit from the resolved base item class.
MinersPickaxe,Pickaxe,Data/Scripts/Items/Magical/Artifacts/Obsolete/Obsolete_MinersPickaxe.cs,ItemCandidate,SourceVerified,
MiniHouseAddon,BaseAddon,Data/Scripts/Items/Special/MiniHouses.cs,ItemCandidate,SourceVerified,
MiniHouseDeed,BaseAddonDeed,Data/Scripts/Items/Special/MiniHouses.cs,ItemCandidate,SourceVerified,
MiniHouseInfo,,Data/Scripts/Items/Special/MiniHouses.cs,ItemCandidate,SourceVerified,
Mining,HarvestSystem,Data/Scripts/Trades/Harvest/Mining.cs,ItemCandidate,SourceVerified,
MiningCart,BaseAddon,Data/Scripts/Items/Special/Veteran Rewards/MiningCart.cs,ItemCandidate,SourceVerified,
MiningCartDeed,BaseAddonDeed,Data/Scripts/Items/Special/Veteran Rewards/MiningCart.cs,ItemCandidate,SourceVerified,
MinotaurHedge,Item,Data/Scripts/Items/Special/MinotaurHedge.cs,ItemCandidate,SourceVerified,
MinotaurStatue,BaseAddon,Data/Scripts/Items/Special/Veteran Rewards/MinotaurStatue.cs,ItemCandidate,SourceVerified,
MinotaurStatueDeed,BaseAddonDeed,Data/Scripts/Items/Special/Veteran Rewards/MinotaurStatue.cs,ItemCandidate,SourceVerified,
MisoSoup,Food,Data/Scripts/Items/Food/Asian.cs,ItemCandidate,SourceVerified,
MistletoeAddon,Item,Data/Scripts/Items/Gifts/Holiday/Christmas/Christmas Gifts/Mistletoe.cs,ItemCandidate,SourceVerified,
MistletoeDeed,Item,Data/Scripts/Items/Gifts/Holiday/Christmas/Christmas Gifts/Mistletoe.cs,ItemCandidate,SourceVerified,
MithrilAmulet,GoldNecklace,Data/Scripts/Items/Jewels/Tinkered.cs,ItemCandidate,SourceVerified,
MithrilBracelet,GoldBracelet,Data/Scripts/Items/Jewels/Tinkered.cs,ItemCandidate,SourceVerified,
MithrilEarrings,GoldEarrings,Data/Scripts/Items/Jewels/Tinkered.cs,ItemCandidate,SourceVerified,
MithrilGranite,BaseGranite,Data/Scripts/Items/Trades/Resources/Masonry/Granite.cs,ItemCandidate,SourceVerified,
MithrilIngot,BaseIngot,Data/Scripts/Items/Trades/Resources/Blacksmithing/Ingots.cs,ItemCandidate,SourceVerified,
MithrilOre,BaseOre,Data/Scripts/Items/Trades/Resources/Blacksmithing/Ore.cs,ItemCandidate,SourceVerified,
MithrilRing,GoldRing,Data/Scripts/Items/Jewels/Tinkered.cs,ItemCandidate,SourceVerified,
MixtureDiseasedSlime,BaseMixture,Data/Scripts/Items/Potions/Mixtures/MixtureDiseasedSlime.cs,ItemCandidate,SourceVerified,
MixtureFireSlime,BaseMixture,Data/Scripts/Items/Potions/Mixtures/MixtureFireSlime.cs,ItemCandidate,SourceVerified,
MixtureIceSlime,BaseMixture,Data/Scripts/Items/Potions/Mixtures/MixtureIceSlime.cs,ItemCandidate,SourceVerified,
MixtureRadiatedSlime,BaseMixture,Data/Scripts/Items/Potions/Mixtures/MixtureRadiatedSlime.cs,ItemCandidate,SourceVerified,
MixtureSlime,BaseMixture,Data/Scripts/Items/Potions/Mixtures/MixtureSlime.cs,ItemCandidate,SourceVerified,
MobileDiceStstatus,,Data/Scripts/Items/Misc/Games/LiarsDice/DiceChannel.cs,ItemCandidate,SourceVerified,
Mohawk,Hair,Data/Scripts/Items/Misc/Facial/Hair.cs,ItemCandidate,SourceVerified,
MongbatDartBoard,AddonComponent,Data/Scripts/Items/Gifts/Holiday/Halloween/Rewards/MongbatDartBoard.cs,ItemCandidate,SourceVerified,
MongbatDartBoardEastAddon,BaseAddon,Data/Scripts/Items/Gifts/Holiday/Halloween/Rewards/MongbatDartBoard.cs,ItemCandidate,SourceVerified,
MongbatDartBoardEastDeed,BaseAddonDeed,Data/Scripts/Items/Gifts/Holiday/Halloween/Rewards/MongbatDartBoard.cs,ItemCandidate,SourceVerified,
MongbatDartBoardSouthAddon,BaseAddon,Data/Scripts/Items/Gifts/Holiday/Halloween/Rewards/MongbatDartBoard.cs,ItemCandidate,SourceVerified,
MongbatDartBoardSouthDeed,BaseAddonDeed,Data/Scripts/Items/Gifts/Holiday/Halloween/Rewards/MongbatDartBoard.cs,ItemCandidate,SourceVerified,
MonkRobe,BaseOuterTorso,Data/Scripts/Items/Clothing/OuterTorso.cs,ItemCandidate,SourceVerified,
Monocle,Shovel,Data/Scripts/Trades/Librarian/Monocle.cs,ItemCandidate,SourceVerified,
MonopoliesEntry,,Data/Scripts/Items/Houses/Monopoly/Decorate.cs,ItemCandidate,SourceVerified,
MonopoliesList,,Data/Scripts/Items/Houses/Monopoly/Decorate.cs,ItemCandidate,SourceVerified,
Monopoly,,Data/Scripts/Items/Houses/Monopoly/Decorate.cs,ItemCandidate,SourceVerified,
MonsterGloves,BaseRanged,Data/Scripts/Items/Weapons/Marksman/MonsterGloves.cs,ItemCandidate,SourceVerified,
MonsterManual,Item,Data/Scripts/Items/Misc/Games/DandD/MonsterManual.cs,ItemCandidate,SourceVerified,
MonsterSplatter,Item,Data/Scripts/Items/Potions/Special/MonsterSplatter.cs,ItemCandidate,SourceVerified,
MonsterStatueDeed,Item,Data/Scripts/Items/Decorations/MonsterStatueDeed.cs,ItemCandidate,SourceVerified,
MonsterStatuette,Item,Data/Scripts/Items/Special/MonsterStatuette.cs,ItemCandidate,SourceVerified,
MonsterStatuetteInfo,,Data/Scripts/Items/Special/MonsterStatuette.cs,ItemCandidate,SourceVerified,
MoonCrystal,BaseReagent,Data/Scripts/Items/Trades/Resources/Reagents/Alchemy/MoonCrystal.cs,ItemCandidate,SourceVerified,
MoonGateGump,Gump,Data/Scripts/Items/Doors/GateMoon.cs,ItemCandidate,SourceVerified,
MoonStone,Item,Data/Scripts/Items/Magical/Moonstone.cs,ItemCandidate,SourceVerified,
Moongate,Item,Data/Scripts/Items/Trades/Magical/Misc/Moongate.cs,ItemCandidate,SourceVerified,
MoongateConfirmGump,Gump,Data/Scripts/Items/Trades/Magical/Misc/Moongate.cs,ItemCandidate,SourceVerified,
MoongateGump,Gump,Data/Scripts/Items/Misc/PublicMoongate.cs,ItemCandidate,SourceVerified,
MorphItem,Item,Data/Scripts/Items/Misc/MorphItem.cs,ItemCandidate,SourceVerified,
MortarPestle,BaseTool,Data/Scripts/Items/Trades/Tools/MortarPestle.cs,ItemCandidate,SourceVerified,
MorticianShoppe,BaseShoppe,Data/Scripts/Trades/Shoppes/MorticianShoppe.cs,ItemCandidate,SourceVerified,
MouldingPlane,BaseTool,Data/Scripts/Items/Trades/Tools/MouldingPlane.cs,ItemCandidate,SourceVerified,
MountedPixieBlueAddon,BaseAddon,Data/Scripts/Items/Special/Evil Home Decor Collection/MountedPixieBlue.cs,ItemCandidate,SourceVerified,
MountedPixieBlueComponent,AddonComponent,Data/Scripts/Items/Special/Evil Home Decor Collection/MountedPixieBlue.cs,ItemCandidate,SourceVerified,
MountedPixieBlueDeed,BaseAddonDeed,Data/Scripts/Items/Special/Evil Home Decor Collection/MountedPixieBlue.cs,ItemCandidate,SourceVerified,
MountedPixieGreenAddon,BaseAddon,Data/Scripts/Items/Special/Evil Home Decor Collection/MountedPixieGreen.cs,ItemCandidate,SourceVerified,
MountedPixieGreenComponent,AddonComponent,Data/Scripts/Items/Special/Evil Home Decor Collection/MountedPixieGreen.cs,ItemCandidate,SourceVerified,
MountedPixieGreenDeed,BaseAddonDeed,Data/Scripts/Items/Special/Evil Home Decor Collection/MountedPixieGreen.cs,ItemCandidate,SourceVerified,
MountedPixieLimeAddon,BaseAddon,Data/Scripts/Items/Special/Evil Home Decor Collection/MountedPixieLime.cs,ItemCandidate,SourceVerified,
MountedPixieLimeComponent,AddonComponent,Data/Scripts/Items/Special/Evil Home Decor Collection/MountedPixieLime.cs,ItemCandidate,SourceVerified,
MountedPixieLimeDeed,BaseAddonDeed,Data/Scripts/Items/Special/Evil Home Decor Collection/MountedPixieLime.cs,ItemCandidate,SourceVerified,
MountedPixieOrangeAddon,BaseAddon,Data/Scripts/Items/Special/Evil Home Decor Collection/MountedPixieOrange.cs,ItemCandidate,SourceVerified,
MountedPixieOrangeComponent,AddonComponent,Data/Scripts/Items/Special/Evil Home Decor Collection/MountedPixieOrange.cs,ItemCandidate,SourceVerified,
MountedPixieOrangeDeed,BaseAddonDeed,Data/Scripts/Items/Special/Evil Home Decor Collection/MountedPixieOrange.cs,ItemCandidate,SourceVerified,
MountedPixieWhiteAddon,BaseAddon,Data/Scripts/Items/Special/Evil Home Decor Collection/MountedPixieWhite.cs,ItemCandidate,SourceVerified,
MountedPixieWhiteComponent,AddonComponent,Data/Scripts/Items/Special/Evil Home Decor Collection/MountedPixieWhite.cs,ItemCandidate,SourceVerified,
MountedPixieWhiteDeed,BaseAddonDeed,Data/Scripts/Items/Special/Evil Home Decor Collection/MountedPixieWhite.cs,ItemCandidate,SourceVerified,
MountedTrophyHead,Item,Data/Scripts/Trades/Taxidermy/MountedTrophyHead.cs,ItemCandidate,SourceVerified,
MountingBase,Item,Data/Scripts/Trades/Taxidermy/MountingBase.cs,ItemCandidate,SourceVerified,
MountingGump,ContextMenuEntry,Data/Scripts/Trades/Taxidermy/MountingBase.cs,ItemCandidate,SourceVerified,
MoveVendorTarget,Target,Data/Scripts/Custom/Government System/Items/Misc/MoveVendorTarget.cs,ItemCandidate,SourceVerified,
MovingBox,LargeCrate,Data/Scripts/Items/Containers/MovingBox.cs,ItemCandidate,SourceVerified,
MovingCrate,Container,Data/Scripts/Items/Houses/MovingCrate.cs,ItemCandidate,SourceVerified,
Muculent,Item,Data/Scripts/Items/Trades/Resources/MiscMLResources.cs,ItemCandidate,SourceVerified,
Muffins,Food,Data/Scripts/Items/Food/Food.cs,ItemCandidate,SourceVerified,Multiple source declarations found.
MummyWrap,BaseReagent,Data/Scripts/Items/Trades/Resources/Reagents/Witch/MummyWrap.cs,ItemCandidate,SourceVerified,
MushroomTrap,BaseTrap,Data/Scripts/Items/Traps/MushroomTrap.cs,ItemCandidate,SourceVerified,
MusicBox,Item,Data/Scripts/Items/Misc/MusicBox.cs,ItemCandidate,SourceVerified,
MusicianCrate,LockableContainer,Data/Scripts/Items/Containers/Container.cs,ItemCandidate,SourceVerified,
Mustache,Beard,Data/Scripts/Items/Misc/Facial/Beard.cs,ItemCandidate,SourceVerified,
MyBushidoBook,BookOfBushido,Data/Scripts/Items/Books/AttackBooks.cs,ItemCandidate,SourceVerified,
MyChivalryBook,BookOfChivalry,Data/Scripts/Items/Books/AttackBooks.cs,ItemCandidate,SourceVerified,
MyCircusTentEastAddon,BaseAddon,Data/Scripts/Items/Houses/CircusTentsEast.cs,ItemCandidate,SourceVerified,
MyCircusTentEastAddonDeed,BaseAddonDeed,Data/Scripts/Items/Houses/CircusTentsEast.cs,ItemCandidate,SourceVerified,
MyCircusTentMenu,ContextMenuEntry,Data/Scripts/Items/Houses/CircusTentsEast.cs,ItemCandidate,SourceVerified,Multiple source declarations found.
MyCircusTentSouthAddon,BaseAddon,Data/Scripts/Items/Houses/CircusTentsSouth.cs,ItemCandidate,SourceVerified,
MyCircusTentSouthAddonDeed,BaseAddonDeed,Data/Scripts/Items/Houses/CircusTentsSouth.cs,ItemCandidate,SourceVerified,
MyHunger,,Data/Scripts/Items/Food/Hunger.cs,ItemCandidate,SourceVerified,
MyNinjaBook,BookOfNinjitsu,Data/Scripts/Items/Books/AttackBooks.cs,ItemCandidate,SourceVerified,
MyTentEastAddon,BaseAddon,Data/Scripts/Items/Houses/TentsEast.cs,ItemCandidate,SourceVerified,
MyTentEastAddonDeed,BaseAddonDeed,Data/Scripts/Items/Houses/TentsEast.cs,ItemCandidate,SourceVerified,
MyTentSouthAddon,BaseAddon,Data/Scripts/Items/Houses/TentsSouth.cs,ItemCandidate,SourceVerified,
MyTentSouthAddonDeed,BaseAddonDeed,Data/Scripts/Items/Houses/TentsSouth.cs,ItemCandidate,SourceVerified,
MyTimer,Timer,Data/Scripts/Items/Traps/DroppedPack.cs,ItemCandidate,SourceVerified,
MysticalPearl,Item,Data/Scripts/Items/Gems/MysticalPearl.cs,ItemCandidate,SourceVerified,
MysticalTreeSap,Item,Data/Scripts/Items/Trades/Resources/Unique/MysticalTreeSap.cs,ItemCandidate,SourceVerified,
Nails,BaseTool,Data/Scripts/Items/Trades/Tools/Nails.cs,ItemCandidate,SourceVerified,
NameChangeDeed,Item,Data/Scripts/Items/Deeds/NameChangeDeed.cs,ItemCandidate,SourceVerified,
Necklace,BaseNecklace,Data/Scripts/Items/Jewels/Necklace.cs,ItemCandidate,SourceVerified,
NecroCityBankAddon,BaseAddon,Data/Scripts/Custom/Government System/Items/Civic Structures/Stock Buildings/Banks/NecroCityBankAddon.cs,ItemCandidate,SourceVerified,
NecroCityBankDeed,CityDeed,Data/Scripts/Custom/Government System/Items/Deeds/Stock Deeds/Banks/NecroCityBankDeed.cs,ItemCandidate,SourceVerified,
NecroCityHallAddon,BaseAddon,Data/Scripts/Custom/Government System/Items/Civic Structures/Stock Buildings/City Halls/NecroCityHallAddon.cs,ItemCandidate,SourceVerified,
NecroCityHallDeed,CityDeed,Data/Scripts/Custom/Government System/Items/Deeds/Stock Deeds/City Halls/NecroCityHallDeed.cs,ItemCandidate,SourceVerified,
NecroCityHealerAddon,BaseAddon,Data/Scripts/Custom/Government System/Items/Civic Structures/Stock Buildings/Healers/NecroCityHealerAddon.cs,ItemCandidate,SourceVerified,
NecroCityHealerDeed,CityDeed,Data/Scripts/Custom/Government System/Items/Deeds/Stock Deeds/Healers/NecroCityHealerDeed.cs,ItemCandidate,SourceVerified,
NecroCityMarketAddon,BaseAddon,Data/Scripts/Custom/Government System/Items/Civic Structures/Stock Buildings/Markets/NecroMarketAddon.cs,ItemCandidate,SourceVerified,
NecroCityMarketDeed,CityDeed,Data/Scripts/Custom/Government System/Items/Deeds/Stock Deeds/Markets/NecroCityMarketDeed.cs,ItemCandidate,SourceVerified,
NecroCityMoongateAddon,BaseAddon,Data/Scripts/Custom/Government System/Items/Civic Structures/Stock Buildings/Moongates/NecroCityMoongateAddon.cs,ItemCandidate,SourceVerified,
NecroCityMoongateDeed,CityDeed,Data/Scripts/Custom/Government System/Items/Deeds/Stock Deeds/Moongates/NecroCityMoongateDeed.cs,ItemCandidate,SourceVerified,
NecroCityStableAddon,BaseAddon,Data/Scripts/Custom/Government System/Items/Civic Structures/Stock Buildings/Stable/NecroCityStableAddon.cs,ItemCandidate,SourceVerified,
NecroCityStableDeed,CityDeed,Data/Scripts/Custom/Government System/Items/Deeds/Stock Deeds/Stable/NecroCityHealerDeed.cs,ItemCandidate,SourceVerified,
NecroCityTavernAddon,BaseAddon,Data/Scripts/Custom/Government System/Items/Civic Structures/Stock Buildings/Taverns/NecroCityTavernAddon.cs,ItemCandidate,SourceVerified,
NecroCityTavernDeed,CityDeed,Data/Scripts/Custom/Government System/Items/Deeds/Stock Deeds/Taverns/NecroCityTavernDeed.cs,ItemCandidate,SourceVerified,
NecroHorse,EtherealMount,Data/Scripts/Items/Gifts/Mounts/NecroHorse.cs,ItemCandidate,SourceVerified,
NecroSkinPotion,Item,Data/Scripts/Items/Potions/Special/NecroSkinPotion.cs,ItemCandidate,SourceVerified,
NecromancerBanner,Item,Data/Scripts/Items/Gifts/Holiday/Halloween/Rewards/NecromancerBanner.cs,ItemCandidate,SourceVerified,
NecromancerBarrel,LockableContainer,Data/Scripts/Items/Containers/Container.cs,ItemCandidate,SourceVerified,
NecromancerCrate,LockableContainer,Data/Scripts/Items/Containers/Container.cs,ItemCandidate,SourceVerified,
NecromancerRobe,BaseOuterTorso,Data/Scripts/Items/Clothing/Robes.cs,ItemCandidate,SourceVerified,
NecromancerTable,Item,Data/Scripts/Items/Gifts/Holiday/Halloween/Rewards/NecromancerTable.cs,ItemCandidate,SourceVerified,
NecromanticGlasses,ElvenGlasses,Data/Scripts/Items/Armor/Glasses/NecromanticGlasses.cs,ItemCandidate,SourceVerified,
NecroticHides,BaseHides,Data/Scripts/Items/Trades/Resources/Tailor/Hides.cs,ItemCandidate,SourceVerified,
NecroticLeather,BaseLeather,Data/Scripts/Items/Trades/Resources/Tailor/Leathers.cs,ItemCandidate,SourceVerified,
NeptunesFishingNet,Item,Data/Scripts/Items/Trades/Fishing/NeptunesFishingNet.cs,ItemCandidate,SourceVerified,
NepturiteAmulet,GoldNecklace,Data/Scripts/Items/Jewels/Tinkered.cs,ItemCandidate,SourceVerified,
NepturiteBracelet,GoldBracelet,Data/Scripts/Items/Jewels/Tinkered.cs,ItemCandidate,SourceVerified,
NepturiteEarrings,GoldEarrings,Data/Scripts/Items/Jewels/Tinkered.cs,ItemCandidate,SourceVerified,
NepturiteGranite,BaseGranite,Data/Scripts/Items/Trades/Resources/Masonry/Granite.cs,ItemCandidate,SourceVerified,
NepturiteIngot,BaseIngot,Data/Scripts/Items/Trades/Resources/Blacksmithing/Ingots.cs,ItemCandidate,SourceVerified,
NepturiteOre,BaseOre,Data/Scripts/Items/Trades/Resources/Blacksmithing/Ore.cs,ItemCandidate,SourceVerified,
NepturiteRing,GoldRing,Data/Scripts/Items/Jewels/Tinkered.cs,ItemCandidate,SourceVerified,
NewArmoireA,BaseContainer,Data/Scripts/Items/Containers/Shelves.cs,ItemCandidate,SourceVerified,
NewArmoireB,BaseContainer,Data/Scripts/Items/Containers/Shelves.cs,ItemCandidate,SourceVerified,
NewArmoireC,BaseContainer,Data/Scripts/Items/Containers/Shelves.cs,ItemCandidate,SourceVerified,
NewArmoireD,BaseContainer,Data/Scripts/Items/Containers/Shelves.cs,ItemCandidate,SourceVerified,
NewArmoireE,BaseContainer,Data/Scripts/Items/Containers/Shelves.cs,ItemCandidate,SourceVerified,
NewArmoireF,BaseContainer,Data/Scripts/Items/Containers/Shelves.cs,ItemCandidate,SourceVerified,
NewArmoireG,BaseContainer,Data/Scripts/Items/Containers/Shelves.cs,ItemCandidate,SourceVerified,
NewArmoireH,BaseContainer,Data/Scripts/Items/Containers/Shelves.cs,ItemCandidate,SourceVerified,
NewArmoireI,BaseContainer,Data/Scripts/Items/Containers/Shelves.cs,ItemCandidate,SourceVerified,
NewArmoireJ,BaseContainer,Data/Scripts/Items/Containers/Shelves.cs,ItemCandidate,SourceVerified,
NewArmorShelfA,BaseContainer,Data/Scripts/Items/Containers/Shelves.cs,ItemCandidate,SourceVerified,
NewArmorShelfB,BaseContainer,Data/Scripts/Items/Containers/Shelves.cs,ItemCandidate,SourceVerified,
NewArmorShelfC,BaseContainer,Data/Scripts/Items/Containers/Shelves.cs,ItemCandidate,SourceVerified,
NewArmorShelfD,BaseContainer,Data/Scripts/Items/Containers/Shelves.cs,ItemCandidate,SourceVerified,
NewArmorShelfE,BaseContainer,Data/Scripts/Items/Containers/Shelves.cs,ItemCandidate,SourceVerified,
NewBakerShelfA,BaseContainer,Data/Scripts/Items/Containers/Shelves.cs,ItemCandidate,SourceVerified,
NewBakerShelfB,BaseContainer,Data/Scripts/Items/Containers/Shelves.cs,ItemCandidate,SourceVerified,
NewBakerShelfC,BaseContainer,Data/Scripts/Items/Containers/Shelves.cs,ItemCandidate,SourceVerified,
NewBakerShelfD,BaseContainer,Data/Scripts/Items/Containers/Shelves.cs,ItemCandidate,SourceVerified,
NewBakerShelfE,BaseContainer,Data/Scripts/Items/Containers/Shelves.cs,ItemCandidate,SourceVerified,
NewBakerShelfF,BaseContainer,Data/Scripts/Items/Containers/Shelves.cs,ItemCandidate,SourceVerified,
NewBakerShelfG,BaseContainer,Data/Scripts/Items/Containers/Shelves.cs,ItemCandidate,SourceVerified,
NewBlacksmithShelfA,BaseContainer,Data/Scripts/Items/Containers/Shelves.cs,ItemCandidate,SourceVerified,
NewBlacksmithShelfB,BaseContainer,Data/Scripts/Items/Containers/Shelves.cs,ItemCandidate,SourceVerified,
NewBlacksmithShelfC,BaseContainer,Data/Scripts/Items/Containers/Shelves.cs,ItemCandidate,SourceVerified,
NewBlacksmithShelfD,BaseContainer,Data/Scripts/Items/Containers/Shelves.cs,ItemCandidate,SourceVerified,
NewBlacksmithShelfE,BaseContainer,Data/Scripts/Items/Containers/Shelves.cs,ItemCandidate,SourceVerified,
NewBookShelfA,BaseContainer,Data/Scripts/Items/Containers/Shelves.cs,ItemCandidate,SourceVerified,
NewBookShelfB,BaseContainer,Data/Scripts/Items/Containers/Shelves.cs,ItemCandidate,SourceVerified,
NewBookShelfC,BaseContainer,Data/Scripts/Items/Containers/Shelves.cs,ItemCandidate,SourceVerified,
NewBookShelfD,BaseContainer,Data/Scripts/Items/Containers/Shelves.cs,ItemCandidate,SourceVerified,
NewBookShelfE,BaseContainer,Data/Scripts/Items/Containers/Shelves.cs,ItemCandidate,SourceVerified,
NewBookShelfF,BaseContainer,Data/Scripts/Items/Containers/Shelves.cs,ItemCandidate,SourceVerified,
NewBookShelfG,BaseContainer,Data/Scripts/Items/Containers/Shelves.cs,ItemCandidate,SourceVerified,
NewBookShelfH,BaseContainer,Data/Scripts/Items/Containers/Shelves.cs,ItemCandidate,SourceVerified,
NewBookShelfI,BaseContainer,Data/Scripts/Items/Containers/Shelves.cs,ItemCandidate,SourceVerified,
NewBookShelfJ,BaseContainer,Data/Scripts/Items/Containers/Shelves.cs,ItemCandidate,SourceVerified,
NewBookShelfK,BaseContainer,Data/Scripts/Items/Containers/Shelves.cs,ItemCandidate,SourceVerified,
NewBookShelfL,BaseContainer,Data/Scripts/Items/Containers/Shelves.cs,ItemCandidate,SourceVerified,
NewBookShelfM,BaseContainer,Data/Scripts/Items/Containers/Shelves.cs,ItemCandidate,SourceVerified,
NewBowyerShelfA,BaseContainer,Data/Scripts/Items/Containers/Shelves.cs,ItemCandidate,SourceVerified,
NewBowyerShelfB,BaseContainer,Data/Scripts/Items/Containers/Shelves.cs,ItemCandidate,SourceVerified,
NewBowyerShelfC,BaseContainer,Data/Scripts/Items/Containers/Shelves.cs,ItemCandidate,SourceVerified,
NewBowyerShelfD,BaseContainer,Data/Scripts/Items/Containers/Shelves.cs,ItemCandidate,SourceVerified,
NewBrickArena,BaseHouse,Data/Scripts/Items/Houses/NewHouses.cs,ItemCandidate,SourceVerified,
NewBrickHomeWithFrontDeck,BaseHouse,Data/Scripts/Items/Houses/NewHouses.cs,ItemCandidate,SourceVerified,
NewBrickHomeWithLargePorch,BaseHouse,Data/Scripts/Items/Houses/NewHouses.cs,ItemCandidate,SourceVerified,
NewBrickHouseWithSteeple,BaseHouse,Data/Scripts/Items/Houses/NewHouses.cs,ItemCandidate,SourceVerified,
NewCarpenterShelfA,BaseContainer,Data/Scripts/Items/Containers/Shelves.cs,ItemCandidate,SourceVerified,
NewCarpenterShelfB,BaseContainer,Data/Scripts/Items/Containers/Shelves.cs,ItemCandidate,SourceVerified,
NewCarpenterShelfC,BaseContainer,Data/Scripts/Items/Containers/Shelves.cs,ItemCandidate,SourceVerified,
NewClothShelfA,BaseContainer,Data/Scripts/Items/Containers/Shelves.cs,ItemCandidate,SourceVerified,
NewClothShelfB,BaseContainer,Data/Scripts/Items/Containers/Shelves.cs,ItemCandidate,SourceVerified,
NewClothShelfC,BaseContainer,Data/Scripts/Items/Containers/Shelves.cs,ItemCandidate,SourceVerified,
NewClothShelfD,BaseContainer,Data/Scripts/Items/Containers/Shelves.cs,ItemCandidate,SourceVerified,
NewClothShelfE,BaseContainer,Data/Scripts/Items/Containers/Shelves.cs,ItemCandidate,SourceVerified,
NewClothShelfF,BaseContainer,Data/Scripts/Items/Containers/Shelves.cs,ItemCandidate,SourceVerified,
NewClothShelfG,BaseContainer,Data/Scripts/Items/Containers/Shelves.cs,ItemCandidate,SourceVerified,
NewClothShelfH,BaseContainer,Data/Scripts/Items/Containers/Shelves.cs,ItemCandidate,SourceVerified,
NewDarkBookShelfA,BaseContainer,Data/Scripts/Items/Containers/Shelves.cs,ItemCandidate,SourceVerified,
NewDarkBookShelfB,BaseContainer,Data/Scripts/Items/Containers/Shelves.cs,ItemCandidate,SourceVerified,
NewDarkShelf,BaseContainer,Data/Scripts/Items/Containers/Shelves.cs,ItemCandidate,SourceVerified,
NewDiceGameGump,Gump,Data/Scripts/Items/Misc/Games/LiarsDice/Gumps/NewDiceGameGump.cs,ItemCandidate,SourceVerified,
NewDrawersA,BaseContainer,Data/Scripts/Items/Containers/Shelves.cs,ItemCandidate,SourceVerified,
NewDrawersB,BaseContainer,Data/Scripts/Items/Containers/Shelves.cs,ItemCandidate,SourceVerified,
NewDrawersC,BaseContainer,Data/Scripts/Items/Containers/Shelves.cs,ItemCandidate,SourceVerified,
NewDrawersD,BaseContainer,Data/Scripts/Items/Containers/Shelves.cs,ItemCandidate,SourceVerified,
NewDrawersE,BaseContainer,Data/Scripts/Items/Containers/Shelves.cs,ItemCandidate,SourceVerified,
NewDrawersF,BaseContainer,Data/Scripts/Items/Containers/Shelves.cs,ItemCandidate,SourceVerified,
NewDrawersG,BaseContainer,Data/Scripts/Items/Containers/Shelves.cs,ItemCandidate,SourceVerified,
NewDrawersH,BaseContainer,Data/Scripts/Items/Containers/Shelves.cs,ItemCandidate,SourceVerified,
NewDrawersI,BaseContainer,Data/Scripts/Items/Containers/Shelves.cs,ItemCandidate,SourceVerified,
NewDrawersJ,BaseContainer,Data/Scripts/Items/Containers/Shelves.cs,ItemCandidate,SourceVerified,
NewDrawersK,BaseContainer,Data/Scripts/Items/Containers/Shelves.cs,ItemCandidate,SourceVerified,
NewDrawersL,BaseContainer,Data/Scripts/Items/Containers/Shelves.cs,ItemCandidate,SourceVerified,
NewDrawersM,BaseContainer,Data/Scripts/Items/Containers/Shelves.cs,ItemCandidate,SourceVerified,
NewDrawersN,BaseContainer,Data/Scripts/Items/Containers/Shelves.cs,ItemCandidate,SourceVerified,
NewDrinkShelfA,BaseContainer,Data/Scripts/Items/Containers/Shelves.cs,ItemCandidate,SourceVerified,
NewDrinkShelfB,BaseContainer,Data/Scripts/Items/Containers/Shelves.cs,ItemCandidate,SourceVerified,
NewDrinkShelfC,BaseContainer,Data/Scripts/Items/Containers/Shelves.cs,ItemCandidate,SourceVerified,
NewDrinkShelfD,BaseContainer,Data/Scripts/Items/Containers/Shelves.cs,ItemCandidate,SourceVerified,
NewDrinkShelfE,BaseContainer,Data/Scripts/Items/Containers/Shelves.cs,ItemCandidate,SourceVerified,
NewFancyStoneWoodHome,BaseHouse,Data/Scripts/Items/Houses/NewHouses.cs,ItemCandidate,SourceVerified,
NewFancyWoodenStoneHouse,BaseHouse,Data/Scripts/Items/Houses/NewHouses.cs,ItemCandidate,SourceVerified,
NewFish,Item,Data/Scripts/Items/Trades/Fishing/NewFish.cs,ItemCandidate,SourceVerified,
NewHelmShelf,BaseContainer,Data/Scripts/Items/Containers/Shelves.cs,ItemCandidate,SourceVerified,
NewHolidayTree,Item,Data/Scripts/Items/Gifts/Holiday/Christmas/HolidayTreesNew.cs,ItemCandidate,SourceVerified,
NewHolidayTreeGump,Gump,Data/Scripts/Items/Gifts/Holiday/Christmas/HolidayTreesNew.cs,ItemCandidate,SourceVerified,
NewHousePlacementTarget,MultiTarget,Data/Scripts/Items/Houses/HousePlacementTool.cs,ItemCandidate,SourceVerified,
NewHunterShelf,BaseContainer,Data/Scripts/Items/Containers/Shelves.cs,ItemCandidate,SourceVerified,
NewKitchenShelfA,BaseContainer,Data/Scripts/Items/Containers/Shelves.cs,ItemCandidate,SourceVerified,
NewKitchenShelfB,BaseContainer,Data/Scripts/Items/Containers/Shelves.cs,ItemCandidate,SourceVerified,
NewLogCabin,BaseHouse,Data/Scripts/Items/Houses/NewHouses.cs,ItemCandidate,SourceVerified,
NewMarbleShoppe,BaseHouse,Data/Scripts/Items/Houses/NewHouses.cs,ItemCandidate,SourceVerified,
NewOldBookShelf,BaseContainer,Data/Scripts/Items/Containers/Shelves.cs,ItemCandidate,SourceVerified,
NewOldStoneHomeShoppe,BaseHouse,Data/Scripts/Items/Houses/NewHouses.cs,ItemCandidate,SourceVerified,
NewPlainPlasterHouse,BaseHouse,Data/Scripts/Items/Houses/NewHouses.cs,ItemCandidate,SourceVerified,
NewPlainStoneHouse,BaseHouse,Data/Scripts/Items/Houses/NewHouses.cs,ItemCandidate,SourceVerified,
NewPlasterHomeDirtDeck,BaseHouse,Data/Scripts/Items/Houses/NewHouses.cs,ItemCandidate,SourceVerified,
NewPlasterHousePictureWindow,BaseHouse,Data/Scripts/Items/Houses/NewHouses.cs,ItemCandidate,SourceVerified,
NewPlayerTicket,Item,Data/Scripts/Items/Deeds/NewPlayerTicket.cs,ItemCandidate,SourceVerified,
NewPotionShelf,BaseContainer,Data/Scripts/Items/Containers/Shelves.cs,ItemCandidate,SourceVerified,
NewRaisedBrickHome,BaseHouse,Data/Scripts/Items/Houses/NewHouses.cs,ItemCandidate,SourceVerified,
NewRuinedBookShelf,BaseContainer,Data/Scripts/Items/Containers/Shelves.cs,ItemCandidate,SourceVerified,
NewShelfA,BaseContainer,Data/Scripts/Items/Containers/Shelves.cs,ItemCandidate,SourceVerified,
NewShelfB,BaseContainer,Data/Scripts/Items/Containers/Shelves.cs,ItemCandidate,SourceVerified,
NewShelfC,BaseContainer,Data/Scripts/Items/Containers/Shelves.cs,ItemCandidate,SourceVerified,
NewShelfD,BaseContainer,Data/Scripts/Items/Containers/Shelves.cs,ItemCandidate,SourceVerified,
NewShelfE,BaseContainer,Data/Scripts/Items/Containers/Shelves.cs,ItemCandidate,SourceVerified,
NewShelfF,BaseContainer,Data/Scripts/Items/Containers/Shelves.cs,ItemCandidate,SourceVerified,
NewShelfG,BaseContainer,Data/Scripts/Items/Containers/Shelves.cs,ItemCandidate,SourceVerified,
NewShelfH,BaseContainer,Data/Scripts/Items/Containers/Shelves.cs,ItemCandidate,SourceVerified,
NewShoeShelfA,BaseContainer,Data/Scripts/Items/Containers/Shelves.cs,ItemCandidate,SourceVerified,
NewShoeShelfB,BaseContainer,Data/Scripts/Items/Containers/Shelves.cs,ItemCandidate,SourceVerified,
NewShoeShelfC,BaseContainer,Data/Scripts/Items/Containers/Shelves.cs,ItemCandidate,SourceVerified,
NewShoeShelfD,BaseContainer,Data/Scripts/Items/Containers/Shelves.cs,ItemCandidate,SourceVerified,
NewSmallBrickCastle,BaseHouse,Data/Scripts/Items/Houses/NewHouses.cs,ItemCandidate,SourceVerified,
NewSmallLogCabinWithDeck,BaseHouse,Data/Scripts/Items/Houses/NewHouses.cs,ItemCandidate,SourceVerified,
NewSmallSandstoneWorkshop,BaseHouse,Data/Scripts/Items/Houses/NewHouses.cs,ItemCandidate,SourceVerified,
NewSmallStoneHomeEast,BaseHouse,Data/Scripts/Items/Houses/NewHouses.cs,ItemCandidate,SourceVerified,
NewSmallStoneHouseEast,BaseHouse,Data/Scripts/Items/Houses/NewHouses.cs,ItemCandidate,SourceVerified,
NewSmallStoneShoppe,BaseHouse,Data/Scripts/Items/Houses/NewHouses.cs,ItemCandidate,SourceVerified,
NewSmallStoneStoreFront,BaseHouse,Data/Scripts/Items/Houses/NewHouses.cs,ItemCandidate,SourceVerified,
NewSmallStoneTemple,BaseHouse,Data/Scripts/Items/Houses/NewHouses.cs,ItemCandidate,SourceVerified,
NewSmallStoneTower,BaseHouse,Data/Scripts/Items/Houses/NewHouses.cs,ItemCandidate,SourceVerified,
NewSmallWizardTower,BaseHouse,Data/Scripts/Items/Houses/NewHouses.cs,ItemCandidate,SourceVerified,
NewSmallWoodenShackPorch,BaseHouse,Data/Scripts/Items/Houses/NewHouses.cs,ItemCandidate,SourceVerified,
NewSorcererShelfA,BaseContainer,Data/Scripts/Items/Containers/Shelves.cs,ItemCandidate,SourceVerified,
NewSorcererShelfB,BaseContainer,Data/Scripts/Items/Containers/Shelves.cs,ItemCandidate,SourceVerified,
NewSorcererShelfC,BaseContainer,Data/Scripts/Items/Containers/Shelves.cs,ItemCandidate,SourceVerified,
NewSorcererShelfD,BaseContainer,Data/Scripts/Items/Containers/Shelves.cs,ItemCandidate,SourceVerified,
NewStoneFort,BaseHouse,Data/Scripts/Items/Houses/NewHouses.cs,ItemCandidate,SourceVerified,
NewStoneHomeWithEnclosedPatio,BaseHouse,Data/Scripts/Items/Houses/NewHouses.cs,ItemCandidate,SourceVerified,
NewSupplyShelfA,BaseContainer,Data/Scripts/Items/Containers/Shelves.cs,ItemCandidate,SourceVerified,
NewSupplyShelfB,BaseContainer,Data/Scripts/Items/Containers/Shelves.cs,ItemCandidate,SourceVerified,
NewSupplyShelfC,BaseContainer,Data/Scripts/Items/Containers/Shelves.cs,ItemCandidate,SourceVerified,
NewTailorShelfA,BaseContainer,Data/Scripts/Items/Containers/Shelves.cs,ItemCandidate,SourceVerified,
NewTailorShelfB,BaseContainer,Data/Scripts/Items/Containers/Shelves.cs,ItemCandidate,SourceVerified,
NewTailorShelfC,BaseContainer,Data/Scripts/Items/Containers/Shelves.cs,ItemCandidate,SourceVerified,
NewTailorShelfD,BaseContainer,Data/Scripts/Items/Containers/Shelves.cs,ItemCandidate,SourceVerified,
NewTannerShelfA,BaseContainer,Data/Scripts/Items/Containers/Shelves.cs,ItemCandidate,SourceVerified,
NewTannerShelfB,BaseContainer,Data/Scripts/Items/Containers/Shelves.cs,ItemCandidate,SourceVerified,
NewTavernShelfC,BaseContainer,Data/Scripts/Items/Containers/Shelves.cs,ItemCandidate,SourceVerified,
NewTavernShelfD,BaseContainer,Data/Scripts/Items/Containers/Shelves.cs,ItemCandidate,SourceVerified,
NewTavernShelfE,BaseContainer,Data/Scripts/Items/Containers/Shelves.cs,ItemCandidate,SourceVerified,
NewTavernShelfF,BaseContainer,Data/Scripts/Items/Containers/Shelves.cs,ItemCandidate,SourceVerified,
NewThreeStoryStoneVilla,BaseHouse,Data/Scripts/Items/Houses/NewHouses.cs,ItemCandidate,SourceVerified,
NewTinkerShelfA,BaseContainer,Data/Scripts/Items/Containers/Shelves.cs,ItemCandidate,SourceVerified,
NewTinkerShelfB,BaseContainer,Data/Scripts/Items/Containers/Shelves.cs,ItemCandidate,SourceVerified,
NewTinkerShelfC,BaseContainer,Data/Scripts/Items/Containers/Shelves.cs,ItemCandidate,SourceVerified,
NewTortureShelf,BaseContainer,Data/Scripts/Items/Containers/Shelves.cs,ItemCandidate,SourceVerified,
NewTwoStoryBrickHome,BaseHouse,Data/Scripts/Items/Houses/NewHouses.cs,ItemCandidate,SourceVerified,
NewTwoStoryBrickHouse,BaseHouse,Data/Scripts/Items/Houses/NewHouses.cs,ItemCandidate,SourceVerified,
NewTwoStorySandstoneHouse,BaseHouse,Data/Scripts/Items/Houses/NewHouses.cs,ItemCandidate,SourceVerified,
NewTwoStorySmallPlasterDwelling,BaseHouse,Data/Scripts/Items/Houses/NewHouses.cs,ItemCandidate,SourceVerified,
NewTwoStorySmallStoneDwelling,BaseHouse,Data/Scripts/Items/Houses/NewHouses.cs,ItemCandidate,SourceVerified,
NewTwoStorySmallStoneHome,BaseHouse,Data/Scripts/Items/Houses/NewHouses.cs,ItemCandidate,SourceVerified,
NewTwoStorySmallStoneHouse,BaseHouse,Data/Scripts/Items/Houses/NewHouses.cs,ItemCandidate,SourceVerified,
NewTwoStorySmallWoodenDwelling,BaseHouse,Data/Scripts/Items/Houses/NewHouses.cs,ItemCandidate,SourceVerified,
NewTwoStoryStoneVilla,BaseHouse,Data/Scripts/Items/Houses/NewHouses.cs,ItemCandidate,SourceVerified,
NewTwoStoryWoodenHomeWithPorch,BaseHouse,Data/Scripts/Items/Houses/NewHouses.cs,ItemCandidate,SourceVerified,
NewWizardShelfA,BaseContainer,Data/Scripts/Items/Containers/Shelves.cs,ItemCandidate,SourceVerified,
NewWizardShelfB,BaseContainer,Data/Scripts/Items/Containers/Shelves.cs,ItemCandidate,SourceVerified,
NewWizardShelfC,BaseContainer,Data/Scripts/Items/Containers/Shelves.cs,ItemCandidate,SourceVerified,
NewWizardShelfD,BaseContainer,Data/Scripts/Items/Containers/Shelves.cs,ItemCandidate,SourceVerified,
NewWizardShelfE,BaseContainer,Data/Scripts/Items/Containers/Shelves.cs,ItemCandidate,SourceVerified,
NewWizardShelfF,BaseContainer,Data/Scripts/Items/Containers/Shelves.cs,ItemCandidate,SourceVerified,
NewWoodenHomePorch,BaseHouse,Data/Scripts/Items/Houses/NewHouses.cs,ItemCandidate,SourceVerified,
NewWoodenHomeUpperDeck,BaseHouse,Data/Scripts/Items/Houses/NewHouses.cs,ItemCandidate,SourceVerified,
NewWoodenMansion,BaseHouse,Data/Scripts/Items/Houses/NewHouses.cs,ItemCandidate,SourceVerified,
NextPointTarget,Target,Data/Scripts/Items/Misc/Waypoint.cs,ItemCandidate,SourceVerified,
NightSightMagicStaff,BaseMagicStaff,Data/Scripts/Items/Wands/1st Circle/NightSightStaff.cs,ItemCandidate,SourceVerified,
NightSightPotion,BasePotion,Data/Scripts/Items/Potions/Standard/NightSight.cs,ItemCandidate,SourceVerified,
NightmareSkin,Item,Data/Scripts/Items/Trades/Resources/Tailor/Skin/NightmareSkin.cs,ItemCandidate,SourceVerified,
NightsKiss,Dagger,Data/Scripts/Items/Magical/Artifacts/Obsolete/Obsolete_NightsKiss.cs,ItemCandidate,SourceVerified,
Nightshade,BaseReagent,Data/Scripts/Items/Trades/Resources/Reagents/Common/Nightshade.cs,ItemCandidate,SourceVerified,
Nightstand,Item,Data/Scripts/Items/Construction/Tables/Tables.cs,ItemCandidate,SourceVerified,
NinjaTabi,BaseShoes,Data/Scripts/Items/Clothing/Shoes.cs,ItemCandidate,SourceVerified,
NinjaWeapon,,Data/Scripts/Items/Trades/Ninjitsu/NinjaWeapons.cs,ItemCandidate,SourceVerified,
NinthAnniversaryCoin,Item,Data/Scripts/Items/Gifts/NinthAnniversaryCoin.cs,ItemCandidate,SourceVerified,
NinthAnniversaryCoinGump,Gump,Data/Scripts/Items/Gifts/Gumps/NinthAnniversaryCoinGump.cs,ItemCandidate,SourceVerified,
NinthAnniversaryGiftBag,Container,Data/Scripts/Items/Gifts/Ninth Anniversary Gift Bag.cs,ItemCandidate,SourceVerified,
NoDachi,BaseSword,Data/Scripts/Items/Weapons/Oriental/NoDachi.cs,ItemCandidate,SourceVerified,
NordicVikingSword,VikingSword,Data/Scripts/Items/Magical/Artifacts/Obsolete/Obsolete_DragonSlayer.cs,ItemCandidate,SourceVerified,
NorseHelm,BaseArmor,Data/Scripts/Items/Armor/Helmets/NorseHelm.cs,ItemCandidate,SourceVerified,
NoxBow,HeavyCrossbow,Data/Scripts/Items/Magical/Artifacts/Obsolete/Obsolete_NoxBow.cs,ItemCandidate,SourceVerified,
NoxCrystal,BaseReagent,Data/Scripts/Items/Trades/Resources/Reagents/Necromancy/NoxCrystal.cs,ItemCandidate,SourceVerified,
NoxNightlight,MagicLantern,Data/Scripts/Items/Magical/Artifacts/Obsolete/Obsolete_NoxNightlight.cs,ItemCandidate,SourceVerified,
NoxRangersHeavyCrossbow,HeavyCrossbow,Data/Scripts/Items/Magical/Artifacts/Obsolete/Obsolete_NoxRangersHeavyCrossbow.cs,ItemCandidate,SourceVerified,
Nunchaku,BaseBashing,Data/Scripts/Items/Weapons/Oriental/Nunchaku.cs,ItemCandidate,SourceVerified,
OakBoard,BaseWoodBoard,Data/Scripts/Items/Trades/Carpenter Items/Board.cs,ItemCandidate,SourceVerified,
OakLog,BaseLog,Data/Scripts/Items/Trades/Lumberjack/Log.cs,ItemCandidate,SourceVerified,
OakTreeFletcherTools,RunicFletcherTools,Data/Scripts/Trades/Runics/BaseRunicFletcherTools.cs,ItemCandidate,SourceVerified,
OakTreeSaw,RunicSaw,Data/Scripts/Trades/Runics/BaseRunicSaw.cs,ItemCandidate,SourceVerified,
Obelisk,Item,Data/Scripts/Items/Construction/Misc/Obelisk.cs,ItemCandidate,SourceVerified,
Obi,BaseWaist,Data/Scripts/Items/Clothing/Waist.cs,ItemCandidate,SourceVerified,
OblivionsNeedle,Dagger,Data/Scripts/Items/Magical/Artifacts/Obsolete/Obsolete_OblivionsNeedle.cs,ItemCandidate,SourceVerified,
ObsidianAmulet,GoldNecklace,Data/Scripts/Items/Jewels/Tinkered.cs,ItemCandidate,SourceVerified,
ObsidianBracelet,GoldBracelet,Data/Scripts/Items/Jewels/Tinkered.cs,ItemCandidate,SourceVerified,
ObsidianEarrings,GoldEarrings,Data/Scripts/Items/Jewels/Tinkered.cs,ItemCandidate,SourceVerified,
ObsidianGranite,BaseGranite,Data/Scripts/Items/Trades/Resources/Masonry/Granite.cs,ItemCandidate,SourceVerified,
ObsidianIngot,BaseIngot,Data/Scripts/Items/Trades/Resources/Blacksmithing/Ingots.cs,ItemCandidate,SourceVerified,
ObsidianOre,BaseOre,Data/Scripts/Items/Trades/Resources/Blacksmithing/Ore.cs,ItemCandidate,SourceVerified,
ObsidianRing,GoldRing,Data/Scripts/Items/Jewels/Tinkered.cs,ItemCandidate,SourceVerified,
OilAmethyst,Item,Data/Scripts/Items/Potions/Oils/OilAmethyst.cs,ItemCandidate,SourceVerified,
OilCaddellite,Item,Data/Scripts/Items/Potions/Oils/OilCaddellite.cs,ItemCandidate,SourceVerified,
OilCloth,Item,Data/Scripts/Items/Misc/OilCloth.cs,ItemCandidate,SourceVerified,
OilEmerald,Item,Data/Scripts/Items/Potions/Oils/OilEmerald.cs,ItemCandidate,SourceVerified,
OilGarnet,Item,Data/Scripts/Items/Potions/Oils/OilGarnet.cs,ItemCandidate,SourceVerified,
OilIce,Item,Data/Scripts/Items/Potions/Oils/OilIce.cs,ItemCandidate,SourceVerified,
OilJade,Item,Data/Scripts/Items/Potions/Oils/OilJade.cs,ItemCandidate,SourceVerified,
OilLeather,Item,Data/Scripts/Items/Potions/Oils/OilLeather.cs,ItemCandidate,SourceVerified,
OilMarble,Item,Data/Scripts/Items/Potions/Oils/OilMarble.cs,ItemCandidate,SourceVerified,
OilMetal,Item,Data/Scripts/Items/Potions/Oils/OilMetal.cs,ItemCandidate,SourceVerified,
OilOnyx,Item,Data/Scripts/Items/Potions/Oils/OilOnyx.cs,ItemCandidate,SourceVerified,
OilQuartz,Item,Data/Scripts/Items/Potions/Oils/OilQuartz.cs,ItemCandidate,SourceVerified,
OilRuby,Item,Data/Scripts/Items/Potions/Oils/OilRuby.cs,ItemCandidate,SourceVerified,
OilSapphire,Item,Data/Scripts/Items/Potions/Oils/OilSapphire.cs,ItemCandidate,SourceVerified,
OilSilver,Item,Data/Scripts/Items/Potions/Oils/OilSilver.cs,ItemCandidate,SourceVerified,
OilSpinel,Item,Data/Scripts/Items/Potions/Oils/OilSpinel.cs,ItemCandidate,SourceVerified,
OilStarRuby,Item,Data/Scripts/Items/Potions/Oils/OilStarRuby.cs,ItemCandidate,SourceVerified,
OilTopaz,Item,Data/Scripts/Items/Potions/Oils/OilTopaz.cs,ItemCandidate,SourceVerified,
OilWood,Item,Data/Scripts/Items/Potions/Oils/OilWood.cs,ItemCandidate,SourceVerified,
OniwabanBoots,LeatherSoftBoots,Data/Scripts/Items/Armor/Leather/OniwabanBoots.cs,ItemCandidate,SourceVerified,
OniwabanGloves,LeatherGloves,Data/Scripts/Items/Armor/Leather/OniwabanGloves.cs,ItemCandidate,SourceVerified,
OniwabanHood,LeatherCap,Data/Scripts/Items/Armor/Helmets/OniwabanHood.cs,ItemCandidate,SourceVerified,
OniwabanLeggings,LeatherLegs,Data/Scripts/Items/Armor/Leather/OniwabanLeggings.cs,ItemCandidate,SourceVerified,
OniwabanTunic,LeatherChest,Data/Scripts/Items/Armor/Leather/OniwabanTunic.cs,ItemCandidate,SourceVerified,
OnyxAmulet,GoldNecklace,Data/Scripts/Items/Jewels/Tinkered.cs,ItemCandidate,SourceVerified,
OnyxBracelet,GoldBracelet,Data/Scripts/Items/Jewels/Tinkered.cs,ItemCandidate,SourceVerified,
OnyxEarrings,GoldEarrings,Data/Scripts/Items/Jewels/Tinkered.cs,ItemCandidate,SourceVerified,
OnyxFemalePlateChest,FemalePlateChest,Data/Scripts/Items/Armor/Gargoyle/OnyxArmor.cs,ItemCandidate,SourceVerified,
OnyxIngot,Item,Data/Scripts/Items/Trades/Resources/Blacksmithing/BlockofOnyx.cs,ItemCandidate,SourceVerified,
OnyxPlateArms,PlateArms,Data/Scripts/Items/Armor/Gargoyle/OnyxArmor.cs,ItemCandidate,SourceVerified,
OnyxPlateChest,PlateChest,Data/Scripts/Items/Armor/Gargoyle/OnyxArmor.cs,ItemCandidate,SourceVerified,
OnyxPlateGloves,PlateGloves,Data/Scripts/Items/Armor/Gargoyle/OnyxArmor.cs,ItemCandidate,SourceVerified,
OnyxPlateGorget,PlateGorget,Data/Scripts/Items/Armor/Gargoyle/OnyxArmor.cs,ItemCandidate,SourceVerified,
OnyxPlateHelm,PlateHelm,Data/Scripts/Items/Armor/Gargoyle/OnyxArmor.cs,ItemCandidate,SourceVerified,
OnyxPlateLegs,PlateLegs,Data/Scripts/Items/Armor/Gargoyle/OnyxArmor.cs,ItemCandidate,SourceVerified,
OnyxRing,GoldRing,Data/Scripts/Items/Jewels/Tinkered.cs,ItemCandidate,SourceVerified,
OnyxShield,HeaterShield,Data/Scripts/Items/Armor/Gargoyle/OnyxArmor.cs,ItemCandidate,SourceVerified,
OrangePetals,Item,Data/Scripts/Trades/Gardening/MiscItems/OrangePetals.cs,ItemCandidate,SourceVerified,
OrbOfTheAbyss,MagicTalisman,Data/Scripts/Items/Special/OrbOfTheAbyss.cs,ItemCandidate,SourceVerified,
OrcChieftainHelm,OrcHelm,Data/Scripts/Items/Magical/Artifacts/Obsolete/Obsolete_OrcChieftainHelm.cs,ItemCandidate,SourceVerified,
OrcHelm,BaseArmor,Data/Scripts/Items/Armor/Helmets/OrcHelm.cs,ItemCandidate,SourceVerified,
OrcishVisage,OrcHelm,Data/Scripts/Items/Magical/Artifacts/Obsolete/Obsolete_OrcishVisage.cs,ItemCandidate,SourceVerified,
OrderShield,BaseShield,Data/Scripts/Items/Armor/Shields/OrderShield.cs,ItemCandidate,SourceVerified,
OreShovel,BaseHarvestTool,Data/Scripts/Items/Trades/Resources/Unique/OreShovel.cs,ItemCandidate,SourceVerified,
OrientBasket1,BaseContainer,Data/Scripts/Items/Containers/Container.cs,ItemCandidate,SourceVerified,
OrientBasket2,BaseContainer,Data/Scripts/Items/Containers/Container.cs,ItemCandidate,SourceVerified,
OrientBasket3,BaseContainer,Data/Scripts/Items/Containers/Container.cs,ItemCandidate,SourceVerified,
OrientBasket4,BaseContainer,Data/Scripts/Items/Containers/Container.cs,ItemCandidate,SourceVerified,
OrientBasket5,BaseContainer,Data/Scripts/Items/Containers/Container.cs,ItemCandidate,SourceVerified,
OrientalItems,Item,Data/Scripts/Items/Decorations/OrientalItems.cs,ItemCandidate,SourceVerified,
OrigamiButterfly,Item,Data/Scripts/Items/Misc/Origami.cs,ItemCandidate,SourceVerified,
OrigamiFish,Item,Data/Scripts/Items/Misc/Origami.cs,ItemCandidate,SourceVerified,
OrigamiFrog,Item,Data/Scripts/Items/Misc/Origami.cs,ItemCandidate,SourceVerified,
OrigamiPaper,Item,Data/Scripts/Items/Misc/Origami.cs,ItemCandidate,SourceVerified,
OrigamiShape,Item,Data/Scripts/Items/Misc/Origami.cs,ItemCandidate,SourceVerified,
OrigamiSongbird,Item,Data/Scripts/Items/Misc/Origami.cs,ItemCandidate,SourceVerified,
OrigamiSwan,Item,Data/Scripts/Items/Misc/Origami.cs,ItemCandidate,SourceVerified,
OrnamentOfTheMagician,GoldBracelet,Data/Scripts/Items/Magical/Artifacts/Obsolete/Obsolete_OrnamentOfTheMagician.cs,ItemCandidate,SourceVerified,
OrnateAxe,BaseAxe,Data/Scripts/Items/Weapons/Axes/OrnateAxe.cs,ItemCandidate,SourceVerified,
OrnateCrownOfTheHarrower,BoneHelm,Data/Scripts/Items/Magical/Artifacts/Obsolete/Obsolete_OrnateCrownOfTheHarrower.cs,ItemCandidate,SourceVerified,
OrnateElvenChair,Item,Data/Scripts/Items/Construction/Chairs/Chairs.cs,ItemCandidate,SourceVerified,
OrnateElvenTableEastAddon,BaseAddon,Data/Scripts/Items/Construction/Addons/OrnateElvenTableEastAddon.cs,ItemCandidate,SourceVerified,
OrnateElvenTableEastDeed,BaseAddonDeed,Data/Scripts/Items/Construction/Addons/OrnateElvenTableEastAddon.cs,ItemCandidate,SourceVerified,
OrnateElvenTableSouthAddon,BaseAddon,Data/Scripts/Items/Construction/Addons/OrnateElvenTableSouthAddon.cs,ItemCandidate,SourceVerified,
OrnateElvenTableSouthDeed,BaseAddonDeed,Data/Scripts/Items/Construction/Addons/OrnateElvenTableSouthAddon.cs,ItemCandidate,SourceVerified,
OrnateRobe,BaseOuterTorso,Data/Scripts/Items/Clothing/Robes.cs,ItemCandidate,SourceVerified,
OrnateWoodenChest,LockableContainer,Data/Scripts/Items/Containers/Container.cs,ItemCandidate,SourceVerified,
OssianGrimoire,NecromancerSpellbook,Data/Scripts/Items/Magical/Artifacts/Obsolete/Obsolete_OssianGrimoire.cs,ItemCandidate,SourceVerified,
OverseerSunderedBlade,RadiantScimitar,Data/Scripts/Items/Magical/Artifacts/Obsolete/Obsolete_OverseerSunderedBlade.cs,ItemCandidate,SourceVerified,
PMEntry,,Data/Scripts/Items/Misc/PublicMoongate.cs,ItemCandidate,SourceVerified,
PMList,,Data/Scripts/Items/Misc/PublicMoongate.cs,ItemCandidate,SourceVerified,
Pacify,Pike,Data/Scripts/Items/Magical/Artifacts/Obsolete/Obsolete_Pacify.cs,ItemCandidate,SourceVerified,
PackedCostume,Item,Data/Scripts/Items/Gifts/Holiday/Halloween/PackedCostume.cs,ItemCandidate,SourceVerified,
PackingBox,BaseContainer,Data/Scripts/Items/Houses/MovingCrate.cs,ItemCandidate,SourceVerified,
PadsOfTheCuSidhe,FurBoots,Data/Scripts/Items/Magical/Artifacts/Obsolete/Obsolete_PadsOfTheCuSidhe.cs,ItemCandidate,SourceVerified,
PageboyHair,Hair,Data/Scripts/Items/Misc/Facial/Hair.cs,ItemCandidate,SourceVerified,
PaintCanvas,Item,Data/Scripts/Trades/Apiculture/Craft/PaintCanvas.cs,ItemCandidate,SourceVerified,
Painting1NorthArtifact,BaseDecorationArtifact,Data/Scripts/Items/Decorations/Artifacts/SEDecorationArtifacts.cs,ItemCandidate,SourceVerified,
Painting1WestArtifact,BaseDecorationArtifact,Data/Scripts/Items/Decorations/Artifacts/SEDecorationArtifacts.cs,ItemCandidate,SourceVerified,
Painting2NorthArtifact,BaseDecorationArtifact,Data/Scripts/Items/Decorations/Artifacts/SEDecorationArtifacts.cs,ItemCandidate,SourceVerified,
Painting2WestArtifact,BaseDecorationArtifact,Data/Scripts/Items/Decorations/Artifacts/SEDecorationArtifacts.cs,ItemCandidate,SourceVerified,
Painting3Artifact,BaseDecorationArtifact,Data/Scripts/Items/Decorations/Artifacts/SEDecorationArtifacts.cs,ItemCandidate,SourceVerified,
Painting4NorthArtifact,BaseDecorationArtifact,Data/Scripts/Items/Decorations/Artifacts/SEDecorationArtifacts.cs,ItemCandidate,SourceVerified,
Painting4WestArtifact,BaseDecorationArtifact,Data/Scripts/Items/Decorations/Artifacts/SEDecorationArtifacts.cs,ItemCandidate,SourceVerified,
Painting5NorthArtifact,BaseDecorationArtifact,Data/Scripts/Items/Decorations/Artifacts/SEDecorationArtifacts.cs,ItemCandidate,SourceVerified,
Painting5WestArtifact,BaseDecorationArtifact,Data/Scripts/Items/Decorations/Artifacts/SEDecorationArtifacts.cs,ItemCandidate,SourceVerified,
Painting6NorthArtifact,BaseDecorationArtifact,Data/Scripts/Items/Decorations/Artifacts/SEDecorationArtifacts.cs,ItemCandidate,SourceVerified,
Painting6WestArtifact,BaseDecorationArtifact,Data/Scripts/Items/Decorations/Artifacts/SEDecorationArtifacts.cs,ItemCandidate,SourceVerified,
PaintsAndBrush,Item,Data/Scripts/Items/Misc/Rares.cs,ItemCandidate,SourceVerified,
PaladinWarhorse,EtherealMount,Data/Scripts/Items/Gifts/Mounts/PaladinWarhorse.cs,ItemCandidate,SourceVerified,
PandorasBox,Item,Data/Scripts/Items/Magical/Artifacts/Minor/PandorasBox.cs,ItemCandidate,SourceVerified,
PaperLantern,BaseLight,Data/Scripts/Items/Construction/Lights/PaperLantern.cs,ItemCandidate,SourceVerified,
ParagonChest,LockableContainer,Data/Scripts/Items/Containers/ParagonChest.cs,ItemCandidate,SourceVerified,
ParalyzeFieldMagicStaff,BaseMagicStaff,Data/Scripts/Items/Wands/6th Circle/ParalyzeFieldStaff.cs,ItemCandidate,SourceVerified,
ParalyzeMagicStaff,BaseMagicStaff,Data/Scripts/Items/Wands/5th Circle/ParalyzeStaff.cs,ItemCandidate,SourceVerified,
ParasiticPlant,Item,Data/Scripts/Items/Trades/Resources/MiscMLResources.cs,ItemCandidate,SourceVerified,
ParrotPerchAddon,BaseAddon,Data/Scripts/Items/Construction/Addons/ParrotPerchAddon.cs,ItemCandidate,SourceVerified,
ParrotPerchDeed,BaseAddonDeed,Data/Scripts/Items/Construction/Addons/ParrotPerchAddon.cs,ItemCandidate,SourceVerified,
PatchBoard,Item,Data/Scripts/Items/Books/BulletinBoards/PatchBoard.cs,ItemCandidate,SourceVerified,
PeachCobbler,Food,Data/Scripts/Items/Food/Food.cs,ItemCandidate,SourceVerified,Multiple source declarations found.
PeachTreeAddon,BaseFruitTreeAddon,Data/Scripts/Items/Special/Heritage Items/FruitTrees.cs,ItemCandidate,SourceVerified,
PeachTreeDeed,BaseAddonDeed,Data/Scripts/Items/Special/Heritage Items/FruitTrees.cs,ItemCandidate,SourceVerified,
PeachTrunkAddon,BaseAddon,Data/Scripts/Items/Special/Heritage Items/PeachTrunk.cs,ItemCandidate,SourceVerified,
PeachTrunkDeed,BaseAddonDeed,Data/Scripts/Items/Special/Heritage Items/PeachTrunk.cs,ItemCandidate,SourceVerified,
PearTreeAddon,BaseFruitTreeAddon,Data/Scripts/Items/Construction/Trees/PearTreeAddon.cs,ItemCandidate,SourceVerified,
PearTreeDeed,BaseAddonDeed,Data/Scripts/Items/Construction/Trees/PearTreeAddon.cs,ItemCandidate,SourceVerified,
PearlAmulet,GoldNecklace,Data/Scripts/Items/Jewels/Tinkered.cs,ItemCandidate,SourceVerified,
PearlBracelet,GoldBracelet,Data/Scripts/Items/Jewels/Tinkered.cs,ItemCandidate,SourceVerified,
PearlEarrings,GoldEarrings,Data/Scripts/Items/Jewels/Tinkered.cs,ItemCandidate,SourceVerified,
PearlRing,GoldRing,Data/Scripts/Items/Jewels/Tinkered.cs,ItemCandidate,SourceVerified,
PearlSkull,Item,Data/Scripts/Items/Trades/Fishing/PearlSkull.cs,ItemCandidate,SourceVerified,
PeculiarFish,BaseMagicFish,Data/Scripts/Items/Trades/Resources/Fishing/MagicFish.cs,ItemCandidate,SourceVerified,
PegasusFeather,Item,Data/Scripts/Items/Trades/Resources/Unique/PegasusFeather.cs,ItemCandidate,SourceVerified,
PenAndInk,Item,Data/Scripts/Items/Misc/Rares.cs,ItemCandidate,SourceVerified,
PendantOfTheMagi,GoldNecklace,Data/Scripts/Items/Magical/Artifacts/Obsolete/Obsolete_PendantOfTheMagi.cs,ItemCandidate,SourceVerified,
PentagramAddon,BaseAddon,Data/Scripts/Items/Construction/Addons/PentagramAddon.cs,ItemCandidate,SourceVerified,
PentagramDeed,BaseAddonDeed,Data/Scripts/Items/Construction/Addons/PentagramAddon.cs,ItemCandidate,SourceVerified,
PerfectEmerald,Item,Data/Scripts/Items/Trades/Resources/MiscMLResources.cs,ItemCandidate,SourceVerified,
Pestilence,BaseQuiver,Data/Scripts/Items/Magical/Artifacts/Obsolete/Obsolete_Pestilence.cs,ItemCandidate,SourceVerified,
PetrifiedBoard,BaseWoodBoard,Data/Scripts/Items/Trades/Carpenter Items/Board.cs,ItemCandidate,SourceVerified,
PetrifiedLog,BaseLog,Data/Scripts/Items/Trades/Lumberjack/Log.cs,ItemCandidate,SourceVerified,
PewterBowlOfCarrots,Food,Data/Scripts/Items/Food/Bowls.cs,ItemCandidate,SourceVerified,
PewterBowlOfCorn,Food,Data/Scripts/Items/Food/Bowls.cs,ItemCandidate,SourceVerified,
PewterBowlOfFoodPotatos,Food,Data/Scripts/Items/Food/Bowls.cs,ItemCandidate,SourceVerified,
PewterBowlOfLettuce,Food,Data/Scripts/Items/Food/Bowls.cs,ItemCandidate,SourceVerified,
PewterBowlOfPeas,Food,Data/Scripts/Items/Food/Bowls.cs,ItemCandidate,SourceVerified,
PewterMug,BaseBeverage,Data/Scripts/Items/Food/Beverage.cs,ItemCandidate,SourceVerified,
PhantomStaff,WildStaff,Data/Scripts/Items/Magical/Artifacts/Obsolete/Obsolete_PhantomStaff.cs,ItemCandidate,SourceVerified,
PhillipsWoodenSteed,MonsterStatuette,Data/Scripts/Items/Magical/Artifacts/Minor/PhillipsWoodenSteed.cs,ItemCandidate,SourceVerified,
PhoenixFeather,Item,Data/Scripts/Items/Trades/Resources/Unique/PhoenixFeather.cs,ItemCandidate,SourceVerified,
PickBoxChallenging,LockableContainer,Data/Scripts/Items/Trades/Thieving/PickBox.cs,ItemCandidate,SourceVerified,
PickBoxDifficult,LockableContainer,Data/Scripts/Items/Trades/Thieving/PickBox.cs,ItemCandidate,SourceVerified,
PickBoxEasy,LockableContainer,Data/Scripts/Items/Trades/Thieving/PickBox.cs,ItemCandidate,SourceVerified,
PickBoxHard,LockableContainer,Data/Scripts/Items/Trades/Thieving/PickBox.cs,ItemCandidate,SourceVerified,
PickBoxNormal,LockableContainer,Data/Scripts/Items/Trades/Thieving/PickBox.cs,ItemCandidate,SourceVerified,
PickableDoor,DarkWoodDoor,Data/Scripts/Items/Doors/PickableDoor.cs,ItemCandidate,SourceVerified,
Pickaxe,BaseAxe,Data/Scripts/Items/Weapons/Axes/Pickaxe.cs,ItemCandidate,SourceVerified,
PickpocketDip,AddonComponent,Data/Scripts/Items/Construction/Addons/PickpocketDips.cs,ItemCandidate,SourceVerified,
PickpocketDipEastAddon,BaseAddon,Data/Scripts/Items/Construction/Addons/PickpocketDips.cs,ItemCandidate,SourceVerified,
PickpocketDipEastDeed,BaseAddonDeed,Data/Scripts/Items/Construction/Addons/PickpocketDips.cs,ItemCandidate,SourceVerified,
PickpocketDipSouthAddon,BaseAddon,Data/Scripts/Items/Construction/Addons/PickpocketDips.cs,ItemCandidate,SourceVerified,
PickpocketDipSouthDeed,BaseAddonDeed,Data/Scripts/Items/Construction/Addons/PickpocketDips.cs,ItemCandidate,SourceVerified,
PicnicBasket,BaseContainer,Data/Scripts/Items/Containers/Container.cs,ItemCandidate,SourceVerified,
PieceBlackBishop,BasePiece,Data/Scripts/Items/Misc/Games/ChessPieces.cs,ItemCandidate,SourceVerified,
PieceBlackChecker,BasePiece,Data/Scripts/Items/Misc/Games/CheckersPieces.cs,ItemCandidate,SourceVerified,
PieceBlackKing,BasePiece,Data/Scripts/Items/Misc/Games/ChessPieces.cs,ItemCandidate,SourceVerified,
PieceBlackKnight,BasePiece,Data/Scripts/Items/Misc/Games/ChessPieces.cs,ItemCandidate,SourceVerified,
PieceBlackPawn,BasePiece,Data/Scripts/Items/Misc/Games/ChessPieces.cs,ItemCandidate,SourceVerified,
PieceBlackQueen,BasePiece,Data/Scripts/Items/Misc/Games/ChessPieces.cs,ItemCandidate,SourceVerified,
PieceBlackRook,BasePiece,Data/Scripts/Items/Misc/Games/ChessPieces.cs,ItemCandidate,SourceVerified,
PieceWhiteBishop,BasePiece,Data/Scripts/Items/Misc/Games/ChessPieces.cs,ItemCandidate,SourceVerified,
PieceWhiteChecker,BasePiece,Data/Scripts/Items/Misc/Games/CheckersPieces.cs,ItemCandidate,SourceVerified,
PieceWhiteKing,BasePiece,Data/Scripts/Items/Misc/Games/ChessPieces.cs,ItemCandidate,SourceVerified,
PieceWhiteKnight,BasePiece,Data/Scripts/Items/Misc/Games/ChessPieces.cs,ItemCandidate,SourceVerified,
PieceWhitePawn,BasePiece,Data/Scripts/Items/Misc/Games/ChessPieces.cs,ItemCandidate,SourceVerified,
PieceWhiteQueen,BasePiece,Data/Scripts/Items/Misc/Games/ChessPieces.cs,ItemCandidate,SourceVerified,
PieceWhiteRook,BasePiece,Data/Scripts/Items/Misc/Games/ChessPieces.cs,ItemCandidate,SourceVerified,
Pier,Item,Data/Scripts/Items/Decorations/Artifacts/Decorative/Pier.cs,ItemCandidate,SourceVerified,
PigIron,BaseReagent,Data/Scripts/Items/Trades/Resources/Reagents/Necromancy/PigIron.cs,ItemCandidate,SourceVerified,
Pike,BaseSpear,Data/Scripts/Items/Weapons/SpearsAndForks/Pike.cs,ItemCandidate,SourceVerified,
PileOfGlacialSnow,Item,Data/Scripts/Items/Gifts/Holiday/Christmas/Christmas Gifts/PileOfGlacialSnow.cs,ItemCandidate,SourceVerified,
Pillows,Item,Data/Scripts/Items/Decorations/Pillows.cs,ItemCandidate,SourceVerified,
PineBoard,BaseWoodBoard,Data/Scripts/Items/Trades/Carpenter Items/Board.cs,ItemCandidate,SourceVerified,
PineLog,BaseLog,Data/Scripts/Items/Trades/Lumberjack/Log.cs,ItemCandidate,SourceVerified,
PineTreeFletcherTools,RunicFletcherTools,Data/Scripts/Trades/Runics/BaseRunicFletcherTools.cs,ItemCandidate,SourceVerified,
PineTreeSaw,RunicSaw,Data/Scripts/Trades/Runics/BaseRunicSaw.cs,ItemCandidate,SourceVerified,
PinkFancyRugAddon,BaseAddon,Data/Scripts/Items/Special/Heritage Items/PinkFancyRug.cs,ItemCandidate,SourceVerified,
PinkFancyRugDeed,BaseAddonDeed,Data/Scripts/Items/Special/Heritage Items/PinkFancyRug.cs,ItemCandidate,SourceVerified,
PinotNoirGrapes,BaseWineGrapes,Data/Scripts/Custom/Vhaerun's CRL Homestead System [2.0]/Dracana's Winecrafting [2.0]/Items/Craft Items/Resources/WineGrapes.cs,ItemCandidate,SourceVerified,
Pipes,BaseInstrument,Data/Scripts/Items/Trades/Musical Instruments/Pipes.cs,ItemCandidate,SourceVerified,
PirateBounty,Item,Data/Scripts/Items/Boats/PirateBounty.cs,ItemCandidate,SourceVerified,
PirateChest,SkullChest,Data/Scripts/Items/Containers/PirateChest.cs,ItemCandidate,SourceVerified,
PirateCoat,BaseOuterTorso,Data/Scripts/Items/Clothing/Robes.cs,ItemCandidate,SourceVerified,
PirateHat,BaseHat,Data/Scripts/Items/Clothing/Hats.cs,ItemCandidate,SourceVerified,
PiratePants,BasePants,Data/Scripts/Items/Clothing/Pants.cs,ItemCandidate,SourceVerified,
Pitcher,BaseBeverage,Data/Scripts/Items/Food/Beverage.cs,ItemCandidate,SourceVerified,
PitcherWater,Item,Data/Scripts/Items/Food/Cooking.cs,ItemCandidate,SourceVerified,
Pitchfork,BaseSpear,Data/Scripts/Items/Weapons/SpearsAndForks/Pitchfork.cs,ItemCandidate,SourceVerified,
Pitchforks,BaseSpear,Data/Scripts/Items/Weapons/SpearsAndForks/Pitchforks.cs,ItemCandidate,SourceVerified,
PixieSkull,BaseReagent,Data/Scripts/Items/Trades/Resources/Reagents/Alchemy/PixieSkull.cs,ItemCandidate,SourceVerified,
PixieSwatter,Scepter,Data/Scripts/Items/Magical/Artifacts/Obsolete/Obsolete_PixieSwatter.cs,ItemCandidate,SourceVerified,
Pizza,Food,Data/Scripts/Items/Food/Food.cs,ItemCandidate,SourceVerified,Multiple source declarations found.
PlagueBeastBackpack,BaseContainer,Data/Scripts/Custom/Champions/Items/PlagueBeastBackpack.cs,ItemCandidate,SourceVerified,
PlagueBeastBackupOrgan,PlagueBeastOrgan,Data/Scripts/Custom/Champions/Items/PlagueBeastOrgans.cs,ItemCandidate,SourceVerified,
PlagueBeastBlood,PlagueBeastComponent,Data/Scripts/Custom/Champions/Items/PlagueBeastBlood.cs,ItemCandidate,SourceVerified,
PlagueBeastComponent,PlagueBeastInnard,Data/Scripts/Custom/Champions/Items/PlagueBeastInnard.cs,ItemCandidate,SourceVerified,
PlagueBeastGland,Item,Data/Scripts/Custom/Champions/Items/PlagueBeastGland.cs,ItemCandidate,SourceVerified,
PlagueBeastHeart,PlagueBeastInnard,Data/Scripts/Custom/Champions/Items/PlagueBeastHeart.cs,ItemCandidate,SourceVerified,
PlagueBeastInnard,Item,Data/Scripts/Custom/Champions/Items/PlagueBeastInnard.cs,ItemCandidate,SourceVerified,
PlagueBeastMaidenOrgan,PlagueBeastOrgan,Data/Scripts/Custom/Champions/Items/PlagueBeastOrgans.cs,ItemCandidate,SourceVerified,
PlagueBeastMainOrgan,PlagueBeastOrgan,Data/Scripts/Custom/Champions/Items/PlagueBeastOrgans.cs,ItemCandidate,SourceVerified,
PlagueBeastMutationCore,Item,Data/Scripts/Custom/Champions/Items/PlagueBeastMutationCore.cs,ItemCandidate,SourceVerified,
PlagueBeastOrgan,PlagueBeastInnard,Data/Scripts/Custom/Champions/Items/PlagueBeastOrgans.cs,ItemCandidate,SourceVerified,
PlagueBeastRockOrgan,PlagueBeastOrgan,Data/Scripts/Custom/Champions/Items/PlagueBeastOrgans.cs,ItemCandidate,SourceVerified,
PlagueBeastRubbleOrgan,PlagueBeastOrgan,Data/Scripts/Custom/Champions/Items/PlagueBeastOrgans.cs,ItemCandidate,SourceVerified,
PlagueBeastVein,PlagueBeastComponent,Data/Scripts/Custom/Champions/Items/PlagueBeastVein.cs,ItemCandidate,SourceVerified,
PlainDress,BaseOuterTorso,Data/Scripts/Items/Clothing/OuterTorso.cs,ItemCandidate,SourceVerified,
PlainLowTable,Item,Data/Scripts/Items/Construction/Tables/Tables.cs,ItemCandidate,SourceVerified,
PlainWoodenChest,LockableContainer,Data/Scripts/Items/Containers/Container.cs,ItemCandidate,SourceVerified,
Plank,Item,Data/Scripts/Items/Boats/Plank.cs,ItemCandidate,SourceVerified,
PlantBowl,Item,Data/Scripts/Trades/Gardening/PlantBowl.cs,ItemCandidate,SourceVerified,
PlantHueInfo,,Data/Scripts/Trades/Gardening/PlantHue.cs,ItemCandidate,SourceVerified,
PlantItem,Item,Data/Scripts/Trades/Gardening/PlantItem.cs,ItemCandidate,SourceVerified,
PlantPourTarget,Target,Data/Scripts/Trades/Gardening/PlantPourTarget.cs,ItemCandidate,SourceVerified,
PlantResourceInfo,,Data/Scripts/Trades/Gardening/PlantResources.cs,ItemCandidate,SourceVerified,
PlantSystem,,Data/Scripts/Trades/Gardening/PlantSystem.cs,ItemCandidate,SourceVerified,
PlantTypeInfo,,Data/Scripts/Trades/Gardening/PlantType.cs,ItemCandidate,SourceVerified,
PlasmaGrenade,Item,Data/Scripts/Items/Technology/PlasmaGrenade.cs,ItemCandidate,SourceVerified,
PlasmaTorch,Item,Data/Scripts/Items/Technology/PlasmaTorch.cs,ItemCandidate,SourceVerified,
PlasterCityBankAddon,BaseAddon,Data/Scripts/Custom/Government System/Items/Civic Structures/Stock Buildings/Banks/PlasterCityBankAddon.cs,ItemCandidate,SourceVerified,
PlasterCityBankDeed,CityDeed,Data/Scripts/Custom/Government System/Items/Deeds/Stock Deeds/Banks/PlasterCityBankDeed.cs,ItemCandidate,SourceVerified,
PlasterCityHallAddon,BaseAddon,Data/Scripts/Custom/Government System/Items/Civic Structures/Stock Buildings/City Halls/PlasterCityHallAddon.cs,ItemCandidate,SourceVerified,
PlasterCityHallDeed,CityDeed,Data/Scripts/Custom/Government System/Items/Deeds/Stock Deeds/City Halls/PlasterCityHallDeed.cs,ItemCandidate,SourceVerified,
PlasterCityHealerAddon,BaseAddon,Data/Scripts/Custom/Government System/Items/Civic Structures/Stock Buildings/Healers/PlasterCityHealerAddon.cs,ItemCandidate,SourceVerified,
PlasterCityHealerDeed,CityDeed,Data/Scripts/Custom/Government System/Items/Deeds/Stock Deeds/Healers/PlasterCityHealerDeed.cs,ItemCandidate,SourceVerified,
PlasterCityMarketAddon,BaseAddon,Data/Scripts/Custom/Government System/Items/Civic Structures/Stock Buildings/Markets/PlasterMarketAddon.cs,ItemCandidate,SourceVerified,
PlasterCityMarketDeed,CityDeed,Data/Scripts/Custom/Government System/Items/Deeds/Stock Deeds/Markets/PlasterCityMarketDeed.cs,ItemCandidate,SourceVerified,
PlasterCityStableAddon,BaseAddon,Data/Scripts/Custom/Government System/Items/Civic Structures/Stock Buildings/Stable/PlasterCityStableAddon.cs,ItemCandidate,SourceVerified,
PlasterCityStableDeed,CityDeed,Data/Scripts/Custom/Government System/Items/Deeds/Stock Deeds/Stable/PlasterCityHealerDeed.cs,ItemCandidate,SourceVerified,
PlasterCityTavernAddon,BaseAddon,Data/Scripts/Custom/Government System/Items/Civic Structures/Stock Buildings/Taverns/PlasterCityTavernAddon.cs,ItemCandidate,SourceVerified,
PlasterCityTavernDeed,CityDeed,Data/Scripts/Custom/Government System/Items/Deeds/Stock Deeds/Taverns/PlasterCityTavernDeed.cs,ItemCandidate,SourceVerified,
Plate,Item,Data/Scripts/Items/Trades/Tinkering/Utensils.cs,ItemCandidate,SourceVerified,
PlateArms,BaseArmor,Data/Scripts/Items/Armor/Plate/PlateArms.cs,ItemCandidate,SourceVerified,
PlateBattleKabuto,BaseArmor,Data/Scripts/Items/Armor/Plate/PlateBattleKabuto.cs,ItemCandidate,SourceVerified,
PlateChest,BaseArmor,Data/Scripts/Items/Armor/Plate/PlateChest.cs,ItemCandidate,SourceVerified,
PlateDo,BaseArmor,Data/Scripts/Items/Armor/Plate/PlateDo.cs,ItemCandidate,SourceVerified,
PlateGloves,BaseArmor,Data/Scripts/Items/Armor/Plate/PlateGloves.cs,ItemCandidate,SourceVerified,
PlateGorget,BaseArmor,Data/Scripts/Items/Armor/Plate/PlateGorget.cs,ItemCandidate,SourceVerified,
PlateHaidate,BaseArmor,Data/Scripts/Items/Armor/Plate/PlateHaidate.cs,ItemCandidate,SourceVerified,
PlateHatsuburi,BaseArmor,Data/Scripts/Items/Armor/Plate/PlateHatsuburi.cs,ItemCandidate,SourceVerified,
PlateHelm,BaseArmor,Data/Scripts/Items/Armor/Helmets/PlateHelm.cs,ItemCandidate,SourceVerified,
PlateHiroSode,BaseArmor,Data/Scripts/Items/Armor/Plate/PlateHiroSode.cs,ItemCandidate,SourceVerified,
PlateLegs,BaseArmor,Data/Scripts/Items/Armor/Plate/PlateLegs.cs,ItemCandidate,SourceVerified,
PlateMempo,BaseArmor,Data/Scripts/Items/Armor/Plate/PlateMempo.cs,ItemCandidate,SourceVerified,
PlateSkirt,BaseArmor,Data/Scripts/Items/Armor/Plate/PlateSkirt.cs,ItemCandidate,SourceVerified,
PlateSuneate,BaseArmor,Data/Scripts/Items/Armor/Plate/PlateSuneate.cs,ItemCandidate,SourceVerified,
PlayerBBEast,BasePlayerBB,Data/Scripts/Items/Misc/PlayerBulletinBoards.cs,ItemCandidate,SourceVerified,
PlayerBBGump,Gump,Data/Scripts/Items/Misc/PlayerBulletinBoards.cs,ItemCandidate,SourceVerified,
PlayerBBMessage,,Data/Scripts/Items/Misc/PlayerBulletinBoards.cs,ItemCandidate,SourceVerified,
PlayerBBSouth,BasePlayerBB,Data/Scripts/Items/Misc/PlayerBulletinBoards.cs,ItemCandidate,SourceVerified,
PlayersHandbook,Item,Data/Scripts/Items/Misc/Games/DandD/PlayersHandbook.cs,ItemCandidate,SourceVerified,
PlayersHouseTeleporter,Item,Data/Scripts/Items/Houses/PlayersHouseTeleporter.cs,ItemCandidate,SourceVerified,
PlayersZTeleporter,Item,Data/Scripts/Items/Houses/PlayersZTeleporter.cs,ItemCandidate,SourceVerified,
PlayingCards,Item,Data/Scripts/Items/Special/Rares/PlayingCards/PlayingCards.cs,ItemCandidate,SourceVerified,
PlayingCards2,Item,Data/Scripts/Items/Special/Rares/PlayingCards/PlayingCards2.cs,ItemCandidate,SourceVerified,
PoisonFieldMagicStaff,BaseMagicStaff,Data/Scripts/Items/Wands/5th Circle/PoisonFieldStaff.cs,ItemCandidate,SourceVerified,
PoisonMagicStaff,BaseMagicStaff,Data/Scripts/Items/Wands/3rd Circle/PoisonStaff.cs,ItemCandidate,SourceVerified,
PoisonPotion,BasePoisonPotion,Data/Scripts/Items/Potions/Standard/Poison Potions/PoisonPotion.cs,ItemCandidate,SourceVerified,
PoisonTrapCraft,TrapCraft,Data/Scripts/Trades/Crafting/DefTinkering.cs,ItemCandidate,SourceVerified,
PoisonedGlasses,ElvenGlasses,Data/Scripts/Items/Armor/Glasses/PoisonedGlasses.cs,ItemCandidate,SourceVerified,
PolarBearBoots,FurBoots,Data/Scripts/Items/Magical/Artifacts/Obsolete/Obsolete_PolarBearBoots.cs,ItemCandidate,SourceVerified,
PolarBearCape,FurCape,Data/Scripts/Items/Magical/Artifacts/Obsolete/Obsolete_PolarBearCloak.cs,ItemCandidate,SourceVerified,
PolarBearMask,BearMask,Data/Scripts/Items/Magical/Artifacts/Obsolete/Obsolete_PolarBearMask.cs,ItemCandidate,SourceVerified,
PolarBearRugEastAddon,BaseAddon,Data/Scripts/Items/Construction/Addons/BearRugs.cs,ItemCandidate,SourceVerified,
PolarBearRugEastDeed,BaseAddonDeed,Data/Scripts/Items/Construction/Addons/BearRugs.cs,ItemCandidate,SourceVerified,
PolarBearRugSouthAddon,BaseAddon,Data/Scripts/Items/Construction/Addons/BearRugs.cs,ItemCandidate,SourceVerified,
PolarBearRugSouthDeed,BaseAddonDeed,Data/Scripts/Items/Construction/Addons/BearRugs.cs,ItemCandidate,SourceVerified,
PolishBoneBrush,Item,Data/Scripts/Items/Trades/Resources/Tailor/PolishBoneBrush.cs,ItemCandidate,SourceVerified,
PolishedBone,Item,Data/Scripts/Items/Trades/Resources/Tailor/PolishedBone.cs,ItemCandidate,SourceVerified,
PolishedSkull,Item,Data/Scripts/Items/Trades/Resources/Tailor/PolishedSkull.cs,ItemCandidate,SourceVerified,
PollinateTarget,Target,Data/Scripts/Trades/Gardening/PollinateTarget.cs,ItemCandidate,SourceVerified,
PolymorphMagicStaff,BaseMagicStaff,Data/Scripts/Items/Wands/7th Circle/PolymorphStaff.cs,ItemCandidate,SourceVerified,
PonyTail,Hair,Data/Scripts/Items/Misc/Facial/Hair.cs,ItemCandidate,SourceVerified,
PoolOfAcid,Item,Data/Scripts/Items/Misc/PoolOfAcid.cs,ItemCandidate,SourceVerified,
PortableSmelter,Item,Data/Scripts/Items/Technology/PortableSmelter.cs,ItemCandidate,SourceVerified,
PortcullisEW,BaseDoor,Data/Scripts/Items/Doors/Portcullis.cs,ItemCandidate,SourceVerified,
PortcullisNS,BaseDoor,Data/Scripts/Items/Doors/Portcullis.cs,ItemCandidate,SourceVerified,
PostPrompt,Prompt,Data/Scripts/Items/Misc/PlayerBulletinBoards.cs,ItemCandidate,SourceVerified,
PotionCauldron,BaseAddon,Data/Scripts/Items/Potions/Special/PotionCauldron.cs,ItemCandidate,SourceVerified,
PotionKeg,Item,Data/Scripts/Items/Potions/PotionKeg.cs,ItemCandidate,SourceVerified,
PotionOfDexterity,Item,Data/Scripts/Items/Potions/Special/PotionOfDexterity.cs,ItemCandidate,SourceVerified,
PotionOfMight,Item,Data/Scripts/Items/Potions/Special/PotionOfMight.cs,ItemCandidate,SourceVerified,
PotionOfWisdom,Item,Data/Scripts/Items/Potions/Special/PotionOfWisdom.cs,ItemCandidate,SourceVerified,
PottedCactus,Item,Data/Scripts/Items/Trades/Plants/Potted/PottedCactus.cs,ItemCandidate,SourceVerified,
PottedCactus1,Item,Data/Scripts/Items/Trades/Plants/Potted/PottedCactus.cs,ItemCandidate,SourceVerified,
PottedCactus2,Item,Data/Scripts/Items/Trades/Plants/Potted/PottedCactus.cs,ItemCandidate,SourceVerified,
PottedCactus3,Item,Data/Scripts/Items/Trades/Plants/Potted/PottedCactus.cs,ItemCandidate,SourceVerified,
PottedCactus4,Item,Data/Scripts/Items/Trades/Plants/Potted/PottedCactus.cs,ItemCandidate,SourceVerified,
PottedCactus5,Item,Data/Scripts/Items/Trades/Plants/Potted/PottedCactus.cs,ItemCandidate,SourceVerified,
PottedCactusDeed,Item,Data/Scripts/Items/Special/Veteran Rewards/PottedCactus.cs,ItemCandidate,SourceVerified,
PottedPlant,Item,Data/Scripts/Items/Trades/Plants/Potted/PottedPlants.cs,ItemCandidate,SourceVerified,
PottedPlant1,Item,Data/Scripts/Items/Trades/Plants/Potted/PottedPlants.cs,ItemCandidate,SourceVerified,
PottedPlant2,Item,Data/Scripts/Items/Trades/Plants/Potted/PottedPlants.cs,ItemCandidate,SourceVerified,
PottedTree,Item,Data/Scripts/Items/Trades/Plants/Potted/PottedTrees.cs,ItemCandidate,SourceVerified,
PottedTree1,Item,Data/Scripts/Items/Trades/Plants/Potted/PottedTrees.cs,ItemCandidate,SourceVerified,
Pouch,TrapableContainer,Data/Scripts/Items/Containers/Container.cs,ItemCandidate,SourceVerified,
PourMenu,ContextMenuEntry,Data/Scripts/Items/Food/Beverage.cs,ItemCandidate,SourceVerified,
PowderOfTemperament,Item,Data/Scripts/Items/Special/Bulk Order Rewards/Blacksmithy/PowderOfTemperament.cs,ItemCandidate,SourceVerified,
PowderOfTranslocation,Item,Data/Scripts/Items/Special/Solen Items/PowderOfTranslocation.cs,ItemCandidate,SourceVerified,
PowerCrystal,Item,Data/Scripts/Items/Misc/PowerCrystal.cs,ItemCandidate,SourceVerified,
PowerGenerator,BaseAddon,Data/Scripts/Items/Misc/PowerGenerator.cs,ItemCandidate,SourceVerified,
PowerGump,Gump,Data/Scripts/Items/Books/PowerScrolls/PowerScrollBuy.cs,ItemCandidate,SourceVerified,
PowerScroll,SpecialScroll,Data/Scripts/Items/Books/PowerScrolls/PowerScroll.cs,ItemCandidate,SourceVerified,
PowerSurge,MagicLantern,Data/Scripts/Items/Magical/Artifacts/Obsolete/Obsolete_PowerSurge.cs,ItemCandidate,SourceVerified,
PresetMap,MapItem,Data/Scripts/Items/Trades/Maps/PresetMap.cs,ItemCandidate,SourceVerified,
PresetMapEntry,,Data/Scripts/Items/Trades/Maps/PresetMap.cs,ItemCandidate,SourceVerified,
PreviewHouse,BaseMulti,Data/Scripts/Items/Houses/PreviewHouse.cs,ItemCandidate,SourceVerified,
PriestRobe,BaseOuterTorso,Data/Scripts/Items/Clothing/Robes.cs,ItemCandidate,SourceVerified,
PrisonExit,Item,Data/Scripts/Items/Doors/PrisonExit.cs,ItemCandidate,SourceVerified,
PristineDreadHorn,Item,Data/Scripts/Items/Trades/Resources/MiscMLResources.cs,ItemCandidate,SourceVerified,
PrizedFish,BaseMagicFish,Data/Scripts/Items/Trades/Resources/Fishing/MagicFish.cs,ItemCandidate,SourceVerified,
PromotionalToken,Item,Data/Scripts/Items/Misc/PromotionalToken.cs,ItemCandidate,SourceVerified,
ProphetRobe,BaseOuterTorso,Data/Scripts/Items/Clothing/Robes.cs,ItemCandidate,SourceVerified,
ProspectorsTool,BaseBashing,Data/Scripts/Items/Trades/Harvest Tools/ProspectorsTool.cs,ItemCandidate,SourceVerified,
ProtectionMagicStaff,BaseMagicStaff,Data/Scripts/Items/Wands/2nd Circle/ProtectionStaff.cs,ItemCandidate,SourceVerified,
ProvisionerCrate,LockableContainer,Data/Scripts/Items/Containers/Container.cs,ItemCandidate,SourceVerified,
PublicDoor,Item,Data/Scripts/Items/Doors/PublicDoor.cs,ItemCandidate,SourceVerified,
PublicMoongate,Item,Data/Scripts/Items/Misc/PublicMoongate.cs,ItemCandidate,SourceVerified,
PugilistGlove,BaseWeapon,Data/Scripts/Items/Magical/PugilistGlove.cs,ItemCandidate,SourceVerified,
PugilistGloves,BaseWeapon,Data/Scripts/Items/Magical/PugilistGlove.cs,ItemCandidate,SourceVerified,
PugilistMits,PugilistGloves,Data/Scripts/Items/Weapons/Hands/PugilistMits.cs,ItemCandidate,SourceVerified,
PumpkinGiant,Food,Data/Scripts/Items/Food/Vegetables.cs,ItemCandidate,SourceVerified,
PumpkinGreen,Food,Data/Scripts/Items/Food/Vegetables.cs,ItemCandidate,SourceVerified,
PumpkinLarge,Food,Data/Scripts/Items/Food/Vegetables.cs,ItemCandidate,SourceVerified,
PumpkinPie,Food,Data/Scripts/Items/Food/Food.cs,ItemCandidate,SourceVerified,Multiple source declarations found.
PumpkinScarecrow,Item,Data/Scripts/Items/Gifts/Holiday/Halloween/Rewards/HalloweenItems.cs,ItemCandidate,SourceVerified,
PumpkinTall,Food,Data/Scripts/Items/Food/Vegetables.cs,ItemCandidate,SourceVerified,
Putrefication,Item,Data/Scripts/Items/Trades/Resources/MiscMLResources.cs,ItemCandidate,SourceVerified,
PuzzleCube,Item,Data/Scripts/Items/Misc/Games/PuzzleCube.cs,ItemCandidate,SourceVerified,
Pyramid,BaseHouse,Data/Scripts/Items/Houses/NewHouses.cs,ItemCandidate,SourceVerified,
PyramidAddon,BaseAddon,Data/Scripts/Items/Construction/Addons/PyramidAddon.cs,ItemCandidate,SourceVerified,
QuarterStaff,BaseStaff,Data/Scripts/Items/Weapons/Staves/QuarterStaff.cs,ItemCandidate,SourceVerified,
QuartzAmulet,GoldNecklace,Data/Scripts/Items/Jewels/Tinkered.cs,ItemCandidate,SourceVerified,
QuartzBracelet,GoldBracelet,Data/Scripts/Items/Jewels/Tinkered.cs,ItemCandidate,SourceVerified,
QuartzEarrings,GoldEarrings,Data/Scripts/Items/Jewels/Tinkered.cs,ItemCandidate,SourceVerified,
QuartzFemalePlateChest,FemalePlateChest,Data/Scripts/Items/Armor/Gargoyle/QuartzArmor.cs,ItemCandidate,SourceVerified,
QuartzIngot,Item,Data/Scripts/Items/Trades/Resources/Blacksmithing/BlockofQuartz.cs,ItemCandidate,SourceVerified,
QuartzPlateArms,PlateArms,Data/Scripts/Items/Armor/Gargoyle/QuartzArmor.cs,ItemCandidate,SourceVerified,
QuartzPlateChest,PlateChest,Data/Scripts/Items/Armor/Gargoyle/QuartzArmor.cs,ItemCandidate,SourceVerified,
QuartzPlateGloves,PlateGloves,Data/Scripts/Items/Armor/Gargoyle/QuartzArmor.cs,ItemCandidate,SourceVerified,
QuartzPlateGorget,PlateGorget,Data/Scripts/Items/Armor/Gargoyle/QuartzArmor.cs,ItemCandidate,SourceVerified,
QuartzPlateHelm,PlateHelm,Data/Scripts/Items/Armor/Gargoyle/QuartzArmor.cs,ItemCandidate,SourceVerified,
QuartzPlateLegs,PlateLegs,Data/Scripts/Items/Armor/Gargoyle/QuartzArmor.cs,ItemCandidate,SourceVerified,
QuartzRing,GoldRing,Data/Scripts/Items/Jewels/Tinkered.cs,ItemCandidate,SourceVerified,
QuartzShield,HeaterShield,Data/Scripts/Items/Armor/Gargoyle/QuartzArmor.cs,ItemCandidate,SourceVerified,
Quell,Bardiche,Data/Scripts/Items/Magical/Artifacts/Obsolete/Obsolete_Quell.cs,ItemCandidate,SourceVerified,
QueryMakersMarkGump,Gump,Data/Scripts/Trades/Core/Gumps/QueryMakersMarkGump.cs,ItemCandidate,SourceVerified,
QuestSouvenir,Item,Data/Scripts/Items/Gifts/Rewards/QuestSouvenir.cs,ItemCandidate,SourceVerified,
Quiche,Food,Data/Scripts/Items/Food/Food.cs,ItemCandidate,SourceVerified,Multiple source declarations found.
QuiverOfBlight,ElvenQuiver,Data/Scripts/Items/Magical/Artifacts/Specific/QuiverOfBlight.cs,ItemCandidate,SourceVerified,
QuiverOfElements,BaseQuiver,Data/Scripts/Items/Magical/Artifacts/Specific/QuiverOfElements.cs,ItemCandidate,SourceVerified,
QuiverOfFire,ElvenQuiver,Data/Scripts/Items/Magical/Artifacts/Specific/QuiverOfFire.cs,ItemCandidate,SourceVerified,
QuiverOfIce,ElvenQuiver,Data/Scripts/Items/Magical/Artifacts/Specific/QuiverOfIce.cs,ItemCandidate,SourceVerified,
QuiverOfInfinity,BaseQuiver,Data/Scripts/Items/Magical/Artifacts/Specific/QuiverOfInfinity.cs,ItemCandidate,SourceVerified,
QuiverOfLightning,ElvenQuiver,Data/Scripts/Items/Magical/Artifacts/Specific/QuiverOfLightning.cs,ItemCandidate,SourceVerified,
QuiverOfRage,BaseQuiver,Data/Scripts/Items/Magical/Artifacts/Specific/QuiverOfRage.cs,ItemCandidate,SourceVerified,
RaceTeleporter,Item,Data/Scripts/Items/Doors/RaceTeleporter.cs,ItemCandidate,SourceVerified,
RadiantScimitar,BaseSword,Data/Scripts/Items/Weapons/Swords/RadiantScimitar.cs,ItemCandidate,SourceVerified,
RaedsGlory,WarCleaver,Data/Scripts/Items/Magical/Artifacts/Obsolete/Obsolete_RaedsGlory.cs,ItemCandidate,SourceVerified,
RaffleEntry,,Data/Scripts/Items/Special/House Raffle/HouseRaffleStone.cs,ItemCandidate,SourceVerified,
RamusNecromanticScalpel,ButcherKnife,Data/Scripts/Items/Magical/Artifacts/Obsolete/Obsolete_RamusNecromanticScalpel.cs,ItemCandidate,SourceVerified,
RandomExit,Item,Data/Scripts/Items/Doors/RandomExit.cs,ItemCandidate,SourceVerified,
RangerArms,BaseArmor,Data/Scripts/Items/Armor/Ranger/RangerArms.cs,ItemCandidate,SourceVerified,
RangerChest,BaseArmor,Data/Scripts/Items/Armor/Ranger/RangerChest.cs,ItemCandidate,SourceVerified,
RangerGloves,BaseArmor,Data/Scripts/Items/Armor/Ranger/RangerGloves.cs,ItemCandidate,SourceVerified,
RangerGorget,BaseArmor,Data/Scripts/Items/Armor/Ranger/RangerGorget.cs,ItemCandidate,SourceVerified,
RangerLegs,BaseArmor,Data/Scripts/Items/Armor/Ranger/RangerLegs.cs,ItemCandidate,SourceVerified,
RareAnvil,Item,Data/Scripts/Items/Special/Bulk Order Rewards/Blacksmithy/ColoredAnvil.cs,ItemCandidate,SourceVerified,
RareMetals,Item,Data/Scripts/Items/Trades/Resources/Blacksmithing/RareMetals.cs,ItemCandidate,SourceVerified,
RattanDoor,BaseDoor,Data/Scripts/Items/Doors/Doors.cs,ItemCandidate,SourceVerified,
RawBeeswax,Item,Data/Scripts/Trades/Apiculture/Items/RawBeeswax.cs,ItemCandidate,SourceVerified,
RawBird,CookableFood,Data/Scripts/Items/Food/CookableFood.cs,ItemCandidate,SourceVerified,Multiple source declarations found.
RawChickenLeg,CookableFood,Data/Scripts/Items/Food/CookableFood.cs,ItemCandidate,SourceVerified,Multiple source declarations found.
RawFishSteak,CookableFood,Data/Scripts/Items/Food/CookableFood.cs,ItemCandidate,SourceVerified,Multiple source declarations found.
RawLambLeg,CookableFood,Data/Scripts/Items/Food/CookableFood.cs,ItemCandidate,SourceVerified,Multiple source declarations found.
RawPig,CookableFood,Data/Scripts/Items/Food/CookableFood.cs,ItemCandidate,SourceVerified,
RawRibs,CookableFood,Data/Scripts/Items/Food/CookableFood.cs,ItemCandidate,SourceVerified,Multiple source declarations found.
ReactiveArmorMagicStaff,BaseMagicStaff,Data/Scripts/Items/Wands/1st Circle/ReactiveArmorStaff.cs,ItemCandidate,SourceVerified,
ReadGump,Gump,Data/Scripts/Items/Books/BulletinBoards/GuardNote.cs,ItemCandidate,SourceVerified,
ReaperCowl,BaseHat,Data/Scripts/Items/Clothing/ReaperHoods.cs,ItemCandidate,SourceVerified,
ReaperHood,BaseHat,Data/Scripts/Items/Clothing/ReaperHoods.cs,ItemCandidate,SourceVerified,
ReaperOil,Item,Data/Scripts/Items/Trades/Resources/Unique/ReaperOil.cs,ItemCandidate,SourceVerified,
RecCivicSign,CivicSign,Data/Scripts/Custom/Government System/Items/Signs/RecCivicSign.cs,ItemCandidate,SourceVerified,
RecallMagicStaff,BaseMagicStaff,Data/Scripts/Items/Wands/4th Circle/RecallStaff.cs,ItemCandidate,SourceVerified,
RecallRune,Item,Data/Scripts/Items/Trades/Magical/Misc/RecallRune.cs,ItemCandidate,SourceVerified,
ReceedingHair,Hair,Data/Scripts/Items/Misc/Facial/Hair.cs,ItemCandidate,SourceVerified,
ReceiverCrystal,Item,Data/Scripts/Items/Misc/CommunicationCrystals.cs,ItemCandidate,SourceVerified,
Recipe,,Data/Scripts/Trades/Core/Recipes.cs,ItemCandidate,SourceVerified,
RecipeScroll,Item,Data/Scripts/Items/Trades/Misc/RecipeScroll.cs,ItemCandidate,SourceVerified,
RedArmoire,BaseContainer,Data/Scripts/Items/Containers/FurnitureContainer.cs,ItemCandidate,SourceVerified,
RedBeaker,Item,Data/Scripts/Items/Misc/GlassItems.cs,ItemCandidate,SourceVerified,
RedBook,BaseBook,Data/Scripts/Items/Books/RedBook.cs,ItemCandidate,SourceVerified,
RedBottle,Item,Data/Scripts/Items/Misc/GlassItems.cs,ItemCandidate,SourceVerified,
RedCurvedFlask,Item,Data/Scripts/Items/Misc/GlassItems.cs,ItemCandidate,SourceVerified,
RedHangingLantern,BaseLight,Data/Scripts/Items/Construction/Lights/RedHangingLantern.cs,ItemCandidate,SourceVerified,
RedLeaves,Item,Data/Scripts/Trades/Gardening/MiscItems/RedLeaves.cs,ItemCandidate,SourceVerified,
RedLotus,BaseReagent,Data/Scripts/Items/Trades/Resources/Reagents/Alchemy/RedLotus.cs,ItemCandidate,SourceVerified,
RedMisoSoup,Food,Data/Scripts/Items/Food/Asian.cs,ItemCandidate,SourceVerified,
RedPlainRugAddon,BaseAddon,Data/Scripts/Items/Special/Heritage Items/RedPlainRug.cs,ItemCandidate,SourceVerified,
RedPlainRugDeed,BaseAddonDeed,Data/Scripts/Items/Special/Heritage Items/RedPlainRug.cs,ItemCandidate,SourceVerified,
RedPoinsettia,Item,Data/Scripts/Items/Special/Holiday/Poinsettias.cs,ItemCandidate,SourceVerified,
RedRibbedFlask,Item,Data/Scripts/Items/Misc/GlassItems.cs,ItemCandidate,SourceVerified,
RedScales,BaseScales,Data/Scripts/Items/Trades/Resources/Blacksmithing/Scales.cs,ItemCandidate,SourceVerified,
RedSoulstone,SoulStone,Data/Scripts/Items/Special/SoulStone.cs,ItemCandidate,SourceVerified,
RedStocking,BaseContainer,Data/Scripts/Items/Special/Holiday/Stockings.cs,ItemCandidate,SourceVerified,
RedVelvetGiftBox,BaseContainer,Data/Scripts/Items/Special/RedVelvetGiftBox.cs,ItemCandidate,SourceVerified,
RedWellAddon,BaseAddon,Data/Scripts/Items/Construction/Wells/redwell.cs,ItemCandidate,SourceVerified,
RedWellDeed,BaseAddonDeed,Data/Scripts/Items/Construction/Wells/redwell.cs,ItemCandidate,SourceVerified,
RedWellPiece,AddonComponent,Data/Scripts/Items/Construction/Wells/redwell.cs,ItemCandidate,SourceVerified,
RefreshPotion,BaseRefreshPotion,Data/Scripts/Items/Potions/Standard/Refresh Potions/RefreshPotion.cs,ItemCandidate,SourceVerified,
RefundEntry,ContextMenuEntry,Data/Scripts/Items/Houses/Remodeling/ContextMenuEntries.cs,ItemCandidate,SourceVerified,
RejuvenatePotion,BaseRejuvenatePotion,Data/Scripts/Items/Potions/Unique/RejuvenatePotion.cs,ItemCandidate,SourceVerified,
RejuvinationAddonComponent,AddonComponent,Data/Scripts/Items/Construction/Addons/RejuvinationAnkhs.cs,ItemCandidate,SourceVerified,
RejuvinationAnkhNorth,BaseRejuvinationAnkh,Data/Scripts/Items/Construction/Addons/RejuvinationAnkhs.cs,ItemCandidate,SourceVerified,
RejuvinationAnkhWest,BaseRejuvinationAnkh,Data/Scripts/Items/Construction/Addons/RejuvinationAnkhs.cs,ItemCandidate,SourceVerified,
RelicBoxGump,Gump,Data/Scripts/Items/Magical/ManualOfItems.cs,ItemCandidate,SourceVerified,
RelocatedEntity,,Data/Scripts/Items/Houses/BaseHouse.cs,ItemCandidate,SourceVerified,
Remodeling,,Data/Scripts/Items/Houses/Remodeling/Remodeling.cs,ItemCandidate,SourceVerified,
RenameBoatPrompt,Prompt,Data/Scripts/Items/Boats/RenameBoatPrompt.cs,ItemCandidate,SourceVerified,
RenameContPrompt,Prompt,Data/Scripts/Items/Magical/God/LegendaryArtifactRename.cs,ItemCandidate,SourceVerified,
RentalContract,TownHouseSign,Data/Scripts/Items/Houses/Monopoly/Items/RentalContract.cs,ItemCandidate,SourceVerified,
RentalContractCopy,Item,Data/Scripts/Items/Houses/Monopoly/Items/RentalContractCopy.cs,ItemCandidate,SourceVerified,
RentalLicense,Item,Data/Scripts/Items/Houses/Monopoly/Items/RentalLicense.cs,ItemCandidate,SourceVerified,
Repair,,Data/Scripts/Trades/Core/Repair.cs,ItemCandidate,SourceVerified,
RepairDeed,Item,Data/Scripts/Items/Trades/Misc/RepairDeed.cs,ItemCandidate,SourceVerified,
RepairPotion,BasePotion,Data/Scripts/Items/Potions/Special/RepairPotion.cs,ItemCandidate,SourceVerified,
RepeatingCrossbow,BaseRanged,Data/Scripts/Items/Weapons/Bows/RepeatingCrossbow.cs,ItemCandidate,SourceVerified,
ReproductionGump,Gump,Data/Scripts/Trades/Gardening/Gumps/ReproductionGump.cs,ItemCandidate,SourceVerified,
ReptalonFormTalisman,BaseFormTalisman,Data/Scripts/Items/Special/Talismans.cs,ItemCandidate,SourceVerified,
ResStone,,Data/Scripts/Custom/Government System/Items/Stones/CityResurrectionStone.cs,ItemCandidate,SourceVerified,
ResilientBracer,GoldBracelet,Data/Scripts/Items/Magical/Artifacts/Obsolete/Obsolete_ResillientBracer.cs,ItemCandidate,SourceVerified,
ResistanceTypeInfo,,Data/Scripts/Items/Magical/God/LevelAttributes.cs,ItemCandidate,SourceVerified,
Resmelt,,Data/Scripts/Trades/Core/Resmelt.cs,ItemCandidate,SourceVerified,
ResurrectPotion,BasePotion,Data/Scripts/Items/Potions/Special/ResurrectPotion.cs,ItemCandidate,SourceVerified,
ResurrectTile,Item,Data/Scripts/Items/Misc/ResurrectTile.cs,ItemCandidate,SourceVerified,
ResurrectionMagicStaff,BaseMagicStaff,Data/Scripts/Items/Wands/8th Circle/ResurrectionStaff.cs,ItemCandidate,SourceVerified,
Retort,WarFork,Data/Scripts/Items/Magical/Artifacts/Obsolete/Obsolete_Retort.cs,ItemCandidate,SourceVerified,
RevealMagicStaff,BaseMagicStaff,Data/Scripts/Items/Wands/6th Circle/RevealStaff.cs,ItemCandidate,SourceVerified,
RewardBlackDyeTub,DyeTub,Data/Scripts/Items/Misc/Dyes/RewardBlackDyeTub.cs,ItemCandidate,SourceVerified,
RewardBrazier,Item,Data/Scripts/Items/Special/Veteran Rewards/Brazier.cs,ItemCandidate,SourceVerified,
RewardBrazierDeed,Item,Data/Scripts/Items/Special/Veteran Rewards/Brazier.cs,ItemCandidate,SourceVerified,
RewardCake,Item,Data/Scripts/Items/Special/RewardCake.cs,ItemCandidate,SourceVerified,
RewardCalculator,,Data/Scripts/Trades/Bulk Orders/Rewards.cs,ItemCandidate,SourceVerified,
RewardCloak,BaseCloak,Data/Scripts/Items/Clothing/Cloaks.cs,ItemCandidate,SourceVerified,
RewardDress,BaseOuterTorso,Data/Scripts/Items/Clothing/OuterTorso.cs,ItemCandidate,SourceVerified,
RewardGroup,,Data/Scripts/Trades/Bulk Orders/Rewards.cs,ItemCandidate,SourceVerified,
RewardItem,,Data/Scripts/Trades/Bulk Orders/Rewards.cs,ItemCandidate,SourceVerified,
RewardPottedCactus,Item,Data/Scripts/Items/Special/Veteran Rewards/PottedCactus.cs,ItemCandidate,SourceVerified,
RewardRobe,BaseOuterTorso,Data/Scripts/Items/Clothing/OuterTorso.cs,ItemCandidate,SourceVerified,
RewardType,,Data/Scripts/Trades/Bulk Orders/Rewards.cs,ItemCandidate,SourceVerified,
RibCage,Item,Data/Scripts/Items/Misc/Bodies/RibCage.cs,ItemCandidate,SourceVerified,
RibbonTree,Item,Data/Scripts/Items/Special/Holiday/RibbonTrees.cs,ItemCandidate,SourceVerified,
RibbonTreeSmall,Item,Data/Scripts/Items/Special/Holiday/RibbonTrees.cs,ItemCandidate,SourceVerified,
Ribs,Food,Data/Scripts/Items/Food/Food.cs,ItemCandidate,SourceVerified,Multiple source declarations found.
RieslingGrapes,BaseWineGrapes,Data/Scripts/Custom/Vhaerun's CRL Homestead System [2.0]/Dracana's Winecrafting [2.0]/Items/Craft Items/Resources/WineGrapes.cs,ItemCandidate,SourceVerified,
RightArm,Item,Data/Scripts/Items/Misc/Bodies/RightArm.cs,ItemCandidate,SourceVerified,
RightLeg,Item,Data/Scripts/Items/Misc/Bodies/RightLeg.cs,ItemCandidate,SourceVerified,
RighteousAnger,ElvenMachete,Data/Scripts/Items/Magical/Artifacts/Obsolete/Obsolete_RighteousAnger.cs,ItemCandidate,SourceVerified,
RingOfHealth,GoldRing,Data/Scripts/Items/Magical/Artifacts/Obsolete/Obsolete_RingOfHealth.cs,ItemCandidate,SourceVerified,
RingOfTheElements,GoldRing,Data/Scripts/Items/Magical/Artifacts/Obsolete/Obsolete_RingOfTheElements.cs,ItemCandidate,SourceVerified,
RingOfTheMagician,GoldRing,Data/Scripts/Items/Magical/Artifacts/Obsolete/Obsolete_RingOfTheMagician.cs,ItemCandidate,SourceVerified,
RingOfTheVile,GoldRing,Data/Scripts/Items/Magical/Artifacts/Obsolete/Obsolete_RingOfTheVile.cs,ItemCandidate,SourceVerified,
RingmailArms,BaseArmor,Data/Scripts/Items/Armor/Ring/RingmailArms.cs,ItemCandidate,SourceVerified,
RingmailChest,BaseArmor,Data/Scripts/Items/Armor/Ring/RingmailChest.cs,ItemCandidate,SourceVerified,
RingmailGloves,BaseArmor,Data/Scripts/Items/Armor/Ring/RingmailGloves.cs,ItemCandidate,SourceVerified,
RingmailGlovesOfMining,BaseGlovesOfMining,Data/Scripts/Items/Special/Bulk Order Rewards/Blacksmithy/GlovesOfMining.cs,ItemCandidate,SourceVerified,
RingmailLegs,BaseArmor,Data/Scripts/Items/Armor/Ring/RingmailLegs.cs,ItemCandidate,SourceVerified,
RingmailSkirt,BaseArmor,Data/Scripts/Items/Armor/Ring/RingmailSkirt.cs,ItemCandidate,SourceVerified,
RoastPig,Food,Data/Scripts/Items/Food/Food.cs,ItemCandidate,SourceVerified,Multiple source declarations found.
Robe,BaseOuterTorso,Data/Scripts/Items/Clothing/OuterTorso.cs,ItemCandidate,SourceVerified,
RobeOfTeleportation,Robe,Data/Scripts/Items/Magical/Artifacts/Obsolete/Obsolete_RobeOfTeleportation.cs,ItemCandidate,SourceVerified,
RobeOfTheEclipse,MagicRobe,Data/Scripts/Items/Magical/Artifacts/Obsolete/Obsolete_RobeOfTheEclipse.cs,ItemCandidate,SourceVerified,
RobeOfTheEquinox,MagicRobe,Data/Scripts/Items/Magical/Artifacts/Obsolete/Obsolete_RobeOfTheEquinox.cs,ItemCandidate,SourceVerified,
RobeOfTreason,Robe,Data/Scripts/Items/Magical/Artifacts/Obsolete/Obsolete_RobeOfTreason.cs,ItemCandidate,SourceVerified,
RobeoftheVoid,Robe,,ProposedItemClass,Proposed,New class should inherit from the resolved base item class.
RobinHoodsBow,CompositeBow,Data/Scripts/Items/Magical/Artifacts/Obsolete/Obsolete_RobinHoodsBow.cs,ItemCandidate,SourceVerified,
RobinHoodsFeatheredHat,FeatheredHat,Data/Scripts/Items/Magical/Artifacts/Obsolete/Obsolete_RobinHoodsFeatheredHat.cs,ItemCandidate,SourceVerified,
RockArtifact,BaseDecorationArtifact,Data/Scripts/Items/Decorations/Artifacts/DoomDecorationArtifacts.cs,ItemCandidate,SourceVerified,
RockUrn,LockableContainer,Data/Scripts/Items/Containers/Container.cs,ItemCandidate,SourceVerified,
RockVase,LockableContainer,Data/Scripts/Items/Containers/Container.cs,ItemCandidate,SourceVerified,
RodOfResurrection,Scepter,Data/Scripts/Items/Magical/Artifacts/Obsolete/Obsolete_RodOfResurrection.cs,ItemCandidate,SourceVerified,
RollingPin,BaseTool,Data/Scripts/Items/Trades/Tools/RollingPin.cs,ItemCandidate,SourceVerified,
RomulanAle,Item,Data/Scripts/Items/Technology/RomulanAle.cs,ItemCandidate,SourceVerified,
Rope,Item,Data/Scripts/Items/Misc/Rares.cs,ItemCandidate,SourceVerified,
RoseEastLargeAddon,BaseAddon,Data/Scripts/Items/Gifts/Rewards/Rugs/RoseEastLargeAddon.cs,ItemCandidate,SourceVerified,
RoseEastLargeAddonDeed,BaseAddonDeed,Data/Scripts/Items/Gifts/Rewards/Rugs/RoseEastLargeAddon.cs,ItemCandidate,SourceVerified,
RoseEastSmallAddon,BaseAddon,Data/Scripts/Items/Gifts/Rewards/Rugs/RoseEastSmallAddon.cs,ItemCandidate,SourceVerified,
RoseEastSmallAddonDeed,BaseAddonDeed,Data/Scripts/Items/Gifts/Rewards/Rugs/RoseEastSmallAddon.cs,ItemCandidate,SourceVerified,
RoseInAVase,Item,Data/Scripts/Items/Special/RoseInAVase.cs,ItemCandidate,SourceVerified,
RoseOfMoon,Item,Data/Scripts/Items/Special/RoseOfTrinsic.cs,ItemCandidate,SourceVerified,
RoseOfMoonPetal,Item,Data/Scripts/Items/Special/RoseOfTrinsic.cs,ItemCandidate,SourceVerified,
RoseSouthLargeAddon,BaseAddon,Data/Scripts/Items/Gifts/Rewards/Rugs/RoseSouthLargeAddon.cs,ItemCandidate,SourceVerified,
RoseSouthLargeAddonDeed,BaseAddonDeed,Data/Scripts/Items/Gifts/Rewards/Rugs/RoseSouthLargeAddon.cs,ItemCandidate,SourceVerified,
RoseSouthSmallAddon,BaseAddon,Data/Scripts/Items/Gifts/Rewards/Rugs/RoseSouthSmallAddon.cs,ItemCandidate,SourceVerified,
RoseSouthSmallAddonDeed,BaseAddonDeed,Data/Scripts/Items/Gifts/Rewards/Rugs/RoseSouthSmallAddon.cs,ItemCandidate,SourceVerified,
RosewoodBoard,BaseWoodBoard,Data/Scripts/Items/Trades/Carpenter Items/Board.cs,ItemCandidate,SourceVerified,
RosewoodLog,BaseLog,Data/Scripts/Items/Trades/Lumberjack/Log.cs,ItemCandidate,SourceVerified,
RosewoodTreeFletcherTools,RunicFletcherTools,Data/Scripts/Trades/Runics/BaseRunicFletcherTools.cs,ItemCandidate,SourceVerified,
RosewoodTreeSaw,RunicSaw,Data/Scripts/Trades/Runics/BaseRunicSaw.cs,ItemCandidate,SourceVerified,
RottedReagents,Item,Data/Scripts/Items/Traps/RottedReagents.cs,ItemCandidate,SourceVerified,
RoughSharpeningStone,Item,Data/Scripts/Items/Trades/Sharpening/RoughSharpeningStone.cs,ItemCandidate,SourceVerified,
RoughSharpeningStoneTarget,Target,Data/Scripts/Items/Trades/Sharpening/RoughSharpeningStone.cs,ItemCandidate,SourceVerified,
RoundPaperLantern,BaseLight,Data/Scripts/Items/Construction/Lights/RoundPaperLantern.cs,ItemCandidate,SourceVerified,
RoyalArchersBow,Bow,Data/Scripts/Items/Magical/Artifacts/Obsolete/Obsolete_RoyalArchersBow.cs,ItemCandidate,SourceVerified,
RoyalArms,PlateArms,Data/Scripts/Items/Armor/Royal/RoyalArms.cs,ItemCandidate,SourceVerified,
RoyalBoots,PlateGorget,Data/Scripts/Items/Armor/Royal/RoyalBoots.cs,ItemCandidate,SourceVerified,
RoyalCape,BaseCloak,Data/Scripts/Items/Clothing/RoyalCloak.cs,ItemCandidate,SourceVerified,
RoyalChest,PlateChest,Data/Scripts/Items/Armor/Royal/RoyalChest.cs,ItemCandidate,SourceVerified,
RoyalCoat,BaseMiddleTorso,Data/Scripts/Items/Clothing/MiddleTorso.cs,ItemCandidate,SourceVerified,
RoyalGloves,PlateGloves,Data/Scripts/Items/Armor/Royal/RoyalGloves.cs,ItemCandidate,SourceVerified,
RoyalGorget,PlateGorget,Data/Scripts/Items/Armor/Royal/RoyalGorget.cs,ItemCandidate,SourceVerified,
RoyalGuardSurvivalKnife,SkinningKnife,Data/Scripts/Items/Magical/Artifacts/Obsolete/Obsolete_RoyalGuardSurvivalKnife.cs,ItemCandidate,SourceVerified,
RoyalGuardsChestplate,PlateChest,Data/Scripts/Items/Magical/Artifacts/Obsolete/Obsolete_RoyalGuardsChestplate.cs,ItemCandidate,SourceVerified,
RoyalGuardsGorget,PlateGorget,Data/Scripts/Items/Magical/Artifacts/Obsolete/Obsolete_RoyalGuardsGorget.cs,ItemCandidate,SourceVerified,
RoyalHelm,PlateHelm,Data/Scripts/Items/Armor/Helmets/RoyalHelm.cs,ItemCandidate,SourceVerified,
RoyalLoinCloth,BaseWaist,Data/Scripts/Items/Clothing/LoinCloth.cs,ItemCandidate,SourceVerified,
RoyalLongSkirt,BaseOuterLegs,Data/Scripts/Items/Clothing/OuterLegs.cs,ItemCandidate,SourceVerified,
RoyalRobe,BaseOuterTorso,Data/Scripts/Items/Clothing/Robes.cs,ItemCandidate,SourceVerified,
RoyalShield,HeaterShield,Data/Scripts/Items/Armor/Shields/RoyalShield.cs,ItemCandidate,SourceVerified,
RoyalShirt,BaseShirt,Data/Scripts/Items/Clothing/Shirts.cs,ItemCandidate,SourceVerified,
RoyalSkirt,BaseOuterLegs,Data/Scripts/Items/Clothing/OuterLegs.cs,ItemCandidate,SourceVerified,
RoyalSword,VikingSword,Data/Scripts/Items/Weapons/Swords/RoyalSword.cs,ItemCandidate,SourceVerified,
RoyalVest,BaseShirt,Data/Scripts/Items/Clothing/Shirts.cs,ItemCandidate,SourceVerified,
RoyalsLegs,PlateLegs,Data/Scripts/Items/Armor/Royal/RoyalLegs.cs,ItemCandidate,SourceVerified,
Ruby,Item,Data/Scripts/Items/Gems/Ruby.cs,ItemCandidate,SourceVerified,
RubyAmulet,GoldNecklace,Data/Scripts/Items/Jewels/Tinkered.cs,ItemCandidate,SourceVerified,
RubyBracelet,GoldBracelet,Data/Scripts/Items/Jewels/Tinkered.cs,ItemCandidate,SourceVerified,
RubyEarrings,GoldEarrings,Data/Scripts/Items/Jewels/Tinkered.cs,ItemCandidate,SourceVerified,
RubyFemalePlateChest,FemalePlateChest,Data/Scripts/Items/Armor/Gargoyle/RubyArmor.cs,ItemCandidate,SourceVerified,
RubyIngot,Item,Data/Scripts/Items/Trades/Resources/Blacksmithing/BlockofRuby.cs,ItemCandidate,SourceVerified,
RubyPickaxe,BaseSword,Data/Scripts/Items/Trades/Blacksmith Items/RubyPickaxe.cs,ItemCandidate,SourceVerified,
RubyPlateArms,PlateArms,Data/Scripts/Items/Armor/Gargoyle/RubyArmor.cs,ItemCandidate,SourceVerified,
RubyPlateChest,PlateChest,Data/Scripts/Items/Armor/Gargoyle/RubyArmor.cs,ItemCandidate,SourceVerified,
RubyPlateGloves,PlateGloves,Data/Scripts/Items/Armor/Gargoyle/RubyArmor.cs,ItemCandidate,SourceVerified,
RubyPlateGorget,PlateGorget,Data/Scripts/Items/Armor/Gargoyle/RubyArmor.cs,ItemCandidate,SourceVerified,
RubyPlateHelm,PlateHelm,Data/Scripts/Items/Armor/Gargoyle/RubyArmor.cs,ItemCandidate,SourceVerified,
RubyPlateLegs,PlateLegs,Data/Scripts/Items/Armor/Gargoyle/RubyArmor.cs,ItemCandidate,SourceVerified,
RubyRing,GoldRing,Data/Scripts/Items/Jewels/Tinkered.cs,ItemCandidate,SourceVerified,
RubyShield,HeaterShield,Data/Scripts/Items/Armor/Gargoyle/RubyArmor.cs,ItemCandidate,SourceVerified,
RuggedBackpack,BaseContainer,Data/Scripts/Items/Containers/Container.cs,ItemCandidate,SourceVerified,
RuinedArmoire,Item,Data/Scripts/Items/Construction/Ruined/RuinedItemSingle.cs,ItemCandidate,SourceVerified,
RuinedBookcase,Item,Data/Scripts/Items/Construction/Ruined/RuinedItemSingle.cs,ItemCandidate,SourceVerified,
RuinedBooks,Item,Data/Scripts/Items/Construction/Ruined/RuinedItemSingle.cs,ItemCandidate,SourceVerified,
RuinedChair,Item,Data/Scripts/Items/Construction/Ruined/RuinedItemSingle.cs,ItemCandidate,SourceVerified,
RuinedClock,Item,Data/Scripts/Items/Construction/Ruined/RuinedItemSingle.cs,ItemCandidate,SourceVerified,
RuinedDrawers,Item,Data/Scripts/Items/Construction/Ruined/RuinedItemSingle.cs,ItemCandidate,SourceVerified,
RuinedFallenChairA,Item,Data/Scripts/Items/Construction/Ruined/RuinedItemSingle.cs,ItemCandidate,SourceVerified,
RuinedFallenChairB,Item,Data/Scripts/Items/Construction/Ruined/RuinedItemSingle.cs,ItemCandidate,SourceVerified,
RuinedGems,Item,Data/Scripts/Items/Traps/RuinedGems.cs,ItemCandidate,SourceVerified,
RuinedPainting,Item,Data/Scripts/Items/Construction/Ruined/RuinedItemSingle.cs,ItemCandidate,SourceVerified,
RuinedPaintingArtifact,BaseDecorationArtifact,Data/Scripts/Items/Decorations/Artifacts/DoomDecorationArtifacts.cs,ItemCandidate,SourceVerified,
RuinedTapestry,Item,Data/Scripts/Items/Gifts/Holiday/Halloween/Rewards/HalloweenItems.cs,ItemCandidate,SourceVerified,
RulesBoard,Item,Data/Scripts/Items/Books/BulletinBoards/RulesBoard.cs,ItemCandidate,SourceVerified,
RuneBlade,BaseSword,Data/Scripts/Items/Weapons/Swords/RuneBlade.cs,ItemCandidate,SourceVerified,
RuneCarvingKnife,AssassinSpike,Data/Scripts/Items/Magical/Artifacts/Obsolete/Obsolete_RuneCarvingKnife.cs,ItemCandidate,SourceVerified,
RuneJournal,DynamicBook,Data/Scripts/Items/Books/DynamicBook.cs,ItemCandidate,SourceVerified,
RuneOfVirtue,LevelTalismanHoly,Data/Scripts/Items/Magical/RuneOfVirtue.cs,ItemCandidate,SourceVerified,
RuneSword,RoyalSword,,ProposedItemClass,Proposed,New class should inherit from the resolved base item class.
Runebook,Item,Data/Scripts/Items/Trades/Magical/Runebook.cs,ItemCandidate,SourceVerified,
RunebookDyeTub,DyeTub,Data/Scripts/Items/Misc/Dyes/RunebookDyeTub.cs,ItemCandidate,SourceVerified,
RunebookEntry,,Data/Scripts/Items/Trades/Magical/Runebook.cs,ItemCandidate,SourceVerified,
RunicDovetailSaw,BaseRunicTool,Data/Scripts/Items/Trades/Tools/RunicDovetailSaw.cs,ItemCandidate,SourceVerified,
RunicFletcherTools,BaseRunicTool,Data/Scripts/Trades/Runics/BaseRunicFletcherTools.cs,ItemCandidate,SourceVerified,
RunicHammer,BaseRunicTool,Data/Scripts/Items/Trades/Tools/RunicHammer.cs,ItemCandidate,SourceVerified,
RunicHammer1,BaseRunicTool,Data/Scripts/Trades/Runics/BaseRunicHammer.cs,ItemCandidate,SourceVerified,
RunicSaw,BaseRunicTool,Data/Scripts/Trades/Runics/BaseRunicSaw.cs,ItemCandidate,SourceVerified,
RunicSewingKit,BaseRunicTool,Data/Scripts/Items/Trades/Tools/RunicSewingKit.cs,ItemCandidate,SourceVerified,
RunicSewingKit1,BaseRunicTool,Data/Scripts/Trades/Runics/BaseRunicSewingKit.cs,ItemCandidate,SourceVerified,
RunicTinkerTools,BaseRunicTool,Data/Scripts/Trades/Runics/BaseRunicTinkerTools.cs,ItemCandidate,SourceVerified,
RusticShirt,BaseMiddleTorso,Data/Scripts/Items/Clothing/MiddleTorso.cs,ItemCandidate,SourceVerified,
RusticVest,BaseShirt,Data/Scripts/Items/Clothing/Shirts.cs,ItemCandidate,SourceVerified,
RustyChest,LockableContainer,Data/Scripts/Items/Containers/Container.cs,ItemCandidate,SourceVerified,
RustyJunk,Item,Data/Scripts/Items/Trades/Fishing/RustyJunk.cs,ItemCandidate,SourceVerified,
SHTeleComponent,AddonComponent,Data/Scripts/Items/Construction/Addons/SHTeleporter.cs,ItemCandidate,SourceVerified,
SHTeleporter,BaseAddon,Data/Scripts/Items/Construction/Addons/SHTeleporter.cs,ItemCandidate,SourceVerified,
SHTeleporterCreator,,Data/Scripts/Items/Construction/Addons/SHTeleporter.cs,ItemCandidate,SourceVerified,
SOS,Item,Data/Scripts/Items/Trades/Fishing/Misc/SOS.cs,ItemCandidate,SourceVerified,
SackFlour,Item,Data/Scripts/Items/Food/Cooking.cs,ItemCandidate,SourceVerified,Multiple source declarations found.
SackFlourOpen,Item,Data/Scripts/Items/Food/Cooking.cs,ItemCandidate,SourceVerified,
SackOfHolding,LargeSack,Data/Scripts/Items/Containers/SackOfHolding.cs,ItemCandidate,SourceVerified,
SacrificialAltarAddon,BaseAddonContainer,Data/Scripts/Items/Special/Evil Home Decor Collection/SacrificialAltar.cs,ItemCandidate,SourceVerified,
SacrificialAltarDeed,BaseAddonContainerDeed,Data/Scripts/Items/Special/Evil Home Decor Collection/SacrificialAltar.cs,ItemCandidate,SourceVerified,
SaddleArtifact,BaseDecorationArtifact,Data/Scripts/Items/Decorations/Artifacts/DoomDecorationArtifacts.cs,ItemCandidate,SourceVerified,
Safe,Item,Data/Scripts/Items/Containers/Safe.cs,ItemCandidate,SourceVerified,
SageRobe,BaseOuterTorso,Data/Scripts/Items/Clothing/Robes.cs,ItemCandidate,SourceVerified,
Sai,BaseKnife,Data/Scripts/Items/Weapons/Oriental/Sai.cs,ItemCandidate,SourceVerified,
SailorCrate,LockableContainer,Data/Scripts/Items/Containers/Container.cs,ItemCandidate,SourceVerified,
SailorPants,BasePants,Data/Scripts/Items/Clothing/Pants.cs,ItemCandidate,SourceVerified,
SailorShelf,BaseContainer,Data/Scripts/Items/Containers/Shelves.cs,ItemCandidate,SourceVerified,
SakeArtifact,BaseDecorationArtifact,Data/Scripts/Items/Decorations/Artifacts/SEDecorationArtifacts.cs,ItemCandidate,SourceVerified,
SalvageBag,Bag,Data/Scripts/Items/Containers/SalvageBag.cs,ItemCandidate,SourceVerified,
SamaritanRobe,MagicRobe,Data/Scripts/Items/Magical/Artifacts/Obsolete/Obsolete_SamaritanRobe.cs,ItemCandidate,SourceVerified,
SamuraiHelm,BaseArmor,Data/Scripts/Items/Magical/Artifacts/Obsolete/Obsolete_SamuraiHelm.cs,ItemCandidate,SourceVerified,
SamuraiTabi,BaseShoes,Data/Scripts/Items/Clothing/Shoes.cs,ItemCandidate,SourceVerified,
Sand,Item,Data/Scripts/Items/Trades/Specialized/Sand.cs,ItemCandidate,SourceVerified,
SandFlagstones,BaseFloor,Data/Scripts/Items/Construction/Floors/Floors.cs,ItemCandidate,SourceVerified,
SandGreenThornsEffect,GreenThornsEffect,Data/Scripts/Trades/Gardening/MiscItems/GreenThorns.cs,ItemCandidate,SourceVerified,Multiple source declarations found.
SandMiningBook,Item,Data/Scripts/Items/Trades/Specialized/SandMiningBook.cs,ItemCandidate,SourceVerified,
SandStonePatio,BaseHouse,Data/Scripts/Items/Houses/Houses.cs,ItemCandidate,SourceVerified,
Sandals,BaseShoes,Data/Scripts/Items/Clothing/Shoes.cs,ItemCandidate,SourceVerified,
SandstoneCityBankAddon,BaseAddon,Data/Scripts/Custom/Government System/Items/Civic Structures/Stock Buildings/Banks/SandstoneCityBankAddon.cs,ItemCandidate,SourceVerified,
SandstoneCityBankDeed,CityDeed,Data/Scripts/Custom/Government System/Items/Deeds/Stock Deeds/Banks/SandstoneCityBankDeed.cs,ItemCandidate,SourceVerified,
SandstoneCityHallAddon,BaseAddon,Data/Scripts/Custom/Government System/Items/Civic Structures/Stock Buildings/City Halls/SandstoneCityHallAddon.cs,ItemCandidate,SourceVerified,
SandstoneCityHallDeed,CityDeed,Data/Scripts/Custom/Government System/Items/Deeds/Stock Deeds/City Halls/SandstoneCityHallDeed.cs,ItemCandidate,SourceVerified,
SandstoneCityHealerAddon,BaseAddon,Data/Scripts/Custom/Government System/Items/Civic Structures/Stock Buildings/Healers/SandstoneCityHealerAddon.cs,ItemCandidate,SourceVerified,
SandstoneCityHealerDeed,CityDeed,Data/Scripts/Custom/Government System/Items/Deeds/Stock Deeds/Healers/SandstoneCityHealerDeed.cs,ItemCandidate,SourceVerified,
SandstoneCityMarketAddon,BaseAddon,Data/Scripts/Custom/Government System/Items/Civic Structures/Stock Buildings/Markets/SandstoneMarketAddon.cs,ItemCandidate,SourceVerified,
SandstoneCityMarketDeed,CityDeed,Data/Scripts/Custom/Government System/Items/Deeds/Stock Deeds/Markets/SandstoneCityMarketDeed.cs,ItemCandidate,SourceVerified,
SandstoneCityMoongateAddon,BaseAddon,Data/Scripts/Custom/Government System/Items/Civic Structures/Stock Buildings/Moongates/SandstoneCityMoongateAddon.cs,ItemCandidate,SourceVerified,
SandstoneCityMoongateDeed,CityDeed,Data/Scripts/Custom/Government System/Items/Deeds/Stock Deeds/Moongates/SandstoneCityMoongateDeed.cs,ItemCandidate,SourceVerified,
SandstoneCityStableAddon,BaseAddon,Data/Scripts/Custom/Government System/Items/Civic Structures/Stock Buildings/Stable/SandstoneCityStableAddon.cs,ItemCandidate,SourceVerified,
SandstoneCityStableDeed,CityDeed,Data/Scripts/Custom/Government System/Items/Deeds/Stock Deeds/Stable/SandstoneCityHealerDeed.cs,ItemCandidate,SourceVerified,
SandstoneCityTavernAddon,BaseAddon,Data/Scripts/Custom/Government System/Items/Civic Structures/Stock Buildings/Taverns/SandstoneCityTavernAddon.cs,ItemCandidate,SourceVerified,
SandstoneCityTavernDeed,CityDeed,Data/Scripts/Custom/Government System/Items/Deeds/Stock Deeds/Taverns/SandstoneCityTavernDeed.cs,ItemCandidate,SourceVerified,
SandstoneFireplaceEastAddon,BaseAddon,Data/Scripts/Items/Construction/Addons/SandstoneFireplaceEastAddon.cs,ItemCandidate,SourceVerified,
SandstoneFireplaceEastDeed,BaseAddonDeed,Data/Scripts/Items/Construction/Addons/SandstoneFireplaceEastAddon.cs,ItemCandidate,SourceVerified,
SandstoneFireplaceSouthAddon,BaseAddon,Data/Scripts/Items/Construction/Addons/SandstoneFireplaceSouthAddon.cs,ItemCandidate,SourceVerified,
SandstoneFireplaceSouthDeed,BaseAddonDeed,Data/Scripts/Items/Construction/Addons/SandstoneFireplaceSouthAddon.cs,ItemCandidate,SourceVerified,
SandstoneFloorN,BaseFloor,Data/Scripts/Items/Construction/Floors/Floors.cs,ItemCandidate,SourceVerified,
SandstoneFloorW,BaseFloor,Data/Scripts/Items/Construction/Floors/Floors.cs,ItemCandidate,SourceVerified,
SandstoneFountainAddon,BaseAddon,Data/Scripts/Items/Construction/Addons/SandstoneFountainAddon.cs,ItemCandidate,SourceVerified,
SandstonePatioDeed,HouseDeed,Data/Scripts/Items/Houses/Deeds.cs,ItemCandidate,SourceVerified,
SangioveseGrapes,BaseWineGrapes,Data/Scripts/Custom/Vhaerun's CRL Homestead System [2.0]/Dracana's Winecrafting [2.0]/Items/Craft Items/Resources/WineGrapes.cs,ItemCandidate,SourceVerified,
Sapphire,Item,Data/Scripts/Items/Gems/Sapphire.cs,ItemCandidate,SourceVerified,
SapphireAmulet,GoldNecklace,Data/Scripts/Items/Jewels/Tinkered.cs,ItemCandidate,SourceVerified,
SapphireBracelet,GoldBracelet,Data/Scripts/Items/Jewels/Tinkered.cs,ItemCandidate,SourceVerified,
SapphireEarrings,GoldEarrings,Data/Scripts/Items/Jewels/Tinkered.cs,ItemCandidate,SourceVerified,
SapphireFemalePlateChest,FemalePlateChest,Data/Scripts/Items/Armor/Gargoyle/SapphireArmor.cs,ItemCandidate,SourceVerified,
SapphireIngot,Item,Data/Scripts/Items/Trades/Resources/Blacksmithing/BlockofSapphire.cs,ItemCandidate,SourceVerified,
SapphirePlateArms,PlateArms,Data/Scripts/Items/Armor/Gargoyle/SapphireArmor.cs,ItemCandidate,SourceVerified,
SapphirePlateChest,PlateChest,Data/Scripts/Items/Armor/Gargoyle/SapphireArmor.cs,ItemCandidate,SourceVerified,
SapphirePlateGloves,PlateGloves,Data/Scripts/Items/Armor/Gargoyle/SapphireArmor.cs,ItemCandidate,SourceVerified,
SapphirePlateGorget,PlateGorget,Data/Scripts/Items/Armor/Gargoyle/SapphireArmor.cs,ItemCandidate,SourceVerified,
SapphirePlateHelm,PlateHelm,Data/Scripts/Items/Armor/Gargoyle/SapphireArmor.cs,ItemCandidate,SourceVerified,
SapphirePlateLegs,PlateLegs,Data/Scripts/Items/Armor/Gargoyle/SapphireArmor.cs,ItemCandidate,SourceVerified,
SapphireRing,GoldRing,Data/Scripts/Items/Jewels/Tinkered.cs,ItemCandidate,SourceVerified,
SapphireShield,HeaterShield,Data/Scripts/Items/Armor/Gargoyle/SapphireArmor.cs,ItemCandidate,SourceVerified,
Sausage,Food,Data/Scripts/Items/Food/Food.cs,ItemCandidate,SourceVerified,Multiple source declarations found.
SausagePizza,Food,Data/Scripts/Items/Food/Food.cs,ItemCandidate,SourceVerified,Multiple source declarations found.
SauvignonBlancGrapes,BaseWineGrapes,Data/Scripts/Custom/Vhaerun's CRL Homestead System [2.0]/Dracana's Winecrafting [2.0]/Items/Craft Items/Resources/WineGrapes.cs,ItemCandidate,SourceVerified,
SavageArms,BaseArmor,Data/Scripts/Items/Armor/Savage/SavageArms.cs,ItemCandidate,SourceVerified,
SavageChest,BaseArmor,Data/Scripts/Items/Armor/Savage/SavageChest.cs,ItemCandidate,SourceVerified,
SavageGloves,BaseArmor,Data/Scripts/Items/Armor/Savage/SavageGloves.cs,ItemCandidate,SourceVerified,
SavageHelm,BaseArmor,Data/Scripts/Items/Armor/Helmets/SavageHelm.cs,ItemCandidate,SourceVerified,
SavageLegs,BaseArmor,Data/Scripts/Items/Armor/Savage/SavageLegs.cs,ItemCandidate,SourceVerified,
SavageMask,BaseHat,Data/Scripts/Items/Clothing/Hats.cs,ItemCandidate,SourceVerified,
SavageTalisman,MagicTalisman,Data/Scripts/Items/Magical/SavageTalisman.cs,ItemCandidate,SourceVerified,
Saw,BaseTool,Data/Scripts/Items/Trades/Tools/Saw.cs,ItemCandidate,SourceVerified,
SawMillEastAddon,BaseAddon,Data/Scripts/Items/Trades/Lumberjack/SawMillEastAddon.cs,ItemCandidate,SourceVerified,
SawMillEastAddonDeed,BaseAddonDeed,Data/Scripts/Items/Trades/Lumberjack/SawMillEastAddon.cs,ItemCandidate,SourceVerified,
SawMillSouthAddon,BaseAddon,Data/Scripts/Items/Trades/Lumberjack/SawMillSouthAddon.cs,ItemCandidate,SourceVerified,
SawMillSouthAddonDeed,BaseAddonDeed,Data/Scripts/Items/Trades/Lumberjack/SawMillSouthAddon.cs,ItemCandidate,SourceVerified,
SawTrap,BaseTrap,Data/Scripts/Items/Traps/SawTrap.cs,ItemCandidate,SourceVerified,
Scales,Item,Data/Scripts/Items/Misc/Scales.cs,ItemCandidate,SourceVerified,
ScarecrowAddon,BaseAddon,Data/Scripts/Items/Special/Heritage Items/Scarecrow.cs,ItemCandidate,SourceVerified,
ScarecrowComponent,AddonComponent,Data/Scripts/Items/Special/Heritage Items/Scarecrow.cs,ItemCandidate,SourceVerified,
ScarecrowDeed,BaseAddonDeed,Data/Scripts/Items/Special/Heritage Items/Scarecrow.cs,ItemCandidate,SourceVerified,
Scepter,BaseBashing,Data/Scripts/Items/Weapons/Maces/Scepter.cs,ItemCandidate,SourceVerified,
ScholarRobe,BaseOuterTorso,Data/Scripts/Items/Clothing/Robes.cs,ItemCandidate,SourceVerified,
Scimitar,BaseSword,Data/Scripts/Items/Weapons/Swords/Scimitar.cs,ItemCandidate,SourceVerified,
Scissors,Item,Data/Scripts/Items/Trades/Tailor Items/Scissors.cs,ItemCandidate,SourceVerified,
Scorp,BaseTool,Data/Scripts/Items/Trades/Tools/Scorp.cs,ItemCandidate,SourceVerified,
Scourge,Item,Data/Scripts/Items/Trades/Resources/MiscMLResources.cs,ItemCandidate,SourceVerified,
ScrapIronBarrel,Item,Data/Scripts/Items/Trades/Fishing/ScrapIronBarrel.cs,ItemCandidate,SourceVerified,
ScribesPen,BaseTool,Data/Scripts/Items/Trades/Tools/ScribesPen.cs,ItemCandidate,SourceVerified,
ScrollofAlacrity,SpecialScroll,Data/Scripts/Items/Special/Special Scrolls/ScrollofAlacrity.cs,ItemCandidate,SourceVerified,
ScrollofTranscendence,SpecialScroll,Data/Scripts/Items/Special/Special Scrolls/ScrollofTranscendence.cs,ItemCandidate,SourceVerified,
Sculpture1Artifact,BaseDecorationArtifact,Data/Scripts/Items/Decorations/Artifacts/SEDecorationArtifacts.cs,ItemCandidate,SourceVerified,
Sculpture2Artifact,BaseDecorationArtifact,Data/Scripts/Items/Decorations/Artifacts/SEDecorationArtifacts.cs,ItemCandidate,SourceVerified,
Scythe,BasePoleArm,Data/Scripts/Items/Weapons/PoleArms/Scythe.cs,ItemCandidate,SourceVerified,
SeaChart,MapItem,Data/Scripts/Items/Trades/Maps/SeaChart.cs,ItemCandidate,SourceVerified,
SeaSalt,BaseReagent,Data/Scripts/Items/Trades/Resources/Reagents/Alchemy/SeaSalt.cs,ItemCandidate,SourceVerified,
SeaShell,Item,Data/Scripts/Items/Trades/Fishing/Sea Artifacts/SeaShells.cs,ItemCandidate,SourceVerified,
SeahorseStatuette,MonsterStatuette,Data/Scripts/Items/Magical/Artifacts/Minor/SeahorseStatuette.cs,ItemCandidate,SourceVerified,
SeaweedArms,LeatherArms,Data/Scripts/Items/Armor/Leather/SeaweedArmor.cs,ItemCandidate,SourceVerified,
SeaweedChest,LeatherChest,Data/Scripts/Items/Armor/Leather/SeaweedArmor.cs,ItemCandidate,SourceVerified,
SeaweedGloves,LeatherGloves,Data/Scripts/Items/Armor/Leather/SeaweedArmor.cs,ItemCandidate,SourceVerified,
SeaweedGorget,LeatherGorget,Data/Scripts/Items/Armor/Leather/SeaweedArmor.cs,ItemCandidate,SourceVerified,
SeaweedHelm,LeatherCap,Data/Scripts/Items/Armor/Leather/SeaweedArmor.cs,ItemCandidate,SourceVerified,
SeaweedLegs,LeatherLegs,Data/Scripts/Items/Armor/Leather/SeaweedArmor.cs,ItemCandidate,SourceVerified,
SecretDungeonDoor,BaseDoor,Data/Scripts/Items/Doors/SecretDoors.cs,ItemCandidate,SourceVerified,
SecretLightWoodDoor,BaseDoor,Data/Scripts/Items/Doors/SecretDoors.cs,ItemCandidate,SourceVerified,
SecretStoneDoor1,BaseDoor,Data/Scripts/Items/Doors/SecretDoors.cs,ItemCandidate,SourceVerified,
SecretStoneDoor2,BaseDoor,Data/Scripts/Items/Doors/SecretDoors.cs,ItemCandidate,SourceVerified,
SecretStoneDoor3,BaseDoor,Data/Scripts/Items/Doors/SecretDoors.cs,ItemCandidate,SourceVerified,
SecretWoodenDoor,BaseDoor,Data/Scripts/Items/Doors/SecretDoors.cs,ItemCandidate,SourceVerified,
SecureInfo,ISecurable,Data/Scripts/Items/Houses/BaseHouse.cs,ItemCandidate,SourceVerified,
SecureTarget,Target,Data/Scripts/Items/Houses/BaseHouse.cs,ItemCandidate,SourceVerified,
Seed,Item,Data/Scripts/Trades/Gardening/Seed.cs,ItemCandidate,SourceVerified,
SeerRobe,BaseSuit,Data/Scripts/Items/Clothing/Suits/SeerRobe.cs,ItemCandidate,SourceVerified,
SerpentPillar,Item,Data/Scripts/Items/Misc/SerpentPillar.cs,ItemCandidate,SourceVerified,
SerpentPillarAddon,BaseAddon,Data/Scripts/Items/Construction/Addons/SerpentPillarAddon.cs,ItemCandidate,SourceVerified,
SerpentPillars,Item,Data/Scripts/Items/Doors/SerpentPillars.cs,ItemCandidate,SourceVerified,
SerpentSkin,Item,Data/Scripts/Items/Trades/Resources/Tailor/Skin/SerpentSkin.cs,ItemCandidate,SourceVerified,
SerpentsFang,Kryss,Data/Scripts/Items/Magical/Artifacts/Obsolete/Obsolete_SerpentsFang.cs,ItemCandidate,SourceVerified,
SetSecureLevelEntry,ContextMenuEntry,Data/Scripts/Items/Houses/BaseHouse.cs,ItemCandidate,SourceVerified,
SetTitlePrompt,Prompt,Data/Scripts/Items/Misc/PlayerBulletinBoards.cs,ItemCandidate,SourceVerified,
SetToDecorativeGump,Gump,Data/Scripts/Trades/Gardening/Gumps/SetToDecorativeGump.cs,ItemCandidate,SourceVerified,
SetTrap,Item,Data/Scripts/Items/Traps/SetTrap.cs,ItemCandidate,SourceVerified,
SewageItem,LockableContainer,Data/Scripts/Items/Traps/SewageItem.cs,ItemCandidate,SourceVerified,
SewingKit,BaseTool,Data/Scripts/Items/Trades/Tools/SewingKit.cs,ItemCandidate,SourceVerified,
Sextant,Item,Data/Scripts/Items/Trades/Fishing/Misc/Sextant.cs,ItemCandidate,SourceVerified,
SextantParts,Item,Data/Scripts/Items/Trades/Tinkering/SextantParts.cs,ItemCandidate,SourceVerified,
ShaMontorrossbow,RepeatingCrossbow,Data/Scripts/Items/Magical/Artifacts/Obsolete/Obsolete_ShaminoCrossbow.cs,ItemCandidate,SourceVerified,
ShadowBlade,Longsword,Data/Scripts/Items/Magical/Artifacts/Obsolete/Obsolete_Shadowblade.cs,ItemCandidate,SourceVerified,
ShadowDancerArms,LeatherArms,Data/Scripts/Items/Magical/Artifacts/Obsolete/Obsolete_ShadowDancerArms.cs,ItemCandidate,SourceVerified,
ShadowDancerCap,LeatherCap,Data/Scripts/Items/Magical/Artifacts/Obsolete/Obsolete_ShadowDancerCap.cs,ItemCandidate,SourceVerified,
ShadowDancerGloves,LeatherGloves,Data/Scripts/Items/Magical/Artifacts/Obsolete/Obsolete_ShadowDancerGloves.cs,ItemCandidate,SourceVerified,
ShadowDancerGorget,LeatherGorget,Data/Scripts/Items/Magical/Artifacts/Obsolete/Obsolete_ShadowDancerGorget.cs,ItemCandidate,SourceVerified,
ShadowDancerLeggings,LeatherLegs,Data/Scripts/Items/Magical/Artifacts/Obsolete/Obsolete_ShadowDancerLeggings.cs,ItemCandidate,SourceVerified,
ShadowDancerTunic,LeatherChest,Data/Scripts/Items/Magical/Artifacts/Obsolete/Obsolete_ShadowDancerTunic.cs,ItemCandidate,SourceVerified,
ShadowIronAmulet,GoldNecklace,Data/Scripts/Items/Jewels/Tinkered.cs,ItemCandidate,SourceVerified,
ShadowIronBracelet,GoldBracelet,Data/Scripts/Items/Jewels/Tinkered.cs,ItemCandidate,SourceVerified,
ShadowIronEarrings,GoldEarrings,Data/Scripts/Items/Jewels/Tinkered.cs,ItemCandidate,SourceVerified,
ShadowIronGranite,BaseGranite,Data/Scripts/Items/Trades/Resources/Masonry/Granite.cs,ItemCandidate,SourceVerified,
ShadowIronHammer,RunicHammer1,Data/Scripts/Trades/Runics/BaseRunicHammer.cs,ItemCandidate,SourceVerified,
ShadowIronIngot,BaseIngot,Data/Scripts/Items/Trades/Resources/Blacksmithing/Ingots.cs,ItemCandidate,SourceVerified,
ShadowIronOre,BaseOre,Data/Scripts/Items/Trades/Resources/Blacksmithing/Ore.cs,ItemCandidate,SourceVerified,
ShadowIronRing,GoldRing,Data/Scripts/Items/Jewels/Tinkered.cs,ItemCandidate,SourceVerified,
ShadowIronTinkerTools,RunicTinkerTools,Data/Scripts/Trades/Runics/BaseRunicTinkerTools.cs,ItemCandidate,SourceVerified,
ShadowToken,Item,Data/Scripts/Items/Gifts/Shadow Token.cs,ItemCandidate,SourceVerified,
ShadowTokenGump,Gump,Data/Scripts/Items/Gifts/Gumps/Shadow Token Gump.cs,ItemCandidate,SourceVerified,
Shaft,Item,Data/Scripts/Items/Trades/Resources/Arrows/Shaft.cs,ItemCandidate,SourceVerified,
ShantyDoor,BaseDoor,Data/Scripts/Items/Houses/Remodeling/ShantyDoor.cs,ItemCandidate,SourceVerified,
ShantyGump,Gump,Data/Scripts/Items/Houses/Remodeling/Gumps/ShantyGump.cs,ItemCandidate,SourceVerified,
ShantyGumpCategory,,Data/Scripts/Items/Houses/Remodeling/ShantyRegistry.cs,ItemCandidate,SourceVerified,
ShantyGumpEntry,,Data/Scripts/Items/Houses/Remodeling/ShantyRegistry.cs,ItemCandidate,SourceVerified,
ShantyItem,ShantyPiece,Data/Scripts/Items/Houses/Remodeling/ShantyItem.cs,ItemCandidate,SourceVerified,
ShantyMultiInfo,,Data/Scripts/Items/Houses/Remodeling/ShantyItem.cs,ItemCandidate,SourceVerified,
ShantyPiece,Item,Data/Scripts/Items/Houses/Remodeling/ShantyItem.cs,ItemCandidate,SourceVerified,
ShantyRefundEntry,ContextMenuEntry,Data/Scripts/Items/Houses/Remodeling/ContextMenuEntries.cs,ItemCandidate,SourceVerified,
ShantySecurityEntry,ContextMenuEntry,Data/Scripts/Items/Houses/Remodeling/ContextMenuEntries.cs,ItemCandidate,SourceVerified,
ShantySecurityGump,Gump,Data/Scripts/Items/Houses/Remodeling/Gumps/ShantySecurityGump.cs,ItemCandidate,SourceVerified,
ShantyStair,ShantyItem,Data/Scripts/Items/Houses/Remodeling/ShantyStair.cs,ItemCandidate,SourceVerified,
ShantyStairShantyRefundEntry,ContextMenuEntry,Data/Scripts/Items/Houses/Remodeling/ContextMenuEntries.cs,ItemCandidate,SourceVerified,
ShantySystem,,Data/Scripts/Items/Houses/Remodeling/ShantySystem.cs,ItemCandidate,SourceVerified,
ShantyTarget,Target,Data/Scripts/Items/Houses/Remodeling/ShantyTarget.cs,ItemCandidate,SourceVerified,
ShantyTools,Item,Data/Scripts/Items/Houses/Remodeling/ShantyTools.cs,ItemCandidate,SourceVerified,
ShardThrasher,DiamondMace,Data/Scripts/Items/Magical/Artifacts/Obsolete/Obsolete_ShardTrasher.cs,ItemCandidate,SourceVerified,
SheafOfHay,Item,Data/Scripts/Items/Food/Food.cs,ItemCandidate,SourceVerified,
ShepherdsCrook,BaseStaff,Data/Scripts/Items/Weapons/Staves/ShepherdsCrook.cs,ItemCandidate,SourceVerified,
ShieldOfInvulnerability,OrderShield,Data/Scripts/Items/Magical/Artifacts/Obsolete/Obsolete_ShieldOfInvulnerability.cs,ItemCandidate,SourceVerified,
ShimmeringTalisman,MagicTalisman,Data/Scripts/Items/Magical/Artifacts/Obsolete/Obsolete_ShimmeringTalisman.cs,ItemCandidate,SourceVerified,
ShinobiCowl,BaseArmor,Data/Scripts/Items/Armor/Leather/ShinobiGarb.cs,ItemCandidate,SourceVerified,
ShinobiHood,BaseArmor,Data/Scripts/Items/Armor/Leather/ShinobiGarb.cs,ItemCandidate,SourceVerified,
ShinobiMask,BaseArmor,Data/Scripts/Items/Armor/Leather/ShinobiGarb.cs,ItemCandidate,SourceVerified,
ShinobiRobe,BaseArmor,Data/Scripts/Items/Armor/Leather/ShinobiGarb.cs,ItemCandidate,SourceVerified,
ShinySilverIngot,Item,Data/Scripts/Items/Trades/Resources/Blacksmithing/ShinySilverIngot.cs,ItemCandidate,SourceVerified,
ShipEW,BaseMulti,Data/Scripts/Items/Boats/Vessels.cs,ItemCandidate,SourceVerified,
ShipModelOfTheHMSCape,Item,Data/Scripts/Items/Magical/Artifacts/Minor/ShipModelOfTheHMSCape.cs,ItemCandidate,SourceVerified,
ShipNS,BaseMulti,Data/Scripts/Items/Boats/Vessels.cs,ItemCandidate,SourceVerified,
ShipwreckedItem,Item,Data/Scripts/Items/Trades/Fishing/Misc/ShipwreckedItem.cs,ItemCandidate,SourceVerified,
ShirazGrapes,BaseWineGrapes,Data/Scripts/Custom/Vhaerun's CRL Homestead System [2.0]/Dracana's Winecrafting [2.0]/Items/Craft Items/Resources/WineGrapes.cs,ItemCandidate,SourceVerified,
Shirt,BaseShirt,Data/Scripts/Items/Clothing/Shirts.cs,ItemCandidate,SourceVerified,
Shoes,BaseShoes,Data/Scripts/Items/Clothing/Shoes.cs,ItemCandidate,SourceVerified,
ShojiLantern,BaseLight,Data/Scripts/Items/Construction/Lights/ShojiLantern.cs,ItemCandidate,SourceVerified,
ShojiScreen,Item,Data/Scripts/Items/Construction/Misc/Screens.cs,ItemCandidate,SourceVerified,
ShoppeGump,Gump,Data/Scripts/Trades/Shoppes/BaseShoppe.cs,ItemCandidate,SourceVerified,
ShortBeard,Beard,Data/Scripts/Items/Misc/Facial/Beard.cs,ItemCandidate,SourceVerified,
ShortCabinet,BaseContainer,Data/Scripts/Items/Containers/FurnitureContainer.cs,ItemCandidate,SourceVerified,
ShortHair,Hair,Data/Scripts/Items/Misc/Facial/Hair.cs,ItemCandidate,SourceVerified,
ShortMusicStand,Item,Data/Scripts/Items/Construction/Misc/MusicStand.cs,ItemCandidate,SourceVerified,
ShortPants,BasePants,Data/Scripts/Items/Clothing/Pants.cs,ItemCandidate,SourceVerified,
ShortSpear,BaseSpear,Data/Scripts/Items/Weapons/SpearsAndForks/ShortSpear.cs,ItemCandidate,SourceVerified,
ShortSword,BaseSword,Data/Scripts/Items/Weapons/Swords/ShortSword.cs,ItemCandidate,SourceVerified,
Shovel,BaseHarvestTool,Data/Scripts/Items/Trades/Harvest Tools/Shovel.cs,ItemCandidate,SourceVerified,
ShrineOfWisdomAddon,BaseAddon,Data/Scripts/Items/Construction/Addons/ShrineOfWisdomAddon.cs,ItemCandidate,SourceVerified,
ShrineOfWisdomComponent,AddonComponent,Data/Scripts/Items/Construction/Addons/ShrineOfWisdomAddon.cs,ItemCandidate,SourceVerified,
ShroudOfDeciet,BoneChest,Data/Scripts/Items/Magical/Artifacts/Obsolete/Obsolete_ShroudOfDeceit.cs,ItemCandidate,SourceVerified,
Shuriken,Item,Data/Scripts/Items/Trades/Ninjitsu/Shuriken.cs,ItemCandidate,SourceVerified,
Sign,BaseSign,Data/Scripts/Items/Construction/Signs/Sign.cs,ItemCandidate,SourceVerified,
SignHammer,Item,Data/Scripts/Items/Houses/Monopoly/Items/SignHammer.cs,ItemCandidate,SourceVerified,
SignHammerGump,GumpPlusLight,Data/Scripts/Items/Houses/Monopoly/Items/SignHammer.cs,ItemCandidate,SourceVerified,
SilvanisFeywoodBow,ElvenCompositeLongbow,Data/Scripts/Items/Magical/Artifacts/Obsolete/Obsolete_SilvanisFeywoodBow.cs,ItemCandidate,SourceVerified,
SilverBeadNecklace,BaseNecklace,Data/Scripts/Items/Jewels/Necklace.cs,ItemCandidate,SourceVerified,
SilverBracelet,BaseBracelet,Data/Scripts/Items/Jewels/Bracelet.cs,ItemCandidate,SourceVerified,
SilverChest,LockableContainer,Data/Scripts/Items/Containers/Container.cs,ItemCandidate,SourceVerified,
SilverEarrings,BaseEarrings,Data/Scripts/Items/Jewels/Earrings.cs,ItemCandidate,SourceVerified,
SilverFemalePlateChest,FemalePlateChest,Data/Scripts/Items/Armor/Gargoyle/SilverArmor.cs,ItemCandidate,SourceVerified,
SilverNecklace,BaseNecklace,Data/Scripts/Items/Jewels/Necklace.cs,ItemCandidate,SourceVerified,
SilverPlateArms,PlateArms,Data/Scripts/Items/Armor/Gargoyle/SilverArmor.cs,ItemCandidate,SourceVerified,
SilverPlateChest,PlateChest,Data/Scripts/Items/Armor/Gargoyle/SilverArmor.cs,ItemCandidate,SourceVerified,
SilverPlateGloves,PlateGloves,Data/Scripts/Items/Armor/Gargoyle/SilverArmor.cs,ItemCandidate,SourceVerified,
SilverPlateGorget,PlateGorget,Data/Scripts/Items/Armor/Gargoyle/SilverArmor.cs,ItemCandidate,SourceVerified,
SilverPlateHelm,PlateHelm,Data/Scripts/Items/Armor/Gargoyle/SilverArmor.cs,ItemCandidate,SourceVerified,
SilverPlateLegs,PlateLegs,Data/Scripts/Items/Armor/Gargoyle/SilverArmor.cs,ItemCandidate,SourceVerified,
SilverRing,BaseRing,Data/Scripts/Items/Jewels/Ring.cs,ItemCandidate,SourceVerified,
SilverSerpentVenom,BasePoisonPotion,Data/Scripts/Items/Trades/Resources/Unique/SilverSerpentVenom.cs,ItemCandidate,SourceVerified,
SilverShield,HeaterShield,Data/Scripts/Items/Armor/Gargoyle/SilverArmor.cs,ItemCandidate,SourceVerified,
SilverWidow,BaseReagent,Data/Scripts/Items/Trades/Resources/Reagents/Alchemy/SilverWidow.cs,ItemCandidate,SourceVerified,
SilverWire,Item,Data/Scripts/Items/Misc/Rares.cs,ItemCandidate,SourceVerified,
Silverware,Item,Data/Scripts/Custom/Vhaerun's CRL Homestead System [2.0]/Vhaerun's CRL Cooking/Items/Silverware.cs,ItemCandidate,SourceVerified,
SilverwareE,Silverware,Data/Scripts/Custom/Vhaerun's CRL Homestead System [2.0]/Vhaerun's CRL Cooking/Items/Silverware.cs,ItemCandidate,SourceVerified,
SilverwareN,Silverware,Data/Scripts/Custom/Vhaerun's CRL Homestead System [2.0]/Vhaerun's CRL Cooking/Items/Silverware.cs,ItemCandidate,SourceVerified,
SilverwareS,Silverware,Data/Scripts/Custom/Vhaerun's CRL Homestead System [2.0]/Vhaerun's CRL Cooking/Items/Silverware.cs,ItemCandidate,SourceVerified,
SilverwareW,Silverware,Data/Scripts/Custom/Vhaerun's CRL Homestead System [2.0]/Vhaerun's CRL Cooking/Items/Silverware.cs,ItemCandidate,SourceVerified,
SilveryAmulet,GoldNecklace,Data/Scripts/Items/Jewels/Tinkered.cs,ItemCandidate,SourceVerified,
SilveryBracelet,GoldBracelet,Data/Scripts/Items/Jewels/Tinkered.cs,ItemCandidate,SourceVerified,
SilveryEarrings,GoldEarrings,Data/Scripts/Items/Jewels/Tinkered.cs,ItemCandidate,SourceVerified,
SilveryRing,GoldRing,Data/Scripts/Items/Jewels/Tinkered.cs,ItemCandidate,SourceVerified,
SinbadsSword,Cutlass,Data/Scripts/Items/Magical/Artifacts/Obsolete/Obsolete_SinbadsSword.cs,ItemCandidate,SourceVerified,
SkeletonsKey,Item,Data/Scripts/Items/Containers/SkeltonsKey.cs,ItemCandidate,SourceVerified,
SkillTeleporter,Teleporter,Data/Scripts/Items/Doors/Teleporter.cs,ItemCandidate,SourceVerified,
Skillet,BaseTool,Data/Scripts/Items/Trades/Tools/Skillet.cs,ItemCandidate,SourceVerified,
Skillmoongates,moongates,Data/Scripts/Items/Doors/Moongates.cs,ItemCandidate,SourceVerified,
SkinDemonArms,LeatherArms,Data/Scripts/Items/Armor/Skin/SkinDemonArmor.cs,ItemCandidate,SourceVerified,
SkinDemonChest,LeatherChest,Data/Scripts/Items/Armor/Skin/SkinDemonArmor.cs,ItemCandidate,SourceVerified,
SkinDemonGloves,LeatherGloves,Data/Scripts/Items/Armor/Skin/SkinDemonArmor.cs,ItemCandidate,SourceVerified,
SkinDemonGorget,LeatherGorget,Data/Scripts/Items/Armor/Skin/SkinDemonArmor.cs,ItemCandidate,SourceVerified,
SkinDemonHelm,LeatherCap,Data/Scripts/Items/Armor/Skin/SkinDemonArmor.cs,ItemCandidate,SourceVerified,
SkinDemonLegs,LeatherLegs,Data/Scripts/Items/Armor/Skin/SkinDemonArmor.cs,ItemCandidate,SourceVerified,
SkinDragonArms,LeatherArms,Data/Scripts/Items/Armor/Skin/SkinDragonArmor.cs,ItemCandidate,SourceVerified,
SkinDragonChest,LeatherChest,Data/Scripts/Items/Armor/Skin/SkinDragonArmor.cs,ItemCandidate,SourceVerified,
SkinDragonGloves,LeatherGloves,Data/Scripts/Items/Armor/Skin/SkinDragonArmor.cs,ItemCandidate,SourceVerified,
SkinDragonGorget,LeatherGorget,Data/Scripts/Items/Armor/Skin/SkinDragonArmor.cs,ItemCandidate,SourceVerified,
SkinDragonHelm,LeatherCap,Data/Scripts/Items/Armor/Skin/SkinDragonArmor.cs,ItemCandidate,SourceVerified,
SkinDragonLegs,LeatherLegs,Data/Scripts/Items/Armor/Skin/SkinDragonArmor.cs,ItemCandidate,SourceVerified,
SkinNightmareArms,LeatherArms,Data/Scripts/Items/Armor/Skin/SkinNightmareArmor.cs,ItemCandidate,SourceVerified,
SkinNightmareChest,LeatherChest,Data/Scripts/Items/Armor/Skin/SkinNightmareArmor.cs,ItemCandidate,SourceVerified,
SkinNightmareGloves,LeatherGloves,Data/Scripts/Items/Armor/Skin/SkinNightmareArmor.cs,ItemCandidate,SourceVerified,
SkinNightmareGorget,LeatherGorget,Data/Scripts/Items/Armor/Skin/SkinNightmareArmor.cs,ItemCandidate,SourceVerified,
SkinNightmareHelm,LeatherCap,Data/Scripts/Items/Armor/Skin/SkinNightmareArmor.cs,ItemCandidate,SourceVerified,
SkinNightmareLegs,LeatherLegs,Data/Scripts/Items/Armor/Skin/SkinNightmareArmor.cs,ItemCandidate,SourceVerified,
SkinSerpentArms,LeatherArms,Data/Scripts/Items/Armor/Skin/SkinSerpentArmor.cs,ItemCandidate,SourceVerified,
SkinSerpentChest,LeatherChest,Data/Scripts/Items/Armor/Skin/SkinSerpentArmor.cs,ItemCandidate,SourceVerified,
SkinSerpentGloves,LeatherGloves,Data/Scripts/Items/Armor/Skin/SkinSerpentArmor.cs,ItemCandidate,SourceVerified,
SkinSerpentGorget,LeatherGorget,Data/Scripts/Items/Armor/Skin/SkinSerpentArmor.cs,ItemCandidate,SourceVerified,
SkinSerpentHelm,LeatherCap,Data/Scripts/Items/Armor/Skin/SkinSerpentArmor.cs,ItemCandidate,SourceVerified,
SkinSerpentLegs,LeatherLegs,Data/Scripts/Items/Armor/Skin/SkinSerpentArmor.cs,ItemCandidate,SourceVerified,
SkinTrollArms,LeatherArms,Data/Scripts/Items/Armor/Skin/SkinTrollArmor.cs,ItemCandidate,SourceVerified,
SkinTrollChest,LeatherChest,Data/Scripts/Items/Armor/Skin/SkinTrollArmor.cs,ItemCandidate,SourceVerified,
SkinTrollGloves,LeatherGloves,Data/Scripts/Items/Armor/Skin/SkinTrollArmor.cs,ItemCandidate,SourceVerified,
SkinTrollGorget,LeatherGorget,Data/Scripts/Items/Armor/Skin/SkinTrollArmor.cs,ItemCandidate,SourceVerified,
SkinTrollHelm,LeatherCap,Data/Scripts/Items/Armor/Skin/SkinTrollArmor.cs,ItemCandidate,SourceVerified,
SkinTrollLegs,LeatherLegs,Data/Scripts/Items/Armor/Skin/SkinTrollArmor.cs,ItemCandidate,SourceVerified,
SkinUnicornArms,LeatherArms,Data/Scripts/Items/Armor/Skin/SkinUnicornArmor.cs,ItemCandidate,SourceVerified,
SkinUnicornChest,LeatherChest,Data/Scripts/Items/Armor/Skin/SkinUnicornArmor.cs,ItemCandidate,SourceVerified,
SkinUnicornGloves,LeatherGloves,Data/Scripts/Items/Armor/Skin/SkinUnicornArmor.cs,ItemCandidate,SourceVerified,
SkinUnicornGorget,LeatherGorget,Data/Scripts/Items/Armor/Skin/SkinUnicornArmor.cs,ItemCandidate,SourceVerified,
SkinUnicornHelm,LeatherCap,Data/Scripts/Items/Armor/Skin/SkinUnicornArmor.cs,ItemCandidate,SourceVerified,
SkinUnicornLegs,LeatherLegs,Data/Scripts/Items/Armor/Skin/SkinUnicornArmor.cs,ItemCandidate,SourceVerified,
SkinnedDeerArtifact,BaseDecorationArtifact,Data/Scripts/Items/Decorations/Artifacts/DoomDecorationArtifacts.cs,ItemCandidate,SourceVerified,
SkinnedGoatArtifact,BaseDecorationArtifact,Data/Scripts/Items/Decorations/Artifacts/DoomDecorationArtifacts.cs,ItemCandidate,SourceVerified,
SkinningKnife,BaseKnife,Data/Scripts/Items/Weapons/Knives/SkinningKnife.cs,ItemCandidate,SourceVerified,
Skirt,BaseOuterLegs,Data/Scripts/Items/Clothing/OuterLegs.cs,ItemCandidate,SourceVerified,
SkullCandleArtifact,BaseDecorationArtifact,Data/Scripts/Items/Decorations/Artifacts/DoomDecorationArtifacts.cs,ItemCandidate,SourceVerified,
SkullCap,BaseHat,Data/Scripts/Items/Clothing/Hats.cs,ItemCandidate,SourceVerified,
SkullChest,LockableContainer,Data/Scripts/Items/Containers/FurnitureContainer.cs,ItemCandidate,SourceVerified,
SkullDemon,Item,Data/Scripts/Trades/Taxidermy/MagicSkulls.cs,ItemCandidate,SourceVerified,
SkullDinosaur,Item,Data/Scripts/Trades/Taxidermy/MagicSkulls.cs,ItemCandidate,SourceVerified,
SkullDragon,Item,Data/Scripts/Trades/Taxidermy/MagicSkulls.cs,ItemCandidate,SourceVerified,
SkullEastLargeAddon,BaseAddon,Data/Scripts/Items/Trades/Fishing/Sea Artifacts/SkullEastLargeAddon.cs,ItemCandidate,SourceVerified,
SkullEastLargeAddonDeed,BaseAddonDeed,Data/Scripts/Items/Trades/Fishing/Sea Artifacts/SkullEastLargeAddon.cs,ItemCandidate,SourceVerified,
SkullEastSmallAddon,BaseAddon,Data/Scripts/Items/Trades/Fishing/Sea Artifacts/SkullEastSmallAddon.cs,ItemCandidate,SourceVerified,
SkullEastSmallAddonDeed,BaseAddonDeed,Data/Scripts/Items/Trades/Fishing/Sea Artifacts/SkullEastSmallAddon.cs,ItemCandidate,SourceVerified,
SkullGate,Item,Data/Scripts/Items/Doors/SkullGate.cs,ItemCandidate,SourceVerified,
SkullGiant,Item,Data/Scripts/Trades/Taxidermy/MagicSkulls.cs,ItemCandidate,SourceVerified,
SkullGreatDragon,Item,Data/Scripts/Trades/Taxidermy/MagicSkulls.cs,ItemCandidate,SourceVerified,
SkullMinotaur,Item,Data/Scripts/Trades/Taxidermy/MagicSkulls.cs,ItemCandidate,SourceVerified,
SkullPileAddon,BaseAddon,Data/Scripts/Items/Construction/Addons/SkullPileAddon.cs,ItemCandidate,SourceVerified,
SkullPole,Item,Data/Scripts/Items/Decorations/Artifacts/Decorative/SkullPole.cs,ItemCandidate,SourceVerified,
SkullSouthLargeAddon,BaseAddon,Data/Scripts/Items/Trades/Fishing/Sea Artifacts/SkullSouthLargeAddon.cs,ItemCandidate,SourceVerified,
SkullSouthLargeAddonDeed,BaseAddonDeed,Data/Scripts/Items/Trades/Fishing/Sea Artifacts/SkullSouthLargeAddon.cs,ItemCandidate,SourceVerified,
SkullSouthSmallAddon,BaseAddon,Data/Scripts/Items/Trades/Fishing/Sea Artifacts/SkullSouthSmallAddon.cs,ItemCandidate,SourceVerified,
SkullSouthSmallAddonDeed,BaseAddonDeed,Data/Scripts/Items/Trades/Fishing/Sea Artifacts/SkullSouthSmallAddon.cs,ItemCandidate,SourceVerified,
SkullWyrm,Item,Data/Scripts/Trades/Taxidermy/MagicSkulls.cs,ItemCandidate,SourceVerified,
SkullsOnPike,Item,Data/Scripts/Items/Gifts/Holiday/Halloween/Rewards/HalloweenItems.cs,ItemCandidate,SourceVerified,
SlabOfBacon,Food,Data/Scripts/Items/Food/Food.cs,ItemCandidate,SourceVerified,
SlaversNet,Item,Data/Scripts/Items/Special/SlaversNet.cs,ItemCandidate,SourceVerified,
SlayerDeed,Item,Data/Scripts/Items/Magical/SlayerDeed.cs,ItemCandidate,SourceVerified,
SlayerEntry,,Data/Scripts/Items/Weapons/SlayerEntry.cs,ItemCandidate,SourceVerified,
SlayerGroup,,Data/Scripts/Items/Weapons/SlayerGroup.cs,ItemCandidate,SourceVerified,
SlayerTarget,Target,Data/Scripts/Items/Magical/SlayerDeed.cs,ItemCandidate,SourceVerified,
SledgeHammer,BaseTool,Data/Scripts/Items/Trades/Tools/SledgeHammer.cs,ItemCandidate,SourceVerified,
SlimeItem,LockableContainer,Data/Scripts/Items/Traps/SlimeItem.cs,ItemCandidate,SourceVerified,
Slumgum,Item,Data/Scripts/Trades/Apiculture/Items/Slumgum.cs,ItemCandidate,SourceVerified,
SmallBOD,Item,Data/Scripts/Trades/Bulk Orders/SmallBOD.cs,ItemCandidate,SourceVerified,
SmallBODAcceptGump,Gump,Data/Scripts/Trades/Bulk Orders/Gumps/SmallBODAcceptGump.cs,ItemCandidate,SourceVerified,
SmallBODGump,Gump,Data/Scripts/Trades/Bulk Orders/Gumps/SmallBODGump.cs,ItemCandidate,SourceVerified,
SmallBODTarget,Target,Data/Scripts/Trades/Bulk Orders/SmallBODTarget.cs,ItemCandidate,SourceVerified,
SmallBagBall,BaseBagBall,Data/Scripts/Items/Containers/Container.cs,ItemCandidate,SourceVerified,
SmallBagofHolding,WeightReductionContainer,Data/Scripts/Items/Containers/WeightReductionContainer.cs,ItemCandidate,SourceVerified,
SmallBedEastAddon,BaseAddon,Data/Scripts/Items/Construction/Addons/SmallBedEastAddon.cs,ItemCandidate,SourceVerified,
SmallBedEastDeed,BaseAddonDeed,Data/Scripts/Items/Construction/Addons/SmallBedEastAddon.cs,ItemCandidate,SourceVerified,
SmallBedSouthAddon,BaseAddon,Data/Scripts/Items/Construction/Addons/SmallBedSouthAddon.cs,ItemCandidate,SourceVerified,
SmallBedSouthDeed,BaseAddonDeed,Data/Scripts/Items/Construction/Addons/SmallBedSouthAddon.cs,ItemCandidate,SourceVerified,
SmallBlueBottle,Item,Data/Scripts/Items/Misc/GlassItems.cs,ItemCandidate,SourceVerified,
SmallBlueFlask,Item,Data/Scripts/Items/Misc/GlassItems.cs,ItemCandidate,SourceVerified,
SmallBoat,BaseBoat,Data/Scripts/Items/Boats/SmallBoat.cs,ItemCandidate,SourceVerified,
SmallBoatDeed,BaseBoatDeed,Data/Scripts/Items/Boats/SmallBoat.cs,ItemCandidate,SourceVerified,
SmallBrickHouseDeed,HouseDeed,Data/Scripts/Items/Houses/Deeds.cs,ItemCandidate,SourceVerified,
SmallBrownBottle,Item,Data/Scripts/Items/Misc/GlassItems.cs,ItemCandidate,SourceVerified,
SmallBulkEntry,,Data/Scripts/Trades/Bulk Orders/SmallBulkEntry.cs,ItemCandidate,SourceVerified,
SmallCityGardenAddon,BaseAddon,Data/Scripts/Custom/Government System/Items/Civic Structures/Stock Buildings/Parks & Gardens/SmallCityGardenAddon.cs,ItemCandidate,SourceVerified,
SmallCityGardenDeed,CityDeed,Data/Scripts/Custom/Government System/Items/Deeds/Stock Deeds/Parks & Gardens/SmallCityGardenDeed.cs,ItemCandidate,SourceVerified,
SmallCityParkAddon,BaseAddon,Data/Scripts/Custom/Government System/Items/Civic Structures/Stock Buildings/Parks & Gardens/SmallCityParkAddon.cs,ItemCandidate,SourceVerified,
SmallCityParkDeed,CityDeed,Data/Scripts/Custom/Government System/Items/Deeds/Stock Deeds/Parks & Gardens/SmallCityParkDeed.cs,ItemCandidate,SourceVerified,
SmallCrate,LockableContainer,Data/Scripts/Items/Containers/Container.cs,ItemCandidate,SourceVerified,
SmallDockedBoat,BaseDockedBoat,Data/Scripts/Items/Boats/SmallBoat.cs,ItemCandidate,SourceVerified,
SmallDockedDragonBoat,BaseDockedBoat,Data/Scripts/Items/Boats/SmallDragonBoat.cs,ItemCandidate,SourceVerified,
SmallDragonBoat,BaseBoat,Data/Scripts/Items/Boats/SmallDragonBoat.cs,ItemCandidate,SourceVerified,
SmallDragonBoatDeed,BaseBoatDeed,Data/Scripts/Items/Boats/SmallDragonBoat.cs,ItemCandidate,SourceVerified,
SmallEmptyFlask,Item,Data/Scripts/Items/Misc/GlassItems.cs,ItemCandidate,SourceVerified,
SmallEmptyPot,Item,Data/Scripts/Items/Trades/Plants/Potted/EmptyPots.cs,ItemCandidate,SourceVerified,
SmallFishingNetAddon,BaseAddon,Data/Scripts/Items/Special/Heritage Items/SmallFishingNet.cs,ItemCandidate,SourceVerified,
SmallFishingNetComponent,AddonComponent,Data/Scripts/Items/Special/Heritage Items/SmallFishingNet.cs,ItemCandidate,SourceVerified,
SmallFishingNetDeed,BaseAddonDeed,Data/Scripts/Items/Special/Heritage Items/SmallFishingNet.cs,ItemCandidate,SourceVerified,
SmallFlask,Item,Data/Scripts/Items/Misc/GlassItems.cs,ItemCandidate,SourceVerified,
SmallForgeAddon,BaseAddon,Data/Scripts/Items/Construction/Addons/SmallForgeAddon.cs,ItemCandidate,SourceVerified,
SmallForgeDeed,BaseAddonDeed,Data/Scripts/Items/Construction/Addons/SmallForgeAddon.cs,ItemCandidate,SourceVerified,
SmallGreenBottle,Item,Data/Scripts/Items/Misc/GlassItems.cs,ItemCandidate,SourceVerified,
SmallGreenBottle2,Item,Data/Scripts/Items/Misc/GlassItems.cs,ItemCandidate,SourceVerified,
SmallHollowBook,BaseContainer,Data/Scripts/Items/Containers/Container.cs,ItemCandidate,SourceVerified,
SmallLogCabinEast,BaseHouse,Data/Scripts/Items/Houses/NewHouses.cs,ItemCandidate,SourceVerified,
SmallLogCabinSouth,BaseHouse,Data/Scripts/Items/Houses/NewHouses.cs,ItemCandidate,SourceVerified,
SmallOldHouse,BaseHouse,Data/Scripts/Items/Houses/Houses.cs,ItemCandidate,SourceVerified,
SmallPlateJingasa,BaseArmor,Data/Scripts/Items/Armor/Plate/SmallPlateJingasa.cs,ItemCandidate,SourceVerified,
SmallPumpkin,Food,Data/Scripts/Items/Food/Vegetables.cs,ItemCandidate,SourceVerified,
SmallRedFlask,Item,Data/Scripts/Items/Misc/GlassItems.cs,ItemCandidate,SourceVerified,
SmallShop,BaseHouse,Data/Scripts/Items/Houses/Houses.cs,ItemCandidate,SourceVerified,
SmallSmithBOD,SmallBOD,Data/Scripts/Trades/Bulk Orders/SmallSmithBOD.cs,ItemCandidate,SourceVerified,
SmallStatueAngel,BaseStatue,Data/Scripts/Trades/Stone/Statues.cs,ItemCandidate,SourceVerified,
SmallStatueDragon,BaseStatue,Data/Scripts/Trades/Stone/Statues.cs,ItemCandidate,SourceVerified,
SmallStatueLion,BaseStatueDeed,Data/Scripts/Trades/Stone/Assemblies.cs,ItemCandidate,SourceVerified,
SmallStatueMan,BaseStatue,Data/Scripts/Trades/Stone/Statues.cs,ItemCandidate,SourceVerified,
SmallStatueNoble,BaseStatue,Data/Scripts/Trades/Stone/Statues.cs,ItemCandidate,SourceVerified,
SmallStatuePegasus,BaseStatue,Data/Scripts/Trades/Stone/Statues.cs,ItemCandidate,SourceVerified,
SmallStatueSkull,BaseStatue,Data/Scripts/Trades/Stone/Statues.cs,ItemCandidate,SourceVerified,
SmallStatueWoman,BaseStatue,Data/Scripts/Trades/Stone/Statues.cs,ItemCandidate,SourceVerified,
SmallStretchedHideEastAddon,BaseAddon,Data/Scripts/Items/Construction/Addons/StretchedHides.cs,ItemCandidate,SourceVerified,
SmallStretchedHideEastDeed,BaseAddonDeed,Data/Scripts/Items/Construction/Addons/StretchedHides.cs,ItemCandidate,SourceVerified,
SmallStretchedHideSouthAddon,BaseAddon,Data/Scripts/Items/Construction/Addons/StretchedHides.cs,ItemCandidate,SourceVerified,
SmallStretchedHideSouthDeed,BaseAddonDeed,Data/Scripts/Items/Construction/Addons/StretchedHides.cs,ItemCandidate,SourceVerified,
SmallTailorBOD,SmallBOD,Data/Scripts/Trades/Bulk Orders/SmallTailorBOD.cs,ItemCandidate,SourceVerified,
SmallTent,Item,Data/Scripts/Items/Explorers/SmallTent.cs,ItemCandidate,SourceVerified,
SmallTentAddon,BaseAddon,Data/Scripts/Items/Explorers/SmallTent.cs,ItemCandidate,SourceVerified,
SmallTower,BaseHouse,Data/Scripts/Items/Houses/Houses.cs,ItemCandidate,SourceVerified,
SmallTowerDeed,HouseDeed,Data/Scripts/Items/Houses/Deeds.cs,ItemCandidate,SourceVerified,
SmallTowerSculpture,Item,Data/Scripts/Items/Construction/Misc/Statues.cs,ItemCandidate,SourceVerified,
SmallUrn,Item,Data/Scripts/Items/Construction/Misc/Vase.cs,ItemCandidate,SourceVerified,
SmallVioletBottle,Item,Data/Scripts/Items/Misc/GlassItems.cs,ItemCandidate,SourceVerified,
SmallYellowFlask,Item,Data/Scripts/Items/Misc/GlassItems.cs,ItemCandidate,SourceVerified,
SmithHammer,BaseTool,Data/Scripts/Items/Trades/Tools/SmithHammer.cs,ItemCandidate,SourceVerified,
SmithRewardCalculator,RewardCalculator,Data/Scripts/Trades/Bulk Orders/Rewards.cs,ItemCandidate,SourceVerified,
SmokeBomb,Item,Data/Scripts/Items/Trades/Ninjitsu/SmokeBomb.cs,ItemCandidate,SourceVerified,
SmoothingPlane,BaseTool,Data/Scripts/Items/Trades/Tools/SmoothingPlane.cs,ItemCandidate,SourceVerified,
SnowGreenThornsEffect,GreenThornsEffect,Data/Scripts/Trades/Gardening/MiscItems/GreenThorns.cs,ItemCandidate,SourceVerified,
SnowHops,BaseHops,Data/Scripts/Custom/Vhaerun's CRL Homestead System [2.0]/Vhaerun's CRL Brewing/Items/Hops/Hops.cs,ItemCandidate,SourceVerified,
SnowPile,Item,Data/Scripts/Items/Gifts/Holiday/Christmas/Christmas Gifts/SnowPile.cs,ItemCandidate,SourceVerified,
SnowPileDeco,Item,Data/Scripts/Items/Special/Holiday/SnowPiles.cs,ItemCandidate,SourceVerified,
Snowman,Item,Data/Scripts/Items/Special/Holiday/Snowman.cs,ItemCandidate,SourceVerified,
SnowyTree,Item,Data/Scripts/Items/Gifts/Holiday/Christmas/Christmas Gifts/SnowyTree.cs,ItemCandidate,SourceVerified,
SongWovenMantle,LeatherArms,Data/Scripts/Items/Magical/Artifacts/Obsolete/Obsolete_SongWovenMantle.cs,ItemCandidate,SourceVerified,
SorcererRobe,BaseOuterTorso,Data/Scripts/Items/Clothing/Robes.cs,ItemCandidate,SourceVerified,
SoulOrb,Item,Data/Scripts/Items/Magical/SoulOrb.cs,ItemCandidate,SourceVerified,
SoulSeeker,RadiantScimitar,Data/Scripts/Items/Magical/Artifacts/Obsolete/Obsolete_SoulSeeker.cs,ItemCandidate,SourceVerified,
SoulStone,Item,Data/Scripts/Items/Special/SoulStone.cs,ItemCandidate,SourceVerified,
SoulstoneFragment,SoulStone,Data/Scripts/Items/Special/SoulStone.cs,ItemCandidate,SourceVerified,
SoulstoneFragmentToken,PromotionalToken,Data/Scripts/Items/Misc/PromotionalToken.cs,ItemCandidate,SourceVerified,
SpaceChest,LockableContainer,Data/Scripts/Items/Containers/Container.cs,ItemCandidate,SourceVerified,
SpaceCrate,LockableContainer,Data/Scripts/Items/Containers/Container.cs,ItemCandidate,SourceVerified,
SpaceDoorEast,BaseDoor,Data/Scripts/Items/Doors/Doors.cs,ItemCandidate,SourceVerified,
SpaceDoorSouth,BaseDoor,Data/Scripts/Items/Doors/Doors.cs,ItemCandidate,SourceVerified,
SpaceDyes,Item,Data/Scripts/Items/Technology/SpaceDyes.cs,ItemCandidate,SourceVerified,
SpaceJunk,Item,Data/Scripts/Items/Technology/SpaceJunk.cs,ItemCandidate,SourceVerified,
SpaceJunkA,SpaceJunk,Data/Scripts/Items/Technology/SpaceJunk.cs,ItemCandidate,SourceVerified,
SpaceJunkB,SpaceJunk,Data/Scripts/Items/Technology/SpaceJunk.cs,ItemCandidate,SourceVerified,
SpaceJunkC,SpaceJunk,Data/Scripts/Items/Technology/SpaceJunk.cs,ItemCandidate,SourceVerified,
SpaceJunkD,SpaceJunk,Data/Scripts/Items/Technology/SpaceJunk.cs,ItemCandidate,SourceVerified,
SpaceJunkE,SpaceJunk,Data/Scripts/Items/Technology/SpaceJunk.cs,ItemCandidate,SourceVerified,
SpaceJunkF,SpaceJunk,Data/Scripts/Items/Technology/SpaceJunk.cs,ItemCandidate,SourceVerified,
SpaceJunkG,SpaceJunk,Data/Scripts/Items/Technology/SpaceJunk.cs,ItemCandidate,SourceVerified,
SpaceJunkH,SpaceJunk,Data/Scripts/Items/Technology/SpaceJunk.cs,ItemCandidate,SourceVerified,
SpaceJunkI,SpaceJunk,Data/Scripts/Items/Technology/SpaceJunk.cs,ItemCandidate,SourceVerified,
SpaceJunkJ,SpaceJunk,Data/Scripts/Items/Technology/SpaceJunk.cs,ItemCandidate,SourceVerified,
SpaceJunkK,SpaceJunk,Data/Scripts/Items/Technology/SpaceJunk.cs,ItemCandidate,SourceVerified,
SpaceJunkL,SpaceJunk,Data/Scripts/Items/Technology/SpaceJunk.cs,ItemCandidate,SourceVerified,
SpaceJunkM,SpaceJunk,Data/Scripts/Items/Technology/SpaceJunk.cs,ItemCandidate,SourceVerified,
SpaceJunkN,SpaceJunk,Data/Scripts/Items/Technology/SpaceJunk.cs,ItemCandidate,SourceVerified,
SpaceJunkO,SpaceJunk,Data/Scripts/Items/Technology/SpaceJunk.cs,ItemCandidate,SourceVerified,
SpaceJunkP,SpaceJunk,Data/Scripts/Items/Technology/SpaceJunk.cs,ItemCandidate,SourceVerified,
SpaceJunkQ,SpaceJunk,Data/Scripts/Items/Technology/SpaceJunk.cs,ItemCandidate,SourceVerified,
SpaceJunkR,SpaceJunk,Data/Scripts/Items/Technology/SpaceJunk.cs,ItemCandidate,SourceVerified,
SpaceJunkS,SpaceJunk,Data/Scripts/Items/Technology/SpaceJunk.cs,ItemCandidate,SourceVerified,
SpaceJunkT,SpaceJunk,Data/Scripts/Items/Technology/SpaceJunk.cs,ItemCandidate,SourceVerified,
SpaceJunkU,SpaceJunk,Data/Scripts/Items/Technology/SpaceJunk.cs,ItemCandidate,SourceVerified,
SpaceJunkV,SpaceJunk,Data/Scripts/Items/Technology/SpaceJunk.cs,ItemCandidate,SourceVerified,
SpaceJunkW,SpaceJunk,Data/Scripts/Items/Technology/SpaceJunk.cs,ItemCandidate,SourceVerified,
SpaceJunkX,SpaceJunk,Data/Scripts/Items/Technology/SpaceJunk.cs,ItemCandidate,SourceVerified,
SpaceJunkY,SpaceJunk,Data/Scripts/Items/Technology/SpaceJunk.cs,ItemCandidate,SourceVerified,
SpaceJunkZ,SpaceJunk,Data/Scripts/Items/Technology/SpaceJunk.cs,ItemCandidate,SourceVerified,
Spam,Food,Data/Scripts/Items/Special/Holiday/PKHolidayStuff.cs,ItemCandidate,SourceVerified,Multiple source declarations found.
Spear,BaseSpear,Data/Scripts/Items/Weapons/SpearsAndForks/Spear.cs,ItemCandidate,SourceVerified,
SpecialBeardDye,Item,Data/Scripts/Items/Misc/SpecialBeardDye.cs,ItemCandidate,SourceVerified,
SpecialBeardDyeGump,Gump,Data/Scripts/Items/Misc/SpecialBeardDye.cs,ItemCandidate,SourceVerified,
SpecialDyeTub,DyeTub,Data/Scripts/Items/Misc/Dyes/SpecialDyeTub.cs,ItemCandidate,SourceVerified,
SpecialFishingNet,Item,Data/Scripts/Items/Trades/Fishing/SpecialFishingNet.cs,ItemCandidate,SourceVerified,
SpecialHairDye,Item,Data/Scripts/Items/Misc/SpecialHairDye.cs,ItemCandidate,SourceVerified,
SpecialHairDyeGump,Gump,Data/Scripts/Items/Misc/SpecialHairDye.cs,ItemCandidate,SourceVerified,
SpecialJars,Item,Data/Scripts/Items/Misc/SpecialJars.cs,ItemCandidate,SourceVerified,
SpecialScroll,Item,Data/Scripts/Items/Special/Special Scrolls/SpecialScroll.cs,ItemCandidate,SourceVerified,
SpecialSeaweed,Item,Data/Scripts/Items/Trades/Fishing/SpecialSeaweed.cs,ItemCandidate,SourceVerified,
SpeechGumpEntry,ContextMenuEntry,Data/Scripts/Trades/Guild/GuildCarpentry.cs,ItemCandidate,SourceVerified,Multiple source declarations found.
SpellTrap,Item,Data/Scripts/Items/Traps/SpellTrap.cs,ItemCandidate,SourceVerified,
SpellWovenBritches,LeatherLegs,Data/Scripts/Items/Magical/Artifacts/Obsolete/Obsolete_SpellWovenBritches.cs,ItemCandidate,SourceVerified,
SphinxStatue,BaseStatue,Data/Scripts/Trades/Stone/Statues.cs,ItemCandidate,SourceVerified,
SpiderRobe,BaseOuterTorso,Data/Scripts/Items/Clothing/Robes.cs,ItemCandidate,SourceVerified,
SpidersSilk,BaseReagent,Data/Scripts/Items/Trades/Resources/Reagents/Common/SpidersSilk.cs,ItemCandidate,SourceVerified,
SpikeTrap,BaseTrap,Data/Scripts/Items/Traps/SpikeTrap.cs,ItemCandidate,SourceVerified,
SpikedClub,BaseBashing,Data/Scripts/Items/Weapons/Maces/SpikedClub.cs,ItemCandidate,SourceVerified,
SpinedHides,BaseHides,Data/Scripts/Items/Trades/Resources/Tailor/Hides.cs,ItemCandidate,SourceVerified,
SpinedLeather,BaseLeather,Data/Scripts/Items/Trades/Resources/Tailor/Leathers.cs,ItemCandidate,SourceVerified,
SpinedSewingKit,RunicSewingKit1,Data/Scripts/Trades/Runics/BaseRunicSewingKit.cs,ItemCandidate,SourceVerified,
SpinelAmulet,GoldNecklace,Data/Scripts/Items/Jewels/Tinkered.cs,ItemCandidate,SourceVerified,
SpinelBracelet,GoldBracelet,Data/Scripts/Items/Jewels/Tinkered.cs,ItemCandidate,SourceVerified,
SpinelEarrings,GoldEarrings,Data/Scripts/Items/Jewels/Tinkered.cs,ItemCandidate,SourceVerified,
SpinelFemalePlateChest,FemalePlateChest,Data/Scripts/Items/Armor/Gargoyle/SpinelArmor.cs,ItemCandidate,SourceVerified,
SpinelIngot,Item,Data/Scripts/Items/Trades/Resources/Blacksmithing/BlockofSpinel.cs,ItemCandidate,SourceVerified,
SpinelPlateArms,PlateArms,Data/Scripts/Items/Armor/Gargoyle/SpinelArmor.cs,ItemCandidate,SourceVerified,
SpinelPlateChest,PlateChest,Data/Scripts/Items/Armor/Gargoyle/SpinelArmor.cs,ItemCandidate,SourceVerified,
SpinelPlateGloves,PlateGloves,Data/Scripts/Items/Armor/Gargoyle/SpinelArmor.cs,ItemCandidate,SourceVerified,
SpinelPlateGorget,PlateGorget,Data/Scripts/Items/Armor/Gargoyle/SpinelArmor.cs,ItemCandidate,SourceVerified,
SpinelPlateHelm,PlateHelm,Data/Scripts/Items/Armor/Gargoyle/SpinelArmor.cs,ItemCandidate,SourceVerified,
SpinelPlateLegs,PlateLegs,Data/Scripts/Items/Armor/Gargoyle/SpinelArmor.cs,ItemCandidate,SourceVerified,
SpinelRing,GoldRing,Data/Scripts/Items/Jewels/Tinkered.cs,ItemCandidate,SourceVerified,
SpinelShield,HeaterShield,Data/Scripts/Items/Armor/Gargoyle/SpinelArmor.cs,ItemCandidate,SourceVerified,
SpinningHourglass,Item,Data/Scripts/Items/Misc/GlassItems.cs,ItemCandidate,SourceVerified,
SpinningwheelEastAddon,BaseAddon,Data/Scripts/Items/Construction/Addons/SpinningwheelEastAddon.cs,ItemCandidate,SourceVerified,
SpinningwheelEastDeed,BaseAddonDeed,Data/Scripts/Items/Construction/Addons/SpinningwheelEastAddon.cs,ItemCandidate,SourceVerified,
SpinningwheelSouthAddon,BaseAddon,Data/Scripts/Items/Construction/Addons/SpinningwheelSouthAddon.cs,ItemCandidate,SourceVerified,
SpinningwheelSouthDeed,BaseAddonDeed,Data/Scripts/Items/Construction/Addons/SpinningwheelSouthAddon.cs,ItemCandidate,SourceVerified,
SpiritOfTheTotem,BearMask,Data/Scripts/Items/Magical/Artifacts/Obsolete/Obsolete_SpiritOfTheTotem.cs,ItemCandidate,SourceVerified,
SpoolOfThread,BaseClothMaterial,Data/Scripts/Items/Trades/Resources/Tailor/YarnsAndThreads.cs,ItemCandidate,SourceVerified,
Spoon,Item,Data/Scripts/Items/Trades/Tinkering/Utensils.cs,ItemCandidate,SourceVerified,
SpoonLeft,Item,Data/Scripts/Items/Trades/Tinkering/Utensils.cs,ItemCandidate,SourceVerified,
SpoonRight,Item,Data/Scripts/Items/Trades/Tinkering/Utensils.cs,ItemCandidate,SourceVerified,
Spreadsheet,,Data/Scripts/Items/Houses/ComponentVerification.cs,ItemCandidate,SourceVerified,
Springs,Item,Data/Scripts/Items/Trades/Tinkering/Springs.cs,ItemCandidate,SourceVerified,
SprintersSandals,Sandals,Data/Scripts/Items/Magical/Artifacts/Obsolete/Obsolete_SprintersSandals.cs,ItemCandidate,SourceVerified,
Spyglass,Item,Data/Scripts/Items/Trades/Tinkering/Spyglass.cs,ItemCandidate,SourceVerified,
SquareGozaMatEastAddon,BaseAddon,Data/Scripts/Items/Construction/Addons/GozaMats.cs,ItemCandidate,SourceVerified,
SquareGozaMatEastDeed,BaseAddonDeed,Data/Scripts/Items/Construction/Addons/GozaMats.cs,ItemCandidate,SourceVerified,
SquareGozaMatSouthAddon,BaseAddon,Data/Scripts/Items/Construction/Addons/GozaMats.cs,ItemCandidate,SourceVerified,
SquareGozaMatSouthDeed,BaseAddonDeed,Data/Scripts/Items/Construction/Addons/GozaMats.cs,ItemCandidate,SourceVerified,
SquireShirt,BaseShirt,Data/Scripts/Items/Clothing/Shirts.cs,ItemCandidate,SourceVerified,
SquirrelFormTalisman,BaseFormTalisman,Data/Scripts/Items/Special/Talismans.cs,ItemCandidate,SourceVerified,
SquirrelStatueEastAddon,BaseAddon,Data/Scripts/Items/Construction/Addons/SquirrelStatueEastAddon.cs,ItemCandidate,SourceVerified,
SquirrelStatueEastDeed,BaseAddonDeed,Data/Scripts/Items/Construction/Addons/SquirrelStatueEastAddon.cs,ItemCandidate,SourceVerified,
SquirrelStatueSouthAddon,BaseAddon,Data/Scripts/Items/Construction/Addons/SquirrelStatueSouthAddon.cs,ItemCandidate,SourceVerified,
SquirrelStatueSouthDeed,BaseAddonDeed,Data/Scripts/Items/Construction/Addons/SquirrelStatueSouthAddon.cs,ItemCandidate,SourceVerified,
StableCrate,LockableContainer,Data/Scripts/Items/Containers/Container.cs,ItemCandidate,SourceVerified,
StableStone,Item,Data/Scripts/Items/Explorers/StableStone.cs,ItemCandidate,SourceVerified,
StaffFiveParts,QuarterStaff,Data/Scripts/Items/Magical/StaffOfFiveParts.cs,ItemCandidate,SourceVerified,
StaffOfPower,BlackStaff,Data/Scripts/Items/Magical/Artifacts/Obsolete/Obsolete_StaffOfPower.cs,ItemCandidate,SourceVerified,
StaffOfTheMagi,BlackStaff,Data/Scripts/Items/Magical/Artifacts/Obsolete/Obsolete_StaffOfTheMagi.cs,ItemCandidate,SourceVerified,
StaffPartCaddellite,Item,Data/Scripts/Items/Magical/StaffOfFiveParts.cs,ItemCandidate,SourceVerified,
StaffPartEnergy,Item,Data/Scripts/Items/Magical/StaffOfFiveParts.cs,ItemCandidate,SourceVerified,
StaffPartFire,Item,Data/Scripts/Items/Magical/StaffOfFiveParts.cs,ItemCandidate,SourceVerified,
StaffPartLight,Item,Data/Scripts/Items/Magical/StaffOfFiveParts.cs,ItemCandidate,SourceVerified,
StaffPartVenom,Item,Data/Scripts/Items/Magical/StaffOfFiveParts.cs,ItemCandidate,SourceVerified,
StaffofSnakes,BaseMagicObject,Data/Scripts/Items/Magical/Artifacts/Obsolete/Obsolete_StaffofSnakes.cs,ItemCandidate,SourceVerified,
StagMask,BaseHat,Data/Scripts/Items/Clothing/Hats.cs,ItemCandidate,SourceVerified,
StairRefundEntry,ContextMenuEntry,Data/Scripts/Items/Houses/Remodeling/ContextMenuEntries.cs,ItemCandidate,SourceVerified,
StamDecayTimer,Timer,Data/Scripts/Items/Food/StamDecay.cs,ItemCandidate,SourceVerified,
StandardAlchemyStudyBook,StudyBook,Data/Scripts/Custom/Offline Skill Training/Items/StandardStudyBooks.cs,ItemCandidate,SourceVerified,
StandardAnatomyStudyBook,StudyBook,Data/Scripts/Custom/Offline Skill Training/Items/StandardStudyBooks.cs,ItemCandidate,SourceVerified,
StandardArmsLoreStudyBook,StudyBook,Data/Scripts/Custom/Offline Skill Training/Items/StandardStudyBooks.cs,ItemCandidate,SourceVerified,
StandardBeggingStudyBook,StudyBook,Data/Scripts/Custom/Offline Skill Training/Items/StandardStudyBooks.cs,ItemCandidate,SourceVerified,
StandardBlacksmithStudyBook,StudyBook,Data/Scripts/Custom/Offline Skill Training/Items/StandardStudyBooks.cs,ItemCandidate,SourceVerified,
StandardBludgeoningStudyBook,StudyBook,Data/Scripts/Custom/Offline Skill Training/Items/StandardStudyBooks.cs,ItemCandidate,SourceVerified,
StandardBowcraftStudyBook,StudyBook,Data/Scripts/Custom/Offline Skill Training/Items/StandardStudyBooks.cs,ItemCandidate,SourceVerified,
StandardBushidoStudyBook,StudyBook,Data/Scripts/Custom/Offline Skill Training/Items/StandardStudyBooks.cs,ItemCandidate,SourceVerified,
StandardCampingStudyBook,StudyBook,Data/Scripts/Custom/Offline Skill Training/Items/StandardStudyBooks.cs,ItemCandidate,SourceVerified,
StandardCarpentryStudyBook,StudyBook,Data/Scripts/Custom/Offline Skill Training/Items/StandardStudyBooks.cs,ItemCandidate,SourceVerified,
StandardCartographyStudyBook,StudyBook,Data/Scripts/Custom/Offline Skill Training/Items/StandardStudyBooks.cs,ItemCandidate,SourceVerified,
StandardCookingStudyBook,StudyBook,Data/Scripts/Custom/Offline Skill Training/Items/StandardStudyBooks.cs,ItemCandidate,SourceVerified,
StandardDiscordanceStudyBook,StudyBook,Data/Scripts/Custom/Offline Skill Training/Items/StandardStudyBooks.cs,ItemCandidate,SourceVerified,
StandardDruidismStudyBook,StudyBook,Data/Scripts/Custom/Offline Skill Training/Items/StandardStudyBooks.cs,ItemCandidate,SourceVerified,
StandardElementalismStudyBook,StudyBook,Data/Scripts/Custom/Offline Skill Training/Items/StandardStudyBooks.cs,ItemCandidate,SourceVerified,
StandardFencingStudyBook,StudyBook,Data/Scripts/Custom/Offline Skill Training/Items/StandardStudyBooks.cs,ItemCandidate,SourceVerified,
StandardFistFightingStudyBook,StudyBook,Data/Scripts/Custom/Offline Skill Training/Items/StandardStudyBooks.cs,ItemCandidate,SourceVerified,
StandardFocusStudyBook,StudyBook,Data/Scripts/Custom/Offline Skill Training/Items/StandardStudyBooks.cs,ItemCandidate,SourceVerified,
StandardForensicsStudyBook,StudyBook,Data/Scripts/Custom/Offline Skill Training/Items/StandardStudyBooks.cs,ItemCandidate,SourceVerified,
StandardHealingStudyBook,StudyBook,Data/Scripts/Custom/Offline Skill Training/Items/StandardStudyBooks.cs,ItemCandidate,SourceVerified,
StandardHerdingStudyBook,StudyBook,Data/Scripts/Custom/Offline Skill Training/Items/StandardStudyBooks.cs,ItemCandidate,SourceVerified,
StandardHidingStudyBook,StudyBook,Data/Scripts/Custom/Offline Skill Training/Items/StandardStudyBooks.cs,ItemCandidate,SourceVerified,
StandardImbuingStudyBook,StudyBook,Data/Scripts/Custom/Offline Skill Training/Items/StandardStudyBooks.cs,ItemCandidate,SourceVerified,
StandardInscribeStudyBook,StudyBook,Data/Scripts/Custom/Offline Skill Training/Items/StandardStudyBooks.cs,ItemCandidate,SourceVerified,
StandardKnightshipStudyBook,StudyBook,Data/Scripts/Custom/Offline Skill Training/Items/StandardStudyBooks.cs,ItemCandidate,SourceVerified,
StandardLockpickingStudyBook,StudyBook,Data/Scripts/Custom/Offline Skill Training/Items/StandardStudyBooks.cs,ItemCandidate,SourceVerified,
StandardLumberjackingStudyBook,StudyBook,Data/Scripts/Custom/Offline Skill Training/Items/StandardStudyBooks.cs,ItemCandidate,SourceVerified,
StandardMageryStudyBook,StudyBook,Data/Scripts/Custom/Offline Skill Training/Items/StandardStudyBooks.cs,ItemCandidate,SourceVerified,
StandardMagicResistStudyBook,StudyBook,Data/Scripts/Custom/Offline Skill Training/Items/StandardStudyBooks.cs,ItemCandidate,SourceVerified,
StandardMarksmanshipStudyBook,StudyBook,Data/Scripts/Custom/Offline Skill Training/Items/StandardStudyBooks.cs,ItemCandidate,SourceVerified,
StandardMeditationStudyBook,StudyBook,Data/Scripts/Custom/Offline Skill Training/Items/StandardStudyBooks.cs,ItemCandidate,SourceVerified,
StandardMercantileStudyBook,StudyBook,Data/Scripts/Custom/Offline Skill Training/Items/StandardStudyBooks.cs,ItemCandidate,SourceVerified,
StandardMiningStudyBook,StudyBook,Data/Scripts/Custom/Offline Skill Training/Items/StandardStudyBooks.cs,ItemCandidate,SourceVerified,
StandardMusicianshipStudyBook,StudyBook,Data/Scripts/Custom/Offline Skill Training/Items/StandardStudyBooks.cs,ItemCandidate,SourceVerified,
StandardMysticismStudyBook,StudyBook,Data/Scripts/Custom/Offline Skill Training/Items/StandardStudyBooks.cs,ItemCandidate,SourceVerified,
StandardNecromancyStudyBook,StudyBook,Data/Scripts/Custom/Offline Skill Training/Items/StandardStudyBooks.cs,ItemCandidate,SourceVerified,
StandardNinjitsuStudyBook,StudyBook,Data/Scripts/Custom/Offline Skill Training/Items/StandardStudyBooks.cs,ItemCandidate,SourceVerified,
StandardParryStudyBook,StudyBook,Data/Scripts/Custom/Offline Skill Training/Items/StandardStudyBooks.cs,ItemCandidate,SourceVerified,
StandardPeacemakingStudyBook,StudyBook,Data/Scripts/Custom/Offline Skill Training/Items/StandardStudyBooks.cs,ItemCandidate,SourceVerified,
StandardPlateKabuto,BaseArmor,Data/Scripts/Items/Armor/Plate/StandardPlateKabuto.cs,ItemCandidate,SourceVerified,
StandardPoisoningStudyBook,StudyBook,Data/Scripts/Custom/Offline Skill Training/Items/StandardStudyBooks.cs,ItemCandidate,SourceVerified,
StandardProvocationStudyBook,StudyBook,Data/Scripts/Custom/Offline Skill Training/Items/StandardStudyBooks.cs,ItemCandidate,SourceVerified,
StandardPsychologyStudyBook,StudyBook,Data/Scripts/Custom/Offline Skill Training/Items/StandardStudyBooks.cs,ItemCandidate,SourceVerified,
StandardRandomStudyBook,StudyBook,Data/Scripts/Custom/Offline Skill Training/Items/RandomStudyBooks.cs,ItemCandidate,SourceVerified,
StandardRemoveTrapStudyBook,StudyBook,Data/Scripts/Custom/Offline Skill Training/Items/StandardStudyBooks.cs,ItemCandidate,SourceVerified,
StandardSeafaringStudyBook,StudyBook,Data/Scripts/Custom/Offline Skill Training/Items/StandardStudyBooks.cs,ItemCandidate,SourceVerified,
StandardSearchingStudyBook,StudyBook,Data/Scripts/Custom/Offline Skill Training/Items/StandardStudyBooks.cs,ItemCandidate,SourceVerified,
StandardSnoopingStudyBook,StudyBook,Data/Scripts/Custom/Offline Skill Training/Items/StandardStudyBooks.cs,ItemCandidate,SourceVerified,
StandardSpiritualismStudyBook,StudyBook,Data/Scripts/Custom/Offline Skill Training/Items/StandardStudyBooks.cs,ItemCandidate,SourceVerified,
StandardStealingStudyBook,StudyBook,Data/Scripts/Custom/Offline Skill Training/Items/StandardStudyBooks.cs,ItemCandidate,SourceVerified,
StandardStealthStudyBook,StudyBook,Data/Scripts/Custom/Offline Skill Training/Items/StandardStudyBooks.cs,ItemCandidate,SourceVerified,
StandardSwordsStudyBook,StudyBook,Data/Scripts/Custom/Offline Skill Training/Items/StandardStudyBooks.cs,ItemCandidate,SourceVerified,
StandardTacticsStudyBook,StudyBook,Data/Scripts/Custom/Offline Skill Training/Items/StandardStudyBooks.cs,ItemCandidate,SourceVerified,
StandardTailoringStudyBook,StudyBook,Data/Scripts/Custom/Offline Skill Training/Items/StandardStudyBooks.cs,ItemCandidate,SourceVerified,
StandardTamingStudyBook,StudyBook,Data/Scripts/Custom/Offline Skill Training/Items/StandardStudyBooks.cs,ItemCandidate,SourceVerified,
StandardTastingStudyBook,StudyBook,Data/Scripts/Custom/Offline Skill Training/Items/StandardStudyBooks.cs,ItemCandidate,SourceVerified,
StandardThrowingStudyBook,StudyBook,Data/Scripts/Custom/Offline Skill Training/Items/StandardStudyBooks.cs,ItemCandidate,SourceVerified,
StandardTinkeringStudyBook,StudyBook,Data/Scripts/Custom/Offline Skill Training/Items/StandardStudyBooks.cs,ItemCandidate,SourceVerified,
StandardTrackingStudyBook,StudyBook,Data/Scripts/Custom/Offline Skill Training/Items/StandardStudyBooks.cs,ItemCandidate,SourceVerified,
StandardVeterinaryStudyBook,StudyBook,Data/Scripts/Custom/Offline Skill Training/Items/StandardStudyBooks.cs,ItemCandidate,SourceVerified,
StandingBrokenChairAddon,BaseAddon,Data/Scripts/Items/Special/Broken Furniture Collection/StandingBrokenChair.cs,ItemCandidate,SourceVerified,
StandingBrokenChairComponent,AddonComponent,Data/Scripts/Items/Special/Broken Furniture Collection/StandingBrokenChair.cs,ItemCandidate,SourceVerified,
StandingBrokenChairDeed,BaseAddonDeed,Data/Scripts/Items/Special/Broken Furniture Collection/StandingBrokenChair.cs,ItemCandidate,SourceVerified,
StarRubyAmulet,GoldNecklace,Data/Scripts/Items/Jewels/Tinkered.cs,ItemCandidate,SourceVerified,
StarRubyBracelet,GoldBracelet,Data/Scripts/Items/Jewels/Tinkered.cs,ItemCandidate,SourceVerified,
StarRubyEarrings,GoldEarrings,Data/Scripts/Items/Jewels/Tinkered.cs,ItemCandidate,SourceVerified,
StarRubyFemalePlateChest,FemalePlateChest,Data/Scripts/Items/Armor/Gargoyle/StarRubyArmor.cs,ItemCandidate,SourceVerified,
StarRubyIngot,Item,Data/Scripts/Items/Trades/Resources/Blacksmithing/BlockofStarRuby.cs,ItemCandidate,SourceVerified,
StarRubyPlateArms,PlateArms,Data/Scripts/Items/Armor/Gargoyle/StarRubyArmor.cs,ItemCandidate,SourceVerified,
StarRubyPlateChest,PlateChest,Data/Scripts/Items/Armor/Gargoyle/StarRubyArmor.cs,ItemCandidate,SourceVerified,
StarRubyPlateGloves,PlateGloves,Data/Scripts/Items/Armor/Gargoyle/StarRubyArmor.cs,ItemCandidate,SourceVerified,
StarRubyPlateGorget,PlateGorget,Data/Scripts/Items/Armor/Gargoyle/StarRubyArmor.cs,ItemCandidate,SourceVerified,
StarRubyPlateHelm,PlateHelm,Data/Scripts/Items/Armor/Gargoyle/StarRubyArmor.cs,ItemCandidate,SourceVerified,
StarRubyPlateLegs,PlateLegs,Data/Scripts/Items/Armor/Gargoyle/StarRubyArmor.cs,ItemCandidate,SourceVerified,
StarRubyRing,GoldRing,Data/Scripts/Items/Jewels/Tinkered.cs,ItemCandidate,SourceVerified,
StarRubyShield,HeaterShield,Data/Scripts/Items/Armor/Gargoyle/StarRubyArmor.cs,ItemCandidate,SourceVerified,
StarSapphire,Item,Data/Scripts/Items/Gems/StarSapphire.cs,ItemCandidate,SourceVerified,
StarSapphireAmulet,GoldNecklace,Data/Scripts/Items/Jewels/Tinkered.cs,ItemCandidate,SourceVerified,
StarSapphireBracelet,GoldBracelet,Data/Scripts/Items/Jewels/Tinkered.cs,ItemCandidate,SourceVerified,
StarSapphireEarrings,GoldEarrings,Data/Scripts/Items/Jewels/Tinkered.cs,ItemCandidate,SourceVerified,
StarSapphireRing,GoldRing,Data/Scripts/Items/Jewels/Tinkered.cs,ItemCandidate,SourceVerified,
Static,Item,Data/Scripts/Items/Misc/Static.cs,ItemCandidate,SourceVerified,
StatueAdventurer,BaseStatue,Data/Scripts/Trades/Stone/Statues.cs,ItemCandidate,SourceVerified,
StatueAmazon,BaseStatue,Data/Scripts/Trades/Stone/Statues.cs,ItemCandidate,SourceVerified,
StatueAngelTall,BaseStatueDeed,Data/Scripts/Trades/Stone/Assemblies.cs,ItemCandidate,SourceVerified,
StatueBust,BaseStatue,Data/Scripts/Trades/Stone/Statues.cs,ItemCandidate,SourceVerified,
StatueCapeWarrior,BaseStatueDeed,Data/Scripts/Trades/Stone/Assemblies.cs,ItemCandidate,SourceVerified,
StatueDaemon,BaseStatueDeed,Data/Scripts/Trades/Stone/Assemblies.cs,ItemCandidate,SourceVerified,
StatueDemonicFace,BaseStatueDeed,Data/Scripts/Trades/Stone/Assemblies.cs,ItemCandidate,SourceVerified,
StatueDesertGod,BaseStatue,Data/Scripts/Trades/Stone/Statues.cs,ItemCandidate,SourceVerified,
StatueDruid,BaseStatue,Data/Scripts/Trades/Stone/Statues.cs,ItemCandidate,SourceVerified,
StatueDwarf,BaseStatue,Data/Scripts/Trades/Stone/Statues.cs,ItemCandidate,SourceVerified,
StatueEast,Item,Data/Scripts/Items/Construction/Misc/Statues.cs,ItemCandidate,SourceVerified,
StatueEast2,Item,Data/Scripts/Items/Construction/Misc/Statues.cs,ItemCandidate,SourceVerified,
StatueElvenKnight,BaseStatue,Data/Scripts/Trades/Stone/Statues.cs,ItemCandidate,SourceVerified,
StatueElvenPriestess,BaseStatue,Data/Scripts/Trades/Stone/Statues.cs,ItemCandidate,SourceVerified,
StatueElvenSorceress,BaseStatue,Data/Scripts/Trades/Stone/Statues.cs,ItemCandidate,SourceVerified,
StatueElvenWarrior,BaseStatue,Data/Scripts/Trades/Stone/Statues.cs,ItemCandidate,SourceVerified,
StatueFighter,BaseStatue,Data/Scripts/Trades/Stone/Statues.cs,ItemCandidate,SourceVerified,
StatueGargoyleBust,BaseStatue,Data/Scripts/Trades/Stone/Statues.cs,ItemCandidate,SourceVerified,
StatueGargoyleTall,BaseStatue,Data/Scripts/Trades/Stone/Statues.cs,ItemCandidate,SourceVerified,
StatueGateGuardian,BaseStatueDeed,Data/Scripts/Trades/Stone/Assemblies.cs,ItemCandidate,SourceVerified,
StatueGiantWarrior,BaseStatueDeed,Data/Scripts/Trades/Stone/Assemblies.cs,ItemCandidate,SourceVerified,
StatueGryphon,BaseStatue,Data/Scripts/Trades/Stone/Statues.cs,ItemCandidate,SourceVerified,
StatueGuardian,BaseStatueDeed,Data/Scripts/Trades/Stone/Assemblies.cs,ItemCandidate,SourceVerified,
StatueHorseRider,BaseStatueDeed,Data/Scripts/Trades/Stone/Assemblies.cs,ItemCandidate,SourceVerified,
StatueMermaid,BaseStatue,Data/Scripts/Trades/Stone/Statues.cs,ItemCandidate,SourceVerified,
StatueMinotaurAttack,BaseStatueDeed,Data/Scripts/Trades/Stone/Assemblies.cs,ItemCandidate,SourceVerified,
StatueMinotaurDefend,BaseStatueDeed,Data/Scripts/Trades/Stone/Assemblies.cs,ItemCandidate,SourceVerified,
StatueNoble,BaseStatue,Data/Scripts/Trades/Stone/Statues.cs,ItemCandidate,SourceVerified,
StatueNorth,Item,Data/Scripts/Items/Construction/Misc/Statues.cs,ItemCandidate,SourceVerified,
StatuePegasus,Item,Data/Scripts/Items/Construction/Misc/Statues.cs,ItemCandidate,SourceVerified,
StatuePegasus2,Item,Data/Scripts/Items/Construction/Misc/Statues.cs,ItemCandidate,SourceVerified,
StatuePriest,BaseStatue,Data/Scripts/Trades/Stone/Statues.cs,ItemCandidate,SourceVerified,
StatueSeaHorse,BaseStatue,Data/Scripts/Trades/Stone/Statues.cs,ItemCandidate,SourceVerified,
StatueSouth,Item,Data/Scripts/Items/Construction/Misc/Statues.cs,ItemCandidate,SourceVerified,
StatueSouth2,Item,Data/Scripts/Items/Construction/Misc/Statues.cs,ItemCandidate,SourceVerified,
StatueSouthEast,Item,Data/Scripts/Items/Construction/Misc/Statues.cs,ItemCandidate,SourceVerified,
StatueSwordsman,BaseStatue,Data/Scripts/Trades/Stone/Statues.cs,ItemCandidate,SourceVerified,
StatueWest,Item,Data/Scripts/Items/Construction/Misc/Statues.cs,ItemCandidate,SourceVerified,
StatueWiseManTall,BaseStatueDeed,Data/Scripts/Trades/Stone/Assemblies.cs,ItemCandidate,SourceVerified,
StatueWizard,BaseStatue,Data/Scripts/Trades/Stone/Statues.cs,ItemCandidate,SourceVerified,
StatueWolfWinged,BaseStatue,Data/Scripts/Trades/Stone/Statues.cs,ItemCandidate,SourceVerified,
StatueWomanTall,BaseStatueDeed,Data/Scripts/Trades/Stone/Assemblies.cs,ItemCandidate,SourceVerified,
StatueWomanWarriorPillar,BaseStatue,Data/Scripts/Trades/Stone/Statues.cs,ItemCandidate,SourceVerified,
StatuetteDyeTub,DyeTub,Data/Scripts/Items/Misc/Dyes/StatuetteDyeTub.cs,ItemCandidate,SourceVerified,
StatusBoard,Item,Data/Scripts/Items/Books/BulletinBoards/StatusBoard.cs,ItemCandidate,SourceVerified,
StatusDiceGump,Gump,Data/Scripts/Items/Misc/Games/LiarsDice/Gumps/StatusDiceGump.cs,ItemCandidate,SourceVerified,
StatusGump,Gump,Data/Scripts/Items/Books/BulletinBoards/StatusBoard.cs,ItemCandidate,SourceVerified,
StealableArtifactsSpawner,Item,Data/Scripts/Items/Decorations/Artifacts/StealableArtifactsSpawner.cs,ItemCandidate,SourceVerified,
StealableEntry,,Data/Scripts/Items/Decorations/Artifacts/StealableArtifactsSpawner.cs,ItemCandidate,SourceVerified,
StealableInstance,,Data/Scripts/Items/Decorations/Artifacts/StealableArtifactsSpawner.cs,ItemCandidate,SourceVerified,
StealingBoard,Item,Data/Scripts/Items/Books/BulletinBoards/StealingBoard.cs,ItemCandidate,SourceVerified,
SteelAmulet,GoldNecklace,Data/Scripts/Items/Jewels/Tinkered.cs,ItemCandidate,SourceVerified,
SteelBracelet,GoldBracelet,Data/Scripts/Items/Jewels/Tinkered.cs,ItemCandidate,SourceVerified,
SteelEarrings,GoldEarrings,Data/Scripts/Items/Jewels/Tinkered.cs,ItemCandidate,SourceVerified,
SteelIngot,BaseIngot,Data/Scripts/Items/Trades/Resources/Blacksmithing/Ingots.cs,ItemCandidate,SourceVerified,
SteelRing,GoldRing,Data/Scripts/Items/Jewels/Tinkered.cs,ItemCandidate,SourceVerified,
StitchersMittens,LeatherGloves,Data/Scripts/Items/Magical/Artifacts/Obsolete/Obsolete_StitchersMittens.cs,ItemCandidate,SourceVerified,
StolenChest,Bag,Data/Scripts/Items/Trades/Thieving/StolenChest.cs,ItemCandidate,SourceVerified,
StoneAmphora,BaseStatue,Data/Scripts/Trades/Stone/Furniture.cs,ItemCandidate,SourceVerified,
StoneAnkh,BaseAddon,Data/Scripts/Items/Special/Veteran Rewards/StoneAnkh.cs,ItemCandidate,SourceVerified,
StoneAnkhComponent,AddonComponent,Data/Scripts/Items/Special/Veteran Rewards/StoneAnkh.cs,ItemCandidate,SourceVerified,
StoneAnkhDeed,BaseAddonDeed,Data/Scripts/Items/Special/Veteran Rewards/StoneAnkh.cs,ItemCandidate,SourceVerified,
StoneBenchLong,BaseStatueDeed,Data/Scripts/Trades/Stone/Assemblies.cs,ItemCandidate,SourceVerified,
StoneBenchShort,BaseStatueDeed,Data/Scripts/Trades/Stone/Assemblies.cs,ItemCandidate,SourceVerified,
StoneBlock,BaseStatue,Data/Scripts/Trades/Stone/Furniture.cs,ItemCandidate,SourceVerified,
StoneBuddhistSculpture,BaseStatue,Data/Scripts/Trades/Stone/Furniture.cs,ItemCandidate,SourceVerified,
StoneCasket,LockableContainer,Data/Scripts/Items/Containers/Container.cs,ItemCandidate,SourceVerified,
StoneChair,Item,Data/Scripts/Items/Construction/Chairs/Chairs.cs,ItemCandidate,SourceVerified,
StoneChairs,BaseStatue,Data/Scripts/Trades/Stone/Furniture.cs,ItemCandidate,SourceVerified,
StoneChest,LockableContainer,Data/Scripts/Items/Containers/Container.cs,ItemCandidate,SourceVerified,
StoneCityBankAddon,BaseAddon,Data/Scripts/Custom/Government System/Items/Civic Structures/Stock Buildings/Banks/StoneCityBankAddon.cs,ItemCandidate,SourceVerified,
StoneCityBankDeed,CityDeed,Data/Scripts/Custom/Government System/Items/Deeds/Stock Deeds/Banks/StoneCityBankDeed.cs,ItemCandidate,SourceVerified,
StoneCityHallAddon,BaseAddon,Data/Scripts/Custom/Government System/Items/Civic Structures/Stock Buildings/City Halls/StoneCityHallAddon.cs,ItemCandidate,SourceVerified,
StoneCityHallDeed,CityDeed,Data/Scripts/Custom/Government System/Items/Deeds/Stock Deeds/City Halls/StoneCityHallDeed.cs,ItemCandidate,SourceVerified,
StoneCityHealerAddon,BaseAddon,Data/Scripts/Custom/Government System/Items/Civic Structures/Stock Buildings/Healers/StoneCityHealerAddon.cs,ItemCandidate,SourceVerified,
StoneCityHealerDeed,CityDeed,Data/Scripts/Custom/Government System/Items/Deeds/Stock Deeds/Healers/StoneCityHealerDeed.cs,ItemCandidate,SourceVerified,
StoneCityMarketAddon,BaseAddon,Data/Scripts/Custom/Government System/Items/Civic Structures/Stock Buildings/Markets/StoneMarketAddon.cs,ItemCandidate,SourceVerified,
StoneCityMarketDeed,CityDeed,Data/Scripts/Custom/Government System/Items/Deeds/Stock Deeds/Markets/StoneCityMarketDeed.cs,ItemCandidate,SourceVerified,
StoneCityMoongateAddon,BaseAddon,Data/Scripts/Custom/Government System/Items/Civic Structures/Stock Buildings/Moongates/StoneCityMoongateAddon.cs,ItemCandidate,SourceVerified,
StoneCityMoongateDeed,CityDeed,Data/Scripts/Custom/Government System/Items/Deeds/Stock Deeds/Moongates/StoneCityMoongateDeed.cs,ItemCandidate,SourceVerified,
StoneCityStableAddon,BaseAddon,Data/Scripts/Custom/Government System/Items/Civic Structures/Stock Buildings/Stable/StoneCityStableAddon.cs,ItemCandidate,SourceVerified,
StoneCityStableDeed,CityDeed,Data/Scripts/Custom/Government System/Items/Deeds/Stock Deeds/Stable/StoneCityHealerDeed.cs,ItemCandidate,SourceVerified,
StoneCityTavernAddon,BaseAddon,Data/Scripts/Custom/Government System/Items/Civic Structures/Stock Buildings/Taverns/StoneCityTavernAddon.cs,ItemCandidate,SourceVerified,
StoneCityTavernDeed,CityDeed,Data/Scripts/Custom/Government System/Items/Deeds/Stock Deeds/Taverns/StoneCityTavernDeed.cs,ItemCandidate,SourceVerified,
StoneCoffer,LockableContainer,Data/Scripts/Items/Containers/Container.cs,ItemCandidate,SourceVerified,
StoneCoffin,LockableContainer,Data/Scripts/Items/Containers/Container.cs,ItemCandidate,SourceVerified,
StoneColumn,BaseStatue,Data/Scripts/Trades/Stone/Furniture.cs,ItemCandidate,SourceVerified,
StoneFaceTrap,BaseTrap,Data/Scripts/Items/Traps/StoneFaceTrap.cs,ItemCandidate,SourceVerified,
StoneFaceTrapNoDamage,StoneFaceTrap,Data/Scripts/Items/Traps/StoneFaceTrap.cs,ItemCandidate,SourceVerified,
StoneFancyPedestal,BaseStatue,Data/Scripts/Trades/Stone/Furniture.cs,ItemCandidate,SourceVerified,
StoneFireplaceEastAddon,BaseAddon,Data/Scripts/Items/Construction/Addons/StoneFireplaceEastAddon.cs,ItemCandidate,SourceVerified,
StoneFireplaceEastDeed,BaseAddonDeed,Data/Scripts/Items/Construction/Addons/StoneFireplaceEastAddon.cs,ItemCandidate,SourceVerified,
StoneFireplaceSouthAddon,BaseAddon,Data/Scripts/Items/Construction/Addons/StoneFireplaceSouthAddon.cs,ItemCandidate,SourceVerified,
StoneFireplaceSouthDeed,BaseAddonDeed,Data/Scripts/Items/Construction/Addons/StoneFireplaceSouthAddon.cs,ItemCandidate,SourceVerified,
StoneFountainAddon,BaseAddon,Data/Scripts/Items/Construction/Addons/StoneFountainAddon.cs,ItemCandidate,SourceVerified,
StoneGargoyleVase,BaseStatue,Data/Scripts/Trades/Stone/Furniture.cs,ItemCandidate,SourceVerified,
StoneGothicColumn,BaseStatue,Data/Scripts/Trades/Stone/Furniture.cs,ItemCandidate,SourceVerified,
StoneLargeAmphora,BaseStatue,Data/Scripts/Trades/Stone/Furniture.cs,ItemCandidate,SourceVerified,
StoneLargeVase,BaseStatue,Data/Scripts/Trades/Stone/Furniture.cs,ItemCandidate,SourceVerified,
StoneMingSculpture,BaseStatue,Data/Scripts/Trades/Stone/Furniture.cs,ItemCandidate,SourceVerified,
StoneMingUrn,BaseStatue,Data/Scripts/Trades/Stone/Furniture.cs,ItemCandidate,SourceVerified,
StoneMiningBook,Item,Data/Scripts/Items/Trades/Specialized/StoneMiningBook.cs,ItemCandidate,SourceVerified,
StoneOrnateAmphora,BaseStatue,Data/Scripts/Trades/Stone/Furniture.cs,ItemCandidate,SourceVerified,
StoneOrnateTallVase,LockableContainer,Data/Scripts/Items/Containers/Container.cs,ItemCandidate,SourceVerified,
StoneOrnateUrn,LockableContainer,Data/Scripts/Items/Containers/Container.cs,ItemCandidate,SourceVerified,
StoneOrnateVase,BaseStatue,Data/Scripts/Trades/Stone/Furniture.cs,ItemCandidate,SourceVerified,
StoneOvenEastAddon,BaseAddon,Data/Scripts/Items/Construction/Addons/StoneOvenEastAddon.cs,ItemCandidate,SourceVerified,
StoneOvenEastDeed,BaseAddonDeed,Data/Scripts/Items/Construction/Addons/StoneOvenEastAddon.cs,ItemCandidate,SourceVerified,
StoneOvenSouthAddon,BaseAddon,Data/Scripts/Items/Construction/Addons/StoneOvenSouthAddon.cs,ItemCandidate,SourceVerified,
StoneOvenSouthDeed,BaseAddonDeed,Data/Scripts/Items/Construction/Addons/StoneOvenSouthAddon.cs,ItemCandidate,SourceVerified,
StonePaversDark,BaseFloor,Data/Scripts/Items/Construction/Floors/Floors.cs,ItemCandidate,SourceVerified,
StonePaversLight,BaseFloor,Data/Scripts/Items/Construction/Floors/Floors.cs,ItemCandidate,SourceVerified,
StonePaversMedium,BaseFloor,Data/Scripts/Items/Construction/Floors/Floors.cs,ItemCandidate,SourceVerified,
StonePedestal,BaseStatue,Data/Scripts/Trades/Stone/Furniture.cs,ItemCandidate,SourceVerified,
StonePlasterHouseDeed,HouseDeed,Data/Scripts/Items/Houses/Deeds.cs,ItemCandidate,SourceVerified,
StoneQinSculpture,BaseStatue,Data/Scripts/Trades/Stone/Furniture.cs,ItemCandidate,SourceVerified,
StoneQinUrn,BaseStatue,Data/Scripts/Trades/Stone/Furniture.cs,ItemCandidate,SourceVerified,
StoneRoughPillar,BaseStatue,Data/Scripts/Trades/Stone/Furniture.cs,ItemCandidate,SourceVerified,
StoneSarcophagus,BaseStatueDeed,Data/Scripts/Trades/Stone/Assemblies.cs,ItemCandidate,SourceVerified,
StoneStatueAddon,BaseAddon,Data/Scripts/Items/Special/Heritage Items/Statue.cs,ItemCandidate,SourceVerified,
StoneStatueDeed,BaseAddonDeed,Data/Scripts/Items/Special/Heritage Items/Statue.cs,ItemCandidate,SourceVerified,
StoneSteps,BaseStatue,Data/Scripts/Trades/Stone/Furniture.cs,ItemCandidate,SourceVerified,
StoneStrongbox,LockableContainer,Data/Scripts/Items/Containers/Container.cs,ItemCandidate,SourceVerified,
StoneTableLong,BaseStatueDeed,Data/Scripts/Trades/Stone/Assemblies.cs,ItemCandidate,SourceVerified,
StoneTableShort,BaseStatueDeed,Data/Scripts/Trades/Stone/Assemblies.cs,ItemCandidate,SourceVerified,
StoneTombStoneA,BaseStatue,Data/Scripts/Trades/Stone/Gravestones.cs,ItemCandidate,SourceVerified,
StoneTombStoneB,BaseStatue,Data/Scripts/Trades/Stone/Gravestones.cs,ItemCandidate,SourceVerified,
StoneTombStoneC,BaseStatue,Data/Scripts/Trades/Stone/Gravestones.cs,ItemCandidate,SourceVerified,
StoneTombStoneD,BaseStatue,Data/Scripts/Trades/Stone/Gravestones.cs,ItemCandidate,SourceVerified,
StoneTombStoneE,BaseStatue,Data/Scripts/Trades/Stone/Gravestones.cs,ItemCandidate,SourceVerified,
StoneTombStoneF,BaseStatue,Data/Scripts/Trades/Stone/Gravestones.cs,ItemCandidate,SourceVerified,
StoneTombStoneG,BaseStatue,Data/Scripts/Trades/Stone/Gravestones.cs,ItemCandidate,SourceVerified,
StoneTombStoneH,BaseStatue,Data/Scripts/Trades/Stone/Gravestones.cs,ItemCandidate,SourceVerified,
StoneTombStoneI,BaseStatue,Data/Scripts/Trades/Stone/Gravestones.cs,ItemCandidate,SourceVerified,
StoneTombStoneJ,BaseStatue,Data/Scripts/Trades/Stone/Gravestones.cs,ItemCandidate,SourceVerified,
StoneTombStoneK,BaseStatue,Data/Scripts/Trades/Stone/Gravestones.cs,ItemCandidate,SourceVerified,
StoneTombStoneL,BaseStatue,Data/Scripts/Trades/Stone/Gravestones.cs,ItemCandidate,SourceVerified,
StoneTombStoneM,BaseStatue,Data/Scripts/Trades/Stone/Gravestones.cs,ItemCandidate,SourceVerified,
StoneTombStoneN,BaseStatue,Data/Scripts/Trades/Stone/Gravestones.cs,ItemCandidate,SourceVerified,
StoneTombStoneO,BaseStatue,Data/Scripts/Trades/Stone/Gravestones.cs,ItemCandidate,SourceVerified,
StoneTombStoneP,BaseStatue,Data/Scripts/Trades/Stone/Gravestones.cs,ItemCandidate,SourceVerified,
StoneTombStoneQ,BaseStatue,Data/Scripts/Trades/Stone/Gravestones.cs,ItemCandidate,SourceVerified,
StoneTombStoneR,BaseStatue,Data/Scripts/Trades/Stone/Gravestones.cs,ItemCandidate,SourceVerified,
StoneTombStoneS,BaseStatue,Data/Scripts/Trades/Stone/Gravestones.cs,ItemCandidate,SourceVerified,
StoneTombStoneT,BaseStatue,Data/Scripts/Trades/Stone/Gravestones.cs,ItemCandidate,SourceVerified,
StoneVase,BaseStatue,Data/Scripts/Trades/Stone/Furniture.cs,ItemCandidate,SourceVerified,
StoneWellAddon,BaseAddon,Data/Scripts/Items/Construction/Wells/stonewell.cs,ItemCandidate,SourceVerified,
StoneWellDeed,BaseAddonDeed,Data/Scripts/Items/Construction/Wells/stonewell.cs,ItemCandidate,SourceVerified,
StoneWellPiece,AddonComponent,Data/Scripts/Items/Construction/Wells/stonewell.cs,ItemCandidate,SourceVerified,
StoneWizardTable,BaseStatue,Data/Scripts/Trades/Stone/Statues.cs,ItemCandidate,SourceVerified,
StoneWorkshopDeed,HouseDeed,Data/Scripts/Items/Houses/Deeds.cs,ItemCandidate,SourceVerified,
StoneYuanSculpture,BaseStatue,Data/Scripts/Trades/Stone/Furniture.cs,ItemCandidate,SourceVerified,
StoneYuanUrn,BaseStatue,Data/Scripts/Trades/Stone/Furniture.cs,ItemCandidate,SourceVerified,
Stool,Item,Data/Scripts/Items/Construction/Chairs/Stools.cs,ItemCandidate,SourceVerified,
StopBlock,Item,Data/Scripts/Items/Traps/Blocker.cs,ItemCandidate,SourceVerified,
Stormbringer,VikingSword,Data/Scripts/Items/Magical/Artifacts/Obsolete/Obsolete_Stormbringer.cs,ItemCandidate,SourceVerified,
Strandedness,,Data/Scripts/Items/Boats/Strandedness.cs,ItemCandidate,SourceVerified,
StrangeGlow,Item,Data/Scripts/Items/Construction/Lights/StrangeGlow.cs,ItemCandidate,SourceVerified,
StrangePortal,Item,Data/Scripts/Items/Doors/StrangePortal.cs,ItemCandidate,SourceVerified,
Strange_Portal,Item,Data/Scripts/Items/Doors/StrangePortal.cs,ItemCandidate,SourceVerified,
StrawHat,BaseHat,Data/Scripts/Items/Clothing/Hats.cs,ItemCandidate,SourceVerified,
StrengthMagicStaff,BaseMagicStaff,Data/Scripts/Items/Wands/2nd Circle/StrengthStaff.cs,ItemCandidate,SourceVerified,
StrengthPotion,BaseStrengthPotion,Data/Scripts/Items/Potions/Standard/Strength Potions/StrengthPotion.cs,ItemCandidate,SourceVerified,
StretchedHideArtifact,BaseDecorationArtifact,Data/Scripts/Items/Decorations/Artifacts/DoomDecorationArtifacts.cs,ItemCandidate,SourceVerified,
StrongBackpack,Backpack,Data/Scripts/Items/Containers/Container.cs,ItemCandidate,SourceVerified,
StrongBox,BaseContainer,Data/Scripts/Items/Containers/Strongbox.cs,ItemCandidate,SourceVerified,
StrongWoodDoor,BaseDoor,Data/Scripts/Items/Doors/Doors.cs,ItemCandidate,SourceVerified,
StuddedArms,BaseArmor,Data/Scripts/Items/Armor/Studded/StuddedArms.cs,ItemCandidate,SourceVerified,
StuddedBustierArms,BaseArmor,Data/Scripts/Items/Armor/Studded/StuddedBustierArms.cs,ItemCandidate,SourceVerified,
StuddedChest,BaseArmor,Data/Scripts/Items/Armor/Studded/StuddedChest.cs,ItemCandidate,SourceVerified,
StuddedDo,BaseArmor,Data/Scripts/Items/Armor/Studded/StuddedDo.cs,ItemCandidate,SourceVerified,
StuddedGloves,BaseArmor,Data/Scripts/Items/Armor/Studded/StuddedGloves.cs,ItemCandidate,SourceVerified,
StuddedGlovesOfMining,BaseGlovesOfMining,Data/Scripts/Items/Special/Bulk Order Rewards/Blacksmithy/GlovesOfMining.cs,ItemCandidate,SourceVerified,
StuddedGorget,BaseArmor,Data/Scripts/Items/Armor/Studded/StuddedGorget.cs,ItemCandidate,SourceVerified,
StuddedHaidate,BaseArmor,Data/Scripts/Items/Armor/Studded/StuddedHaidate.cs,ItemCandidate,SourceVerified,
StuddedHideChest,BaseArmor,Data/Scripts/Items/Armor/Studded/StuddedHideChest.cs,ItemCandidate,SourceVerified,
StuddedHiroSode,BaseArmor,Data/Scripts/Items/Armor/Studded/StuddedHiroSode.cs,ItemCandidate,SourceVerified,
StuddedLeggingsArtifact,BaseDecorationArtifact,Data/Scripts/Items/Decorations/Artifacts/DoomDecorationArtifacts.cs,ItemCandidate,SourceVerified,
StuddedLegs,BaseArmor,Data/Scripts/Items/Armor/Studded/StuddedLegs.cs,ItemCandidate,SourceVerified,
StuddedMempo,BaseArmor,Data/Scripts/Items/Armor/Studded/StuddedMempo.cs,ItemCandidate,SourceVerified,
StuddedSkirt,BaseArmor,Data/Scripts/Items/Armor/Studded/StuddedSkirt.cs,ItemCandidate,SourceVerified,
StuddedSuneate,BaseArmor,Data/Scripts/Items/Armor/Studded/StuddedSuneate.cs,ItemCandidate,SourceVerified,
StuddedTunicArtifact,BaseDecorationArtifact,Data/Scripts/Items/Decorations/Artifacts/DoomDecorationArtifacts.cs,ItemCandidate,SourceVerified,
StudyBook,Item,Data/Scripts/Custom/Offline Skill Training/Items/StudyBook.cs,ItemCandidate,SourceVerified,
StuffedBear,Item,Data/Scripts/Trades/Taxidermy/StuffedBear.cs,ItemCandidate,SourceVerified,
StuffingBasket,Item,Data/Scripts/Trades/Taxidermy/StuffingBasket.cs,ItemCandidate,SourceVerified,
StuffingGump,ContextMenuEntry,Data/Scripts/Trades/Taxidermy/StuffingBasket.cs,ItemCandidate,SourceVerified,
SturdyPickaxe,BaseAxe,Data/Scripts/Items/Trades/Harvest Tools/SturdyPickaxe.cs,ItemCandidate,SourceVerified,
SturdyShovel,BaseHarvestTool,Data/Scripts/Items/Trades/Harvest Tools/SturdyShovel.cs,ItemCandidate,SourceVerified,
Subdue,Scythe,Data/Scripts/Items/Magical/Artifacts/Obsolete/Obsolete_Subdue.cs,ItemCandidate,SourceVerified,
SuitOfGoldArmorAddon,BaseAddon,Data/Scripts/Items/Special/Heritage Items/SuitOfGoldArmor.cs,ItemCandidate,SourceVerified,
SuitOfGoldArmorComponent,AddonComponent,Data/Scripts/Items/Special/Heritage Items/SuitOfGoldArmor.cs,ItemCandidate,SourceVerified,
SuitOfGoldArmorDeed,BaseAddonDeed,Data/Scripts/Items/Special/Heritage Items/SuitOfGoldArmor.cs,ItemCandidate,SourceVerified,
SuitOfSilverArmorAddon,BaseAddon,Data/Scripts/Items/Special/Heritage Items/SuitOfSilverArmor.cs,ItemCandidate,SourceVerified,
SuitOfSilverArmorComponent,AddonComponent,Data/Scripts/Items/Special/Heritage Items/SuitOfSilverArmor.cs,ItemCandidate,SourceVerified,
SuitOfSilverArmorDeed,BaseAddonDeed,Data/Scripts/Items/Special/Heritage Items/SuitOfSilverArmor.cs,ItemCandidate,SourceVerified,
SulfurousAsh,BaseReagent,Data/Scripts/Items/Trades/Resources/Reagents/Common/SulfurousAsh.cs,ItemCandidate,SourceVerified,
SummerSausage,Food,Data/Scripts/Items/Gifts/Holiday/Christmas/Items/Food/Summersuasage.cs,ItemCandidate,SourceVerified,
SummonCreatureMagicStaff,BaseMagicStaff,Data/Scripts/Items/Wands/5th Circle/SummonCreatureStaff.cs,ItemCandidate,SourceVerified,
SummonDaemonMagicStaff,BaseMagicStaff,Data/Scripts/Items/Wands/8th Circle/SummonDaemonStaff.cs,ItemCandidate,SourceVerified,
SunShield,BaseShield,Data/Scripts/Items/Armor/Shields/SunShield.cs,ItemCandidate,SourceVerified,
SunkenBag,LockableContainer,Data/Scripts/Items/Containers/SunkenBag.cs,ItemCandidate,SourceVerified,
SunkenChest,LockableContainer,Data/Scripts/Items/Containers/SunkenChest.cs,ItemCandidate,SourceVerified,
SunkenShip,LockableContainer,Data/Scripts/Items/Containers/SunkenShip.cs,ItemCandidate,SourceVerified,
SuperPotion,BasePotion,Data/Scripts/Items/Potions/Special/SuperPotion.cs,ItemCandidate,SourceVerified,
SupplyCrate,LockableContainer,Data/Scripts/Items/Containers/Container.cs,ItemCandidate,SourceVerified,
Surcoat,BaseMiddleTorso,Data/Scripts/Items/Clothing/MiddleTorso.cs,ItemCandidate,SourceVerified,
SushiPlatter,Food,Data/Scripts/Items/Food/Asian.cs,ItemCandidate,SourceVerified,
SushiRolls,Food,Data/Scripts/Items/Food/Asian.cs,ItemCandidate,SourceVerified,
SwampBerries,BaseReagent,Data/Scripts/Items/Trades/Resources/Reagents/Alchemy/SwampBerries.cs,ItemCandidate,SourceVerified,
SwampGreenThornsEffect,GreenThornsEffect,Data/Scripts/Trades/Gardening/MiscItems/GreenThorns.cs,ItemCandidate,SourceVerified,
SwampTile,Item,Data/Scripts/Items/Decorations/Artifacts/Decorative/SwampTile.cs,ItemCandidate,SourceVerified,
SwarmOfFlies,Item,Data/Scripts/Items/Misc/SwarmOfFlies.cs,ItemCandidate,SourceVerified,
SweetDough,Item,Data/Scripts/Items/Food/Cooking.cs,ItemCandidate,SourceVerified,Multiple source declarations found.
SweetHops,BaseHops,Data/Scripts/Custom/Vhaerun's CRL Homestead System [2.0]/Vhaerun's CRL Brewing/Items/Hops/Hops.cs,ItemCandidate,SourceVerified,
SwiftStrike,Wakizashi,Data/Scripts/Items/Magical/Artifacts/Obsolete/Obsolete_SwiftStrike.cs,ItemCandidate,SourceVerified,
SwitchItem,Item,Data/Scripts/Items/Trades/Resources/MiscMLResources.cs,ItemCandidate,SourceVerified,
SwordDisplay1NorthArtifact,BaseDecorationArtifact,Data/Scripts/Items/Decorations/Artifacts/SEDecorationArtifacts.cs,ItemCandidate,SourceVerified,
SwordDisplay1WestArtifact,BaseDecorationArtifact,Data/Scripts/Items/Decorations/Artifacts/SEDecorationArtifacts.cs,ItemCandidate,SourceVerified,
SwordDisplay2NorthArtifact,BaseDecorationArtifact,Data/Scripts/Items/Decorations/Artifacts/SEDecorationArtifacts.cs,ItemCandidate,SourceVerified,
SwordDisplay2WestArtifact,BaseDecorationArtifact,Data/Scripts/Items/Decorations/Artifacts/SEDecorationArtifacts.cs,ItemCandidate,SourceVerified,
SwordDisplay3EastArtifact,BaseDecorationArtifact,Data/Scripts/Items/Decorations/Artifacts/SEDecorationArtifacts.cs,ItemCandidate,SourceVerified,
SwordDisplay3SouthArtifact,BaseDecorationArtifact,Data/Scripts/Items/Decorations/Artifacts/SEDecorationArtifacts.cs,ItemCandidate,SourceVerified,
SwordDisplay4NorthArtifact,BaseDecorationArtifact,Data/Scripts/Items/Decorations/Artifacts/SEDecorationArtifacts.cs,ItemCandidate,SourceVerified,
SwordDisplay4WestArtifact,BaseDecorationArtifact,Data/Scripts/Items/Decorations/Artifacts/SEDecorationArtifacts.cs,ItemCandidate,SourceVerified,
SwordDisplay5NorthArtifact,BaseDecorationArtifact,Data/Scripts/Items/Decorations/Artifacts/SEDecorationArtifacts.cs,ItemCandidate,SourceVerified,
SwordDisplay5WestArtifact,BaseDecorationArtifact,Data/Scripts/Items/Decorations/Artifacts/SEDecorationArtifacts.cs,ItemCandidate,SourceVerified,
SwordofDarkness,RoyalSword,,ProposedItemClass,Proposed,New class should inherit from the resolved base item class.
SwordofLight,RoyalSword,,ProposedItemClass,Proposed,New class should inherit from the resolved base item class.
SwordsAndShackles,Item,Data/Scripts/Items/Books/SwordsAndShackles.cs,ItemCandidate,SourceVerified,
SwordsAndShacklesGump,Gump,Data/Scripts/Items/Books/SwordsAndShackles.cs,ItemCandidate,SourceVerified,
TableWithBlueClothAddon,BaseAddon,Data/Scripts/Items/Special/Heritage Items/TableWithBlueCloth.cs,ItemCandidate,SourceVerified,
TableWithBlueClothDeed,BaseAddonDeed,Data/Scripts/Items/Special/Heritage Items/TableWithBlueCloth.cs,ItemCandidate,SourceVerified,
TableWithOrangeClothAddon,BaseAddon,Data/Scripts/Items/Special/Heritage Items/TableWithOrangeCloth.cs,ItemCandidate,SourceVerified,
TableWithOrangeClothDeed,BaseAddonDeed,Data/Scripts/Items/Special/Heritage Items/TableWithOrangeCloth.cs,ItemCandidate,SourceVerified,
TableWithPurpleClothAddon,BaseAddon,Data/Scripts/Items/Special/Heritage Items/TableWithPurpleCloth.cs,ItemCandidate,SourceVerified,
TableWithPurpleClothDeed,BaseAddonDeed,Data/Scripts/Items/Special/Heritage Items/TableWithPurpleCloth.cs,ItemCandidate,SourceVerified,
TableWithRedClothAddon,BaseAddon,Data/Scripts/Items/Special/Heritage Items/TableWithRedCloth.cs,ItemCandidate,SourceVerified,
TableWithRedClothDeed,BaseAddonDeed,Data/Scripts/Items/Special/Heritage Items/TableWithRedCloth.cs,ItemCandidate,SourceVerified,
TabletGump,Gump,Data/Scripts/Items/Relics/DDRelicTablet.cs,ItemCandidate,SourceVerified,
TailorCrate,LockableContainer,Data/Scripts/Items/Containers/Container.cs,ItemCandidate,SourceVerified,
TailorRewardCalculator,RewardCalculator,Data/Scripts/Trades/Bulk Orders/Rewards.cs,ItemCandidate,SourceVerified,
TailorShoppe,BaseShoppe,Data/Scripts/Trades/Shoppes/TailorShoppe.cs,ItemCandidate,SourceVerified,
Taint,Item,Data/Scripts/Items/Trades/Resources/MiscMLResources.cs,ItemCandidate,SourceVerified,
TaintedBandage,Item,Data/Scripts/Items/Traps/TaintedBandage.cs,ItemCandidate,SourceVerified,
TaintedWool,Wool,Data/Scripts/Items/Trades/Resources/Tailor/Wool.cs,ItemCandidate,SourceVerified,
TallCabinet,BaseContainer,Data/Scripts/Items/Containers/FurnitureContainer.cs,ItemCandidate,SourceVerified,
TallElvenBedEastAddon,BaseAddon,Data/Scripts/Items/Construction/Addons/TallElvenBedEastAddon.cs,ItemCandidate,SourceVerified,
TallElvenBedEastDeed,BaseAddonDeed,Data/Scripts/Items/Construction/Addons/TallElvenBedEastAddon.cs,ItemCandidate,SourceVerified,
TallElvenBedSouthAddon,BaseAddon,Data/Scripts/Items/Construction/Addons/TallElvenBedSouthAddon.cs,ItemCandidate,SourceVerified,
TallElvenBedSouthDeed,BaseAddonDeed,Data/Scripts/Items/Construction/Addons/TallElvenBedSouthAddon.cs,ItemCandidate,SourceVerified,
TallMusicStand,Item,Data/Scripts/Items/Construction/Misc/MusicStand.cs,ItemCandidate,SourceVerified,
TallStatueLion,BaseStatueDeed,Data/Scripts/Trades/Stone/Assemblies.cs,ItemCandidate,SourceVerified,
TallStrawHat,BaseHat,Data/Scripts/Items/Clothing/Hats.cs,ItemCandidate,SourceVerified,
TalonBite,OrnateAxe,Data/Scripts/Items/Magical/Artifacts/Obsolete/Obsolete_TalonBite.cs,ItemCandidate,SourceVerified,
Tambourine,BaseInstrument,Data/Scripts/Items/Trades/Musical Instruments/Tambourine.cs,ItemCandidate,SourceVerified,
TambourineTassel,BaseInstrument,Data/Scripts/Items/Trades/Musical Instruments/TambourineTassel.cs,ItemCandidate,SourceVerified,
TanBook,BaseBook,Data/Scripts/Items/Books/TanBook.cs,ItemCandidate,SourceVerified,
Tapestry1N,Item,Data/Scripts/Items/Construction/Decorative/Tapestry.cs,ItemCandidate,SourceVerified,
Tapestry2N,Item,Data/Scripts/Items/Construction/Decorative/Tapestry.cs,ItemCandidate,SourceVerified,
Tapestry2W,Item,Data/Scripts/Items/Construction/Decorative/Tapestry.cs,ItemCandidate,SourceVerified,
Tapestry3N,Item,Data/Scripts/Items/Construction/Decorative/Tapestry.cs,ItemCandidate,SourceVerified,
Tapestry3W,Item,Data/Scripts/Items/Construction/Decorative/Tapestry.cs,ItemCandidate,SourceVerified,
Tapestry4N,Item,Data/Scripts/Items/Construction/Decorative/Tapestry.cs,ItemCandidate,SourceVerified,
Tapestry4W,Item,Data/Scripts/Items/Construction/Decorative/Tapestry.cs,ItemCandidate,SourceVerified,
Tapestry5N,Item,Data/Scripts/Items/Construction/Decorative/Tapestry.cs,ItemCandidate,SourceVerified,
Tapestry5W,Item,Data/Scripts/Items/Construction/Decorative/Tapestry.cs,ItemCandidate,SourceVerified,
Tapestry6N,Item,Data/Scripts/Items/Construction/Decorative/Tapestry.cs,ItemCandidate,SourceVerified,
Tapestry6W,Item,Data/Scripts/Items/Construction/Decorative/Tapestry.cs,ItemCandidate,SourceVerified,
TapestryOfSosaria,Item,Data/Scripts/Items/Special/TapestryOfSosaria.cs,ItemCandidate,SourceVerified,
TarotCardsArtifact,BaseDecorationArtifact,Data/Scripts/Items/Decorations/Artifacts/DoomDecorationArtifacts.cs,ItemCandidate,SourceVerified,
TarotCardsGump,Gump,Data/Scripts/Items/Special/Rares/TarotCards/DecoDeckOfTarot.cs,ItemCandidate,SourceVerified,
TarotDeck,Item,Data/Scripts/Items/Misc/Games/Tarot.cs,ItemCandidate,SourceVerified,
TastyHeart,Item,Data/Scripts/Items/Food/TastyHeart.cs,ItemCandidate,SourceVerified,
TatteredAncientMummyWrapping,Item,Data/Scripts/Items/Decorations/Artifacts/Decorative/TatteredAncientMummyWrapping.cs,ItemCandidate,SourceVerified,
TattsukeHakama,BasePants,Data/Scripts/Items/Clothing/Pants.cs,ItemCandidate,SourceVerified,
TavernCrate,LockableContainer,Data/Scripts/Items/Containers/Container.cs,ItemCandidate,SourceVerified,
TavernGump,Gump,Data/Scripts/Items/Houses/TavernTable.cs,ItemCandidate,SourceVerified,
TavernTable,Item,Data/Scripts/Items/Houses/TavernTable.cs,ItemCandidate,SourceVerified,
TaxidermyKit,Item,Data/Scripts/Items/Trades/Carpenter Items/TaxidermyKit.cs,ItemCandidate,SourceVerified,
TeapotNorthArtifact,BaseDecorationArtifact,Data/Scripts/Items/Decorations/Artifacts/SEDecorationArtifacts.cs,ItemCandidate,SourceVerified,
TeapotWestArtifact,BaseDecorationArtifact,Data/Scripts/Items/Decorations/Artifacts/SEDecorationArtifacts.cs,ItemCandidate,SourceVerified,
Tekagi,BaseKnife,Data/Scripts/Items/Weapons/Oriental/Tekagi.cs,ItemCandidate,SourceVerified,
TelekinesisMagicStaff,BaseMagicStaff,Data/Scripts/Items/Wands/3rd Circle/TelekinesisStaff.cs,ItemCandidate,SourceVerified,
TeleportMagicStaff,BaseMagicStaff,Data/Scripts/Items/Wands/3rd Circle/TeleportStaff.cs,ItemCandidate,SourceVerified,
TeleportTile,Item,Data/Scripts/Items/Doors/TeleportTile.cs,ItemCandidate,SourceVerified,
Teleporter,Item,Data/Scripts/Items/Doors/Teleporter.cs,ItemCandidate,SourceVerified,
Telescope,BaseAddon,Data/Scripts/Items/Construction/Addons/Telescope.cs,ItemCandidate,SourceVerified,
TelescopeAddon,BaseAddon,Data/Scripts/Items/Gifts/Rewards/Telescope.cs,ItemCandidate,SourceVerified,
TelescopeAddonDeed,BaseAddonDeed,Data/Scripts/Items/Gifts/Rewards/Telescope.cs,ItemCandidate,SourceVerified,
TempNoHousingRegion,BaseRegion,Data/Scripts/Items/Houses/BaseHouse.cs,ItemCandidate,SourceVerified,
TenFootPole,Item,Data/Scripts/Items/Traps/TenFootPole.cs,ItemCandidate,SourceVerified,
TendrinsJournal,DynamicBook,Data/Scripts/Items/Books/DynamicBook.cs,ItemCandidate,SourceVerified,
Tessen,BaseBashing,Data/Scripts/Items/Weapons/Oriental/Tessen.cs,ItemCandidate,SourceVerified,
Tetsubo,BaseBashing,Data/Scripts/Items/Weapons/Oriental/Tetsubo.cs,ItemCandidate,SourceVerified,
ThatchedRoofCottageDeed,HouseDeed,Data/Scripts/Items/Houses/Deeds.cs,ItemCandidate,SourceVerified,
TheBeserkersMaul,Maul,Data/Scripts/Items/Magical/Artifacts/Obsolete/Obsolete_TheBeserkersMaul.cs,ItemCandidate,SourceVerified,
TheDragonSlayer,Lance,Data/Scripts/Items/Magical/Artifacts/Obsolete/Obsolete_TheDragonSlayer.cs,ItemCandidate,SourceVerified,
TheDryadBow,Bow,Data/Scripts/Items/Magical/Artifacts/Obsolete/Obsolete_TheDryadBow.cs,ItemCandidate,SourceVerified,
TheMostKnowledgePerson,BaseOuterTorso,Data/Scripts/Items/Magical/TheMostKnowledgePerson.cs,ItemCandidate,SourceVerified,
TheNightReaper,RepeatingCrossbow,Data/Scripts/Items/Magical/Artifacts/Obsolete/Obsolete_TheNightReaper.cs,ItemCandidate,SourceVerified,
TheRobeOfBritanniaAri,MagicRobe,Data/Scripts/Items/Magical/Artifacts/Obsolete/Obsolete_TheRobeOfBritanniaAri.cs,ItemCandidate,SourceVerified,
TheTaskmaster,WarFork,Data/Scripts/Items/Magical/Artifacts/Obsolete/Obsolete_TheTaskmaster.cs,ItemCandidate,SourceVerified,
ThermalDetonator,Item,Data/Scripts/Items/Technology/ThermalDetonator.cs,ItemCandidate,SourceVerified,
ThickGrayStoneWall,BaseWall,Data/Scripts/Items/Construction/Walls/ThickGrayStoneWall.cs,ItemCandidate,SourceVerified,
ThighBoots,BaseShoes,Data/Scripts/Items/Clothing/Shoes.cs,ItemCandidate,SourceVerified,
ThinBrickWall,BaseWall,Data/Scripts/Items/Construction/Walls/ThinBrickWall.cs,ItemCandidate,SourceVerified,
ThinLongsword,BaseSword,Data/Scripts/Items/Weapons/Swords/ThinLongsword.cs,ItemCandidate,SourceVerified,
ThinStoneWall,BaseWall,Data/Scripts/Items/Construction/Walls/ThinStoneWall.cs,ItemCandidate,SourceVerified,
Throne,Item,Data/Scripts/Items/Construction/Chairs/Thrones.cs,ItemCandidate,SourceVerified,
ThrowingDagger,Item,Data/Scripts/Items/Weapons/Knives/ThrowingDagger.cs,ItemCandidate,SourceVerified,
ThrowingGloves,BaseRanged,Data/Scripts/Items/Weapons/Marksman/ThrowingGloves.cs,ItemCandidate,SourceVerified,
ThrowingWeapon,Item,Data/Scripts/Items/Weapons/Marksman/ThrowingWeapon.cs,ItemCandidate,SourceVerified,
Throwup,Item,Data/Scripts/Items/Unknown/UnknownKeg.cs,ItemCandidate,SourceVerified,
TigerRugEastAddon,BaseAddon,Data/Scripts/Items/Construction/Addons/TigerRug.cs,ItemCandidate,SourceVerified,
TigerRugEastDeed,BaseAddonDeed,Data/Scripts/Items/Construction/Addons/TigerRug.cs,ItemCandidate,SourceVerified,
TigerRugSouthAddon,BaseAddon,Data/Scripts/Items/Construction/Addons/TigerRug.cs,ItemCandidate,SourceVerified,
TigerRugSouthDeed,BaseAddonDeed,Data/Scripts/Items/Construction/Addons/TigerRug.cs,ItemCandidate,SourceVerified,
TillerMan,Item,Data/Scripts/Items/Boats/TillerMan.cs,ItemCandidate,SourceVerified,
TillerManGump,Gump,Data/Scripts/Items/Boats/Gumps/TillerManGump.cs,ItemCandidate,SourceVerified,
TinkerCrate,LockableContainer,Data/Scripts/Items/Containers/Container.cs,ItemCandidate,SourceVerified,
TinkerShoppe,BaseShoppe,Data/Scripts/Trades/Shoppes/TinkerShoppe.cs,ItemCandidate,SourceVerified,
TinkerTools,BaseTool,Data/Scripts/Items/Trades/Tools/TinkerTools.cs,ItemCandidate,SourceVerified,
TinkersTools,BaseTool,Data/Scripts/Items/Trades/Tools/TinkerTools.cs,ItemCandidate,SourceVerified,
TinyBoat,BaseBoat,Data/Scripts/Items/Boats/TinyBoat.cs,ItemCandidate,SourceVerified,
TinyRedBottle,Item,Data/Scripts/Items/Misc/GlassItems.cs,ItemCandidate,SourceVerified,
TinyYellowBottle,Item,Data/Scripts/Items/Misc/GlassItems.cs,ItemCandidate,SourceVerified,
TitansHammer,WarHammer,Data/Scripts/Items/Magical/Artifacts/Obsolete/Obsolete_TitansHammer.cs,ItemCandidate,SourceVerified,
TitleChangeDeed,Item,Data/Scripts/Items/Books/TitleChangeDeed.cs,ItemCandidate,SourceVerified,
Tomato,Food,Data/Scripts/Items/Farming/FarmableTomato.cs,ItemCandidate,SourceVerified,Multiple source declarations found.
TomeOfWands,BaseTool,Data/Scripts/Items/Trades/Tools/TomeOfWands.cs,ItemCandidate,SourceVerified,
Tongs,BaseTool,Data/Scripts/Items/Trades/Tools/Tongs.cs,ItemCandidate,SourceVerified,
ToolKit,Item,Data/Scripts/Items/Special/Rares/Tinker/ToolKit.cs,ItemCandidate,SourceVerified,
TopazAmulet,GoldNecklace,Data/Scripts/Items/Jewels/Tinkered.cs,ItemCandidate,SourceVerified,
TopazBracelet,GoldBracelet,Data/Scripts/Items/Jewels/Tinkered.cs,ItemCandidate,SourceVerified,
TopazEarrings,GoldEarrings,Data/Scripts/Items/Jewels/Tinkered.cs,ItemCandidate,SourceVerified,
TopazFemalePlateChest,FemalePlateChest,Data/Scripts/Items/Armor/Gargoyle/TopazArmor.cs,ItemCandidate,SourceVerified,
TopazIngot,Item,Data/Scripts/Items/Trades/Resources/Blacksmithing/BlockofTopaz.cs,ItemCandidate,SourceVerified,
TopazPlateArms,PlateArms,Data/Scripts/Items/Armor/Gargoyle/TopazArmor.cs,ItemCandidate,SourceVerified,
TopazPlateChest,PlateChest,Data/Scripts/Items/Armor/Gargoyle/TopazArmor.cs,ItemCandidate,SourceVerified,
TopazPlateGloves,PlateGloves,Data/Scripts/Items/Armor/Gargoyle/TopazArmor.cs,ItemCandidate,SourceVerified,
TopazPlateGorget,PlateGorget,Data/Scripts/Items/Armor/Gargoyle/TopazArmor.cs,ItemCandidate,SourceVerified,
TopazPlateHelm,PlateHelm,Data/Scripts/Items/Armor/Gargoyle/TopazArmor.cs,ItemCandidate,SourceVerified,
TopazPlateLegs,PlateLegs,Data/Scripts/Items/Armor/Gargoyle/TopazArmor.cs,ItemCandidate,SourceVerified,
TopazRing,GoldRing,Data/Scripts/Items/Jewels/Tinkered.cs,ItemCandidate,SourceVerified,
TopazShield,HeaterShield,Data/Scripts/Items/Armor/Gargoyle/TopazArmor.cs,ItemCandidate,SourceVerified,
Torch,BaseEquipableLight,Data/Scripts/Items/Construction/Lights/Torch.cs,ItemCandidate,SourceVerified,
TorchOfTrapFinding,MagicTorch,Data/Scripts/Items/Magical/Artifacts/Obsolete/Obsolete_TorchOfTrapFinding.cs,ItemCandidate,SourceVerified,
TormentedChains,Item,Data/Scripts/Items/Special/TormentedChains.cs,ItemCandidate,SourceVerified,
Torso,Item,Data/Scripts/Items/Misc/Bodies/Torso.cs,ItemCandidate,SourceVerified,
TotalRefreshPotion,BaseRefreshPotion,Data/Scripts/Items/Potions/Standard/Refresh Potions/TotalRefreshPotion.cs,ItemCandidate,SourceVerified,
TotemArms,LeatherArms,Data/Scripts/Items/Magical/Artifacts/Obsolete/Obsolete_TotemArms.cs,ItemCandidate,SourceVerified,
TotemGloves,LeatherGloves,Data/Scripts/Items/Magical/Artifacts/Obsolete/Obsolete_TotemGloves.cs,ItemCandidate,SourceVerified,
TotemGorget,LeatherGorget,Data/Scripts/Items/Magical/Artifacts/Obsolete/Obsolete_TotemGorget.cs,ItemCandidate,SourceVerified,
TotemLeggings,LeatherLegs,Data/Scripts/Items/Magical/Artifacts/Obsolete/Obsolete_TotemLeggings.cs,ItemCandidate,SourceVerified,
TotemOfVoid,MagicTalisman,Data/Scripts/Items/Magical/Artifacts/Obsolete/Obsolete_TotemOfVoid.cs,ItemCandidate,SourceVerified,
TotemTunic,LeatherChest,Data/Scripts/Items/Magical/Artifacts/Obsolete/Obsolete_TotemTunic.cs,ItemCandidate,SourceVerified,
Tourmaline,Item,Data/Scripts/Items/Gems/Tourmaline.cs,ItemCandidate,SourceVerified,
TourmalineAmulet,GoldNecklace,Data/Scripts/Items/Jewels/Tinkered.cs,ItemCandidate,SourceVerified,
TourmalineBracelet,GoldBracelet,Data/Scripts/Items/Jewels/Tinkered.cs,ItemCandidate,SourceVerified,
TourmalineEarrings,GoldEarrings,Data/Scripts/Items/Jewels/Tinkered.cs,ItemCandidate,SourceVerified,
TourmalineRing,GoldRing,Data/Scripts/Items/Jewels/Tinkered.cs,ItemCandidate,SourceVerified,
Tower,BaseHouse,Data/Scripts/Items/Houses/Houses.cs,ItemCandidate,SourceVerified,
TowerDeed,HouseDeed,Data/Scripts/Items/Houses/Deeds.cs,ItemCandidate,SourceVerified,
TowerLantern,BaseLight,Data/Scripts/Items/Construction/Lights/TowerLantern.cs,ItemCandidate,SourceVerified,
TowerLanternArtifact,BaseDecorationArtifact,Data/Scripts/Items/Decorations/Artifacts/SEDecorationArtifacts.cs,ItemCandidate,SourceVerified,
TownGuardsHalberd,Halberd,Data/Scripts/Items/Magical/Artifacts/Obsolete/Obsolete_TownGuardsHalberd.cs,ItemCandidate,SourceVerified,
TownHouse,VersionHouse,Data/Scripts/Items/Houses/Monopoly/Items/TownHouse.cs,ItemCandidate,SourceVerified,
TownHouseConfirmGump,GumpPlusLight,Data/Scripts/Items/Houses/Monopoly/Gumps/TownHouse Gumps/TownHouseConfirmGump.cs,ItemCandidate,SourceVerified,
TownHouseSetupGump,GumpPlusLight,Data/Scripts/Items/Houses/Monopoly/Gumps/TownHouse Gumps/TownHouseSetupGump.cs,ItemCandidate,SourceVerified,
TownHouseSign,Item,Data/Scripts/Items/Houses/Monopoly/Items/TownHouseSign.cs,ItemCandidate,SourceVerified,
TownHousesGump,GumpPlusLight,Data/Scripts/Items/Houses/Monopoly/Gumps/TownHouse Gumps/TownHousesGump.cs,ItemCandidate,SourceVerified,
TradeGlasses,ElvenGlasses,Data/Scripts/Items/Armor/Glasses/TradeGlasses.cs,ItemCandidate,SourceVerified,
TrainingDaemon,AddonComponent,Data/Scripts/Items/Construction/Addons/TrainingDaemons.cs,ItemCandidate,SourceVerified,
TrainingDaemonEastAddon,BaseAddon,Data/Scripts/Items/Construction/Addons/TrainingDaemons.cs,ItemCandidate,SourceVerified,
TrainingDaemonEastDeed,BaseAddonDeed,Data/Scripts/Items/Construction/Addons/TrainingDaemons.cs,ItemCandidate,SourceVerified,
TrainingDaemonSouthAddon,BaseAddon,Data/Scripts/Items/Construction/Addons/TrainingDaemons.cs,ItemCandidate,SourceVerified,
TrainingDaemonSouthDeed,BaseAddonDeed,Data/Scripts/Items/Construction/Addons/TrainingDaemons.cs,ItemCandidate,SourceVerified,
TrainingDummy,AddonComponent,Data/Scripts/Items/Construction/Addons/TrainingDummies.cs,ItemCandidate,SourceVerified,
TrainingDummyEastAddon,BaseAddon,Data/Scripts/Items/Construction/Addons/TrainingDummies.cs,ItemCandidate,SourceVerified,
TrainingDummyEastDeed,BaseAddonDeed,Data/Scripts/Items/Construction/Addons/TrainingDummies.cs,ItemCandidate,SourceVerified,
TrainingDummySouthAddon,BaseAddon,Data/Scripts/Items/Construction/Addons/TrainingDummies.cs,ItemCandidate,SourceVerified,
TrainingDummySouthDeed,BaseAddonDeed,Data/Scripts/Items/Construction/Addons/TrainingDummies.cs,ItemCandidate,SourceVerified,
TrapCraft,CustomCraft,Data/Scripts/Trades/Crafting/DefTinkering.cs,ItemCandidate,SourceVerified,
TrapKit,Item,Data/Scripts/Items/Traps/TrapKit.cs,ItemCandidate,SourceVerified,
TrapWand,Item,Data/Scripts/Items/Traps/TrapWand.cs,ItemCandidate,SourceVerified,
TrapableContainer,BaseContainer,Data/Scripts/Items/Containers/TrapableContainer.cs,ItemCandidate,SourceVerified,
TrashBarrel,Container,Data/Scripts/Items/Misc/TrashBarrel.cs,ItemCandidate,SourceVerified,
TrashChest,Container,Data/Scripts/Items/Misc/TrashChest.cs,ItemCandidate,SourceVerified,
Tray,Item,Data/Scripts/Custom/Vhaerun's CRL Homestead System [2.0]/Vhaerun's CRL Cooking/Items/Tray.cs,ItemCandidate,SourceVerified,
TrayEW,Tray,Data/Scripts/Custom/Vhaerun's CRL Homestead System [2.0]/Vhaerun's CRL Cooking/Items/Tray.cs,ItemCandidate,SourceVerified,
TrayNS,Tray,Data/Scripts/Custom/Vhaerun's CRL Homestead System [2.0]/Vhaerun's CRL Cooking/Items/Tray.cs,ItemCandidate,SourceVerified,
TreasureChestDirt,Item,Data/Scripts/Items/Trades/Maps/TreasureMap.cs,ItemCandidate,SourceVerified,
TreasureCrate,LockableContainer,Data/Scripts/Items/Containers/Container.cs,ItemCandidate,SourceVerified,
TreasureMap,MapItem,Data/Scripts/Items/Trades/Maps/TreasureMap.cs,ItemCandidate,SourceVerified,
TreasureMapChest,LockableContainer,Data/Scripts/Items/Containers/TreasureMapChest.cs,ItemCandidate,SourceVerified,
TreasurePile01Addon,BaseAddon,Data/Scripts/Items/Construction/Treasure Piles/TreasurePile01Addon.cs,ItemCandidate,SourceVerified,
TreasurePile01AddonDeed,BaseAddonDeed,Data/Scripts/Items/Construction/Treasure Piles/TreasurePile01Addon.cs,ItemCandidate,SourceVerified,
TreasurePile02Addon,BaseAddon,Data/Scripts/Items/Construction/Treasure Piles/TreasurePile02Addon.cs,ItemCandidate,SourceVerified,
TreasurePile02AddonDeed,BaseAddonDeed,Data/Scripts/Items/Construction/Treasure Piles/TreasurePile02Addon.cs,ItemCandidate,SourceVerified,
TreasurePile03Addon,BaseAddon,Data/Scripts/Items/Construction/Treasure Piles/TreasurePile03Addon.cs,ItemCandidate,SourceVerified,
TreasurePile03AddonDeed,BaseAddonDeed,Data/Scripts/Items/Construction/Treasure Piles/TreasurePile03Addon.cs,ItemCandidate,SourceVerified,
TreasurePile04Addon,BaseAddon,Data/Scripts/Items/Construction/Treasure Piles/TreasurePile04Addon.cs,ItemCandidate,SourceVerified,
TreasurePile04AddonDeed,BaseAddonDeed,Data/Scripts/Items/Construction/Treasure Piles/TreasurePile04Addon.cs,ItemCandidate,SourceVerified,
TreasurePile05Addon,BaseAddon,Data/Scripts/Items/Construction/Treasure Piles/TreasurePile05Addon.cs,ItemCandidate,SourceVerified,
TreasurePile05AddonDeed,BaseAddonDeed,Data/Scripts/Items/Construction/Treasure Piles/TreasurePile05Addon.cs,ItemCandidate,SourceVerified,
TreasurePile2Addon,BaseAddon,Data/Scripts/Items/Construction/Treasure Piles/TreasurePile2Addon.cs,ItemCandidate,SourceVerified,
TreasurePile2AddonDeed,BaseAddonDeed,Data/Scripts/Items/Construction/Treasure Piles/TreasurePile2Addon.cs,ItemCandidate,SourceVerified,
TreasurePile3Addon,BaseAddon,Data/Scripts/Items/Construction/Treasure Piles/TreasurePile3Addon.cs,ItemCandidate,SourceVerified,
TreasurePile3AddonDeed,BaseAddonDeed,Data/Scripts/Items/Construction/Treasure Piles/TreasurePile3Addon.cs,ItemCandidate,SourceVerified,
TreasurePileAddon,BaseAddon,Data/Scripts/Items/Construction/Treasure Piles/TreasurePileAddon.cs,ItemCandidate,SourceVerified,
TreasurePileAddonDeed,BaseAddonDeed,Data/Scripts/Items/Construction/Treasure Piles/TreasurePileAddon.cs,ItemCandidate,SourceVerified,
TreasureTrinketGlasses,ElvenGlasses,Data/Scripts/Items/Armor/Glasses/TreasureTrinketGlasses.cs,ItemCandidate,SourceVerified,
TreeStump,BaseAddon,Data/Scripts/Items/Special/Veteran Rewards/TreeStump.cs,ItemCandidate,SourceVerified,
TreeStumpDeed,BaseAddonDeed,Data/Scripts/Items/Special/Veteran Rewards/TreeStump.cs,ItemCandidate,SourceVerified,
TribalMask,BaseHat,Data/Scripts/Items/Clothing/Hats.cs,ItemCandidate,SourceVerified,
TribalSpear,BaseSpear,Data/Scripts/Items/Weapons/SpearsAndForks/TribalSpear.cs,ItemCandidate,SourceVerified,
TrickOrTreat,,Data/Scripts/Items/Gifts/Holiday/Halloween/TrickOrTreat.cs,ItemCandidate,SourceVerified,
TrickOrTreatBag,BaseContainer,Data/Scripts/Items/Gifts/Holiday/Halloween/TrickOrTreatBag.cs,ItemCandidate,SourceVerified,
TricorneHat,BaseHat,Data/Scripts/Items/Clothing/Hats.cs,ItemCandidate,SourceVerified,
TridentofAtlantis,Spear,,ProposedItemClass,Proposed,New class should inherit from the resolved base item class.
TripleFanNorthArtifact,BaseDecorationArtifact,Data/Scripts/Items/Decorations/Artifacts/SEDecorationArtifacts.cs,ItemCandidate,SourceVerified,
TripleFanWestArtifact,BaseDecorationArtifact,Data/Scripts/Items/Decorations/Artifacts/SEDecorationArtifacts.cs,ItemCandidate,SourceVerified,
TrollSkin,Item,Data/Scripts/Items/Trades/Resources/Tailor/Skin/TrollSkin.cs,ItemCandidate,SourceVerified,
TrophyAddon,Item,Data/Scripts/Items/Trades/Carpenter Items/TaxidermyKit.cs,ItemCandidate,SourceVerified,
TrophyBase,Item,Data/Scripts/Trades/Taxidermy/TrophyBase.cs,ItemCandidate,SourceVerified,
TrophyDeed,Item,Data/Scripts/Items/Trades/Carpenter Items/TaxidermyKit.cs,ItemCandidate,SourceVerified,
TrophyGump,ContextMenuEntry,Data/Scripts/Trades/Taxidermy/TrophyBase.cs,ItemCandidate,SourceVerified,
TrophyInfo,,Data/Scripts/Items/Trades/Carpenter Items/TaxidermyKit.cs,ItemCandidate,SourceVerified,
TrulyRareFish,BaseMagicFish,Data/Scripts/Items/Trades/Resources/Fishing/MagicFish.cs,ItemCandidate,SourceVerified,
Trumpet,BaseInstrument,Data/Scripts/Items/Trades/Musical Instruments/Trumpet.cs,ItemCandidate,SourceVerified,
Tunic,BaseMiddleTorso,Data/Scripts/Items/Clothing/MiddleTorso.cs,ItemCandidate,SourceVerified,
TunicOfAegis,PlateChest,Data/Scripts/Items/Magical/Artifacts/Obsolete/Obsolete_TunicOfAegis.cs,ItemCandidate,SourceVerified,
TunicOfBane,ChainChest,Data/Scripts/Items/Magical/Artifacts/Obsolete/Obsolete_TunicOfBane.cs,ItemCandidate,SourceVerified,
TunicOfFire,ChainChest,Data/Scripts/Items/Magical/Artifacts/Obsolete/Obsolete_TunicOfFire.cs,ItemCandidate,SourceVerified,
TunicOfTheFallenKing,LeatherChest,Data/Scripts/Items/Magical/Artifacts/Obsolete/Obsolete_TunicOfTheFallenKing.cs,ItemCandidate,SourceVerified,
TunicOfTheHarrower,BoneChest,Data/Scripts/Items/Magical/Artifacts/Obsolete/Obsolete_TunicOfTheHarrower.cs,ItemCandidate,SourceVerified,
Turnip,Food,Data/Scripts/Items/Food/Food.cs,ItemCandidate,SourceVerified,Multiple source declarations found.
Turquoise,Item,Data/Scripts/Items/Trades/Resources/MiscMLResources.cs,ItemCandidate,SourceVerified,
TwoHandedAxe,BaseAxe,Data/Scripts/Items/Weapons/Axes/TwoHandedAxe.cs,ItemCandidate,SourceVerified,
TwoPigTails,Hair,Data/Scripts/Items/Misc/Facial/Hair.cs,ItemCandidate,SourceVerified,
TwoStoryHouse,BaseHouse,Data/Scripts/Items/Houses/Houses.cs,ItemCandidate,SourceVerified,
TwoStoryStonePlasterHouseDeed,HouseDeed,Data/Scripts/Items/Houses/Deeds.cs,ItemCandidate,SourceVerified,
TwoStoryVilla,BaseHouse,Data/Scripts/Items/Houses/Houses.cs,ItemCandidate,SourceVerified,
TwoStoryWoodPlasterHouseDeed,HouseDeed,Data/Scripts/Items/Houses/Deeds.cs,ItemCandidate,SourceVerified,
UnbakedApplePie,CookableFood,Data/Scripts/Items/Food/CookableFood.cs,ItemCandidate,SourceVerified,Multiple source declarations found.
UnbakedFruitPie,CookableFood,Data/Scripts/Items/Food/CookableFood.cs,ItemCandidate,SourceVerified,Multiple source declarations found.
UnbakedMeatPie,CookableFood,Data/Scripts/Items/Food/CookableFood.cs,ItemCandidate,SourceVerified,Multiple source declarations found.
UnbakedPeachCobbler,CookableFood,Data/Scripts/Items/Food/CookableFood.cs,ItemCandidate,SourceVerified,Multiple source declarations found.
UnbakedPumpkinPie,CookableFood,Data/Scripts/Items/Food/CookableFood.cs,ItemCandidate,SourceVerified,Multiple source declarations found.
UnbakedQuiche,CookableFood,Data/Scripts/Items/Food/CookableFood.cs,ItemCandidate,SourceVerified,Multiple source declarations found.
UncookedCheesePizza,CookableFood,Data/Scripts/Items/Food/CookableFood.cs,ItemCandidate,SourceVerified,Multiple source declarations found.
UncookedPizza,CookableFood,Data/Scripts/Items/Food/CookableFood.cs,ItemCandidate,SourceVerified,Multiple source declarations found.
UncookedSausagePizza,CookableFood,Data/Scripts/Items/Food/CookableFood.cs,ItemCandidate,SourceVerified,Multiple source declarations found.
UncutCloth,Item,Data/Scripts/Items/Trades/Resources/Tailor/UncutCloth.cs,ItemCandidate,SourceVerified,
UnfinishedBarrel,Item,Data/Scripts/Items/Special/Rares/Containers/UnfinishedBarrel.cs,ItemCandidate,SourceVerified,
UnholyBone,Item,Data/Scripts/Custom/Champions/Items/UnholyBone.cs,ItemCandidate,SourceVerified,
UnicornHorn,Item,Data/Scripts/Items/Trades/Resources/Unique/UnicornHorn.cs,ItemCandidate,SourceVerified,
UnicornSkin,Item,Data/Scripts/Items/Trades/Resources/Tailor/Skin/UnicornSkin.cs,ItemCandidate,SourceVerified,
UnidentifiedArtifact,LockableContainer,Data/Scripts/Items/Unknown/UnidentifiedArtifact.cs,ItemCandidate,SourceVerified,
UnidentifiedItem,LockableContainer,Data/Scripts/Items/Unknown/UnidentifiedItem.cs,ItemCandidate,SourceVerified,
UnknownKeg,Item,Data/Scripts/Items/Unknown/UnknownKeg.cs,ItemCandidate,SourceVerified,
UnknownLiquid,Item,Data/Scripts/Items/Unknown/UnknownLiquid.cs,ItemCandidate,SourceVerified,
UnknownReagent,Item,Data/Scripts/Items/Unknown/UnknownReagent.cs,ItemCandidate,SourceVerified,
UnknownScroll,Item,Data/Scripts/Items/Unknown/UnknownScroll.cs,ItemCandidate,SourceVerified,
UnknownWand,Item,Data/Scripts/Items/Unknown/UnknownWand.cs,ItemCandidate,SourceVerified,
UnloadEntry,ContextMenuEntry,Data/Scripts/Items/Trades/Ninjitsu/NinjaWeapons.cs,ItemCandidate,SourceVerified,
UnmadeBedAddon,BaseAddon,Data/Scripts/Items/Special/Heritage Items/UnmadeBed.cs,ItemCandidate,SourceVerified,
UnmadeBedDeed,BaseAddonDeed,Data/Scripts/Items/Special/Heritage Items/UnmadeBed.cs,ItemCandidate,SourceVerified,
UnsettlingPortraitAddon,BaseAddon,Data/Scripts/Items/Special/Evil Home Decor Collection/UnsettlingPortrait.cs,ItemCandidate,SourceVerified,
UnsettlingPortraitComponent,AddonComponent,Data/Scripts/Items/Special/Evil Home Decor Collection/UnsettlingPortrait.cs,ItemCandidate,SourceVerified,
UnsettlingPortraitDeed,BaseAddonDeed,Data/Scripts/Items/Special/Evil Home Decor Collection/UnsettlingPortrait.cs,ItemCandidate,SourceVerified,
UnusualDyes,Item,Data/Scripts/Items/Misc/Dyes/UnusualDyes.cs,ItemCandidate,SourceVerified,
UpdateAllTimer,Timer,Data/Scripts/Items/Boats/BaseBoat.cs,ItemCandidate,SourceVerified,
Urn1Artifact,BaseDecorationArtifact,Data/Scripts/Items/Decorations/Artifacts/SEDecorationArtifacts.cs,ItemCandidate,SourceVerified,
Urn2Artifact,BaseDecorationArtifact,Data/Scripts/Items/Decorations/Artifacts/SEDecorationArtifacts.cs,ItemCandidate,SourceVerified,
UtilityItem,,Data/Scripts/Items/Food/Cooking.cs,ItemCandidate,SourceVerified,
VagabondRobe,BaseOuterTorso,Data/Scripts/Items/Clothing/Robes.cs,ItemCandidate,SourceVerified,
ValentinesCard,Item,Data/Scripts/Items/Special/ValentinesCard.cs,ItemCandidate,SourceVerified,
ValentinesCardEast,ValentinesCard,Data/Scripts/Items/Special/ValentinesCard.cs,ItemCandidate,SourceVerified,
ValentinesCardSouth,ValentinesCard,Data/Scripts/Items/Special/ValentinesCard.cs,ItemCandidate,SourceVerified,
ValoriteAmulet,GoldNecklace,Data/Scripts/Items/Jewels/Tinkered.cs,ItemCandidate,SourceVerified,
ValoriteBracelet,GoldBracelet,Data/Scripts/Items/Jewels/Tinkered.cs,ItemCandidate,SourceVerified,
ValoriteEarrings,GoldEarrings,Data/Scripts/Items/Jewels/Tinkered.cs,ItemCandidate,SourceVerified,
ValoriteGranite,BaseGranite,Data/Scripts/Items/Trades/Resources/Masonry/Granite.cs,ItemCandidate,SourceVerified,
ValoriteHammer,RunicHammer1,Data/Scripts/Trades/Runics/BaseRunicHammer.cs,ItemCandidate,SourceVerified,
ValoriteIngot,BaseIngot,Data/Scripts/Items/Trades/Resources/Blacksmithing/Ingots.cs,ItemCandidate,SourceVerified,
ValoriteOre,BaseOre,Data/Scripts/Items/Trades/Resources/Blacksmithing/Ore.cs,ItemCandidate,SourceVerified,
ValoriteRing,GoldRing,Data/Scripts/Items/Jewels/Tinkered.cs,ItemCandidate,SourceVerified,
ValoriteTinkerTools,RunicTinkerTools,Data/Scripts/Trades/Runics/BaseRunicTinkerTools.cs,ItemCandidate,SourceVerified,
VampireHead,Item,Data/Scripts/Trades/Taxidermy/MagicSkulls.cs,ItemCandidate,SourceVerified,
VampireRobe,BaseOuterTorso,Data/Scripts/Items/Clothing/Robes.cs,ItemCandidate,SourceVerified,
VampiresRobe,Robe,Data/Scripts/Items/Magical/Artifacts/Obsolete/Obsolete_VampiresRobe.cs,ItemCandidate,SourceVerified,
VampiricDaisho,Daisho,Data/Scripts/Items/Magical/Artifacts/Obsolete/Obsolete_VampiricDaisho.cs,ItemCandidate,SourceVerified,
Vandyke,Beard,Data/Scripts/Items/Misc/Facial/Beard.cs,ItemCandidate,SourceVerified,
VanityAddon,BaseAddonContainer,Data/Scripts/Items/Special/Heritage Items/Vanity.cs,ItemCandidate,SourceVerified,
VanityDeed,BaseAddonContainerDeed,Data/Scripts/Items/Special/Heritage Items/Vanity.cs,ItemCandidate,SourceVerified,
Vase,Item,Data/Scripts/Items/Construction/Misc/Vase.cs,ItemCandidate,SourceVerified,
VelocityDeed,Item,Data/Scripts/Items/Magical/VelocityDeed.cs,ItemCandidate,SourceVerified,
VelocityTargetx,Target,Data/Scripts/Items/Magical/VelocityDeed.cs,ItemCandidate,SourceVerified,
VendorRentalContract,Item,Data/Scripts/Items/Deeds/VendorRentalContract.cs,ItemCandidate,SourceVerified,
VenomSack,Item,Data/Scripts/Items/Potions/Standard/Poison Potions/VenomSack.cs,ItemCandidate,SourceVerified,
VeriteAmulet,GoldNecklace,Data/Scripts/Items/Jewels/Tinkered.cs,ItemCandidate,SourceVerified,
VeriteBracelet,GoldBracelet,Data/Scripts/Items/Jewels/Tinkered.cs,ItemCandidate,SourceVerified,
VeriteEarrings,GoldEarrings,Data/Scripts/Items/Jewels/Tinkered.cs,ItemCandidate,SourceVerified,
VeriteGranite,BaseGranite,Data/Scripts/Items/Trades/Resources/Masonry/Granite.cs,ItemCandidate,SourceVerified,
VeriteHammer,RunicHammer1,Data/Scripts/Trades/Runics/BaseRunicHammer.cs,ItemCandidate,SourceVerified,
VeriteIngot,BaseIngot,Data/Scripts/Items/Trades/Resources/Blacksmithing/Ingots.cs,ItemCandidate,SourceVerified,
VeriteOre,BaseOre,Data/Scripts/Items/Trades/Resources/Blacksmithing/Ore.cs,ItemCandidate,SourceVerified,
VeriteRing,GoldRing,Data/Scripts/Items/Jewels/Tinkered.cs,ItemCandidate,SourceVerified,
VeriteTinkerTools,RunicTinkerTools,Data/Scripts/Trades/Runics/BaseRunicTinkerTools.cs,ItemCandidate,SourceVerified,
VersionHouse,BaseHouse,Data/Scripts/Items/Houses/Monopoly/RUOVersion.cs,ItemCandidate,SourceVerified,
VesselsEW,BaseMulti,Data/Scripts/Items/Boats/Vessels.cs,ItemCandidate,SourceVerified,
VesselsNS,BaseMulti,Data/Scripts/Items/Boats/Vessels.cs,ItemCandidate,SourceVerified,
VikingSword,BaseSword,Data/Scripts/Items/Weapons/Swords/VikingSword.cs,ItemCandidate,SourceVerified,
VillaDeed,HouseDeed,Data/Scripts/Items/Houses/Deeds.cs,ItemCandidate,SourceVerified,
Vines,Item,Data/Scripts/Items/Construction/Misc/Vines.cs,ItemCandidate,SourceVerified,
VinyardLabelMaker,Item,Data/Scripts/Custom/Vhaerun's CRL Homestead System [2.0]/Dracana's Winecrafting [2.0]/Items/Craft Items/Tools/VinyardLabelMaker.cs,ItemCandidate,SourceVerified,
ViognierGrapes,BaseWineGrapes,Data/Scripts/Custom/Vhaerun's CRL Homestead System [2.0]/Dracana's Winecrafting [2.0]/Items/Craft Items/Resources/WineGrapes.cs,ItemCandidate,SourceVerified,
VioletCourage,FemalePlateChest,Data/Scripts/Items/Magical/Artifacts/Obsolete/Obsolete_VioletCourage.cs,ItemCandidate,SourceVerified,
VioletFungus,BaseReagent,Data/Scripts/Items/Trades/Resources/Reagents/Witch/VioletFungus.cs,ItemCandidate,SourceVerified,
VioletRibbedFlask,Item,Data/Scripts/Items/Misc/GlassItems.cs,ItemCandidate,SourceVerified,
VirtueAddon,BaseAddon,Data/Scripts/Items/Gifts/Rewards/VirtueFloor.cs,ItemCandidate,SourceVerified,
VirtueAddonDeed,BaseAddonDeed,Data/Scripts/Items/Gifts/Rewards/VirtueFloor.cs,ItemCandidate,SourceVerified,
VirtueShield,BaseShield,Data/Scripts/Items/Armor/Shields/VirtueShield.cs,ItemCandidate,SourceVerified,
VirtueStoneChest,LockableContainer,Data/Scripts/Items/Containers/Container.cs,ItemCandidate,SourceVerified,
VoiceOfTheFallenKing,LeatherGorget,Data/Scripts/Items/Magical/Artifacts/Obsolete/Obsolete_VoiceOfTheFallenKing.cs,ItemCandidate,SourceVerified,
VolcanicHides,BaseHides,Data/Scripts/Items/Trades/Resources/Tailor/Hides.cs,ItemCandidate,SourceVerified,
VolcanicLeather,BaseLeather,Data/Scripts/Items/Trades/Resources/Tailor/Leathers.cs,ItemCandidate,SourceVerified,
Vomit,Item,Data/Scripts/Items/Unknown/UnknownLiquid.cs,ItemCandidate,SourceVerified,
Wagon,BaseHouse,Data/Scripts/Items/Houses/NewHouses.cs,ItemCandidate,SourceVerified,
WagonAddon,BaseAddon,Data/Scripts/Items/Construction/Addons/WagonAddon.cs,ItemCandidate,SourceVerified,
WagonAddonDeed,BaseAddonDeed,Data/Scripts/Items/Construction/Addons/WagonAddon.cs,ItemCandidate,SourceVerified,
Wakizashi,BaseSword,Data/Scripts/Items/Weapons/Oriental/Wakizashi.cs,ItemCandidate,SourceVerified,
WallBanner,BaseAddon,Data/Scripts/Items/Special/Veteran Rewards/WallBanner.cs,ItemCandidate,SourceVerified,
WallBannerComponent,AddonComponent,Data/Scripts/Items/Special/Veteran Rewards/WallBanner.cs,ItemCandidate,SourceVerified,
WallBannerDeed,BaseAddonDeed,Data/Scripts/Items/Special/Veteran Rewards/WallBanner.cs,ItemCandidate,SourceVerified,
WallBlood,Item,Data/Scripts/Items/Decorations/Artifacts/Decorative/WallBlood.cs,ItemCandidate,SourceVerified,
WallSconce,BaseLight,Data/Scripts/Items/Construction/Lights/WallSconce.cs,ItemCandidate,SourceVerified,
WallTorch,BaseLight,Data/Scripts/Items/Construction/Lights/WallTorch.cs,ItemCandidate,SourceVerified,
WallTorchAddon,BaseAddon,Data/Scripts/Items/Special/Heritage Items/WallTorch.cs,ItemCandidate,SourceVerified,
WallTorchComponent,AddonComponent,Data/Scripts/Items/Special/Heritage Items/WallTorch.cs,ItemCandidate,SourceVerified,
WallTorchDeed,BaseAddonDeed,Data/Scripts/Items/Special/Heritage Items/WallTorch.cs,ItemCandidate,SourceVerified,
WallofStoneMagicStaff,BaseMagicStaff,Data/Scripts/Items/Wands/3rd Circle/WallofStoneStaff.cs,ItemCandidate,SourceVerified,
WalnutBoard,BaseWoodBoard,Data/Scripts/Items/Trades/Carpenter Items/Board.cs,ItemCandidate,SourceVerified,
WalnutLog,BaseLog,Data/Scripts/Items/Trades/Lumberjack/Log.cs,ItemCandidate,SourceVerified,
WalnutTreeFletcherTools,RunicFletcherTools,Data/Scripts/Trades/Runics/BaseRunicFletcherTools.cs,ItemCandidate,SourceVerified,
WalnutTreeSaw,RunicSaw,Data/Scripts/Trades/Runics/BaseRunicSaw.cs,ItemCandidate,SourceVerified,
WantedMangar,Item,Data/Scripts/Items/Books/BulletinBoards/WantedMangar.cs,ItemCandidate,SourceVerified,
WantedMangarGump,Gump,Data/Scripts/Items/Books/BulletinBoards/WantedMangar.cs,ItemCandidate,SourceVerified,
WarAxe,BaseAxe,Data/Scripts/Items/Weapons/Axes/WarAxe.cs,ItemCandidate,SourceVerified,
WarCleaver,BaseKnife,Data/Scripts/Items/Weapons/Knives/WarCleaver.cs,ItemCandidate,SourceVerified,
WarFork,BaseSpear,Data/Scripts/Items/Weapons/SpearsAndForks/WarFork.cs,ItemCandidate,SourceVerified,
WarHammer,BaseBashing,Data/Scripts/Items/Weapons/Maces/WarHammer.cs,ItemCandidate,SourceVerified,
WarMace,BaseBashing,Data/Scripts/Items/Weapons/Maces/WarMace.cs,ItemCandidate,SourceVerified,
Waraji,BaseShoes,Data/Scripts/Items/Clothing/Shoes.cs,ItemCandidate,SourceVerified,
Warhorse,EtherealMount,Data/Scripts/Items/Gifts/Mounts/Warhorse.cs,ItemCandidate,SourceVerified,
WarningItem,Item,Data/Scripts/Items/Misc/WarningItem.cs,ItemCandidate,SourceVerified,
WarriorStatueEastAddon,BaseAddon,Data/Scripts/Items/Construction/Addons/WarriorStatueEastAddon.cs,ItemCandidate,SourceVerified,
WarriorStatueEastDeed,BaseAddonDeed,Data/Scripts/Items/Construction/Addons/WarriorStatueEastAddon.cs,ItemCandidate,SourceVerified,
WarriorStatueSouthAddon,BaseAddon,Data/Scripts/Items/Construction/Addons/WarriorStatueSouthAddon.cs,ItemCandidate,SourceVerified,
WarriorStatueSouthDeed,BaseAddonDeed,Data/Scripts/Items/Construction/Addons/WarriorStatueSouthAddon.cs,ItemCandidate,SourceVerified,
WarriorsClasp,GoldBracelet,Data/Scripts/Items/Magical/Artifacts/Obsolete/Obsolete_WarriorsClasp.cs,ItemCandidate,SourceVerified,
Wasabi,Item,Data/Scripts/Items/Food/Asian.cs,ItemCandidate,SourceVerified,
WasabiClumps,Food,Data/Scripts/Items/Food/Asian.cs,ItemCandidate,SourceVerified,
WaterChest,LockableContainer,Data/Scripts/Items/Containers/WaterChest.cs,ItemCandidate,SourceVerified,
WaterElementalMagicStaff,BaseMagicStaff,Data/Scripts/Items/Wands/8th Circle/WaterElementalStaff.cs,ItemCandidate,SourceVerified,
WaterFlask,Item,Data/Scripts/Items/Food/WaterFlask.cs,ItemCandidate,SourceVerified,
WaterTile,Item,Data/Scripts/Items/Decorations/Artifacts/Decorative/WaterTile.cs,ItemCandidate,SourceVerified,
WaterTroughEastAddon,BaseAddon,Data/Scripts/Items/Construction/Addons/WaterTroughEastAddon.cs,ItemCandidate,SourceVerified,
WaterTroughEastDeed,BaseAddonDeed,Data/Scripts/Items/Construction/Addons/WaterTroughEastAddon.cs,ItemCandidate,SourceVerified,
WaterTroughSouthAddon,BaseAddon,Data/Scripts/Items/Construction/Addons/WaterTroughSouthAddon.cs,ItemCandidate,SourceVerified,
WaterTroughSouthDeed,BaseAddonDeed,Data/Scripts/Items/Construction/Addons/WaterTroughSouthAddon.cs,ItemCandidate,SourceVerified,
WaterVatEast,BaseAddon,Data/Scripts/Items/Construction/Addons/WaterVat.cs,ItemCandidate,SourceVerified,
WaterVatSouth,BaseAddon,Data/Scripts/Items/Construction/Addons/WaterVat.cs,ItemCandidate,SourceVerified,
WaterVial,Item,Data/Scripts/Items/Food/WaterVial.cs,ItemCandidate,SourceVerified,
Waterskin,Item,Data/Scripts/Items/Food/Waterskin.cs,ItemCandidate,SourceVerified,
WaxPainting,Item,Data/Scripts/Trades/Apiculture/Craft/WaxPaintings.cs,ItemCandidate,SourceVerified,
WaxPaintingA,WaxPainting,Data/Scripts/Trades/Apiculture/Craft/WaxPaintings.cs,ItemCandidate,SourceVerified,
WaxPaintingB,WaxPainting,Data/Scripts/Trades/Apiculture/Craft/WaxPaintings.cs,ItemCandidate,SourceVerified,
WaxPaintingC,WaxPainting,Data/Scripts/Trades/Apiculture/Craft/WaxPaintings.cs,ItemCandidate,SourceVerified,
WaxPaintingD,WaxPainting,Data/Scripts/Trades/Apiculture/Craft/WaxPaintings.cs,ItemCandidate,SourceVerified,
WaxPaintingE,WaxPainting,Data/Scripts/Trades/Apiculture/Craft/WaxPaintings.cs,ItemCandidate,SourceVerified,
WaxPaintingF,WaxPainting,Data/Scripts/Trades/Apiculture/Craft/WaxPaintings.cs,ItemCandidate,SourceVerified,
WaxPaintingG,WaxPainting,Data/Scripts/Trades/Apiculture/Craft/WaxPaintings.cs,ItemCandidate,SourceVerified,
WaxSculptors,Item,Data/Scripts/Trades/Apiculture/Craft/WaxSculptors.cs,ItemCandidate,SourceVerified,
WaxSculptorsA,WaxSculptors,Data/Scripts/Trades/Apiculture/Craft/WaxSculptors.cs,ItemCandidate,SourceVerified,
WaxSculptorsB,WaxSculptors,Data/Scripts/Trades/Apiculture/Craft/WaxSculptors.cs,ItemCandidate,SourceVerified,
WaxSculptorsC,WaxSculptors,Data/Scripts/Trades/Apiculture/Craft/WaxSculptors.cs,ItemCandidate,SourceVerified,
WaxSculptorsD,Item,Data/Scripts/Trades/Apiculture/Craft/WaxSculptors.cs,ItemCandidate,SourceVerified,
WaxSculptorsE,Item,Data/Scripts/Trades/Apiculture/Craft/WaxSculptors.cs,ItemCandidate,SourceVerified,
WaxingPot,BaseTool,Data/Scripts/Trades/Apiculture/WaxCrafting.cs,ItemCandidate,SourceVerified,
WayPoint,Item,Data/Scripts/Items/Misc/Waypoint.cs,ItemCandidate,SourceVerified,
WayPointSeqTarget,Target,Data/Scripts/Items/Misc/Waypoint.cs,ItemCandidate,SourceVerified,
WeaknessMagicStaff,BaseMagicStaff,Data/Scripts/Items/Wands/1st Circle/WeaknessStaff.cs,ItemCandidate,SourceVerified,
WeaponAttributeInfo,,Data/Scripts/Items/Magical/God/LevelAttributes.cs,ItemCandidate,SourceVerified,
WeaponEngravingTool,Item,Data/Scripts/Items/Special/Veteran Rewards/WeaponEngravingTool.cs,ItemCandidate,SourceVerified,
WeaponGiftAttributeInfo,,Data/Scripts/Items/Magical/Gifts/GiftAttributes.cs,ItemCandidate,SourceVerified,
WeaponRenamingTool,Item,Data/Scripts/Items/Magical/WeaponRenamingTool.cs,ItemCandidate,SourceVerified,
Web,Item,Data/Scripts/Items/Decorations/Artifacts/Decorative/Web.cs,ItemCandidate,SourceVerified,
WeededItem,LockableContainer,Data/Scripts/Items/Traps/WeedItem.cs,ItemCandidate,SourceVerified,
WeightReductionContainer,Container,Data/Scripts/Items/Containers/WeightReductionContainer.cs,ItemCandidate,SourceVerified,
Weightoftheworld,Tetsubo,,ProposedItemClass,Proposed,New class should inherit from the resolved base item class.
WerewolfClaw,BaseReagent,Data/Scripts/Items/Trades/Resources/Reagents/Witch/WerewolfClaw.cs,ItemCandidate,SourceVerified,
WetClothes,Item,Data/Scripts/Items/Trades/Fishing/WetClothes.cs,ItemCandidate,SourceVerified,
WheatSheaf,Item,Data/Scripts/Items/Food/Cooking.cs,ItemCandidate,SourceVerified,
Whip,Item,Data/Scripts/Items/Misc/Rares.cs,ItemCandidate,SourceVerified,
Whips,BaseWhip,Data/Scripts/Items/Weapons/Maces/Whips.cs,ItemCandidate,SourceVerified,
WhiteDriedFlowers,Item,Data/Scripts/Items/Misc/Rares.cs,ItemCandidate,SourceVerified,
WhiteDyeTub,DyeTub,Data/Scripts/Items/Misc/Dyes/WhiteDyeTub.cs,ItemCandidate,SourceVerified,
WhiteFurArms,BaseArmor,Data/Scripts/Items/Armor/Furs/WhiteFurArms.cs,ItemCandidate,SourceVerified,
WhiteFurBoots,Boots,Data/Scripts/Items/Armor/Furs/WhiteFurBoots.cs,ItemCandidate,SourceVerified,
WhiteFurCap,SkullCap,Data/Scripts/Items/Armor/Furs/WhiteFurCap.cs,ItemCandidate,SourceVerified,
WhiteFurCape,Cloak,Data/Scripts/Items/Armor/Furs/WhiteFurCape.cs,ItemCandidate,SourceVerified,
WhiteFurLegs,BaseArmor,Data/Scripts/Items/Armor/Furs/WhiteFurLegs.cs,ItemCandidate,SourceVerified,
WhiteFurRobe,Robe,Data/Scripts/Items/Armor/Furs/WhiteFurRobe.cs,ItemCandidate,SourceVerified,
WhiteFurSarong,Kilt,Data/Scripts/Items/Armor/Furs/WhiteFurSarong.cs,ItemCandidate,SourceVerified,
WhiteFurTunic,BaseArmor,Data/Scripts/Items/Armor/Furs/WhiteFurChest.cs,ItemCandidate,SourceVerified,
WhiteHangingLantern,BaseLight,Data/Scripts/Items/Construction/Lights/WhiteHangingLantern.cs,ItemCandidate,SourceVerified,
WhiteMisoSoup,Food,Data/Scripts/Items/Food/Asian.cs,ItemCandidate,SourceVerified,
WhitePearl,Item,Data/Scripts/Items/Trades/Resources/MiscMLResources.cs,ItemCandidate,SourceVerified,
WhitePoinsettia,Item,Data/Scripts/Items/Special/Holiday/Poinsettias.cs,ItemCandidate,SourceVerified,
WhiteScales,BaseScales,Data/Scripts/Items/Trades/Resources/Blacksmithing/Scales.cs,ItemCandidate,SourceVerified,
WhiteSnowflake,Item,Data/Scripts/Items/Special/Holiday/Snowflakes.cs,ItemCandidate,SourceVerified,
WhiteStoneWall,BaseWall,Data/Scripts/Items/Construction/Walls/WhiteStoneWall.cs,ItemCandidate,SourceVerified,
WhiteTigerRugEastAddon,BaseAddon,Data/Scripts/Items/Construction/Addons/TigerRug.cs,ItemCandidate,SourceVerified,
WhiteTigerRugEastDeed,BaseAddonDeed,Data/Scripts/Items/Construction/Addons/TigerRug.cs,ItemCandidate,SourceVerified,
WhiteTigerRugSouthAddon,BaseAddon,Data/Scripts/Items/Construction/Addons/TigerRug.cs,ItemCandidate,SourceVerified,
WhiteTigerRugSouthDeed,BaseAddonDeed,Data/Scripts/Items/Construction/Addons/TigerRug.cs,ItemCandidate,SourceVerified,
WideBrimHat,BaseHat,Data/Scripts/Items/Clothing/Hats.cs,ItemCandidate,SourceVerified,
WildStaff,BaseStaff,Data/Scripts/Items/Weapons/Staves/WildStaff.cs,ItemCandidate,SourceVerified,
WildfireBow,ElvenCompositeLongbow,Data/Scripts/Items/Magical/Artifacts/Obsolete/Obsolete_WildfireBow.cs,ItemCandidate,SourceVerified,
WindChimes,BaseWindChimes,Data/Scripts/Items/Misc/WindChimes.cs,ItemCandidate,SourceVerified,
WindSpirit,Item,Data/Scripts/Items/Special/WindSpirit.cs,ItemCandidate,SourceVerified,
Windsong,MagicalShortbow,Data/Scripts/Items/Magical/Artifacts/Obsolete/Obsolete_Windsong.cs,ItemCandidate,SourceVerified,
WineGrapeInfo,,Data/Scripts/Custom/Vhaerun's CRL Homestead System [2.0]/Dracana's Winecrafting [2.0]/Items/Craft Items/WineGrapeInfo.cs,ItemCandidate,SourceVerified,
WineKeg,Item,Data/Scripts/Custom/Vhaerun's CRL Homestead System [2.0]/Dracana's Winecrafting [2.0]/Items/Food/WineKeg.cs,ItemCandidate,SourceVerified,
WinecrafterSugar,Item,Data/Scripts/Custom/Vhaerun's CRL Homestead System [2.0]/Dracana's Winecrafting [2.0]/Items/Craft Items/Resources/WinecrafterSugar.cs,ItemCandidate,SourceVerified,
WinecrafterYeast,Item,Data/Scripts/Custom/Vhaerun's CRL Homestead System [2.0]/Dracana's Winecrafting [2.0]/Items/Craft Items/Resources/WinecrafterYeast.cs,ItemCandidate,SourceVerified,
WinecraftersTools,BaseTool,Data/Scripts/Custom/Vhaerun's CRL Homestead System [2.0]/Dracana's Winecrafting [2.0]/Items/Craft Items/Tools/WinecraftersTools.cs,ItemCandidate,SourceVerified,
WinemakingResources,,Data/Scripts/Custom/Vhaerun's CRL Homestead System [2.0]/Dracana's Winecrafting [2.0]/Items/Craft Items/WineGrapeInfo.cs,ItemCandidate,SourceVerified,
WinterGiftPackage2003,GiftBox,Data/Scripts/Items/Special/Holiday/WinterGiftPackage2003.cs,ItemCandidate,SourceVerified,
WitchCauldron,BaseTool,Data/Scripts/Items/Trades/Tools/WitchCauldron.cs,ItemCandidate,SourceVerified,
WitchHat,BaseHat,Data/Scripts/Items/Clothing/Hats.cs,ItemCandidate,SourceVerified,
WizardHood,BaseHat,Data/Scripts/Items/Clothing/Hats.cs,ItemCandidate,SourceVerified,
WizardShirt,BaseShirt,Data/Scripts/Items/Clothing/Shirts.cs,ItemCandidate,SourceVerified,
WizardStaff,BaseWizardStaff,Data/Scripts/Items/Weapons/Marksman/WizardStaff.cs,ItemCandidate,SourceVerified,
WizardStick,BaseWizardStaff,Data/Scripts/Items/Weapons/Marksman/WizardStaff.cs,ItemCandidate,SourceVerified,
WizardWand,BaseBashing,Data/Scripts/Items/Weapons/Maces/WizardWand.cs,ItemCandidate,SourceVerified,
WizardryCrate,LockableContainer,Data/Scripts/Items/Containers/Container.cs,ItemCandidate,SourceVerified,
WizardsGlasses,ElvenGlasses,Data/Scripts/Items/Armor/Glasses/WizardsGlasses.cs,ItemCandidate,SourceVerified,
WizardsHat,BaseHat,Data/Scripts/Items/Clothing/Hats.cs,ItemCandidate,SourceVerified,
WizardsPants,LeatherLegs,Data/Scripts/Items/Magical/Artifacts/Obsolete/Obsolete_WizardsPants.cs,ItemCandidate,SourceVerified,
WizardsStatue,Item,Data/Scripts/Items/Special/WizardsStatue.cs,ItemCandidate,SourceVerified,
WolfMask,BaseHat,Data/Scripts/Items/Clothing/Hats.cs,ItemCandidate,SourceVerified,
WolfgangSword,NoDachi,,ProposedItemClass,Proposed,New class should inherit from the resolved base item class.
Wolfsbane,BaseReagent,Data/Scripts/Items/Trades/Resources/Reagents/Witch/Wolfsbane.cs,ItemCandidate,SourceVerified,
WomanPortrait1,Item,Data/Scripts/Items/Construction/Decorative/PaintingPortraits.cs,ItemCandidate,SourceVerified,
WomanPortrait2,Item,Data/Scripts/Items/Construction/Decorative/PaintingPortraits.cs,ItemCandidate,SourceVerified,
WondrousFish,BaseMagicFish,Data/Scripts/Items/Trades/Resources/Fishing/MagicFish.cs,ItemCandidate,SourceVerified,
WoodCityBankAddon,BaseAddon,Data/Scripts/Custom/Government System/Items/Civic Structures/Stock Buildings/Banks/WoodCityBankAddon.cs,ItemCandidate,SourceVerified,
WoodCityBankDeed,CityDeed,Data/Scripts/Custom/Government System/Items/Deeds/Stock Deeds/Banks/WoodCityBankDeed.cs,ItemCandidate,SourceVerified,
WoodCityHallAddon,BaseAddon,Data/Scripts/Custom/Government System/Items/Civic Structures/Stock Buildings/City Halls/WoodCityHallAddon.cs,ItemCandidate,SourceVerified,
WoodCityHallDeed,CityDeed,Data/Scripts/Custom/Government System/Items/Deeds/Stock Deeds/City Halls/WoodCityHallDeed.cs,ItemCandidate,SourceVerified,
WoodCityHealerAddon,BaseAddon,Data/Scripts/Custom/Government System/Items/Civic Structures/Stock Buildings/Healers/WoodCityHealerAddon.cs,ItemCandidate,SourceVerified,
WoodCityHealerDeed,CityDeed,Data/Scripts/Custom/Government System/Items/Deeds/Stock Deeds/Healers/WoodCityHealerDeed.cs,ItemCandidate,SourceVerified,
WoodCityMarketAddon,BaseAddon,Data/Scripts/Custom/Government System/Items/Civic Structures/Stock Buildings/Markets/WoodMarketAddon.cs,ItemCandidate,SourceVerified,
WoodCityMarketDeed,CityDeed,Data/Scripts/Custom/Government System/Items/Deeds/Stock Deeds/Markets/WoodCityMarketDeed.cs,ItemCandidate,SourceVerified,
WoodCityMoongateAddon,BaseAddon,Data/Scripts/Custom/Government System/Items/Civic Structures/Stock Buildings/Moongates/WoodCityMoongateAddon.cs,ItemCandidate,SourceVerified,
WoodCityMoongateDeed,CityDeed,Data/Scripts/Custom/Government System/Items/Deeds/Stock Deeds/Moongates/WoodCityMoongateDeed.cs,ItemCandidate,SourceVerified,
WoodCityStableAddon,BaseAddon,Data/Scripts/Custom/Government System/Items/Civic Structures/Stock Buildings/Stable/WoodCityStableAddon.cs,ItemCandidate,SourceVerified,
WoodCityStableDeed,CityDeed,Data/Scripts/Custom/Government System/Items/Deeds/Stock Deeds/Stable/WoodCityHealerDeed.cs,ItemCandidate,SourceVerified,
WoodCityTavernAddon,BaseAddon,Data/Scripts/Custom/Government System/Items/Civic Structures/Stock Buildings/Taverns/WoodCityTavernAddon.cs,ItemCandidate,SourceVerified,
WoodCityTavernDeed,CityDeed,Data/Scripts/Custom/Government System/Items/Deeds/Stock Deeds/Taverns/WoodCityTavernDeed.cs,ItemCandidate,SourceVerified,
WoodDebris,Item,Data/Scripts/Items/Construction/Ruined/RuinedItemSingle.cs,ItemCandidate,SourceVerified,
WoodHouseDeed,HouseDeed,Data/Scripts/Items/Houses/Deeds.cs,ItemCandidate,SourceVerified,
WoodPlasterHouseDeed,HouseDeed,Data/Scripts/Items/Houses/Deeds.cs,ItemCandidate,SourceVerified,
WoodWellAddon,BaseAddon,Data/Scripts/Items/Construction/Wells/woodwell.cs,ItemCandidate,SourceVerified,
WoodWellDeed,BaseAddonDeed,Data/Scripts/Items/Construction/Wells/woodwell.cs,ItemCandidate,SourceVerified,
WoodWellPiece,AddonComponent,Data/Scripts/Items/Construction/Wells/woodwell.cs,ItemCandidate,SourceVerified,
WoodenBench,Item,Data/Scripts/Items/Construction/Chairs/Benchs.cs,ItemCandidate,SourceVerified,
WoodenBowl,Item,Data/Scripts/Items/Food/Cooking.cs,ItemCandidate,SourceVerified,Multiple source declarations found.
WoodenBowlOfCarrots,Food,Data/Scripts/Items/Food/Bowls.cs,ItemCandidate,SourceVerified,
WoodenBowlOfCorn,Food,Data/Scripts/Items/Food/Bowls.cs,ItemCandidate,SourceVerified,
WoodenBowlOfLettuce,Food,Data/Scripts/Items/Food/Bowls.cs,ItemCandidate,SourceVerified,
WoodenBowlOfPeas,Food,Data/Scripts/Items/Food/Bowls.cs,ItemCandidate,SourceVerified,
WoodenBowlOfStew,Food,Data/Scripts/Items/Food/Bowls.cs,ItemCandidate,SourceVerified,
WoodenBowlOfTomatoSoup,Food,Data/Scripts/Items/Food/Bowls.cs,ItemCandidate,SourceVerified,
WoodenBox,LockableContainer,Data/Scripts/Items/Containers/Container.cs,ItemCandidate,SourceVerified,
WoodenCasket,LockableContainer,Data/Scripts/Items/Containers/Container.cs,ItemCandidate,SourceVerified,
WoodenChair,Item,Data/Scripts/Items/Construction/Chairs/Chairs.cs,ItemCandidate,SourceVerified,
WoodenChairCushion,Item,Data/Scripts/Items/Construction/Chairs/Chairs.cs,ItemCandidate,SourceVerified,
WoodenChest,LockableContainer,Data/Scripts/Items/Containers/Container.cs,ItemCandidate,SourceVerified,
WoodenCoffin,LockableContainer,Data/Scripts/Items/Containers/Container.cs,ItemCandidate,SourceVerified,
WoodenCoffinAddon,BaseAddon,Data/Scripts/Items/Special/Heritage Items/WoodenCoffin.cs,ItemCandidate,SourceVerified,
WoodenCoffinComponent,AddonComponent,Data/Scripts/Items/Special/Heritage Items/WoodenCoffin.cs,ItemCandidate,SourceVerified,
WoodenCoffinDeed,BaseAddonDeed,Data/Scripts/Items/Special/Heritage Items/WoodenCoffin.cs,ItemCandidate,SourceVerified,
WoodenFootLocker,LockableContainer,Data/Scripts/Items/Containers/Container.cs,ItemCandidate,SourceVerified,
WoodenKiteShield,BaseShield,Data/Scripts/Items/Armor/Shields/WoodenKiteShield.cs,ItemCandidate,SourceVerified,
WoodenPlateArms,BaseArmor,Data/Scripts/Items/Armor/WoodenArmor.cs,ItemCandidate,SourceVerified,
WoodenPlateChest,BaseArmor,Data/Scripts/Items/Armor/WoodenArmor.cs,ItemCandidate,SourceVerified,
WoodenPlateGloves,BaseArmor,Data/Scripts/Items/Armor/WoodenArmor.cs,ItemCandidate,SourceVerified,
WoodenPlateGorget,BaseArmor,Data/Scripts/Items/Armor/WoodenArmor.cs,ItemCandidate,SourceVerified,
WoodenPlateHelm,BaseArmor,Data/Scripts/Items/Armor/WoodenArmor.cs,ItemCandidate,SourceVerified,
WoodenPlateLegs,BaseArmor,Data/Scripts/Items/Armor/WoodenArmor.cs,ItemCandidate,SourceVerified,
WoodenShield,BaseShield,Data/Scripts/Items/Armor/Shields/WoodenShield.cs,ItemCandidate,SourceVerified,
WoodenThrone,Item,Data/Scripts/Items/Construction/Chairs/Thrones.cs,ItemCandidate,SourceVerified,
WoodenTreasureChest,BaseTreasureChest,Data/Scripts/Items/Containers/TreasureChest.cs,ItemCandidate,SourceVerified,
WoodworkingTools,BaseTool,Data/Scripts/Items/Trades/Tools/WoodworkingTools.cs,ItemCandidate,SourceVerified,
Wool,Item,Data/Scripts/Items/Trades/Resources/Tailor/Wool.cs,ItemCandidate,SourceVerified,
WorkShoppes,DynamicBook,Data/Scripts/Items/Books/DynamicBook.cs,ItemCandidate,SourceVerified,
WorldMap,MapItem,Data/Scripts/Items/Trades/Maps/WorldMap.cs,ItemCandidate,SourceVerified,
WorldMapAmbrosia,Item,Data/Scripts/Items/Trades/Maps/MapWorld.cs,ItemCandidate,SourceVerified,
WorldMapBottle,Item,Data/Scripts/Items/Trades/Maps/MapWorld.cs,ItemCandidate,SourceVerified,
WorldMapGump,Gump,Data/Scripts/Items/Special/AlternateRealityMap.cs,ItemCandidate,SourceVerified,Multiple source declarations found.
WorldMapIslesOfDread,Item,Data/Scripts/Items/Trades/Maps/MapWorld.cs,ItemCandidate,SourceVerified,
WorldMapLodor,Item,Data/Scripts/Items/Trades/Maps/MapWorld.cs,ItemCandidate,SourceVerified,
WorldMapSavage,Item,Data/Scripts/Items/Trades/Maps/MapWorld.cs,ItemCandidate,SourceVerified,
WorldMapSerpent,Item,Data/Scripts/Items/Trades/Maps/MapWorld.cs,ItemCandidate,SourceVerified,
WorldMapSosaria,Item,Data/Scripts/Items/Trades/Maps/MapWorld.cs,ItemCandidate,SourceVerified,
WorldMapUmber,Item,Data/Scripts/Items/Trades/Maps/MapWorld.cs,ItemCandidate,SourceVerified,
WorldMapUnderworld,Item,Data/Scripts/Items/Trades/Maps/MapWorld.cs,ItemCandidate,SourceVerified,
WornHumanDeco,BaseRing,Data/Scripts/Items/Misc/WornHumanDeco.cs,ItemCandidate,SourceVerified,
WrappedCandy,Item,Data/Scripts/Items/Gifts/Holiday/Halloween/WrappedCandy.cs,ItemCandidate,SourceVerified,
WrathOfTheDryad,GnarledStaff,Data/Scripts/Items/Magical/Artifacts/Obsolete/Obsolete_WrathOfTheDryad.cs,ItemCandidate,SourceVerified,
WreathAddon,Item,Data/Scripts/Items/Special/Holiday/Wreath.cs,ItemCandidate,SourceVerified,
WreathDeed,Item,Data/Scripts/Items/Special/Holiday/Wreath.cs,ItemCandidate,SourceVerified,
WreckEW,BaseMulti,Data/Scripts/Items/Boats/Vessels.cs,ItemCandidate,SourceVerified,
WreckNS,BaseMulti,Data/Scripts/Items/Boats/Vessels.cs,ItemCandidate,SourceVerified,
WritingTable,Item,Data/Scripts/Items/Construction/Tables/WritingTable.cs,ItemCandidate,SourceVerified,
XormiteGranite,BaseGranite,Data/Scripts/Items/Trades/Resources/Masonry/Granite.cs,ItemCandidate,SourceVerified,
XormiteIngot,BaseIngot,Data/Scripts/Items/Trades/Resources/Blacksmithing/Ingots.cs,ItemCandidate,SourceVerified,
XormiteOre,BaseOre,Data/Scripts/Items/Trades/Resources/Blacksmithing/Ore.cs,ItemCandidate,SourceVerified,
YashimotosHatsuburi,ChainHatsuburi,Data/Scripts/Items/Magical/Artifacts/Obsolete/Obsolete_YashimotosHatsuburi.cs,ItemCandidate,SourceVerified,
Yeast,Item,Data/Scripts/Custom/Vhaerun's CRL Homestead System [2.0]/Vhaerun's CRL Brewing/Items/BrewingIngredients.cs,ItemCandidate,SourceVerified,
YellowBeaker,Item,Data/Scripts/Items/Misc/GlassItems.cs,ItemCandidate,SourceVerified,
YellowGourd,Food,Data/Scripts/Items/Food/Food.cs,ItemCandidate,SourceVerified,Multiple source declarations found.
YellowScales,BaseScales,Data/Scripts/Items/Trades/Resources/Blacksmithing/Scales.cs,ItemCandidate,SourceVerified,
YewWoodTable,Item,Data/Scripts/Items/Construction/Tables/Tables.cs,ItemCandidate,SourceVerified,
Yumi,BaseRanged,Data/Scripts/Items/Weapons/Oriental/Yumi.cs,ItemCandidate,SourceVerified,
ZenRock1Artifact,BaseDecorationArtifact,Data/Scripts/Items/Decorations/Artifacts/SEDecorationArtifacts.cs,ItemCandidate,SourceVerified,
ZenRock2Artifact,BaseDecorationArtifact,Data/Scripts/Items/Decorations/Artifacts/SEDecorationArtifacts.cs,ItemCandidate,SourceVerified,
ZenRock3Artifact,BaseDecorationArtifact,Data/Scripts/Items/Decorations/Artifacts/SEDecorationArtifacts.cs,ItemCandidate,SourceVerified,
ZinfandelGrapes,BaseWineGrapes,Data/Scripts/Custom/Vhaerun's CRL Homestead System [2.0]/Dracana's Winecrafting [2.0]/Items/Craft Items/Resources/WineGrapes.cs,ItemCandidate,SourceVerified,
ZoogiFungus,Item,Data/Scripts/Items/Special/Solen Items/ZoogiFungus.cs,ItemCandidate,SourceVerified,
ZyronicClaw,ExecutionersAxe,Data/Scripts/Items/Magical/Artifacts/Obsolete/Obsolete_ZyronicClaw.cs,ItemCandidate,SourceVerified,
apiBeeHive,BaseAddon,Data/Scripts/Trades/Apiculture/BeeHiveAddon.cs,ItemCandidate,SourceVerified,
apiBeeHiveComponent,AddonComponent,Data/Scripts/Trades/Apiculture/BeeHiveAddon.cs,ItemCandidate,SourceVerified,
apiBeeHiveDeed,BaseAddonDeed,Data/Scripts/Trades/Apiculture/BeeHiveAddon.cs,ItemCandidate,SourceVerified,
apiBeeHiveDestroyGump,Gump,Data/Scripts/Trades/Apiculture/Gumps/BeeHiveGumps.cs,ItemCandidate,SourceVerified,
apiBeeHiveHelpGump,Gump,Data/Scripts/Trades/Apiculture/BeeHiveHelp.cs,ItemCandidate,SourceVerified,
apiBeeHiveMainGump,Gump,Data/Scripts/Trades/Apiculture/Gumps/BeeHiveGumps.cs,ItemCandidate,SourceVerified,
apiBeeHiveProductionGump,Gump,Data/Scripts/Trades/Apiculture/Gumps/BeeHiveGumps.cs,ItemCandidate,SourceVerified,
apiBeeHiveSmallPotGump,Gump,Data/Scripts/Trades/Apiculture/Items/SmallWaxPot.cs,ItemCandidate,SourceVerified,
apiBeesComponent,AddonComponent,Data/Scripts/Trades/Apiculture/BeeHiveAddon.cs,ItemCandidate,SourceVerified,
apiLargeWaxPot,Item,Data/Scripts/Trades/Apiculture/Items/LargeWaxPot.cs,ItemCandidate,SourceVerified,
apiSmallWaxPot,Item,Data/Scripts/Trades/Apiculture/Items/SmallWaxPot.cs,ItemCandidate,SourceVerified,
corpse,BaseCreature,Data/Scripts/Items/Misc/Bodies/LivingDead/SummonCorpse.cs,ItemCandidate,SourceVerified,
halloween_HauntedMirror1,Item,Data/Scripts/Items/Gifts/Holiday/Halloween/Rewards/HalloweenItems.cs,ItemCandidate,SourceVerified,
halloween_HauntedMirror2,Item,Data/Scripts/Items/Gifts/Holiday/Halloween/Rewards/HalloweenItems.cs,ItemCandidate,SourceVerified,
halloween_block_eastAddon,BaseAddon,Data/Scripts/Items/Gifts/Holiday/Halloween/Rewards/HalloweenAddons.cs,ItemCandidate,SourceVerified,
halloween_block_eastAddonDeed,BaseAddonDeed,Data/Scripts/Items/Gifts/Holiday/Halloween/Rewards/HalloweenAddons.cs,ItemCandidate,SourceVerified,
halloween_block_southAddon,BaseAddon,Data/Scripts/Items/Gifts/Holiday/Halloween/Rewards/HalloweenAddons.cs,ItemCandidate,SourceVerified,
halloween_block_southAddonDeed,BaseAddonDeed,Data/Scripts/Items/Gifts/Holiday/Halloween/Rewards/HalloweenAddons.cs,ItemCandidate,SourceVerified,
halloween_coffin_eastAddon,BaseAddon,Data/Scripts/Items/Gifts/Holiday/Halloween/Rewards/HalloweenAddons.cs,ItemCandidate,SourceVerified,
halloween_coffin_eastAddonDeed,BaseAddonDeed,Data/Scripts/Items/Gifts/Holiday/Halloween/Rewards/HalloweenAddons.cs,ItemCandidate,SourceVerified,
halloween_coffin_southAddon,BaseAddon,Data/Scripts/Items/Gifts/Holiday/Halloween/Rewards/HalloweenAddons.cs,ItemCandidate,SourceVerified,
halloween_coffin_southAddonDeed,BaseAddonDeed,Data/Scripts/Items/Gifts/Holiday/Halloween/Rewards/HalloweenAddons.cs,ItemCandidate,SourceVerified,
halloween_covered_chair,Item,Data/Scripts/Items/Gifts/Holiday/Halloween/Rewards/HalloweenItems.cs,ItemCandidate,SourceVerified,
halloween_devil_face,Item,Data/Scripts/Items/Gifts/Holiday/Halloween/Rewards/HalloweenItems.cs,ItemCandidate,SourceVerified,
halloween_ruined_bookcase,Item,Data/Scripts/Items/Gifts/Holiday/Halloween/Rewards/HalloweenItems.cs,ItemCandidate,SourceVerified,
halloween_shackles,Item,Data/Scripts/Items/Gifts/Holiday/Halloween/Rewards/HalloweenItems.cs,ItemCandidate,SourceVerified,
house_sign_sign_armor,Item,Data/Scripts/Items/Decorations/HouseSign.cs,ItemCandidate,SourceVerified,
house_sign_sign_bake,Item,Data/Scripts/Items/Decorations/HouseSign.cs,ItemCandidate,SourceVerified,
house_sign_sign_bank,Item,Data/Scripts/Items/Decorations/HouseSign.cs,ItemCandidate,SourceVerified,
house_sign_sign_bard,Item,Data/Scripts/Items/Decorations/HouseSign.cs,ItemCandidate,SourceVerified,
house_sign_sign_book,Item,Data/Scripts/Items/Decorations/HouseSign.cs,ItemCandidate,SourceVerified,
house_sign_sign_bow,Item,Data/Scripts/Items/Decorations/HouseSign.cs,ItemCandidate,SourceVerified,
house_sign_sign_fletch,Item,Data/Scripts/Items/Decorations/HouseSign.cs,ItemCandidate,SourceVerified,
house_sign_sign_gem,Item,Data/Scripts/Items/Decorations/HouseSign.cs,ItemCandidate,SourceVerified,
house_sign_sign_heal,Item,Data/Scripts/Items/Decorations/HouseSign.cs,ItemCandidate,SourceVerified,
house_sign_sign_herb,Item,Data/Scripts/Items/Decorations/HouseSign.cs,ItemCandidate,SourceVerified,
house_sign_sign_inn,Item,Data/Scripts/Items/Decorations/HouseSign.cs,ItemCandidate,SourceVerified,
house_sign_sign_mage,Item,Data/Scripts/Items/Decorations/HouseSign.cs,ItemCandidate,SourceVerified,
house_sign_sign_merc,Item,Data/Scripts/Items/Decorations/HouseSign.cs,ItemCandidate,SourceVerified,
house_sign_sign_necro,Item,Data/Scripts/Items/Decorations/HouseSign.cs,ItemCandidate,SourceVerified,
house_sign_sign_pen,Item,Data/Scripts/Items/Decorations/HouseSign.cs,ItemCandidate,SourceVerified,
house_sign_sign_post_a,Item,Data/Scripts/Items/Decorations/HouseSign.cs,ItemCandidate,SourceVerified,
house_sign_sign_post_b,Item,Data/Scripts/Items/Decorations/HouseSign.cs,ItemCandidate,SourceVerified,
house_sign_sign_sew,Item,Data/Scripts/Items/Decorations/HouseSign.cs,ItemCandidate,SourceVerified,
house_sign_sign_ship,Item,Data/Scripts/Items/Decorations/HouseSign.cs,ItemCandidate,SourceVerified,
house_sign_sign_smith,Item,Data/Scripts/Items/Decorations/HouseSign.cs,ItemCandidate,SourceVerified,
house_sign_sign_supply,Item,Data/Scripts/Items/Decorations/HouseSign.cs,ItemCandidate,SourceVerified,
house_sign_sign_tavern,Item,Data/Scripts/Items/Decorations/HouseSign.cs,ItemCandidate,SourceVerified,
house_sign_sign_tinker,Item,Data/Scripts/Items/Decorations/HouseSign.cs,ItemCandidate,SourceVerified,
house_sign_sign_wood,Item,Data/Scripts/Items/Decorations/HouseSign.cs,ItemCandidate,SourceVerified,
ixpCommand,,Data/Scripts/Items/Magical/God/Commands/ItemExpCommand.cs,ItemCandidate,SourceVerified,
light_dragon_brazier,BaseLight,Data/Scripts/Items/Construction/Lights/TorchAndDragonBrazier.cs,ItemCandidate,SourceVerified,
light_wall_torch,Item,Data/Scripts/Items/Construction/Lights/TorchAndDragonBrazier.cs,ItemCandidate,SourceVerified,
moongates,Item,Data/Scripts/Items/Doors/Moongates.cs,ItemCandidate,SourceVerified,
reagents_magic_jar1,Item,Data/Scripts/Items/Trades/Resources/Reagents/Reagents.cs,ItemCandidate,SourceVerified,
reagents_magic_jar2,Item,Data/Scripts/Items/Trades/Resources/Reagents/Reagents.cs,ItemCandidate,SourceVerified,
reagents_magic_jar3,Item,Data/Scripts/Items/Trades/Resources/Reagents/Reagents.cs,ItemCandidate,SourceVerified,
tarotpoker,Item,Data/Scripts/Items/Misc/Games/tarotpoker.cs,ItemCandidate,SourceVerified,
