ClassName,DisplayName,SourcePath,Status,Notes
AIControlMobileTarget,lantern the,Data/Scripts/Mobiles/Base/Behavior.cs,SourceVerified,
AbrozChieftain,an ambroz chieftain,Data/Scripts/Mobiles/Humanoids/Ambroz/AbrozChieftain.cs,SourceVerified,
AbrozShaman,an ambroz shaman,Data/Scripts/Mobiles/Humanoids/Ambroz/AbrozShaman.cs,SourceVerified,
AbrozWarrior,an ambroz warrior,Data/Scripts/Mobiles/Humanoids/Ambroz/AbrozWarrior.cs,SourceVerified,
AbysmalDaemon,staff of the abyss the abysmal archfiend,Data/Scripts/Mobiles/Daemons/AbysmalDaemon.cs,SourceVerified,
AbysmalDrake,a drake,Data/Scripts/Mobiles/Dragons/Drakes/AbysmalDrake.cs,SourceVerified,
AbysmalOgre,an abysmal ogre,Data/Scripts/Mobiles/Goliaths/Ogres/AbysmalOgre.cs,SourceVerified,
AbyssCrawler,a kith,Data/Scripts/Mobiles/Insects/Spiders/AbyssCrawler.cs,SourceVerified,
AbyssGiant,abysmal chest the abysmal giant,Data/Scripts/Mobiles/Goliaths/Giants/AbyssGiant.cs,SourceVerified,
AcidPuddle,an acid puddle,Data/Scripts/Mobiles/Slimes/AcidPuddle.cs,SourceVerified,
Actions,stretched hide,Data/Scripts/Mobiles/Civilized/Actions.cs,SourceVerified,
Actor,the actress,Data/Scripts/Mobiles/Civilized/Vendors/Actor.cs,SourceVerified,
Adimarchus,Adimarchus the Daemon Prince of Madness,Data/Scripts/Custom/Champions/Mobiles/Champs-Prisons/Adimarchus.cs,SourceVerified,
AdventurerEast,,Data/Scripts/Mobiles/Civilized/Citizens/Adventurers.cs,SourceVerified,
AdventurerNorth,,Data/Scripts/Mobiles/Civilized/Citizens/Adventurers.cs,SourceVerified,
AdventurerSouth,,Data/Scripts/Mobiles/Civilized/Citizens/Adventurers.cs,SourceVerified,
AdventurerWest,,Data/Scripts/Mobiles/Civilized/Citizens/Adventurers.cs,SourceVerified,
Adventurers,throwing stone,Data/Scripts/Mobiles/Humanoids/Humans/Adventurers.cs,SourceVerified,
Afreet,an afreet,Data/Scripts/Mobiles/Daemons/Afreet.cs,SourceVerified,
AgapiteElemental,an agapite elemental,Data/Scripts/Mobiles/Elementals/Ore Elementals/AgapiteElemental.cs,SourceVerified,
AirElemental,an air elemental,Data/Scripts/Mobiles/Elementals/Elementals/AirElemental.cs,SourceVerified,
AlbinoBat,an albino bat,Data/Scripts/Mobiles/Animals/Rodents/AlbinoBat.cs,SourceVerified,
Alchemist,night sight potion,Data/Scripts/Mobiles/Civilized/Vendors/Alchemist.cs,SourceVerified,
AlchemistGuildmaster,night sight potion,Data/Scripts/Mobiles/Civilized/Guilds/AlchemistGuildmaster.cs,SourceVerified,
Alien,an alien,Data/Scripts/Mobiles/Insects/Aliens/Alien.cs,SourceVerified,
AlienSmall,an alien hatchling,Data/Scripts/Mobiles/Insects/Aliens/AlienSmall.cs,SourceVerified,
AlienSpider,an alien spider,Data/Scripts/Mobiles/Insects/Aliens/AlienSpider.cs,SourceVerified,
Alligator,an alligator,Data/Scripts/Mobiles/Reptilian/Alligator.cs,SourceVerified,
AncientCyclops,cyclopean chest the ancient cyclops,Data/Scripts/Mobiles/Goliaths/Cyclops/AncientCyclops.cs,SourceVerified,
AncientDrake,an ancient drake,Data/Scripts/Mobiles/Dragons/Drakes/AncientDrake.cs,SourceVerified,
AncientEnt,the ancient ent,Data/Scripts/Mobiles/Plants/AncientEnt.cs,SourceVerified,
AncientEttin,the ancient ettin,Data/Scripts/Mobiles/Goliaths/Ettins/AncientEttin.cs,SourceVerified,
AncientFleshGolem,an ancient flesh golem,Data/Scripts/Mobiles/Constructs/Golems/AncientFleshGolem.cs,SourceVerified,
AncientGargoyle,an ancient gargoyle,Data/Scripts/Mobiles/Gargoyles/AncientGargoyle.cs,SourceVerified,
AncientLich,the ancient lich,Data/Scripts/Mobiles/Undead/AncientLich.cs,SourceVerified,
AncientNightmareRiding,,Data/Scripts/Mobiles/Hellish/AncientNightmareRiding.cs,SourceVerified,
AncientReaper,the ancient reaper,Data/Scripts/Mobiles/Plants/AncientReaper.cs,SourceVerified,
AncientSphinx,an ancient sphinx,Data/Scripts/Mobiles/Mystical/AncientSphinx.cs,SourceVerified,
AncientWyrm,venom sack the ancient wyrm,Data/Scripts/Mobiles/Dragons/Wyrms/AncientWyrm.cs,SourceVerified,
AncientWyvern,the ancient wyvern,Data/Scripts/Mobiles/Dragons/Wyverns/AncientWyvern.cs,SourceVerified,
Angel,an angel,Data/Scripts/Mobiles/Mystical/Angel.cs,SourceVerified,
Anhkheg,an anhkheg,Data/Scripts/Mobiles/Insects/Anhkheg.cs,SourceVerified,
AnimalAI,lantern the,Data/Scripts/Mobiles/Base/Behavior.cs,SourceVerified,
AnimalBuyInfo,,Data/Scripts/Mobiles/Base/AnimalBuy.cs,SourceVerified,
AnimalTrainer,,Data/Scripts/Mobiles/Civilized/Vendors/AnimalTrainer.cs,SourceVerified,
AnimatedRocks,animated rocks,Data/Scripts/Mobiles/Elementals/Ore Elementals/AnimatedRocks.cs,SourceVerified,
AntLion,an ant lion,Data/Scripts/Mobiles/Insects/Ants/AntLion.cs,SourceVerified,
AntaurKing,Xthizx the antaur king,Data/Scripts/Mobiles/Insects/Ants/AntaurKing.cs,SourceVerified,
AntaurProgenitor,an antaur lord,Data/Scripts/Mobiles/Insects/Ants/AntaurProgenitor.cs,SourceVerified,
AntaurSoldier,an antaur soldier,Data/Scripts/Mobiles/Insects/Ants/AntaurSoldier.cs,SourceVerified,
AntaurWorker,an antaur worker,Data/Scripts/Mobiles/Insects/Ants/AntaurWorker.cs,SourceVerified,
Antelope,an antelope,Data/Scripts/Mobiles/Animals/Misc/Antelope.cs,SourceVerified,
AnvilHit,hammer,Data/Scripts/Mobiles/Civilized/Citizens/TradesmanSmith.cs,SourceVerified,
AnyElemental,a grue,Data/Scripts/Mobiles/Elementals/Elementals/AnyElemental.cs,SourceVerified,
AnyGemElemental,a grue,Data/Scripts/Mobiles/Elementals/Elementals/AnyGemElemental.cs,SourceVerified,
AnyStatue,an animated statue,Data/Scripts/Mobiles/Constructs/Statues/AnyStatue.cs,SourceVerified,
Ape,an ape,Data/Scripts/Mobiles/Animals/Misc/Ape.cs,SourceVerified,
AquaticGhoul,an aquatic ghoul,Data/Scripts/Mobiles/Undead/AquaticGhoul.cs,SourceVerified,
Arachnar,Arachnar the deep crawler,Data/Scripts/Mobiles/Insects/Spiders/Arachnar.cs,SourceVerified,
ArachnarChest,Arachnar the deep crawler,Data/Scripts/Mobiles/Insects/Spiders/Arachnar.cs,SourceVerified,
Archangel,an archangel,Data/Scripts/Mobiles/Mystical/Archangel.cs,SourceVerified,
ArcherAI,lantern the,Data/Scripts/Mobiles/Base/Behavior.cs,SourceVerified,
ArcherGuildmaster,item,Data/Scripts/Mobiles/Civilized/Guilds/ArcherGuildmaster.cs,SourceVerified,
Archfiend,sword of the archfiend,Data/Scripts/Mobiles/Daemons/Archfiend.cs,SourceVerified,
Architect,,Data/Scripts/Mobiles/Civilized/Vendors/Architect.cs,SourceVerified,
Archmage,staff the mad archmage,Data/Scripts/Mobiles/Humanoids/Humans/Archmage.cs,SourceVerified,
Archon,Archon,Data/Scripts/Custom/Mobiles/Mystical/Archon.cs,SourceVerified,
ArcticEttin,an arctic ettin,Data/Scripts/Mobiles/Goliaths/Ettins/ArcticEttin.cs,SourceVerified,
ArcticOgreLord,an arctic ogre lord,Data/Scripts/Mobiles/Goliaths/Ogres/ArcticOgreLord.cs,SourceVerified,
ArmageddonEngine,,Data/Scripts/Custom/Mobiles/Godfrey2026/ArmageddonEngine.cs,SourceVerified,
Armorer,item,Data/Scripts/Mobiles/Civilized/Vendors/Armorer.cs,SourceVerified,
Artist,painting of the painter,Data/Scripts/Mobiles/Civilized/Vendors/Artist.cs,SourceVerified,
AshDragon,of draconic ash,Data/Scripts/Mobiles/Dragons/Great Dragons/AshDragon.cs,SourceVerified,
AsianDragon,the celestial dragon,Data/Scripts/Mobiles/Dragons/Dragons/AsianDragon.cs,SourceVerified,
Assassin,,Data/Scripts/Custom/Mobiles/Godfrey2026/Assassin.cs,SourceVerified,
AssassinGuildmaster,,Data/Scripts/Mobiles/Civilized/Guilds/AssassinGuildmaster.cs,SourceVerified,
Atlantian,,Data/Scripts/Custom/Mobiles/Godfrey2026/Atlantian.cs,SourceVerified,
AtlantianParagon,,Data/Scripts/Custom/Mobiles/Godfrey2026/AtlantianParagon.cs,SourceVerified,
Atlas,Atlas,Data/Scripts/Custom/Mobiles/Goliaths/Atlas.cs,SourceVerified,
AxeBeakRiding,raw axe beak leg,Data/Scripts/Mobiles/Animals/Birds/AxeBeakRiding.cs,SourceVerified,
BabyDragon,a baby dragon,Data/Scripts/Mobiles/Dragons/Young/BabyDragon.cs,SourceVerified,
Bahamut,Bahamut the Platinum Dragon,Data/Scripts/Custom/Champions/Mobiles/Champs-Prisons/Bahamut.cs,SourceVerified,
Baker,,Data/Scripts/Mobiles/Civilized/Vendors/Baker.cs,SourceVerified,
Balar,Balar of the Evil Eye,Data/Scripts/Custom/Champions/Mobiles/Champs-Prisons/Balar.cs,SourceVerified,
Balron,sword of balron,Data/Scripts/Mobiles/Daemons/Balron.cs,SourceVerified,
Bandit,the bandit,Data/Scripts/Mobiles/Humanoids/Humans/Bandit.cs,SourceVerified,
BanditKing,,Data/Scripts/Custom/Mobiles/Godfrey2026/BanditKing.cs,SourceVerified,
BaneOfAnarchy,plate tunic of anarchy the Bane of Anarchy,Data/Scripts/Mobiles/Unique/BaneOfAnarchy.cs,SourceVerified,
BaneOfInsanity,plate tunic of insanity the Bane of Insanity,Data/Scripts/Mobiles/Unique/BaneOfInsanity.cs,SourceVerified,
BaneOfWantoness,plate tunic of wantoness the Bane of Wantoness,Data/Scripts/Mobiles/Unique/BaneOfWantoness.cs,SourceVerified,
Banker,,Data/Scripts/Mobiles/Civilized/Vendors/Banker.cs,SourceVerified,
Bard,item,Data/Scripts/Mobiles/Civilized/Vendors/Bard.cs,SourceVerified,
BardGuildmaster,,Data/Scripts/Mobiles/Civilized/Guilds/BardGuildmaster.cs,SourceVerified,
BardHit,instrument,Data/Scripts/Mobiles/Civilized/Citizens/TradesmanBard.cs,SourceVerified,
BardMangarPack,Mangar the Dark,Data/Scripts/Mobiles/Unique/Mangar.cs,SourceVerified,
Barkeeper,,Data/Scripts/Mobiles/Civilized/Vendors/Barkeeper.cs,SourceVerified,
BarkeeperGump,,Data/Scripts/Mobiles/Base/PlayerBarkeeper.cs,SourceVerified,
BarkeeperRumor,,Data/Scripts/Mobiles/Base/PlayerBarkeeper.cs,SourceVerified,
BarkeeperTitleGump,,Data/Scripts/Mobiles/Base/PlayerBarkeeper.cs,SourceVerified,
BaronAlmric,Almric the Baron,Data/Scripts/Mobiles/Unique/BaronAlmric.cs,SourceVerified,
Barracoon,Barracoon the piper,Data/Scripts/Custom/Champions/Mobiles/Champs-UO/Barracoon.cs,SourceVerified,
BaseAI,lantern the,Data/Scripts/Mobiles/Base/Behavior.cs,SourceVerified,
BaseChampion,,Data/Scripts/Custom/Champions/System/Mobiles/BaseChampion.cs,SourceVerified,
BaseCreature,mutant plant the Captain of the Dead,Data/Scripts/Mobiles/Base/BaseCreature.cs,SourceVerified,
BaseFamiliar,,Data/Scripts/Mobiles/Base/BaseFamiliar.cs,SourceVerified,
BaseGuildmaster,,Data/Scripts/Mobiles/Base/BaseGuildmaster.cs,SourceVerified,
BaseHealer,fighter henchman,Data/Scripts/Mobiles/Base/BaseHealer.cs,SourceVerified,
BaseMount,,Data/Scripts/Mobiles/Base/BaseMount.cs,SourceVerified,
BaseNPC,,Data/Scripts/Mobiles/Base/BaseNPC.cs,SourceVerified,
BasePerson,person,Data/Scripts/Mobiles/Base/BasePerson.cs,SourceVerified,
BasePirate,Native Tunic of the Whisper Guard,Data/Scripts/Mobiles/Humanoids/Sailors/Galleons/BasePirate.cs,SourceVerified,
BaseRace,,Data/Scripts/Mobiles/Races/BaseRace.cs,SourceVerified,
BaseSailor,,Data/Scripts/Mobiles/Humanoids/Sailors/BaseSailor.cs,SourceVerified,
BaseVendor,lantern the archer,Data/Scripts/Mobiles/Base/BaseVendor.cs,SourceVerified,
BasiliskRiding,useless stone,Data/Scripts/Mobiles/Reptilian/BasiliskRiding.cs,SourceVerified,
Basilosaurus,a basilosaurus,Data/Scripts/Mobiles/Reptilian/Dinosaurs/Basilosaurus.cs,SourceVerified,
Bat,a bat,Data/Scripts/Mobiles/Animals/Rodents/Bat.cs,SourceVerified,
BattleDroid,the battle droid,Data/Scripts/Mobiles/Constructs/Alien/BattleDroid.cs,SourceVerified,
Beekeeper,,Data/Scripts/Mobiles/Civilized/Vendors/Beekeeper.cs,SourceVerified,
Beetle,,Data/Scripts/Mobiles/Insects/Beetles/Beetle.cs,SourceVerified,
Beholder,the beholder,Data/Scripts/Mobiles/Unusual/Beholder.cs,SourceVerified,
BerserkAI,lantern the,Data/Scripts/Mobiles/Base/Behavior.cs,SourceVerified,
Berserker,,Data/Scripts/Mobiles/Humanoids/Humans/Berserker.cs,SourceVerified,
BeverageBuyInfo,,Data/Scripts/Mobiles/Base/BeverageBuy.cs,SourceVerified,
Bird,a seagull,Data/Scripts/Mobiles/Animals/Birds/Bird.cs,SourceVerified,
BlackBear,a black bear,Data/Scripts/Mobiles/Animals/Bears/BlackBear.cs,SourceVerified,
BlackCat,a cat,Data/Scripts/Mobiles/Animals/Felines/BlackCat.cs,SourceVerified,
BlackGateDemon,demonic chest the black gate demon,Data/Scripts/Mobiles/Daemons/BlackGateDemon.cs,SourceVerified,
BlackKnight,the Black Knights's box the Black Knight,Data/Scripts/Mobiles/Humanoids/Humans/BlackKnight.cs,SourceVerified,
BlackKnightBox,the Black Knights's box the Black Knight,Data/Scripts/Mobiles/Humanoids/Humans/BlackKnight.cs,SourceVerified,
BlackPudding,a black pudding,Data/Scripts/Mobiles/Slimes/BlackPudding.cs,SourceVerified,
BlackWolf,a black wolf,Data/Scripts/Mobiles/Animals/Canines/BlackWolf.cs,SourceVerified,
BlackbartRoberts,,Data/Scripts/Custom/Mobiles/Godfrey2026/BlackbartRoberts.cs,SourceVerified,
Blacksmith,item,Data/Scripts/Mobiles/Civilized/Vendors/Blacksmith.cs,SourceVerified,
BlacksmithGuildmaster,,Data/Scripts/Mobiles/Civilized/Guilds/BlacksmithGuildmaster.cs,SourceVerified,
BladeSpirits,a blade spirit,Data/Scripts/Mobiles/Summoned/BladeSpirits.cs,SourceVerified,
BloodAssassin,a disciple of blood,Data/Scripts/Mobiles/Humanoids/Humans/BloodAssassin.cs,SourceVerified,
BloodDemigod,Chest of Bloody Relics the demigoddess,Data/Scripts/Mobiles/Daemons/BloodDemigod.cs,SourceVerified,
BloodDemon,sword the blood daemon,Data/Scripts/Mobiles/Daemons/BloodDemon.cs,SourceVerified,
BloodElemental,a blood elemental,Data/Scripts/Mobiles/Elementals/Elementals/BloodElemental.cs,SourceVerified,
BloodGodTentacles,tentacles of the blood god,Data/Scripts/Mobiles/Unusual/BloodGodTentacles.cs,SourceVerified,
BloodLotus,a blood lotus,Data/Scripts/Mobiles/Plants/BloodLotus.cs,SourceVerified,
BloodSnake,a blood snake,Data/Scripts/Mobiles/Reptilian/Snakes/BloodSnake.cs,SourceVerified,
BloodSpawn,a blood spawn,Data/Scripts/Mobiles/Elementals/Lesser/BloodSpawn.cs,SourceVerified,
BloodWorm,a blood worm,Data/Scripts/Mobiles/Slimes/BloodWorm.cs,SourceVerified,
Boar,a boar,Data/Scripts/Mobiles/Animals/Misc/Boar.cs,SourceVerified,
BoatPirateArcher,the buccaneer,Data/Scripts/Mobiles/Humanoids/Sailors/BoatPirates.cs,SourceVerified,
BoatPirateBard,the buccaneer,Data/Scripts/Mobiles/Humanoids/Sailors/BoatPirates.cs,SourceVerified,
BoatPirateMage,the buccaneer,Data/Scripts/Mobiles/Humanoids/Sailors/BoatPirates.cs,SourceVerified,
BoatSailorArcher,the sailor,Data/Scripts/Mobiles/Humanoids/Sailors/BoatSailors.cs,SourceVerified,
BoatSailorBard,the sailor,Data/Scripts/Mobiles/Humanoids/Sailors/BoatSailors.cs,SourceVerified,
BoatSailorMage,the sailor,Data/Scripts/Mobiles/Humanoids/Sailors/BoatSailors.cs,SourceVerified,
Bobcat,a bobcat,Data/Scripts/Mobiles/Animals/Felines/Bobcat.cs,SourceVerified,
Bodak,a bodak,Data/Scripts/Mobiles/Undead/Bodak.cs,SourceVerified,
BogThing,a shambling mound,Data/Scripts/Mobiles/Plants/BogThing.cs,SourceVerified,
Bogle,a bogle,Data/Scripts/Custom/Champions/Mobiles/Minions/Bogle.cs,SourceVerified,
Bogling,a shambler,Data/Scripts/Mobiles/Plants/Bogling.cs,SourceVerified,
BombWorshipper,of the bomb,Data/Scripts/Mobiles/Humanoids/Aliens/BombWorshipper.cs,SourceVerified,
BoneDemon,a bone demon,Data/Scripts/Mobiles/Daemons/BoneDemon.cs,SourceVerified,
BoneGolem,a bone golem,Data/Scripts/Mobiles/Constructs/Golems/BoneGolem.cs,SourceVerified,
BoneKnight,a bone knight,Data/Scripts/Mobiles/Undead/BoneKnight.cs,SourceVerified,
BoneMagi,a bone magi,Data/Scripts/Mobiles/Undead/BoneMagi.cs,SourceVerified,
BoneSailor,an undead sailor,Data/Scripts/Mobiles/Undead/BoneSailor.cs,SourceVerified,
BoneSlasher,a bone slasher,Data/Scripts/Mobiles/Undead/BoneSlasher.cs,SourceVerified,
BottleDragon,the elder dragon,Data/Scripts/Mobiles/Dragons/Great Dragons/BottleDragon.cs,SourceVerified,
Bowyer,item,Data/Scripts/Mobiles/Civilized/Vendors/Bowyer.cs,SourceVerified,
Brewer,,Data/Scripts/Custom/Vhaerun's CRL Homestead System [2.0]/Vhaerun's CRL Brewing/Mobiles/Brewer.cs,SourceVerified,
Brigand,the brigand,Data/Scripts/Mobiles/Humanoids/Humans/Brigand.cs,SourceVerified,
Brona,Brona the Warlock Lord,Data/Scripts/Custom/Champions/Mobiles/Champs-Prisons/Brona.cs,SourceVerified,
Brontosaur,a brontosaur,Data/Scripts/Mobiles/Reptilian/Dinosaurs/Brontosaur.cs,SourceVerified,
BronzeElemental,a bronze elemental,Data/Scripts/Mobiles/Elementals/Ore Elementals/BronzeElemental.cs,SourceVerified,
BrownBear,a brown bear,Data/Scripts/Mobiles/Animals/Bears/BrownBear.cs,SourceVerified,
Bugbear,a bugbear,Data/Scripts/Mobiles/Humanoids/Bugbear.cs,SourceVerified,
Bull,a bull,Data/Scripts/Mobiles/Animals/Cows/Bull.cs,SourceVerified,
BullFrog,a bull frog,Data/Scripts/Mobiles/Reptilian/Frogs/BullFrog.cs,SourceVerified,
BullradonRiding,,Data/Scripts/Mobiles/Animals/Cows/BullradonRiding.cs,SourceVerified,
BunnyHole,a vorpal bunny,Data/Scripts/Mobiles/Unusual/VorpalBunny.cs,SourceVerified,
Butcher,,Data/Scripts/Mobiles/Civilized/Vendors/Butcher.cs,SourceVerified,
ButcherHit,cleaver,Data/Scripts/Mobiles/Civilized/Citizens/TradesmanButcher.cs,SourceVerified,
BuyGumpEntry,,Data/Scripts/Mobiles/Civilized/Teachers/Teacher_Exalted.cs,SourceVerified,
CaddelliteDragon,Vordinax the caddellite dragon,Data/Scripts/Mobiles/Dragons/Great Dragons/CaddelliteDragon.cs,SourceVerified,
CaddelliteElemental,a caddellite elemental,Data/Scripts/Mobiles/Elementals/Gemmed/CaddelliteElemental.cs,SourceVerified,
CaddelliteGolem,a caddellite golem,Data/Scripts/Mobiles/Constructs/Golems/CaddelliteGolem.cs,SourceVerified,
Calamari,a calamari,Data/Scripts/Mobiles/Reptilian/Sea/Calamari.cs,SourceVerified,
CaptainSwag,Captain Swag,Data/Scripts/Custom/Mobiles/Pirates/CaptainSwag.cs,SourceVerified,
CarcassWorm,a carcass worm,Data/Scripts/Mobiles/Slimes/CarcassWorm.cs,SourceVerified,
Carpenter,item,Data/Scripts/Mobiles/Civilized/Vendors/Carpenter.cs,SourceVerified,
CarpenterGuildmaster,,Data/Scripts/Mobiles/Civilized/Guilds/CarpenterGuildmaster.cs,SourceVerified,
CartographersGuildmaster,,Data/Scripts/Mobiles/Civilized/Guilds/CartographersGuildmaster.cs,SourceVerified,
Cat,a cat,Data/Scripts/Mobiles/Animals/Felines/Cat.cs,SourceVerified,
CauldronHit,cauldron,Data/Scripts/Mobiles/Civilized/Citizens/TradesmanAlchemist.cs,SourceVerified,
CaveBearRiding,,Data/Scripts/Mobiles/Animals/Bears/CaveBearRiding.cs,SourceVerified,
CaveFisher,a cave fisher,Data/Scripts/Mobiles/Insects/Spiders/CaveFisher.cs,SourceVerified,
CaveLizard,a cave lizard,Data/Scripts/Mobiles/Reptilian/CaveLizard.cs,SourceVerified,
Centaur,the centaur,Data/Scripts/Mobiles/Mystical/Centaur.cs,SourceVerified,
Cerberus,a cerberus,Data/Scripts/Mobiles/Hellish/Cerberus.cs,SourceVerified,
ChampionTitleInfo,,Data/Scripts/Mobiles/Base/PlayerMobile.cs,SourceVerified,
ChangeHairHueEntry,,Data/Scripts/Mobiles/Civilized/Vendors/CustomHairstylist.cs,SourceVerified,
ChangeHairHueGump,,Data/Scripts/Mobiles/Civilized/Vendors/CustomHairstylist.cs,SourceVerified,
ChangeHairstyleEntry,,Data/Scripts/Mobiles/Civilized/Vendors/CustomHairstylist.cs,SourceVerified,
ChangeHairstyleGump,,Data/Scripts/Mobiles/Civilized/Vendors/CustomHairstylist.cs,SourceVerified,
ChangeRumorKeywordPrompt,,Data/Scripts/Mobiles/Base/PlayerBarkeeper.cs,SourceVerified,
ChangeRumorMessagePrompt,,Data/Scripts/Mobiles/Base/PlayerBarkeeper.cs,SourceVerified,
ChangeTipMessagePrompt,,Data/Scripts/Mobiles/Base/PlayerBarkeeper.cs,SourceVerified,
ChargerOfTheFallen,ethereal horse,Data/Scripts/Mobiles/Animals/Mounts/Ethereals.cs,SourceVerified,
Cheetah,a cheetah,Data/Scripts/Mobiles/Animals/Felines/Cheetah.cs,SourceVerified,
Chicken,a chicken,Data/Scripts/Mobiles/Animals/Birds/Chicken.cs,SourceVerified,
Chimera,a chimera,Data/Scripts/Mobiles/Hellish/Chimera.cs,SourceVerified,
ChucklesJester,Chuckles the Jester,Data/Scripts/Mobiles/Civilized/Chuckles.cs,SourceVerified,
CinderElemental,a cinder elemental,Data/Scripts/Mobiles/Elementals/Elementals/CinderElemental.cs,SourceVerified,
CitizenAI,lantern the,Data/Scripts/Mobiles/Base/Behavior.cs,SourceVerified,
CitizenGump,crate of,Data/Scripts/Mobiles/Civilized/Citizens/Citizens.cs,SourceVerified,
Citizens,crate of,Data/Scripts/Mobiles/Civilized/Citizens/Citizens.cs,SourceVerified,
ClaimingGumpEntry,,Data/Scripts/Mobiles/Civilized/Vendors/AnimalTrainer.cs,SourceVerified,
ClassicBalron,,Data/Scripts/Mobiles/Daemons/ClassicBalron.cs,SourceVerified,
ClassicDaemon,,Data/Scripts/Mobiles/Daemons/ClassicDaemon.cs,SourceVerified,
CloudGiant,cloud giant chest the cloud giant,Data/Scripts/Mobiles/Goliaths/Giants/CloudGiant.cs,SourceVerified,
Cobbler,,Data/Scripts/Mobiles/Civilized/Vendors/Cobbler.cs,SourceVerified,
CodexGargoyleA,Naxatilor the gargoyle,Data/Scripts/Mobiles/Unique/CodexGargoyles.cs,SourceVerified,
CodexGargoyleB,Naxatilor the gargoyle,Data/Scripts/Mobiles/Unique/CodexGargoyles.cs,SourceVerified,
CombatDroid,the combat droid,Data/Scripts/Mobiles/Constructs/Alien/CombatDroid.cs,SourceVerified,
Conan,Conan the Cimmerian,Data/Scripts/Custom/Champions/Mobiles/Champs-Prisons/Conan.cs,SourceVerified,
Cook,,Data/Scripts/Mobiles/Civilized/Vendors/Cook.cs,SourceVerified,
CopperElemental,a copper elemental,Data/Scripts/Mobiles/Elementals/Ore Elementals/CopperElemental.cs,SourceVerified,
Corpser,a corpser,Data/Scripts/Mobiles/Plants/Corpser.cs,SourceVerified,
CorruptCentaur,a corrupt centaur,Data/Scripts/Mobiles/Mystical/CorruptCentaur.cs,SourceVerified,
CosmicGargoyle,the cosmic gargoyle,Data/Scripts/Mobiles/Gargoyles/CosmicGargoyle.cs,SourceVerified,
Cougar,a cougar,Data/Scripts/Mobiles/Animals/Felines/Cougar.cs,SourceVerified,
Courier,the courier,Data/Scripts/Mobiles/Civilized/Special/Courier.cs,SourceVerified,
Cow,a cow,Data/Scripts/Mobiles/Animals/Cows/Cow.cs,SourceVerified,
CragCat,a crag cat,Data/Scripts/Mobiles/Animals/Felines/CragCat.cs,SourceVerified,
Crane,a crane,Data/Scripts/Mobiles/Animals/Birds/Crane.cs,SourceVerified,
CrateOfFood,skillet,Data/Scripts/Mobiles/Civilized/Citizens/TradesmanCook.cs,SourceVerified,
CrateOfLeather,stretched hide,Data/Scripts/Mobiles/Civilized/Citizens/TradesmanLeather.cs,SourceVerified,
CrateOfLogs,axe,Data/Scripts/Mobiles/Civilized/Citizens/TradesmanLogger.cs,SourceVerified,
CrateOfMeats,cleaver,Data/Scripts/Mobiles/Civilized/Citizens/TradesmanButcher.cs,SourceVerified,
CrateOfMetal,hammer,Data/Scripts/Mobiles/Civilized/Citizens/TradesmanSmith.cs,SourceVerified,
CrateOfOre,rock,Data/Scripts/Mobiles/Civilized/Citizens/TradesmanMiner.cs,SourceVerified,
CrateOfPotions,cauldron,Data/Scripts/Mobiles/Civilized/Citizens/TradesmanAlchemist.cs,SourceVerified,
CrateOfReagents,cauldron,Data/Scripts/Mobiles/Civilized/Citizens/TradesmanAlchemist.cs,SourceVerified,
CrateOfWood,axe,Data/Scripts/Mobiles/Civilized/Citizens/TradesmanLogger.cs,SourceVerified,
CreepingFungus,a creeping fungus,Data/Scripts/Mobiles/Plants/CreepingFungus.cs,SourceVerified,
Cronosaurus,a cronosaurus,Data/Scripts/Mobiles/Unusual/Cronosaurus.cs,SourceVerified,
Crusader,,Data/Scripts/Custom/Mobiles/Godfrey2026/Crusader.cs,SourceVerified,
CryptKeeper,Crypt Keeper,Data/Scripts/Custom/Mobiles/Undead/CryptKeeper.cs,SourceVerified,
CrystalDragon,crystal chest the crystal dragon,Data/Scripts/Mobiles/Dragons/Great Dragons/CrystalDragon.cs,SourceVerified,
CrystalElemental,a crystal elemental,Data/Scripts/Mobiles/Elementals/Gemmed/CrystalElemental.cs,SourceVerified,
CrystalGoliath,a goliath,Data/Scripts/Mobiles/Elementals/CrystalGoliath.cs,SourceVerified,
CrystalScales,crystal chest the crystal dragon,Data/Scripts/Mobiles/Dragons/Great Dragons/CrystalDragon.cs,SourceVerified,
CuSidhe,,Data/Scripts/Mobiles/Mystical/CuSidhe.cs,SourceVerified,
CulinaryGuildmaster,,Data/Scripts/Mobiles/Civilized/Guilds/CulinaryGuildmaster.cs,SourceVerified,
CursedAdventurer,Cursed Adventurer,Data/Scripts/Custom/Mobiles/Constructs/CursedAdventurer.cs,SourceVerified,
CustomHairstylist,,Data/Scripts/Mobiles/Civilized/Vendors/CustomHairstylist.cs,SourceVerified,
Cyclops,cyclopean hammer the cyclops,Data/Scripts/Mobiles/Goliaths/Cyclops/Cyclops.cs,SourceVerified,
CyclopsIntruder,Cyclops Intruder,Data/Scripts/Custom/Mobiles/Goliaths/CyclopsIntruder.cs,SourceVerified,
Daemon,sword of daemon,Data/Scripts/Mobiles/Daemons/Daemon.cs,SourceVerified,
DaemonTemplate,a demon,Data/Scripts/Mobiles/Daemons/DaemonTemplate.cs,SourceVerified,
Dagon,the dagon,Data/Scripts/Mobiles/Humanoids/Sea/Dagon.cs,SourceVerified,
DamageStore,mutant plant the Captain of the Dead,Data/Scripts/Mobiles/Base/BaseCreature.cs,SourceVerified,
DarkCoreExodus,Exodus,Data/Scripts/Mobiles/Unique/Exodus.cs,SourceVerified,
DarkCoreGump,Exodus,Data/Scripts/Mobiles/Unique/Exodus.cs,SourceVerified,
DarkCultist,Dark Cultist,Data/Scripts/Custom/Mobiles/Cultists/DarkCultist.cs,SourceVerified,
DarkCultistApprentice,Dark Cultist Apprentice,Data/Scripts/Custom/Mobiles/Cultists/DarkCultistApprentice.cs,SourceVerified,
DarkDragonAvatar,Dark Dragon Avatar,Data/Scripts/Custom/Mobiles/Dragons/DarkDragonAvatar.cs,SourceVerified,
DarkDragonCultist,Dark Dragon Cultist,Data/Scripts/Custom/Mobiles/Cultists/DarkDragonCultist.cs,SourceVerified,
DarkHound,a dark hound,Data/Scripts/Mobiles/Hellish/DarkHound.cs,SourceVerified,
DarkReaper,a dark reaper,Data/Scripts/Mobiles/Undead/DarkReaper.cs,SourceVerified,
DarkUnicornRiding,,Data/Scripts/Mobiles/Mystical/DarkUnicornRiding.cs,SourceVerified,
DarkWisp,a wisp,Data/Scripts/Mobiles/Mystical/DarkWisp.cs,SourceVerified,
DarkWolfFamiliar,a dark wolf,Data/Scripts/Mobiles/Civilized/Familiars/DarkWolf.cs,SourceVerified,
DeadKnight,skull,Data/Scripts/Mobiles/Undead/DeadKnight.cs,SourceVerified,
DeadReaper,a dead wood tree,Data/Scripts/Mobiles/Plants/DeadReaper.cs,SourceVerified,
DeadWizard,staff the undead wizard,Data/Scripts/Mobiles/Undead/DeadWizard.cs,SourceVerified,
DeadlyScorpion,a deadly scorpion,Data/Scripts/Mobiles/Insects/DeadlyScorpion.cs,SourceVerified,
DeathAdder,a death adder,Data/Scripts/Mobiles/Civilized/Familiars/DeathAdder.cs,SourceVerified,
DeathBear,an undead bear,Data/Scripts/Mobiles/Undead/DeathBear.cs,SourceVerified,
DeathKnightDemon,demon wings of the Void,Data/Scripts/Mobiles/Civilized/DeathKnightDemon.cs,SourceVerified,
DeathVortex,an energy vortex,Data/Scripts/Mobiles/Summoned/DeathVortex.cs,SourceVerified,
DeathWolf,an undead wolf,Data/Scripts/Mobiles/Undead/DeathWolf.cs,SourceVerified,
DeathwatchBeetle,a deathwatch beetle,Data/Scripts/Mobiles/Insects/Beetles/DeathWatchBeetle.cs,SourceVerified,
DeathwatchBeetleHatchling,a deathwatch beetle hatchling,Data/Scripts/Mobiles/Insects/Beetles/DeathWatchBeetleHatchling.cs,SourceVerified,
DeepOne,,Data/Scripts/Custom/Mobiles/Godfrey2026/DeepOne.cs,SourceVerified,
DeepSeaDevil,manacle of the sea devil the sea devil,Data/Scripts/Mobiles/Daemons/DeepSeaDevil.cs,SourceVerified,
DeepSeaGiant,the deep sea giant,Data/Scripts/Mobiles/Goliaths/Giants/DeepSeaGiant.cs,SourceVerified,
DeepSeaSerpent,a deep sea serpent,Data/Scripts/Mobiles/Reptilian/Snakes/DeepSeaSerpent.cs,SourceVerified,
DeepWaterElemental,a deep sea elemental,Data/Scripts/Mobiles/Elementals/Elementals/DeepWaterElemental.cs,SourceVerified,
DemiLich,skull the demilich,Data/Scripts/Mobiles/Undead/DemiLich.cs,SourceVerified,
Demogorgon,Demogorgon,Data/Scripts/Custom/Champions/Mobiles/Champs-Prisons/Demogorgon.cs,SourceVerified,
Demon,a demon,Data/Scripts/Mobiles/Daemons/Demon.cs,SourceVerified,
DemonDog,,Data/Scripts/Mobiles/Hellish/DemonDog.cs,SourceVerified,
DemonGate,sword of balron,Data/Scripts/Mobiles/Daemons/Balron.cs,SourceVerified,
DemonOfTheSea,the daemon of the sea,Data/Scripts/Mobiles/Daemons/DemonOfTheSea.cs,SourceVerified,
DemonicGhost,a demonic ghost,Data/Scripts/Mobiles/Daemons/DemonicGhost.cs,SourceVerified,
DesertBird,a roadrunner,Data/Scripts/Mobiles/Animals/Birds/DesertBird.cs,SourceVerified,
DesertOstard,,Data/Scripts/Mobiles/Animals/Mounts/DesertOstard.cs,SourceVerified,
Devil,,Data/Scripts/Mobiles/Daemons/Devil.cs,SourceVerified,
Devil_Pact,the Devil,Data/Scripts/Magic/Enchantments/Mobiles/DevilPactMagic.cs,SourceVerified,
Devon,Devon,Data/Scripts/Mobiles/Civilized/Special/Devon.cs,SourceVerified,
DilithiumElemental,a dilithium elemental,Data/Scripts/Mobiles/Elementals/Gemmed/DilithiumElemental.cs,SourceVerified,
DiosMonster,Dio's Monster,Data/Scripts/Custom/Mobiles/Constructs/DiosMonster.cs,SourceVerified,
DireBear,,Data/Scripts/Mobiles/Animals/Bears/DireBear.cs,SourceVerified,
DireBoar,a dire boar,Data/Scripts/Mobiles/Animals/Misc/DireBoar.cs,SourceVerified,
DiseasedMummy,a diseased mummy,Data/Scripts/Mobiles/Undead/DiseasedMummy.cs,SourceVerified,
DiseasedRat,a diseased rat,Data/Scripts/Mobiles/Animals/Rodents/DiseasedRat.cs,SourceVerified,
Dog,a dog,Data/Scripts/Mobiles/Animals/Canines/Dog.cs,SourceVerified,
Dolphin,a dolphin,Data/Scripts/Mobiles/Animals/Misc/Dolphin.cs,SourceVerified,
Dracolich,the dracolich,Data/Scripts/Mobiles/Undead/Dracolich.cs,SourceVerified,
Dracula,Dracula the master vampire,Data/Scripts/Mobiles/Undead/Dracula.cs,SourceVerified,
DraculaBride,Dolengen the Countess of Gratz,Data/Scripts/Mobiles/Civilized/DraculaBride.cs,SourceVerified,
DragonGhost,a ghostly dragon,Data/Scripts/Mobiles/Undead/DragonGhost.cs,SourceVerified,
DragonGolem,a dragon golem,Data/Scripts/Mobiles/Dragons/Dragons/DragonGolem.cs,SourceVerified,
DragonHydra,Dragon Hydra,Data/Scripts/Custom/Mobiles/Dragons/DragonHydra.cs,SourceVerified,
DragonIllusion,Dragon Illusion,Data/Scripts/Custom/Mobiles/Dragons/DragonIllusion.cs,SourceVerified,
DragonKing,Chest of Dragon King Relics the dragon king,Data/Scripts/Mobiles/Dragons/Great Dragons/DragonKing.cs,SourceVerified,
DragonRider,,Data/Scripts/Mobiles/Civilized/Citizens/DragonRider.cs,SourceVerified,
DragonTurtle,turtle shell arms the dragon turtle,Data/Scripts/Mobiles/Dragons/DragonTurtle.cs,SourceVerified,
Dragonogre,a dragonogre,Data/Scripts/Mobiles/Dragons/Dragonogre.cs,SourceVerified,
Dragons,rusted item,Data/Scripts/Mobiles/Dragons/Dragons/Dragons.cs,SourceVerified,
Dragoon,a dragoon the ancient dragoon,Data/Scripts/Mobiles/Dragons/Dragons/Dragoon.cs,SourceVerified,
Drake,a drake,Data/Scripts/Mobiles/Dragons/Drakes/Drake.cs,SourceVerified,
DrakkhenBlack,a drakkhen,Data/Scripts/Mobiles/Dragons/Drakkhen.cs,SourceVerified,
DrakkhenRed,a drakkhen,Data/Scripts/Mobiles/Dragons/Drakkhen.cs,SourceVerified,
Drakkul,the drakkul,Data/Scripts/Mobiles/Humanoids/Drakkul/Drakkul.cs,SourceVerified,
DrakkulChief,the drakkul chieftain,Data/Scripts/Mobiles/Humanoids/Drakkul/DrakkulChief.cs,SourceVerified,
DrakkulMage,the drakkul shaman,Data/Scripts/Mobiles/Humanoids/Drakkul/DrakkulMage.cs,SourceVerified,
DreadSpider,a dread spider,Data/Scripts/Mobiles/Insects/Spiders/DreadSpider.cs,SourceVerified,
Dreadhorn,,Data/Scripts/Mobiles/Mystical/Dreadhorn.cs,SourceVerified,
Drider,a drider,Data/Scripts/Mobiles/Humanoids/Drider.cs,SourceVerified,
DriderWizard,a drider wizard,Data/Scripts/Mobiles/Humanoids/DriderWizard.cs,SourceVerified,
DriftwoodElemental,a driftwood elemental,Data/Scripts/Mobiles/Elementals/Elementals/DriftwoodElemental.cs,SourceVerified,
Druid,,Data/Scripts/Mobiles/Civilized/Vendors/Druid.cs,SourceVerified,
DruidGuildmaster,,Data/Scripts/Mobiles/Civilized/Guilds/DruidGuildmaster.cs,SourceVerified,
DruidTree,,Data/Scripts/Mobiles/Civilized/Vendors/DruidTree.cs,SourceVerified,
DrunkenPirate,,Data/Scripts/Mobiles/Civilized/Vendors/DrunkenPirate.cs,SourceVerified,
DullCopperElemental,a dull copper elemental,Data/Scripts/Mobiles/Elementals/Ore Elementals/DullCopperElemental.cs,SourceVerified,
DuneBeetle,a dune beetle,Data/Scripts/Mobiles/Insects/Beetles/DuneBeetle.cs,SourceVerified,
Durgar,a durgar,Data/Scripts/Mobiles/Humanoids/Durgar.cs,SourceVerified,
DustElemental,a dust elemental,Data/Scripts/Mobiles/Elementals/Elementals/DustElemental.cs,SourceVerified,
Eagle,an eagle,Data/Scripts/Mobiles/Animals/Birds/Eagle.cs,SourceVerified,
EarthElemental,an earth elemental,Data/Scripts/Mobiles/Elementals/Ore Elementals/EarthElemental.cs,SourceVerified,
Efreet,an efreet,Data/Scripts/Mobiles/Elementals/Efreet.cs,SourceVerified,
ElderBlackBearRiding,,Data/Scripts/Mobiles/Animals/Bears/ElderBlackBearRiding.cs,SourceVerified,
ElderBrownBearRiding,,Data/Scripts/Mobiles/Animals/Bears/ElderBrownBearRiding.cs,SourceVerified,
ElderDragon,dragon's chest the elder dragon,Data/Scripts/Mobiles/Dragons/Great Dragons/ElderDragon.cs,SourceVerified,
ElderGazer,an elder gazer,Data/Scripts/Mobiles/Unusual/ElderGazer.cs,SourceVerified,
ElderPolarBearRiding,,Data/Scripts/Mobiles/Animals/Bears/ElderPolarBearRiding.cs,SourceVerified,
ElderTitan,ancient titan chest the elder titan,Data/Scripts/Mobiles/Goliaths/Titans/ElderTitan.cs,SourceVerified,
ElectricalElemental,an electrical elemental,Data/Scripts/Mobiles/Elementals/Elementals/ElectricalElemental.cs,SourceVerified,
ElementalCalledAir,an air elemental,Data/Scripts/Magic/Elementalism/Mobiles/ElementalCalledAir.cs,SourceVerified,
ElementalCalledEarth,an earth elemental,Data/Scripts/Magic/Elementalism/Mobiles/ElementalCalledEarth.cs,SourceVerified,
ElementalCalledFire,a fire elemental,Data/Scripts/Magic/Elementalism/Mobiles/ElementalCalledFire.cs,SourceVerified,
ElementalCalledWater,a water elemental,Data/Scripts/Magic/Elementalism/Mobiles/ElementalCalledWater.cs,SourceVerified,
ElementalFiendAir,a starlight fiend,Data/Scripts/Magic/Elementalism/Mobiles/ElementalFiendAir.cs,SourceVerified,
ElementalFiendEarth,a corpser fiend,Data/Scripts/Magic/Elementalism/Mobiles/ElementalFiendEarth.cs,SourceVerified,
ElementalFiendFire,a lava fiend,Data/Scripts/Magic/Elementalism/Mobiles/ElementalFiendFire.cs,SourceVerified,
ElementalFiendWater,a watery fiend,Data/Scripts/Magic/Elementalism/Mobiles/ElementalFiendWater.cs,SourceVerified,
ElementalGuildmaster,,Data/Scripts/Mobiles/Civilized/Guilds/ElementalGuildmaster.cs,SourceVerified,
ElementalLordAir,the Lord of the Skies,Data/Scripts/Magic/Elementalism/Mobiles/ElementalLordAir.cs,SourceVerified,
ElementalLordEarth,the Lord of the Earth,Data/Scripts/Magic/Elementalism/Mobiles/ElementalLordEarth.cs,SourceVerified,
ElementalLordFire,the Lord of the Flame,Data/Scripts/Magic/Elementalism/Mobiles/ElementalLordFire.cs,SourceVerified,
ElementalLordWater,the Lord of the Sea,Data/Scripts/Magic/Elementalism/Mobiles/ElementalLordWater.cs,SourceVerified,
ElementalSpiritAir,a cloud spirit,Data/Scripts/Magic/Elementalism/Mobiles/ElementalSpiritAir.cs,SourceVerified,
ElementalSpiritEarth,an earth spirit,Data/Scripts/Magic/Elementalism/Mobiles/ElementalSpiritEarth.cs,SourceVerified,
ElementalSpiritFire,a lava spirit,Data/Scripts/Magic/Elementalism/Mobiles/ElementalSpiritFire.cs,SourceVerified,
ElementalSpiritWater,a water spirit,Data/Scripts/Magic/Elementalism/Mobiles/ElementalSpiritWater.cs,SourceVerified,
ElementalSteed,,Data/Scripts/Magic/Elementalism/Mobiles/ElementalSteed.cs,SourceVerified,
ElementalSummonEnt,an ent,Data/Scripts/Magic/Elementalism/Mobiles/ElementalSummonEnt.cs,SourceVerified,
ElementalSummonIce,an ice elemental,Data/Scripts/Magic/Elementalism/Mobiles/ElementalSummonIce.cs,SourceVerified,
ElementalSummonLightning,a lightning elemental,Data/Scripts/Magic/Elementalism/Mobiles/ElementalSummonLightning.cs,SourceVerified,
ElementalSummonMagma,a magma elemental,Data/Scripts/Magic/Elementalism/Mobiles/ElementalSummonMagma.cs,SourceVerified,
Elementalist,,Data/Scripts/Mobiles/Civilized/Vendors/Elementalist.cs,SourceVerified,
Elephant,an elephant,Data/Scripts/Mobiles/Animals/Misc/Elephant.cs,SourceVerified,
ElfBerserker,,Data/Scripts/Mobiles/Humanoids/Elves/ElfBerserker.cs,SourceVerified,
ElfBoatPirateArcher,the buccaneer,Data/Scripts/Mobiles/Humanoids/Sailors/BoatPirates.cs,SourceVerified,
ElfBoatPirateBard,the buccaneer,Data/Scripts/Mobiles/Humanoids/Sailors/BoatPirates.cs,SourceVerified,
ElfBoatPirateMage,the buccaneer,Data/Scripts/Mobiles/Humanoids/Sailors/BoatPirates.cs,SourceVerified,
ElfBoatSailorArcher,the sailor,Data/Scripts/Mobiles/Humanoids/Sailors/BoatSailors.cs,SourceVerified,
ElfBoatSailorBard,the sailor,Data/Scripts/Mobiles/Humanoids/Sailors/BoatSailors.cs,SourceVerified,
ElfBoatSailorMage,the sailor,Data/Scripts/Mobiles/Humanoids/Sailors/BoatSailors.cs,SourceVerified,
ElfMage,the drow wizard,Data/Scripts/Mobiles/Humanoids/Elves/ElfMage.cs,SourceVerified,
ElfMinstrel,the drow bard,Data/Scripts/Mobiles/Humanoids/Elves/ElfMinstrel.cs,SourceVerified,
ElfMonks,,Data/Scripts/Mobiles/Humanoids/Elves/ElfMonks.cs,SourceVerified,
ElfPirateCaptain,the drow pirate captain,Data/Scripts/Mobiles/Humanoids/Sailors/Pirates/ElfPirateCaptain.cs,SourceVerified,
ElfPirateCrew,the drow pirate,Data/Scripts/Mobiles/Humanoids/Sailors/Pirates/ElfPirateCrew.cs,SourceVerified,
ElfPirateCrewBow,the drow pirate,Data/Scripts/Mobiles/Humanoids/Sailors/Pirates/ElfPirateCrewBow.cs,SourceVerified,
ElfPirateCrewMage,the drow pirate,Data/Scripts/Mobiles/Humanoids/Sailors/Pirates/ElfPirateCrewMage.cs,SourceVerified,
ElfRogue,,Data/Scripts/Mobiles/Humanoids/Elves/ElfRogue.cs,SourceVerified,
Elric,Elric of Melnibone,Data/Scripts/Custom/Champions/Mobiles/Champs-Prisons/Elric.cs,SourceVerified,
Enchanter,,Data/Scripts/Mobiles/Civilized/Vendors/Enchanter.cs,SourceVerified,
EnergyHydra,Hydra of,Data/Scripts/Mobiles/Dragons/Hydras/EnergyHydra.cs,SourceVerified,
EnergyVortex,an energy vortex,Data/Scripts/Mobiles/Summoned/EnergyVortex.cs,SourceVerified,
Ent,a treant the ent,Data/Scripts/Mobiles/Plants/Ent.cs,SourceVerified,
EpicBookGump,a stranger the Gargoyle King,Data/Scripts/Mobiles/Civilized/Special/EpicCharacter.cs,SourceVerified,
EpicCharacter,a stranger the Gargoyle King,Data/Scripts/Mobiles/Civilized/Special/EpicCharacter.cs,SourceVerified,
EpicPet,an enslaved demon,Data/Scripts/Mobiles/Civilized/Special/EpicPet.cs,SourceVerified,
EternalGuardian,Eternal Guardian,Data/Scripts/Custom/Mobiles/Mystical/EternalGuardian.cs,SourceVerified,
EtherealBeetle,ethereal horse,Data/Scripts/Mobiles/Animals/Mounts/Ethereals.cs,SourceVerified,
EtherealCuSidhe,ethereal horse,Data/Scripts/Mobiles/Animals/Mounts/Ethereals.cs,SourceVerified,
EtherealDealer,Ethereal Guide,Data/Scripts/Mobiles/Civilized/Vendors/EtherealDealer.cs,SourceVerified,
EtherealHiryu,ethereal horse,Data/Scripts/Mobiles/Animals/Mounts/Ethereals.cs,SourceVerified,
EtherealHorse,ethereal horse,Data/Scripts/Mobiles/Animals/Mounts/Ethereals.cs,SourceVerified,
EtherealKirin,ethereal horse,Data/Scripts/Mobiles/Animals/Mounts/Ethereals.cs,SourceVerified,
EtherealLlama,ethereal horse,Data/Scripts/Mobiles/Animals/Mounts/Ethereals.cs,SourceVerified,
EtherealMount,ethereal horse,Data/Scripts/Mobiles/Animals/Mounts/Ethereals.cs,SourceVerified,
EtherealOstard,ethereal horse,Data/Scripts/Mobiles/Animals/Mounts/Ethereals.cs,SourceVerified,
EtherealReptalon,ethereal horse,Data/Scripts/Mobiles/Animals/Mounts/Ethereals.cs,SourceVerified,
EtherealRidgeback,ethereal horse,Data/Scripts/Mobiles/Animals/Mounts/Ethereals.cs,SourceVerified,
EtherealSwampDragon,ethereal horse,Data/Scripts/Mobiles/Animals/Mounts/Ethereals.cs,SourceVerified,
EtherealUnicorn,ethereal horse,Data/Scripts/Mobiles/Animals/Mounts/Ethereals.cs,SourceVerified,
EtherealWarrior,,Data/Scripts/Mobiles/Mystical/EtherealWarrior.cs,SourceVerified,
Ettin,an ettin,Data/Scripts/Mobiles/Goliaths/Ettins/Ettin.cs,SourceVerified,
EttinShaman,an ettin shaman,Data/Scripts/Mobiles/Goliaths/Ettins/EttinShaman.cs,SourceVerified,
EvilBladeSpirits,a blade spirit,Data/Scripts/Mobiles/Summoned/EvilBladeSpirits.cs,SourceVerified,
EvilDruid,Evil Druid,Data/Scripts/Custom/Mobiles/Undead/EvilDruid.cs,SourceVerified,
EvilEnergyVortex,an energy vortex,Data/Scripts/Mobiles/Summoned/EvilEnergyVortex.cs,SourceVerified,
EvilEnt,the rotted ent,Data/Scripts/Mobiles/Plants/EvilEnt.cs,SourceVerified,
EvilHealer,the mortician,Data/Scripts/Mobiles/Civilized/Healers/EvilHealer.cs,SourceVerified,
EvilIcyVortex,an icy vortex,Data/Scripts/Mobiles/Summoned/EvilIcyVortex.cs,SourceVerified,
EvilMage,the wizard,Data/Scripts/Mobiles/Humanoids/Humans/EvilMage.cs,SourceVerified,
EvilMageLord,the,Data/Scripts/Mobiles/Humanoids/Humans/EvilMageLord.cs,SourceVerified,
EvilMount,,Data/Scripts/Mobiles/Animals/Mounts/EvilMounts.cs,SourceVerified,
EvilPlagueVortex,a plague vortex,Data/Scripts/Mobiles/Summoned/EvilPlagueVortex.cs,SourceVerified,
EvilScorchingVortex,a scorching vortex,Data/Scripts/Mobiles/Summoned/EvilScorchingVortex.cs,SourceVerified,
ExaltedDealer,,Data/Scripts/Mobiles/Civilized/Teachers/Teacher_Exalted.cs,SourceVerified,
ExcavationDroid,the excavation droid,Data/Scripts/Mobiles/Constructs/Alien/ExcavationDroid.cs,SourceVerified,
Executioner,executioner's hood the executioner,Data/Scripts/Mobiles/Humanoids/Humans/Executioner.cs,SourceVerified,
Exodus,Exodus,Data/Scripts/Mobiles/Unique/Exodus.cs,SourceVerified,
EyeOfTheDeep,an eye of the deep,Data/Scripts/Mobiles/Unusual/EyeOfTheDeep.cs,SourceVerified,
Faerie,the faerie,Data/Scripts/Mobiles/Mystical/Faerie.cs,SourceVerified,
Fairy,a fairy,Data/Scripts/Mobiles/Summoned/Fairy.cs,SourceVerified,
FallenAngel,Fallen Angel,Data/Scripts/Custom/Mobiles/Daemons/FallenAngel.cs,SourceVerified,
FalseEarthGod,False Earth God,Data/Scripts/Custom/Mobiles/Titans/FalseEarthGod.cs,SourceVerified,
FalseFireGod,False Fire God,Data/Scripts/Custom/Mobiles/Titans/FalseFireGod.cs,SourceVerified,
FalseSeaGod,False Sea God,Data/Scripts/Custom/Mobiles/Titans/FalseSeaGod.cs,SourceVerified,
FalseWindGod,False Wind God,Data/Scripts/Custom/Mobiles/Titans/FalseWindGod.cs,SourceVerified,
Farmer,,Data/Scripts/Mobiles/Civilized/Vendors/Farmer.cs,SourceVerified,
FerelTreefellow,a ferel treefellow,Data/Scripts/Custom/Champions/Mobiles/Minions/FerelTreefellow.cs,SourceVerified,
Ferret,a ferret,Data/Scripts/Mobiles/Animals/Rodents/Ferret.cs,SourceVerified,
FetidEssence,a fetid essence,Data/Scripts/Custom/Champions/Mobiles/Minions/FetidEssence.cs,SourceVerified,
Fiend,sword of the fiend,Data/Scripts/Mobiles/Daemons/Fiend.cs,SourceVerified,
Fighter,,Data/Scripts/Mobiles/Civilized/Vendors/Fighter.cs,SourceVerified,
FinalExodus,Final Exodus,Data/Scripts/Custom/Mobiles/Constructs/FinalExodus.cs,SourceVerified,
FireAngel,Fire Angel,Data/Scripts/Custom/Mobiles/Serpents/FireAngel.cs,SourceVerified,
FireBat,a fire bat,Data/Scripts/Mobiles/Animals/Rodents/FireBat.cs,SourceVerified,
FireBeetle,,Data/Scripts/Mobiles/Insects/Beetles/FireBeetle.cs,SourceVerified,
FireDemon,a fire demon,Data/Scripts/Mobiles/Daemons/FireDemon.cs,SourceVerified,
FireElemental,a fire elemental,Data/Scripts/Mobiles/Elementals/Elementals/FireElemental.cs,SourceVerified,
FireGargoyle,,Data/Scripts/Mobiles/Gargoyles/FireGargoyle.cs,SourceVerified,
FireGiant,fire giant sack the fire giant,Data/Scripts/Mobiles/Goliaths/Giants/FireGiant.cs,SourceVerified,
FireIllusion,Fire Illusion,Data/Scripts/Custom/Mobiles/Elementals/FireIllusion.cs,SourceVerified,
FireKing,Fire King,Data/Scripts/Custom/Mobiles/Elementals/FireKing.cs,SourceVerified,
FireMephit,the fire mephit,Data/Scripts/Mobiles/Daemons/FireMephit.cs,SourceVerified,
FireNaga,a fire naga,Data/Scripts/Mobiles/Humanoids/Serpents/FireNaga.cs,SourceVerified,
FireSalamander,a fire slamander,Data/Scripts/Mobiles/Humanoids/Serpents/FireSlamander.cs,SourceVerified,
FireServant,Fire Servant,Data/Scripts/Custom/Mobiles/Elementals/FireServant.cs,SourceVerified,
FireSpirit,Fire Spirit,Data/Scripts/Custom/Mobiles/Elementals/FireSpirit.cs,SourceVerified,
FireSteed,,Data/Scripts/Mobiles/Hellish/FireSteed.cs,SourceVerified,
FireToad,a fire toad,Data/Scripts/Mobiles/Reptilian/Frogs/FireToad.cs,SourceVerified,
FireWyrmling,a fire wyrmling,Data/Scripts/Mobiles/Dragons/Young/FireWyrmling.cs,SourceVerified,
FisherGuildmaster,,Data/Scripts/Mobiles/Civilized/Guilds/FisherGuildmaster.cs,SourceVerified,
Fisherman,,Data/Scripts/Mobiles/Civilized/Vendors/Fisherman.cs,SourceVerified,
FleshGolem,a flesh golem,Data/Scripts/Mobiles/Constructs/Golems/FleshGolem.cs,SourceVerified,
FloatingEye,a floating eye,Data/Scripts/Mobiles/Unusual/FloatingEye.cs,SourceVerified,
ForestElemental,a forest elemental,Data/Scripts/Mobiles/Elementals/Elementals/ForestElemental.cs,SourceVerified,
ForestGiant,forest giant sack the forest giant,Data/Scripts/Mobiles/Goliaths/Giants/ForestGiant.cs,SourceVerified,
ForestOstard,,Data/Scripts/Mobiles/Animals/Mounts/ForestOstard.cs,SourceVerified,
ForgeHit,forge,Data/Scripts/Mobiles/Civilized/Citizens/TradesmanSmelter.cs,SourceVerified,
Forgotten,,Data/Scripts/Custom/Mobiles/Godfrey2026/Forgotten.cs,SourceVerified,
ForgottenCreation,,Data/Scripts/Custom/Mobiles/Godfrey2026/ForgottenCreation.cs,SourceVerified,
FortuneTeller,,Data/Scripts/Mobiles/Civilized/Healers/FortuneTeller.cs,SourceVerified,
Fox,a fox,Data/Scripts/Mobiles/Animals/Canines/Fox.cs,SourceVerified,
FrailSkeleton,a frail skeleton,Data/Scripts/Mobiles/Undead/FrailSkeleton.cs,SourceVerified,
FrenziedOstard,,Data/Scripts/Mobiles/Animals/Mounts/FrenziedOstard.cs,SourceVerified,
FriendlyNameAttribute,mutant plant the Captain of the Dead,Data/Scripts/Mobiles/Base/BaseCreature.cs,SourceVerified,
Frog,a frog,Data/Scripts/Mobiles/Reptilian/Frogs/Frog.cs,SourceVerified,
FrostGiant,frost giant sack the frost giant,Data/Scripts/Mobiles/Goliaths/Giants/FrostGiant.cs,SourceVerified,
FrostOoze,a frost ooze,Data/Scripts/Mobiles/Slimes/FrostOoze.cs,SourceVerified,
FrostSpider,a frost spider,Data/Scripts/Mobiles/Insects/Spiders/FrostSpider.cs,SourceVerified,
FrostTroll,a frost troll,Data/Scripts/Mobiles/Goliaths/Trolls/FrostTroll.cs,SourceVerified,
FrostTrollShaman,a frost troll shaman,Data/Scripts/Mobiles/Goliaths/Trolls/FrostTrollShaman.cs,SourceVerified,
FrozenCorpse,a frozen corpse,Data/Scripts/Mobiles/Undead/FrozenCorpse.cs,SourceVerified,
Fungal,a fungal,Data/Scripts/Mobiles/Plants/Fungal.cs,SourceVerified,
FungalMage,a fungal mage,Data/Scripts/Mobiles/Plants/FungalMage.cs,SourceVerified,
Furtrader,,Data/Scripts/Mobiles/Civilized/Vendors/Furtrader.cs,SourceVerified,
GalleonAddon,Necromancer Ship,Data/Scripts/Mobiles/Humanoids/Sailors/Pirates/GalleonAddon.cs,SourceVerified,
GalleonAddonDeed,Necromancer Ship,Data/Scripts/Mobiles/Humanoids/Sailors/Pirates/GalleonAddon.cs,SourceVerified,
Gardener,,Data/Scripts/Custom/Vhaerun's CRL Homestead System [2.0]/Vhaerun's CRL Crops/Mobiles/Gardener.cs,SourceVerified,
Gargoyle,a gargoyle,Data/Scripts/Mobiles/Gargoyles/Gargoyle.cs,SourceVerified,
GargoyleAmethyst,an amethyst gargoyle,Data/Scripts/Mobiles/Gargoyles/GargoyleAmethyst.cs,SourceVerified,
GargoyleBones,gargoyle bones,Data/Scripts/Mobiles/Undead/GargoyleBones.cs,SourceVerified,
GargoyleCodexCorpse,Naxatilor the gargoyle,Data/Scripts/Mobiles/Unique/CodexGargoyles.cs,SourceVerified,
GargoyleEmerald,an emerald gargoyle,Data/Scripts/Mobiles/Gargoyles/GargoyleEmerald.cs,SourceVerified,
GargoyleMarble,a marble gargoyle,Data/Scripts/Mobiles/Gargoyles/GargoyleMarble.cs,SourceVerified,
GargoyleOnyx,an onyx gargoyle,Data/Scripts/Mobiles/Gargoyles/GargoyleOnyx.cs,SourceVerified,
GargoyleRuby,a ruby gargoyle,Data/Scripts/Mobiles/Gargoyles/GargoyleRuby.cs,SourceVerified,
GargoyleSapphire,a sapphire gargoyle,Data/Scripts/Mobiles/Gargoyles/GargoyleSapphire.cs,SourceVerified,
GargoyleWarrior,a gargoyle guard,Data/Scripts/Mobiles/Gargoyles/GargoyleWarrior.cs,SourceVerified,
GarnetElemental,a garnet elemental,Data/Scripts/Mobiles/Elementals/Gemmed/GarnetElemental.cs,SourceVerified,
Garth,Garth,Data/Scripts/Mobiles/Civilized/Special/Garth.cs,SourceVerified,
Garuda,,Data/Scripts/Custom/Mobiles/Godfrey2026/Garuda.cs,SourceVerified,
GasCloud,a poison cloud,Data/Scripts/Mobiles/Summoned/GasCloud.cs,SourceVerified,
Gazelle,a gazelle,Data/Scripts/Mobiles/Animals/Misc/Gazelle.cs,SourceVerified,
Gazer,a gazer,Data/Scripts/Mobiles/Unusual/Gazer.cs,SourceVerified,
GemDragon,an elder dragyn,Data/Scripts/Mobiles/Dragons/Dragons/GemDragons.cs,SourceVerified,
GemElemental,an elemental mineral,Data/Scripts/Mobiles/Elementals/Gemmed/GemElemental.cs,SourceVerified,
GenericBuyInfo,,Data/Scripts/Mobiles/Base/GenericBuy.cs,SourceVerified,
GenericSellInfo,,Data/Scripts/Mobiles/Base/GenericSell.cs,SourceVerified,
Genie,a genie,Data/Scripts/Mobiles/Civilized/Genie.cs,SourceVerified,
Geode,Geode the Earth Spirit,Data/Scripts/Custom/Mobiles/Elementals/Geode.cs,SourceVerified,
GhostDragyn,a ghost dragyn,Data/Scripts/Mobiles/Undead/GhostDragyn.cs,SourceVerified,
GhostGargoyle,a ghostly gargoyle,Data/Scripts/Mobiles/Undead/GhostGargoyle.cs,SourceVerified,
GhostOfLadyEverdear,Ghost of Lady Everdear,Data/Scripts/Custom/Mobiles/Undead/GhostOfLadyEverdear.cs,SourceVerified,
GhostPirate,a ghost,Data/Scripts/Mobiles/Undead/GhostPirate.cs,SourceVerified,
GhostWarrior,a ghost,Data/Scripts/Mobiles/Undead/GhostWarrior.cs,SourceVerified,
GhostWizard,a ghost,Data/Scripts/Mobiles/Undead/GhostWizard.cs,SourceVerified,
Ghostly,shroud of the ghost,Data/Scripts/Mobiles/Undead/Ghostly.cs,SourceVerified,
Ghoul,a ghoul,Data/Scripts/Mobiles/Undead/Ghoul.cs,SourceVerified,
Giant,giant sack the giant,Data/Scripts/Mobiles/Goliaths/Giants/Giant.cs,SourceVerified,
GiantAdder,a giant adder,Data/Scripts/Mobiles/Reptilian/Snakes/GiantAdder.cs,SourceVerified,
GiantBat,a giant bat,Data/Scripts/Mobiles/Animals/Rodents/GiantBat.cs,SourceVerified,
GiantBlackWidow,a giant black widow,Data/Scripts/Mobiles/Insects/Spiders/GiantBlackWidow.cs,SourceVerified,
GiantCrab,a giant crab,Data/Scripts/Mobiles/Reptilian/Sea/GiantCrab.cs,SourceVerified,
GiantEel,a giant eel,Data/Scripts/Mobiles/Reptilian/Sea/GiantEel.cs,SourceVerified,
GiantHawk,,Data/Scripts/Mobiles/Animals/Mounts/GiantHawk.cs,SourceVerified,
GiantIceWorm,an arcticonda,Data/Scripts/Mobiles/Reptilian/Snakes/GiantIceWorm.cs,SourceVerified,
GiantLamprey,a sleech,Data/Scripts/Mobiles/Reptilian/Sea/GiantLamprey.cs,SourceVerified,
GiantLeech,a giant leech,Data/Scripts/Mobiles/Slimes/GiantLeech.cs,SourceVerified,
GiantLizard,a giant lizard,Data/Scripts/Mobiles/Reptilian/GiantLizard.cs,SourceVerified,
GiantRat,a giant rat,Data/Scripts/Mobiles/Animals/Rodents/GiantRat.cs,SourceVerified,
GiantRaven,a giant vulture,Data/Scripts/Mobiles/Animals/Mounts/GiantRaven.cs,SourceVerified,
GiantSerpent,a giant serpent,Data/Scripts/Mobiles/Reptilian/Snakes/GiantSerpent.cs,SourceVerified,
GiantSkeleton,bone carved chest the skeletal giant,Data/Scripts/Mobiles/Undead/GiantSkeleton.cs,SourceVerified,
GiantSnake,a giant snake,Data/Scripts/Mobiles/Reptilian/Snakes/GiantSnake.cs,SourceVerified,
GiantSpider,a giant spider,Data/Scripts/Mobiles/Insects/Spiders/GiantSpider.cs,SourceVerified,
GiantSquid,a giant squid,Data/Scripts/Mobiles/Reptilian/Sea/GiantSquid.cs,SourceVerified,
GiantToad,a giant toad,Data/Scripts/Mobiles/Reptilian/Frogs/GiantToad.cs,SourceVerified,
GiftGumpEntry,a stranger the Gargoyle King,Data/Scripts/Mobiles/Civilized/Special/EpicCharacter.cs,SourceVerified,
Giraffe,a giraffe,Data/Scripts/Mobiles/Animals/Misc/Giraffe.cs,SourceVerified,
Glassblower,,Data/Scripts/Mobiles/Civilized/Vendors/Glassblower.cs,SourceVerified,
GlowBeetleRiding,,Data/Scripts/Mobiles/Insects/Beetles/GlowBeetleRiding.cs,SourceVerified,
Gnoll,a gnoll,Data/Scripts/Mobiles/Humanoids/Gnoll.cs,SourceVerified,
Gnome,a gnome,Data/Scripts/Mobiles/Humanoids/Gnome/Gnome.cs,SourceVerified,
GnomeMage,a gnome magician,Data/Scripts/Mobiles/Humanoids/Gnome/GnomeMage.cs,SourceVerified,
GnomeWarrior,a gnome warrior,Data/Scripts/Mobiles/Humanoids/Gnome/GnomeWarrior.cs,SourceVerified,
Goat,a goat,Data/Scripts/Mobiles/Animals/Misc/Goat.cs,SourceVerified,
Goblin,a goblin,Data/Scripts/Mobiles/Humanoids/Goblin.cs,SourceVerified,
GoblinArcher,a goblin archer,Data/Scripts/Mobiles/Humanoids/GoblinArcher.cs,SourceVerified,
GoblinRanger,,Data/Scripts/Custom/Mobiles/Godfrey2026/GoblinRanger.cs,SourceVerified,
GodOfLegends,Arez the God of Legends,Data/Scripts/Mobiles/Civilized/Special/GodOfCourage.cs,SourceVerified,
GoldenElemental,a golden elemental,Data/Scripts/Mobiles/Elementals/Ore Elementals/GoldenElemental.cs,SourceVerified,
GoldenSerpent,a golden serpent,Data/Scripts/Mobiles/Reptilian/Snakes/GoldenSerpent.cs,SourceVerified,
Golem,an iron golem,Data/Scripts/Mobiles/Constructs/Golems/Golem.cs,SourceVerified,
GolemController,the technomancer,Data/Scripts/Mobiles/Humanoids/Humans/GolemController.cs,SourceVerified,
GolemCrafter,,Data/Scripts/Mobiles/Civilized/Vendors/GolemCrafter.cs,SourceVerified,
Gorakong,a gorakong,Data/Scripts/Mobiles/Animals/Misc/Gorakong.cs,SourceVerified,
GorceratopsRiding,,Data/Scripts/Mobiles/Reptilian/Dinosaurs/GorceratopsRiding.cs,SourceVerified,
GorgonRiding,useless stone,Data/Scripts/Mobiles/Unusual/GorgonRiding.cs,SourceVerified,
Gorilla,a gorilla,Data/Scripts/Mobiles/Animals/Misc/Gorilla.cs,SourceVerified,
Gort,Gort the Lighthouse Keeper,Data/Scripts/Custom/Mobiles/Vendors/Gort.cs,SourceVerified,
Grathek,grathek battle axe the grathek,Data/Scripts/Mobiles/Humanoids/Lizardmen/Grathek.cs,SourceVerified,
GraveDustElemental,a grave dust elemental,Data/Scripts/Mobiles/Elementals/Elementals/GraveDustElemental.cs,SourceVerified,
GraveRobber,Grave Robber,Data/Scripts/Custom/Mobiles/Civilized/GraveRobber.cs,SourceVerified,
GraveSeeker,a grave seeker,Data/Scripts/Mobiles/Undead/GraveSeeker.cs,SourceVerified,
GraveStones,a necromental,Data/Scripts/Mobiles/Elementals/Necromental.cs,SourceVerified,
GrayDragon,a gray dragon,Data/Scripts/Mobiles/Unique/GrayDragon.cs,SourceVerified,
GrayDragonBox,a gray dragon,Data/Scripts/Mobiles/Unique/GrayDragon.cs,SourceVerified,
GreatBear,,Data/Scripts/Mobiles/Animals/Bears/GreatBear.cs,SourceVerified,
GreatHart,a stag,Data/Scripts/Mobiles/Animals/Misc/GreatHart.cs,SourceVerified,
GreatOldOne,,Data/Scripts/Custom/Mobiles/Godfrey2026/GreatOldOne.cs,SourceVerified,
GreatWhite,a great white shark,Data/Scripts/Mobiles/Reptilian/Fish/GreatWhite.cs,SourceVerified,
GreaterMongbat,a greater mongbat,Data/Scripts/Custom/Champions/Mobiles/Minions/GreaterMongbat.cs,SourceVerified,
GreenSlime,a green slime,Data/Scripts/Mobiles/Slimes/GreenSlime.cs,SourceVerified,
GreyWolf,a grey wolf,Data/Scripts/Mobiles/Animals/Canines/GreyWolf.cs,SourceVerified,
GriffonRiding,,Data/Scripts/Mobiles/Mystical/GriffonRiding.cs,SourceVerified,
GrimReaper,The Grim Reaper,Data/Scripts/Custom/Champions/Mobiles/Champs-Prisons/GrimReaper.cs,SourceVerified,
GrizzlyBearRiding,,Data/Scripts/Mobiles/Animals/Bears/GrizzlyBearRiding.cs,SourceVerified,
Grum,a grum,Data/Scripts/Mobiles/Animals/Misc/Grum.cs,SourceVerified,
GrumpyEarthSpirit,Grumpy Earth Spirit,Data/Scripts/Custom/Mobiles/Elementals/GrumpyEarthSpirit.cs,SourceVerified,
GrundulVarg,Grundul Varg the Slayer of Men,Data/Scripts/Mobiles/Undead/GrundulVarg.cs,SourceVerified,
GuardianOfTheUnderworld,Guardian of the Underworld,Data/Scripts/Custom/Mobiles/Daemons/GuardianOfTheUnderworld.cs,SourceVerified,
GuardianWolf,a guardian wolf,Data/Scripts/Mobiles/Mystical/GuardianWolf.cs,SourceVerified,
GypsyAnimalTrainer,the gypsy animal trainer,Data/Scripts/Mobiles/Civilized/Vendors/GypsyAnimalTrainer.cs,SourceVerified,
GypsyBanker,the gypsy banker,Data/Scripts/Mobiles/Civilized/Vendors/GypsyBanker.cs,SourceVerified,
GypsyLady,the gypsy,Data/Scripts/Mobiles/Civilized/Vendors/GypsyLady.cs,SourceVerified,
GypsyMaiden,,Data/Scripts/Mobiles/Civilized/Vendors/GypsyMaiden.cs,SourceVerified,
GypsyTarotGump,the gypsy,Data/Scripts/Mobiles/Civilized/ShardGreeter.cs,SourceVerified,
HairStylist,,Data/Scripts/Mobiles/Civilized/Vendors/HairStylist.cs,SourceVerified,
HairstylistBuyGump,,Data/Scripts/Mobiles/Civilized/Vendors/CustomHairstylist.cs,SourceVerified,
HairstylistBuyInfo,,Data/Scripts/Mobiles/Civilized/Vendors/CustomHairstylist.cs,SourceVerified,
Harpy,a harpy,Data/Scripts/Mobiles/Humanoids/Harpies/Harpy.cs,SourceVerified,
HarpyElder,an elder harpy,Data/Scripts/Mobiles/Humanoids/Harpies/HarpyElder.cs,SourceVerified,
HarpyHen,a harpy hen,Data/Scripts/Mobiles/Humanoids/Harpies/HarpyHen.cs,SourceVerified,
Hawk,a hawk,Data/Scripts/Mobiles/Animals/Birds/Hawk.cs,SourceVerified,
HeadlessOne,a headless one,Data/Scripts/Mobiles/Unusual/HeadlessOne.cs,SourceVerified,
Healer,the healer,Data/Scripts/Mobiles/Civilized/Healers/Healer.cs,SourceVerified,
HealerAI,lantern the,Data/Scripts/Mobiles/Base/Behavior.cs,SourceVerified,
HealerGuildmaster,,Data/Scripts/Mobiles/Civilized/Guilds/HealerGuildmaster.cs,SourceVerified,
HeldLight,lantern the,Data/Scripts/Mobiles/Base/Behavior.cs,SourceVerified,
HellBeast,a hell beast,Data/Scripts/Mobiles/Hellish/HellBeast.cs,SourceVerified,
HellCat,a hell cat,Data/Scripts/Mobiles/Animals/Felines/HellCat.cs,SourceVerified,
HellHound,a hell hound,Data/Scripts/Mobiles/Hellish/HellHound.cs,SourceVerified,
HellSteed,,Data/Scripts/Mobiles/Undead/HellSteed.cs,SourceVerified,
HenchHorse,,Data/Scripts/Mobiles/Civilized/Comrades/HenchHorse.cs,SourceVerified,
HenchmanArcher,henchman,Data/Scripts/Mobiles/Civilized/Comrades/HenchmanArcher.cs,SourceVerified,
HenchmanArcherItem,archer henchman,Data/Scripts/Mobiles/Civilized/Comrades/HenchmanArcherItem.cs,SourceVerified,
HenchmanFamiliar,a familiar,Data/Scripts/Mobiles/Civilized/Familiars/Familiar.cs,SourceVerified,
HenchmanFamiliarItem,crystal ball of summoning,Data/Scripts/Mobiles/Civilized/Familiars/FamiliarItem.cs,SourceVerified,
HenchmanFighter,henchman,Data/Scripts/Mobiles/Civilized/Comrades/HenchmanFighter.cs,SourceVerified,
HenchmanFighterItem,fighter henchman,Data/Scripts/Mobiles/Civilized/Comrades/HenchmanFighterItem.cs,SourceVerified,
HenchmanItem,henchman,Data/Scripts/Mobiles/Civilized/Comrades/HenchmanItem.cs,SourceVerified,
HenchmanMonster,henchman,Data/Scripts/Mobiles/Civilized/Comrades/HenchmanMonster.cs,SourceVerified,
HenchmanMonsterItem,creature henchman,Data/Scripts/Mobiles/Civilized/Comrades/HenchmanMonsterItem.cs,SourceVerified,
HenchmanWizard,henchman,Data/Scripts/Mobiles/Civilized/Comrades/HenchmanWizard.cs,SourceVerified,
HenchmanWizardItem,wizard henchman,Data/Scripts/Mobiles/Civilized/Comrades/HenchmanWizardItem.cs,SourceVerified,
Herbalist,black pearl,Data/Scripts/Mobiles/Civilized/Vendors/Herbalist.cs,SourceVerified,
Hercules,Hercules the Argonaut,Data/Scripts/Custom/Champions/Mobiles/Champs-Prisons/Hercules.cs,SourceVerified,
Herculian,Herculian the Titan,Data/Scripts/Custom/Mobiles/Titans/Herculian.cs,SourceVerified,
HillGiant,hill giant sack the hill giant,Data/Scripts/Mobiles/Goliaths/Giants/HillGiant.cs,SourceVerified,
HillGiantShaman,hill giant sack the hill giant shaman,Data/Scripts/Mobiles/Goliaths/Giants/HillGiantShaman.cs,SourceVerified,
Hind,a deer,Data/Scripts/Mobiles/Animals/Misc/Hind.cs,SourceVerified,
HippogriffRiding,,Data/Scripts/Mobiles/Mystical/HippogriffRiding.cs,SourceVerified,
Hiryu,,Data/Scripts/Custom/Champions/Mobiles/Minions/Hiryu.cs,SourceVerified,
Hobgoblin,a hobgoblin,Data/Scripts/Mobiles/Humanoids/Hobgoblin.cs,SourceVerified,
HolyMage,,Data/Scripts/Mobiles/Civilized/Vendors/HolyMage.cs,SourceVerified,
Honorguard,Honorguard,Data/Scripts/Custom/Mobiles/Undead/Honorguard.cs,SourceVerified,
HookHorror,a hook horror,Data/Scripts/Mobiles/Unusual/HookHorror.cs,SourceVerified,
HordeMinion,a horde minion,Data/Scripts/Mobiles/Hellish/HordeMinion.cs,SourceVerified,
HordeMinionFamiliar,a horde minion,Data/Scripts/Mobiles/Civilized/Familiars/HordeMinion.cs,SourceVerified,
Horse,,Data/Scripts/Mobiles/Animals/Mounts/Horse.cs,SourceVerified,
HouseVisitor,,Data/Scripts/Mobiles/Civilized/Citizens/HouseVisitor.cs,SourceVerified,
HugeLizard,a huge lizard,Data/Scripts/Mobiles/Reptilian/HugeLizard.cs,SourceVerified,
Humanoid,a shadow demon the ghost,Data/Scripts/Mobiles/Civilized/Citizens/Humanoid.cs,SourceVerified,
Hydra,Hydra of,Data/Scripts/Mobiles/Dragons/Hydras/Hydra.cs,SourceVerified,
Hyena,a hyena,Data/Scripts/Mobiles/Animals/Canines/Hyena.cs,SourceVerified,
IceBladeSpirits,an icy blade spirit,Data/Scripts/Mobiles/Summoned/IceBladeSpirits.cs,SourceVerified,
IceColossus,an ice colossus,Data/Scripts/Mobiles/Elementals/IceColossus.cs,SourceVerified,
IceDevil,the ice devil,Data/Scripts/Mobiles/Daemons/IceDevil.cs,SourceVerified,
IceElemental,an ice elemental,Data/Scripts/Mobiles/Elementals/Elementals/IceElemental.cs,SourceVerified,
IceGhoul,an icy ghoul,Data/Scripts/Mobiles/Undead/IceGhoul.cs,SourceVerified,
IceGiant,ice chest of the glacier,Data/Scripts/Mobiles/Goliaths/Giants/IceGiant.cs,SourceVerified,
IceGolem,an ice golem,Data/Scripts/Mobiles/Constructs/Golems/IceGolem.cs,SourceVerified,
IceSerpent,an ice serpent,Data/Scripts/Mobiles/Reptilian/Snakes/IceSerpent.cs,SourceVerified,
IceSnake,an ice snake,Data/Scripts/Mobiles/Reptilian/Snakes/IceSnake.cs,SourceVerified,
IceSteed,,Data/Scripts/Mobiles/Mystical/IceSteed.cs,SourceVerified,
IceToad,an ice toad,Data/Scripts/Mobiles/Reptilian/Frogs/IceToad.cs,SourceVerified,
IcebergElemental,a glacial elemental,Data/Scripts/Mobiles/Elementals/Elementals/IcebergElemental.cs,SourceVerified,
Ifreet,an ifreet,Data/Scripts/Mobiles/Daemons/Ifreet.cs,SourceVerified,
Iguana,an iguana,Data/Scripts/Mobiles/Reptilian/Iguana.cs,SourceVerified,
Iguanodon,,Data/Scripts/Mobiles/Reptilian/Dinosaurs/Iguanodon.cs,SourceVerified,
Ilhenir,Ilhenir the Stained,Data/Scripts/Custom/Champions/Mobiles/Champs-UO/Ilhenir.cs,SourceVerified,
ImmortalGenie,Immortal Genie of the vase,Data/Scripts/Custom/Mobiles/Serpents/ImmortalGenie.cs,SourceVerified,
Imp,the imp,Data/Scripts/Mobiles/Daemons/Imp.cs,SourceVerified,
Infected,an infected,Data/Scripts/Mobiles/Animals/Misc/Infected.cs,SourceVerified,
InnKeeper,candle,Data/Scripts/Mobiles/Civilized/Vendors/InnKeeper.cs,SourceVerified,
InternalBuyInfo,,Data/Scripts/Mobiles/Base/StoreSalesList.cs,SourceVerified,
InternalSellInfo,,Data/Scripts/Mobiles/Base/StoreSalesList.cs,SourceVerified,
InterredGrizzle,an interred grizzle,Data/Scripts/Custom/Champions/Mobiles/Minions/InterredGrizzle .cs,SourceVerified,
IronBeetle,an iron beetle,Data/Scripts/Mobiles/Constructs/Golems/IronBeetle.cs,SourceVerified,
IronCobra,an iron cobra,Data/Scripts/Mobiles/Constructs/Golems/IronCobra.cs,SourceVerified,
IronWorker,,Data/Scripts/Mobiles/Civilized/Vendors/IronWorker.cs,SourceVerified,
ItemRemovalTimer,sword of balron,Data/Scripts/Mobiles/Daemons/Balron.cs,SourceVerified,
JackRabbit,a jack rabbit,Data/Scripts/Mobiles/Animals/Rodents/JackRabbit.cs,SourceVerified,
Jackal,a jackal,Data/Scripts/Mobiles/Animals/Canines/Jackal.cs,SourceVerified,
Jackalwitch,a jackalwitch,Data/Scripts/Mobiles/Humanoids/Jackalwitch.cs,SourceVerified,
JadeSerpent,a jade serpent,Data/Scripts/Mobiles/Reptilian/Snakes/JadeSerpent.cs,SourceVerified,
Jaguar,a jaguar,Data/Scripts/Mobiles/Animals/Felines/Jaguar.cs,SourceVerified,
Jedi,Jedi robe the Jedi,Data/Scripts/Mobiles/Humanoids/Aliens/Jedi.cs,SourceVerified,
Jellyfish,a jellyfish,Data/Scripts/Mobiles/Slimes/Jellyfish.cs,SourceVerified,
Jester,,Data/Scripts/Mobiles/Civilized/Vendors/Jester.cs,SourceVerified,
JesterGuildmaster,,Data/Scripts/Mobiles/Civilized/Guilds/JesterGuildmaster.cs,SourceVerified,
Jeweler,item,Data/Scripts/Mobiles/Civilized/Vendors/Jeweler.cs,SourceVerified,
JoinEntry,,Data/Scripts/Mobiles/Base/BaseGuildmaster.cs,SourceVerified,
Jormungandr,Jormungandr the Midgard Serpent,Data/Scripts/Mobiles/Reptilian/Snakes/Jormungand.cs,SourceVerified,
JuiceMaker,,Data/Scripts/Custom/Vhaerun's CRL Homestead System [2.0]/Vhaerun's CRL Juicing/Mobiles/JuiceMaker.cs,SourceVerified,
JungleGiant,jade chest the jungle giant,Data/Scripts/Mobiles/Goliaths/Giants/JungleGiant.cs,SourceVerified,
JungleViper,a jungle viper,Data/Scripts/Mobiles/Reptilian/Snakes/JungleViper.cs,SourceVerified,
Kappa,a kappa,Data/Scripts/Custom/Champions/Mobiles/Minions/Kappa.cs,SourceVerified,
KeeperOfChivalry,,Data/Scripts/Mobiles/Civilized/Vendors/KeeperOfChivalry.cs,SourceVerified,
KelpElemental,a kelp elemental,Data/Scripts/Mobiles/Elementals/Elementals/KelpElemental.cs,SourceVerified,
KhumashGor,Khumash-Gor the Zealan Warrior,Data/Scripts/Mobiles/Unique/KhumashGor.cs,SourceVerified,
Kilrathi,a kilrathi,Data/Scripts/Mobiles/Humanoids/Kilrathi/Kilrathi.cs,SourceVerified,
KilrathiGunner,a kilrathi,Data/Scripts/Mobiles/Humanoids/Kilrathi/KilrathiGunner.cs,SourceVerified,
KingArthur,King Arthur,Data/Scripts/Custom/Champions/Mobiles/Champs-Prisons/KingArthur.cs,SourceVerified,
Kirin,,Data/Scripts/Mobiles/Mystical/Kirin.cs,SourceVerified,
Kobold,a kobold,Data/Scripts/Mobiles/Humanoids/Lizardmen/Kobold.cs,SourceVerified,
KoboldChief,Kobold Chief,Data/Scripts/Custom/Mobiles/Kobolds/KoboldChief.cs,SourceVerified,
KoboldFootSoldier,Kobold,Data/Scripts/Custom/Mobiles/Kobolds/KoboldFootSoldier.cs,SourceVerified,
KoboldMage,a kobold shaman,Data/Scripts/Mobiles/Humanoids/Lizardmen/KoboldMage.cs,SourceVerified,
KoboldRingleader,Kobold Ringleader,Data/Scripts/Custom/Mobiles/Kobolds/KoboldRingleader.cs,SourceVerified,
KodiakBear,,Data/Scripts/Mobiles/Animals/Bears/KodiakBear.cs,SourceVerified,
Kraken,a kraken,Data/Scripts/Mobiles/Reptilian/Sea/Kraken.cs,SourceVerified,
Krakoa,a krakoa,Data/Scripts/Mobiles/Humanoids/Sea/Krakoa.cs,SourceVerified,
Kronos,Kronos the Ancient Titan,Data/Scripts/Custom/Champions/Mobiles/Champs-Prisons/Kronos.cs,SourceVerified,
Kull,Spirit of Kull the Dragyn Rider,Data/Scripts/Mobiles/Undead/Kull.cs,SourceVerified,
KungFu,the Monk,Data/Scripts/Mobiles/Civilized/Vendors/KungFu.cs,SourceVerified,
Kuthulu,a kuthulu,Data/Scripts/Mobiles/Unusual/Kuthulu.cs,SourceVerified,
Kylearan,Kylearan the Magician,Data/Scripts/Mobiles/Civilized/Special/Kylearan.cs,SourceVerified,
KylearanEntry,Kylearan the Magician,Data/Scripts/Mobiles/Civilized/Special/Kylearan.cs,SourceVerified,
LargeSnake,a large snake,Data/Scripts/Mobiles/Reptilian/Snakes/LargeSnake.cs,SourceVerified,
LargeSpider,a huge spider,Data/Scripts/Mobiles/Insects/Spiders/LargeSpider.cs,SourceVerified,
LavaElemental,a lava elemental,Data/Scripts/Mobiles/Elementals/Elementals/LavaElemental.cs,SourceVerified,
LavaGiant,molten chest of the molten core,Data/Scripts/Mobiles/Goliaths/Giants/LavaGiant.cs,SourceVerified,
LavaLizard,a lava lizard,Data/Scripts/Mobiles/Reptilian/LavaLizard.cs,SourceVerified,
LavaPuddle,a lava puddle,Data/Scripts/Mobiles/Slimes/LavaPuddle.cs,SourceVerified,
LavaSerpent,a lava serpent,Data/Scripts/Mobiles/Reptilian/Snakes/LavaSerpent.cs,SourceVerified,
LavaSnake,a magma snake,Data/Scripts/Mobiles/Reptilian/Snakes/LavaSnake.cs,SourceVerified,
Lavapede,a lavapede,Data/Scripts/Mobiles/Insects/Lavapede.cs,SourceVerified,
LeatherHit,stretched hide,Data/Scripts/Mobiles/Civilized/Citizens/TradesmanLeather.cs,SourceVerified,
LeatherWorker,item,Data/Scripts/Mobiles/Civilized/Vendors/LeatherWorker.cs,SourceVerified,
LeaveNowTimer,a familiar,Data/Scripts/Mobiles/Civilized/Familiars/Familiar.cs,SourceVerified,
LegendaryDealer,,Data/Scripts/Mobiles/Civilized/Teachers/Teacher_Legendary.cs,SourceVerified,
LesserDemon,a lesser demon,Data/Scripts/Mobiles/Daemons/LesserDemon.cs,SourceVerified,
LesserHiryu,,Data/Scripts/Custom/Champions/Mobiles/Minions/LesserHiryu.cs,SourceVerified,
LesserSeaSnake,a deep sea snake,Data/Scripts/Mobiles/Reptilian/Snakes/LesserSeaSnake.cs,SourceVerified,
Leviathan,a leviathan,Data/Scripts/Mobiles/Reptilian/Sea/Leviathan.cs,SourceVerified,
LibrarianGuildmaster,a useless stick,Data/Scripts/Mobiles/Civilized/Guilds/LibrarianGuildmaster.cs,SourceVerified,
Lich,the lich,Data/Scripts/Mobiles/Undead/Lich.cs,SourceVerified,
LichKing,Chest of Lich King Relics the king of the dead,Data/Scripts/Mobiles/Undead/LichKing.cs,SourceVerified,
LichLord,the lich lord,Data/Scripts/Mobiles/Undead/LichLord.cs,SourceVerified,
LightningElemental,a lightning elemental,Data/Scripts/Mobiles/Elementals/Elementals/LightningElemental.cs,SourceVerified,
LionRiding,,Data/Scripts/Mobiles/Animals/Felines/LionRiding.cs,SourceVerified,
LivingBronzeStatue,a bronze statue,Data/Scripts/Mobiles/Constructs/Statues/LivingBronzeStatue.cs,SourceVerified,
LivingGoldStatue,a golden statue,Data/Scripts/Mobiles/Constructs/Statues/LivingGoldStatue.cs,SourceVerified,
LivingIronStatue,an iron statue,Data/Scripts/Mobiles/Constructs/Statues/LivingIronStatue.cs,SourceVerified,
LivingJadeStatue,a jade statue,Data/Scripts/Mobiles/Constructs/Statues/LivingJadeStatue.cs,SourceVerified,
LivingMarbleStatue,a marble statue,Data/Scripts/Mobiles/Constructs/Statues/LivingMarbleStatue.cs,SourceVerified,
LivingShadowIronStatue,a dark iron statue,Data/Scripts/Mobiles/Constructs/Statues/LivingShadowIronStatue.cs,SourceVerified,
LivingSilverStatue,a silver statue,Data/Scripts/Mobiles/Constructs/Statues/LivingSilverStatue.cs,SourceVerified,
LivingStoneStatue,a stone statue,Data/Scripts/Mobiles/Constructs/Statues/LivingStoneStatue.cs,SourceVerified,
Lizardman,the lizardman,Data/Scripts/Mobiles/Humanoids/Lizardmen/Lizardman.cs,SourceVerified,
LizardmanArcher,the lizardman,Data/Scripts/Mobiles/Humanoids/Lizardmen/LizardmanArcher.cs,SourceVerified,
Llama,a llama,Data/Scripts/Mobiles/Animals/Misc/Llama.cs,SourceVerified,
Lobstran,a lobstran,Data/Scripts/Mobiles/Humanoids/Sea/Lobstran.cs,SourceVerified,
Locathah,a locathah,Data/Scripts/Mobiles/Humanoids/Sea/Locathah.cs,SourceVerified,
Lochasaur,a lochasaur,Data/Scripts/Mobiles/Reptilian/Fish/Lochasaur.cs,SourceVerified,
Lolth,Lolth the Drow Goddess,Data/Scripts/Custom/Champions/Mobiles/Champs-Prisons/Lolth.cs,SourceVerified,
LordOaks,Lord Oaks,Data/Scripts/Custom/Champions/Mobiles/Champs-UO/LordOaks.cs,SourceVerified,
LordVerminaard,Lord Verminaard,Data/Scripts/Custom/Champions/Mobiles/Champs-Prisons/LordVerminaard.cs,SourceVerified,
LostKnight,the lost knight,Data/Scripts/Mobiles/Undead/LostKnight.cs,SourceVerified,
Lovecraftian,Lovecraftian,Data/Scripts/Custom/Mobiles/Mystical/Lovecraftian.cs,SourceVerified,
LowerDemon,a lesser devil,Data/Scripts/Mobiles/Daemons/LowerDemon.cs,SourceVerified,
LoyaltyTimer,mutant plant the Captain of the Dead,Data/Scripts/Mobiles/Base/BaseCreature.cs,SourceVerified,
Lumberjack,,Data/Scripts/Mobiles/Civilized/Vendors/Lumberjack.cs,SourceVerified,
Lurker,a lurker,Data/Scripts/Mobiles/Reptilian/Sea/Lurker.cs,SourceVerified,
MLDryad,a dryad,Data/Scripts/Mobiles/Mystical/MLDryad.cs,SourceVerified,
MadDog,a mad dog,Data/Scripts/Mobiles/Animals/Canines/MadDog.cs,SourceVerified,
MadGodPriest,priest robe the priest,Data/Scripts/Mobiles/Civilized/Special/MadGodPriest.cs,SourceVerified,
MadGodPriestEntry,priest robe the priest,Data/Scripts/Mobiles/Civilized/Special/MadGodPriest.cs,SourceVerified,
Mage,,Data/Scripts/Mobiles/Civilized/Vendors/Mage.cs,SourceVerified,
MageAI,lantern the,Data/Scripts/Mobiles/Base/Behavior.cs,SourceVerified,
MageGuildmaster,,Data/Scripts/Mobiles/Civilized/Guilds/MageGuildmaster.cs,SourceVerified,
MagicHit,magic wand,Data/Scripts/Mobiles/Civilized/Citizens/TrainingMagery.cs,SourceVerified,
MagmaElemental,a magma elemental,Data/Scripts/Mobiles/Elementals/Elementals/MagmaElemental.cs,SourceVerified,
MaintenanceDroid,the maintenance droid,Data/Scripts/Mobiles/Constructs/Alien/MaintenanceDroid.cs,SourceVerified,
Malachi,Malachi the Priest,Data/Scripts/Custom/Mobiles/Civilized/Malachi.cs,SourceVerified,
Mammoth,a mammoth,Data/Scripts/Mobiles/Animals/Misc/Mammoth.cs,SourceVerified,
ManOWar,,Data/Scripts/Custom/Mobiles/Godfrey2026/ManOWar.cs,SourceVerified,
ManaGolem,Mana Golem,Data/Scripts/Custom/Mobiles/Constructs/ManaGolem.cs,SourceVerified,
ManageBarkeeperEntry,,Data/Scripts/Mobiles/Base/PlayerBarkeeper.cs,SourceVerified,
Mangar,Mangar the Dark,Data/Scripts/Mobiles/Unique/Mangar.cs,SourceVerified,
ManticoreRiding,,Data/Scripts/Mobiles/Hellish/ManticoreRiding.cs,SourceVerified,
Mantis,a mantis,Data/Scripts/Mobiles/Insects/Mantis.cs,SourceVerified,
ManureGolem,a manure golem,Data/Scripts/Mobiles/Summoned/ManureGolem.cs,SourceVerified,
Mapmaker,,Data/Scripts/Mobiles/Civilized/Vendors/Mapmaker.cs,SourceVerified,
Marilith,scimitar of the marilith,Data/Scripts/Mobiles/Daemons/Marilith.cs,SourceVerified,
MarshWurm,a marsh wurm,Data/Scripts/Mobiles/Slimes/MarshWurm.cs,SourceVerified,
Mastadon,a mastadon,Data/Scripts/Mobiles/Animals/Misc/Mastadon.cs,SourceVerified,
MasterCook,,Data/Scripts/Custom/Vhaerun's CRL Homestead System [2.0]/Vhaerun's CRL Cooking/Mobiles/MasterCook.cs,SourceVerified,
MazeMinotaur,Maze Minotaur,Data/Scripts/Custom/Mobiles/Minotaurs/MazeMinotaur.cs,SourceVerified,
MazeMinotaurEast,Maze Minotaur,Data/Scripts/Custom/Mobiles/Minotaurs/MazeMinotaurEast.cs,SourceVerified,
MazeMinotaurSouth,Maze Minotaur,Data/Scripts/Custom/Mobiles/Minotaurs/MazeMinotaurSouth.cs,SourceVerified,
MechanicalScorpion,mechanical scorpion,Data/Scripts/Mobiles/Constructs/Golems/MechanicalScorpion.cs,SourceVerified,
Medusa,a medusa,Data/Scripts/Mobiles/Humanoids/Medusa.cs,SourceVerified,
MeetingPets,meeting pets,Data/Scripts/Mobiles/Civilized/Citizens/MeetingPets.cs,SourceVerified,
MeetingSpots,meeting spot,Data/Scripts/Mobiles/Civilized/Citizens/MeetingSpots.cs,SourceVerified,
Megalodon,a megalodon,Data/Scripts/Mobiles/Reptilian/Fish/Megalodon.cs,SourceVerified,
Meglasaur,a meglasaur,Data/Scripts/Mobiles/Reptilian/Dinosaurs/Meglasaur.cs,SourceVerified,
MeleeAI,lantern the,Data/Scripts/Mobiles/Base/Behavior.cs,SourceVerified,
Mephitis,Mephitis,Data/Scripts/Custom/Champions/Mobiles/Champs-UO/Mephitis.cs,SourceVerified,
MerchantGuildmaster,,Data/Scripts/Mobiles/Civilized/Guilds/MerchantGuildmaster.cs,SourceVerified,
Merlin,Merlin the Wizard,Data/Scripts/Custom/Champions/Mobiles/Champs-Prisons/Merlin.cs,SourceVerified,
MetalBeetle,a metallic beetle,Data/Scripts/Mobiles/Insects/Beetles/MetalBeetle.cs,SourceVerified,
MetalGolem,a construct,Data/Scripts/Mobiles/Constructs/Golems/MetalGolem.cs,SourceVerified,
MeteorElemental,a meteor elemental,Data/Scripts/Mobiles/Elementals/Elementals/MeteorElemental.cs,SourceVerified,
Miller,,Data/Scripts/Mobiles/Civilized/Vendors/Miller.cs,SourceVerified,
MindFlayer,a mind flayer,Data/Scripts/Mobiles/Humanoids/MindFlayer.cs,SourceVerified,
Miner,,Data/Scripts/Mobiles/Civilized/Vendors/Miner.cs,SourceVerified,
MinerGuildmaster,,Data/Scripts/Mobiles/Civilized/Guilds/MinerGuildmaster.cs,SourceVerified,
Minotaur,a minotaur,Data/Scripts/Mobiles/Humanoids/Minotaurs/Minotaur.cs,SourceVerified,
MinotaurCaptain,a minotaur lord,Data/Scripts/Mobiles/Humanoids/Minotaurs/MinotaurCaptain.cs,SourceVerified,
MinotaurScout,a minotaur warrior,Data/Scripts/Mobiles/Humanoids/Minotaurs/MinotaurScout.cs,SourceVerified,
MinotaurSmall,a minotaur,Data/Scripts/Mobiles/Humanoids/Minotaurs/MinotaurSmall.cs,SourceVerified,
Minstrel,the bard,Data/Scripts/Mobiles/Humanoids/Humans/Minstrel.cs,SourceVerified,
Minter,the minter,Data/Scripts/Mobiles/Civilized/Vendors/Minter.cs,SourceVerified,
Mongbat,a mongbat,Data/Scripts/Mobiles/Humanoids/Mongbat.cs,SourceVerified,
Monk,,Data/Scripts/Mobiles/Civilized/Vendors/Monk.cs,SourceVerified,
Monkey,a monkey,Data/Scripts/Mobiles/Animals/Misc/Monkey.cs,SourceVerified,
Monks,,Data/Scripts/Mobiles/Humanoids/Humans/Monks.cs,SourceVerified,
MonsterGump,the gypsy,Data/Scripts/Mobiles/Civilized/ShardGreeter.cs,SourceVerified,
MonstrousSpider,a monstrous spider,Data/Scripts/Mobiles/Insects/Spiders/MonstrousSpider.cs,SourceVerified,
Moose,a moose,Data/Scripts/Mobiles/Animals/Misc/Moose.cs,SourceVerified,
Morlock,a morlock,Data/Scripts/Mobiles/Humanoids/Morlock.cs,SourceVerified,
MountItem,,Data/Scripts/Mobiles/Base/BaseMount.cs,SourceVerified,
MountainGiant,mountain giant sack the mountain giant,Data/Scripts/Mobiles/Goliaths/Giants/MountainGiant.cs,SourceVerified,
MountainGoat,a mountain goat,Data/Scripts/Mobiles/Animals/Misc/MountainGoat.cs,SourceVerified,
Mouse,a mouse,Data/Scripts/Mobiles/Animals/Rodents/Mouse.cs,SourceVerified,
MudElemental,a mud elemental,Data/Scripts/Mobiles/Elementals/Elementals/MudElemental.cs,SourceVerified,
MudMan,a mud man,Data/Scripts/Mobiles/Elementals/MudMan.cs,SourceVerified,
Mummy,a mummy,Data/Scripts/Mobiles/Undead/Mummy.cs,SourceVerified,
MummyGiant,pharaoh chest the colossal mummy,Data/Scripts/Mobiles/Undead/MummyGiant.cs,SourceVerified,
MummyLord,the ancient mummy,Data/Scripts/Mobiles/Undead/MummyLord.cs,SourceVerified,
Murk,Murk the Slayer of the Coast,Data/Scripts/Mobiles/Undead/Murk.cs,SourceVerified,
Mutant,a mutant,Data/Scripts/Mobiles/Constructs/Alien/Mutant.cs,SourceVerified,
MutantDaemon,the mutant daemon,Data/Scripts/Mobiles/Daemons/MutantDaemon.cs,SourceVerified,
MutantGargoyle,a mutant gargoyle,Data/Scripts/Mobiles/Gargoyles/MutantGargoyle.cs,SourceVerified,
MutantLizardman,the mutant lizardman,Data/Scripts/Mobiles/Humanoids/Lizardmen/MutantLizardman.cs,SourceVerified,
MutantMinotaur,a mutant minotaur,Data/Scripts/Mobiles/Humanoids/Minotaurs/MutantMinotaur.cs,SourceVerified,
MysticalFox,a mystical fox the mystic llama herder,Data/Scripts/Mobiles/Mystical/MysticalFox.cs,SourceVerified,
MythicalDealer,,Data/Scripts/Mobiles/Civilized/Teachers/Teacher_Mythical.cs,SourceVerified,
NPCRace,,Data/Scripts/Mobiles/Races/NPCRace.cs,SourceVerified,
Naga,a naga,Data/Scripts/Mobiles/Humanoids/Serpents/Naga.cs,SourceVerified,
Native,a tribesman,Data/Scripts/Mobiles/Humanoids/Savages/Native.cs,SourceVerified,
NativeArcher,a tribesman,Data/Scripts/Mobiles/Humanoids/Savages/NativeArcher.cs,SourceVerified,
NativeWitchDoctor,a tribesman witch doctor,Data/Scripts/Mobiles/Humanoids/Savages/NativeWitchDoctor.cs,SourceVerified,
Nazghoul,the nazghoul,Data/Scripts/Mobiles/Undead/Nazghoul.cs,SourceVerified,
Neanderthal,a neanderthal,Data/Scripts/Mobiles/Humanoids/Neanderthal.cs,SourceVerified,
NecroGreeter,tattered robe the Grounds Keeper,Data/Scripts/Mobiles/Civilized/NecroGreeter.cs,SourceVerified,
NecroGreeterEntry,tattered robe the Grounds Keeper,Data/Scripts/Mobiles/Civilized/NecroGreeter.cs,SourceVerified,
NecroMage,,Data/Scripts/Mobiles/Civilized/Vendors/NecroMage.cs,SourceVerified,
Necromancer,,Data/Scripts/Mobiles/Civilized/Vendors/Necromancer.cs,SourceVerified,
NecromancerGuildmaster,,Data/Scripts/Mobiles/Civilized/Guilds/NecromancerGuildmaster.cs,SourceVerified,
Necromental,a necromental,Data/Scripts/Mobiles/Elementals/Necromental.cs,SourceVerified,
NecroticHound,a necrotic hound,Data/Scripts/Mobiles/Undead/NecroticHound.cs,SourceVerified,
Neira,Neira the necromancer,Data/Scripts/Custom/Champions/Mobiles/Champs-UO/Neira.cs,SourceVerified,
Neptar,a neptar,Data/Scripts/Mobiles/Humanoids/Sea/Neptar.cs,SourceVerified,
NeptarWizard,a neptar wizard,Data/Scripts/Mobiles/Humanoids/Sea/NeptarWizard.cs,SourceVerified,
Nero,,Data/Scripts/Custom/Mobiles/Godfrey2026/Nero.cs,SourceVerified,
Nightmare,,Data/Scripts/Mobiles/Hellish/Nightmare.cs,SourceVerified,
Nosferatu,Nosferatu the Vampire,Data/Scripts/Custom/Champions/Mobiles/Champs-Prisons/Nosferatu.cs,SourceVerified,
ObsidianElemental,an obsidian elemental,Data/Scripts/Mobiles/Elementals/Gemmed/ObsidianElemental.cs,SourceVerified,
ObsidianStone,an obsidian elemental,Data/Scripts/Mobiles/Elementals/Gemmed/ObsidianElemental.cs,SourceVerified,
Ogre,an ogre,Data/Scripts/Mobiles/Goliaths/Ogres/Ogre.cs,SourceVerified,
OgreLord,an ogre lord,Data/Scripts/Mobiles/Goliaths/Ogres/OgreLord.cs,SourceVerified,
OgreMagi,an ogre magi,Data/Scripts/Mobiles/Goliaths/Ogres/OgreMagi.cs,SourceVerified,
OilSlick,an oil slick,Data/Scripts/Mobiles/Slimes/OilSlick.cs,SourceVerified,
OldKingWolfgang,Old King Wolfgang,Data/Scripts/Custom/Mobiles/Undead/OldKingWolfgang.cs,SourceVerified,
OldManWillow,,Data/Scripts/Custom/Mobiles/Godfrey2026/OldManWillow.cs,SourceVerified,
Olympus,,Data/Scripts/Custom/Mobiles/Godfrey2026/Olympus.cs,SourceVerified,
Oni,an oni,Data/Scripts/Custom/Champions/Mobiles/Minions/Oni.cs,SourceVerified,
OphidianArchmage,,Data/Scripts/Mobiles/Humanoids/Serpents/OphidianArchmage.cs,SourceVerified,
OphidianKnight,lethal venom sack,Data/Scripts/Mobiles/Humanoids/Serpents/OphidianKnight.cs,SourceVerified,
OphidianMage,,Data/Scripts/Mobiles/Humanoids/Serpents/OphidianMage.cs,SourceVerified,
OphidianMatriarch,an ophidian matriarch,Data/Scripts/Mobiles/Humanoids/Serpents/OphidianMatriarch.cs,SourceVerified,
OphidianWarrior,,Data/Scripts/Mobiles/Humanoids/Serpents/OphidianWarrior.cs,SourceVerified,
OppositionGroup,lantern the,Data/Scripts/Mobiles/Base/Behavior.cs,SourceVerified,
Orc,throwing stone the orc,Data/Scripts/Mobiles/Humanoids/Orcs/Orc.cs,SourceVerified,
OrcBomber,the orcish alchemist,Data/Scripts/Mobiles/Humanoids/Orcs/OrcBomber.cs,SourceVerified,
OrcCaptain,the orc warrior,Data/Scripts/Mobiles/Humanoids/Orcs/OrcCaptain.cs,SourceVerified,
OrcishLord,the orc warlord,Data/Scripts/Mobiles/Humanoids/Orcs/OrcishLord.cs,SourceVerified,
OrcishMage,the orc shaman,Data/Scripts/Mobiles/Humanoids/Orcs/OrcishMage.cs,SourceVerified,
Orcus,Orcus the Daemon Prince of Undead,Data/Scripts/Custom/Champions/Mobiles/Champs-Prisons/Orcus.cs,SourceVerified,
OrkDemigod,orkish war chest the ork demigod,Data/Scripts/Mobiles/Goliaths/OrkDemigod.cs,SourceVerified,
OrkMage,the ork wizard,Data/Scripts/Mobiles/Humanoids/Orcs/OrkMage.cs,SourceVerified,
OrkMonks,,Data/Scripts/Mobiles/Humanoids/Orcs/OrkMonks.cs,SourceVerified,
OrkRogue,,Data/Scripts/Mobiles/Humanoids/Orcs/OrkRogue.cs,SourceVerified,
OrkWarrior,,Data/Scripts/Mobiles/Humanoids/Orcs/OrkWarrior.cs,SourceVerified,
Orx,the orx warrior,Data/Scripts/Mobiles/Humanoids/Orcs/Orx.cs,SourceVerified,
OrxWarrior,the orx warlord,Data/Scripts/Mobiles/Humanoids/Orcs/OrxWarrior.cs,SourceVerified,
Ostrich,an ostrich,Data/Scripts/Mobiles/Animals/Birds/Ostrich.cs,SourceVerified,
Owlbear,an owlbear,Data/Scripts/Mobiles/Animals/Bears/Owlbear.cs,SourceVerified,
PackAnimal,a pack horse,Data/Scripts/Mobiles/Animals/Misc/PackHorse.cs,SourceVerified,
PackAnimalBackpackEntry,a pack horse,Data/Scripts/Mobiles/Animals/Misc/PackHorse.cs,SourceVerified,
PackBear,a pack bear,Data/Scripts/Mobiles/Animals/Bears/PackBear.cs,SourceVerified,
PackBeast,a pack animal,Data/Scripts/Mobiles/Civilized/Porters/Porter.cs,SourceVerified,
PackBeastItem,pack animal,Data/Scripts/Mobiles/Civilized/Porters/PorterItem.cs,SourceVerified,
PackHorse,a pack horse,Data/Scripts/Mobiles/Animals/Misc/PackHorse.cs,SourceVerified,
PackLlama,a pack llama,Data/Scripts/Mobiles/Animals/Misc/PackLlama.cs,SourceVerified,
PackMule,a pack mule,Data/Scripts/Mobiles/Animals/Misc/PackMule.cs,SourceVerified,
PackNecroHound,a pack hound,Data/Scripts/Mobiles/Animals/Misc/PackNecroHound.cs,SourceVerified,
PackNecroSpider,a pack spider,Data/Scripts/Mobiles/Animals/Misc/PackNecroSpider.cs,SourceVerified,
PackStegosaurus,a pack stegosaurus,Data/Scripts/Mobiles/Reptilian/Dinosaurs/PackStegosaurus.cs,SourceVerified,
PackTurtle,a pack turtle,Data/Scripts/Mobiles/Reptilian/PackTurtle.cs,SourceVerified,
Paladin,,Data/Scripts/Custom/Mobiles/Godfrey2026/Paladin.cs,SourceVerified,
PandaRiding,,Data/Scripts/Mobiles/Animals/Bears/PandaRiding.cs,SourceVerified,
Panther,a panther,Data/Scripts/Mobiles/Animals/Felines/Panther.cs,SourceVerified,
Paragon,,Data/Scripts/Mobiles/Base/Paragon.cs,SourceVerified,
PegasusRiding,,Data/Scripts/Mobiles/Mystical/PegasusRiding.cs,SourceVerified,
Penguin,a penguin,Data/Scripts/Mobiles/Animals/Birds/Penquin.cs,SourceVerified,
PestilentBandage,a pestilent bandage,Data/Scripts/Custom/Champions/Mobiles/Minions/PestilentBandage.cs,SourceVerified,
Phantom,a phantom,Data/Scripts/Mobiles/Undead/Phantom.cs,SourceVerified,
PhaseSpider,a phase spider,Data/Scripts/Mobiles/Insects/Spiders/PhaseSpider.cs,SourceVerified,
Phoenix,,Data/Scripts/Mobiles/Mystical/Phoenix.cs,SourceVerified,
Pig,a pig,Data/Scripts/Mobiles/Animals/Misc/Pig.cs,SourceVerified,
Pirate,Pirate,Data/Scripts/Custom/Mobiles/Pirates/Pirate.cs,SourceVerified,
PirateCaptain,the pirate captain,Data/Scripts/Mobiles/Humanoids/Sailors/Pirates/PirateCaptain.cs,SourceVerified,
PirateCrew,the pirate,Data/Scripts/Mobiles/Humanoids/Sailors/Pirates/PirateCrew.cs,SourceVerified,
PirateCrewBow,the pirate,Data/Scripts/Mobiles/Humanoids/Sailors/Pirates/PirateCrewBow.cs,SourceVerified,
PirateCrewMage,the pirate mage,Data/Scripts/Mobiles/Humanoids/Sailors/Pirates/PirateCrewMage.cs,SourceVerified,
PirateCult,of the Leviathan Cult,Data/Scripts/Mobiles/Humanoids/Sailors/Galleons/PirateCult.cs,SourceVerified,
PirateCyclops,the cyclopean pirate,Data/Scripts/Mobiles/Humanoids/Sailors/Galleons/PirateCyclops.cs,SourceVerified,
PirateDaemon,the daemon pirate,Data/Scripts/Mobiles/Humanoids/Sailors/Galleons/PirateDaemon.cs,SourceVerified,
PirateDarkLord,the dread pirate,Data/Scripts/Mobiles/Humanoids/Sailors/Galleons/PirateDarkLord.cs,SourceVerified,
PirateDemon,the demon captain,Data/Scripts/Mobiles/Humanoids/Sailors/Galleons/PirateDemon.cs,SourceVerified,
PirateDemoness,the daemoness pirate,Data/Scripts/Mobiles/Humanoids/Sailors/Galleons/PirateDemoness.cs,SourceVerified,
PirateDevil,the devil captain,Data/Scripts/Mobiles/Humanoids/Sailors/Galleons/PirateDevil.cs,SourceVerified,
PirateDragonogre,the dragonogre pirate,Data/Scripts/Mobiles/Humanoids/Sailors/Galleons/PirateDragonogre.cs,SourceVerified,
PirateDrow,the drow pirate,Data/Scripts/Mobiles/Humanoids/Sailors/Galleons/PirateDrow.cs,SourceVerified,
PirateEttinMage,the ettin pirate,Data/Scripts/Mobiles/Humanoids/Sailors/Galleons/PirateEttinMage.cs,SourceVerified,
PirateGargoyle,the gargoyle pirate,Data/Scripts/Mobiles/Humanoids/Sailors/Galleons/PirateGargoyle.cs,SourceVerified,
PirateGhost,the ghostly pirate,Data/Scripts/Mobiles/Humanoids/Sailors/Galleons/PirateGhost.cs,SourceVerified,
PirateGrathek,the grathek pirate,Data/Scripts/Mobiles/Humanoids/Sailors/Galleons/PirateGrathek.cs,SourceVerified,
PirateLand,the pirate,Data/Scripts/Mobiles/Humanoids/Sailors/Pirates/PirateLand.cs,SourceVerified,
PirateLich,the lich pirate,Data/Scripts/Mobiles/Humanoids/Sailors/Galleons/PirateLich.cs,SourceVerified,
PirateLichLord,the archlich pirate,Data/Scripts/Mobiles/Humanoids/Sailors/Galleons/PirateLichLord.cs,SourceVerified,
PirateMen,the sea pirate,Data/Scripts/Mobiles/Humanoids/Sailors/Galleons/PirateMen.cs,SourceVerified,
PirateMinotaur,the minotaur pirate,Data/Scripts/Mobiles/Humanoids/Sailors/Galleons/PirateMinotaur.cs,SourceVerified,
PirateNatives,Native Tunic the savage pirate,Data/Scripts/Mobiles/Humanoids/Sailors/Galleons/PirateNatives.cs,SourceVerified,
PirateOgreLord,the ogre pirate,Data/Scripts/Mobiles/Humanoids/Sailors/Galleons/PirateOgreLord.cs,SourceVerified,
PirateOphidian,the ophidian pirate,Data/Scripts/Mobiles/Humanoids/Sailors/Galleons/PirateOphidian.cs,SourceVerified,
PirateSakleth,the sakleth pirate,Data/Scripts/Mobiles/Humanoids/Sailors/Galleons/PirateSakleth.cs,SourceVerified,
PirateShipAddon,Pirate Ship,Data/Scripts/Mobiles/Humanoids/Sailors/Pirates/PirateShip.cs,SourceVerified,
PirateShipAddonDeed,Pirate Ship,Data/Scripts/Mobiles/Humanoids/Sailors/Pirates/PirateShip.cs,SourceVerified,
PirateSkeleton,the skeletal pirate,Data/Scripts/Mobiles/Humanoids/Sailors/Galleons/PirateSkeleton.cs,SourceVerified,
PirateSnakeMan,the serpyn pirate,Data/Scripts/Mobiles/Humanoids/Sailors/Galleons/PirateSnakeMan.cs,SourceVerified,
PirateSuccubus,the succubus captain,Data/Scripts/Mobiles/Humanoids/Sailors/Galleons/PirateSuccubus.cs,SourceVerified,
PirateTitan,the titanic pirate,Data/Scripts/Mobiles/Humanoids/Sailors/Galleons/PirateTitan.cs,SourceVerified,
PirateTroll,the troll pirate,Data/Scripts/Mobiles/Humanoids/Sailors/Galleons/PirateTroll.cs,SourceVerified,
PirateUndead,the zombie pirate,Data/Scripts/Mobiles/Humanoids/Sailors/Galleons/PirateUndead.cs,SourceVerified,
Pixie,the pixie,Data/Scripts/Mobiles/Mystical/Pixie.cs,SourceVerified,
Placeron,a placeron,Data/Scripts/Mobiles/Mystical/Placeron.cs,SourceVerified,
PlagueBeast,a plague beast,Data/Scripts/Custom/Champions/Mobiles/Minions/PlagueBeast.cs,SourceVerified,
PlagueBeastLord,a plague beast lord,Data/Scripts/Custom/Champions/Mobiles/Minions/PlagueBeastLord.cs,SourceVerified,
PlagueGod,Plague God,Data/Scripts/Custom/Mobiles/Daemons/PlagueGod.cs,SourceVerified,
PlagueSpawn,a plague spawn,Data/Scripts/Custom/Champions/Mobiles/Minions/PlagueSpawn.cs,SourceVerified,
PlayerBarkeeper,,Data/Scripts/Mobiles/Base/PlayerBarkeeper.cs,SourceVerified,
PlayerMobile,,Data/Scripts/Mobiles/Base/PlayerMobile.cs,SourceVerified,
PlayerVendor,Shop Not Yet Named,Data/Scripts/Mobiles/Base/PlayerVendor.cs,SourceVerified,
PlayerVendorPlaceholder,Shop Not Yet Named,Data/Scripts/Mobiles/Base/PlayerVendor.cs,SourceVerified,
PlayerVendorTargetAttribute,Shop Not Yet Named,Data/Scripts/Mobiles/Base/PlayerVendor.cs,SourceVerified,
PoisonBeetleRiding,lethal venom sack,Data/Scripts/Mobiles/Insects/Beetles/PoisonBeetleRiding.cs,SourceVerified,
PoisonCloud,a poison cloud,Data/Scripts/Mobiles/Elementals/PoisonCloud.cs,SourceVerified,
PoisonElemental,a poison elemental,Data/Scripts/Mobiles/Elementals/Elementals/PoisonElemental.cs,SourceVerified,
PoisonFrog,a marsh frog,Data/Scripts/Mobiles/Reptilian/Frogs/PoisonFrog.cs,SourceVerified,
PolarBear,,Data/Scripts/Mobiles/Animals/Bears/PolarBear.cs,SourceVerified,
PowerDealer,,Data/Scripts/Mobiles/Civilized/Teachers/Teacher_Power.cs,SourceVerified,
PredatorAI,lantern the,Data/Scripts/Mobiles/Base/Behavior.cs,SourceVerified,
PredatorHellCatRiding,,Data/Scripts/Mobiles/Animals/Felines/PredatorHellCatRiding.cs,SourceVerified,
PresetMapBuyInfo,,Data/Scripts/Mobiles/Base/PresetMapBuy.cs,SourceVerified,
Priest,the priest,Data/Scripts/Mobiles/Civilized/Priest.cs,SourceVerified,
PrimevalAbysmalDragon,the abysmal dragon,Data/Scripts/Mobiles/Dragons/Primeval/PrimevalAbysmalDragon.cs,SourceVerified,
PrimevalAmberDragon,the primeval amber dragon,Data/Scripts/Mobiles/Dragons/Primeval/PrimevalAmberDragon.cs,SourceVerified,
PrimevalBlackDragon,the primeval black dragon,Data/Scripts/Mobiles/Dragons/Primeval/PrimevalBlackDragon.cs,SourceVerified,
PrimevalDragon,the primeval dragon,Data/Scripts/Mobiles/Dragons/Primeval/PrimevalDragon.cs,SourceVerified,
PrimevalFireDragon,the primeval fire dragon,Data/Scripts/Mobiles/Dragons/Primeval/PrimevalFireDragon.cs,SourceVerified,
PrimevalGreenDragon,the primeval green dragon,Data/Scripts/Mobiles/Dragons/Primeval/PrimevalGreenDragon.cs,SourceVerified,
PrimevalNightDragon,the night dragon,Data/Scripts/Mobiles/Dragons/Primeval/PrimevalNightDragon.cs,SourceVerified,
PrimevalRedDragon,the primeval red dragon,Data/Scripts/Mobiles/Dragons/Primeval/PrimevalRedDragon.cs,SourceVerified,
PrimevalRoyalDragon,the royal dragon,Data/Scripts/Mobiles/Dragons/Primeval/PrimevalRoyalDragon.cs,SourceVerified,
PrimevalRunicDragon,the rune dragon,Data/Scripts/Mobiles/Dragons/Primeval/PrimevalRunicDragon.cs,SourceVerified,
PrimevalSeaDragon,the primeval sea dragon,Data/Scripts/Mobiles/Dragons/Primeval/PrimevalSeaDragon.cs,SourceVerified,
PrimevalSilverDragon,the primeval silver dragon,Data/Scripts/Mobiles/Dragons/Primeval/PrimevalSilverDragon.cs,SourceVerified,
PrimevalStygianDragon,the stygian dragon,Data/Scripts/Mobiles/Dragons/Primeval/PrimevalStygianDragon.cs,SourceVerified,
PrimevalVolcanicDragon,the cinder dragon,Data/Scripts/Mobiles/Dragons/Primeval/PrimevalVolcanicDragon.cs,SourceVerified,
Provisioner,,Data/Scripts/Mobiles/Civilized/Vendors/Provisioner.cs,SourceVerified,
Psionicist,the psychic of the bomb,Data/Scripts/Mobiles/Humanoids/Aliens/Psionicist.cs,SourceVerified,
Quagmire,a quagmire,Data/Scripts/Mobiles/Plants/Quagmire.cs,SourceVerified,
QuartzElemental,a quartz elemental,Data/Scripts/Mobiles/Elementals/Gemmed/QuartzElemental.cs,SourceVerified,
RSBoardsGhost,,Data/Scripts/Mobiles/Base/StoreSalesList.cs,SourceVerified,
RSBoardsMain,,Data/Scripts/Mobiles/Base/StoreSalesList.cs,SourceVerified,
RSBoardsSea,,Data/Scripts/Mobiles/Base/StoreSalesList.cs,SourceVerified,
RSBoardsUnderworld,,Data/Scripts/Mobiles/Base/StoreSalesList.cs,SourceVerified,
RSBottles,,Data/Scripts/Mobiles/Base/StoreSalesList.cs,SourceVerified,
RSCloth,,Data/Scripts/Mobiles/Base/StoreSalesList.cs,SourceVerified,
RSHidesDead,,Data/Scripts/Mobiles/Base/StoreSalesList.cs,SourceVerified,
RSHidesDino,,Data/Scripts/Mobiles/Base/StoreSalesList.cs,SourceVerified,
RSHidesMain,,Data/Scripts/Mobiles/Base/StoreSalesList.cs,SourceVerified,
RSHidesSea,,Data/Scripts/Mobiles/Base/StoreSalesList.cs,SourceVerified,
RSHidesUnderworld,,Data/Scripts/Mobiles/Base/StoreSalesList.cs,SourceVerified,
RSIngotsMain,,Data/Scripts/Mobiles/Base/StoreSalesList.cs,SourceVerified,
RSIngotsSavagedEmpire,,Data/Scripts/Mobiles/Base/StoreSalesList.cs,SourceVerified,
RSIngotsSea,,Data/Scripts/Mobiles/Base/StoreSalesList.cs,SourceVerified,
RSIngotsSerpentIsland,,Data/Scripts/Mobiles/Base/StoreSalesList.cs,SourceVerified,
RSIngotsUmberVeil,,Data/Scripts/Mobiles/Base/StoreSalesList.cs,SourceVerified,
RSIngotsUnderworld,,Data/Scripts/Mobiles/Base/StoreSalesList.cs,SourceVerified,
RSJars,,Data/Scripts/Mobiles/Base/StoreSalesList.cs,SourceVerified,
RSLeatherDead,,Data/Scripts/Mobiles/Base/StoreSalesList.cs,SourceVerified,
RSLeatherDino,,Data/Scripts/Mobiles/Base/StoreSalesList.cs,SourceVerified,
RSLeatherMain,,Data/Scripts/Mobiles/Base/StoreSalesList.cs,SourceVerified,
RSLeatherSea,,Data/Scripts/Mobiles/Base/StoreSalesList.cs,SourceVerified,
RSLeatherUnderworld,,Data/Scripts/Mobiles/Base/StoreSalesList.cs,SourceVerified,
RSLogsGhost,,Data/Scripts/Mobiles/Base/StoreSalesList.cs,SourceVerified,
RSLogsMain,,Data/Scripts/Mobiles/Base/StoreSalesList.cs,SourceVerified,
RSLogsSea,,Data/Scripts/Mobiles/Base/StoreSalesList.cs,SourceVerified,
RSLogsUnderworld,,Data/Scripts/Mobiles/Base/StoreSalesList.cs,SourceVerified,
RSOreMain,,Data/Scripts/Mobiles/Base/StoreSalesList.cs,SourceVerified,
RSOreSea,,Data/Scripts/Mobiles/Base/StoreSalesList.cs,SourceVerified,
RSOreSerpentIsland,,Data/Scripts/Mobiles/Base/StoreSalesList.cs,SourceVerified,
RSOreUnderworld,,Data/Scripts/Mobiles/Base/StoreSalesList.cs,SourceVerified,
RSScrolls,,Data/Scripts/Mobiles/Base/StoreSalesList.cs,SourceVerified,
Rabbit,a rabbit,Data/Scripts/Mobiles/Animals/Rodents/Rabbit.cs,SourceVerified,
RacePotions,gypsy potion shelf,Data/Scripts/Mobiles/Races/RacePotions.cs,SourceVerified,
RacePotionsGump,gypsy potion shelf,Data/Scripts/Mobiles/Races/RacePotions.cs,SourceVerified,
RadiationDragon,irradiated chest the irradiated dragon,Data/Scripts/Mobiles/Dragons/Great Dragons/RadiationDragon.cs,SourceVerified,
RagingGrizzlyBear,a raging grizzly bear,Data/Scripts/Custom/Champions/Mobiles/Minions/RagingGrizzlyBear.cs,SourceVerified,
Ramadon,,Data/Scripts/Mobiles/Animals/Misc/Ramadon.cs,SourceVerified,
Rancher,,Data/Scripts/Mobiles/Civilized/Vendors/Rancher.cs,SourceVerified,
RandomSerpent,an anaconda,Data/Scripts/Mobiles/Reptilian/Snakes/RandomSerpent.cs,SourceVerified,
Ranger,,Data/Scripts/Mobiles/Civilized/Vendors/Ranger.cs,SourceVerified,
RangerGuildmaster,,Data/Scripts/Mobiles/Civilized/Guilds/RangerGuildmaster.cs,SourceVerified,
RangerOfTheBritainMilitia,of the Britain Militia,Data/Scripts/Custom/Mobiles/Civilized/RangerOfTheBritainMilitia.cs,SourceVerified,
RaptorRiding,a darkrazor,Data/Scripts/Mobiles/Reptilian/Dinosaurs/RaptorRiding.cs,SourceVerified,
Raptus,a raptus,Data/Scripts/Mobiles/Reptilian/Sea/Raptus.cs,SourceVerified,
Rat,a rat,Data/Scripts/Mobiles/Animals/Rodents/Rat.cs,SourceVerified,
Ratman,the ratman,Data/Scripts/Mobiles/Humanoids/Ratmen/Ratman.cs,SourceVerified,
RatmanArcher,throwing dagger the ratling,Data/Scripts/Mobiles/Humanoids/Ratmen/RatmanArcher.cs,SourceVerified,
RatmanMage,the ratman shaman,Data/Scripts/Mobiles/Humanoids/Ratmen/RatmanMage.cs,SourceVerified,
Rattlebones,Rattlebones,Data/Scripts/Custom/Mobiles/Undead/Rattlebones.cs,SourceVerified,
RavenousRiding,,Data/Scripts/Mobiles/Reptilian/Dinosaurs/RavenousRiding.cs,SourceVerified,
RealEstateBroker,,Data/Scripts/Mobiles/Civilized/Vendors/RealEstateBroker.cs,SourceVerified,
ReanimatedDragon,the reanimated dragon,Data/Scripts/Mobiles/Dragons/Primeval/ReanimatedDragon.cs,SourceVerified,
Reaper,a reaper,Data/Scripts/Mobiles/Plants/Reaper.cs,SourceVerified,
RedDeath,Red Death,Data/Scripts/Custom/Mobiles/Undead/RedDeath.cs,SourceVerified,
RedSonja,Red Sonja,Data/Scripts/Custom/Champions/Mobiles/Champs-Prisons/RedSonja.cs,SourceVerified,
RentedVendor,,Data/Scripts/Mobiles/Base/RentedVendor.cs,SourceVerified,
Reptalar,the reptalar,Data/Scripts/Mobiles/Humanoids/Lizardmen/Reptalar.cs,SourceVerified,
ReptalarChieftain,the reptalar chieftain,Data/Scripts/Mobiles/Humanoids/Lizardmen/ReptalarChieftain.cs,SourceVerified,
ReptalarShaman,the reptalar shaman,Data/Scripts/Mobiles/Humanoids/Lizardmen/ReptalarShaman.cs,SourceVerified,
Reptalon,,Data/Scripts/Mobiles/Mystical/Reptalon.cs,SourceVerified,
Reptaur,the reptaur,Data/Scripts/Mobiles/Humanoids/Lizardmen/Reptaur.cs,SourceVerified,
ResignEntry,,Data/Scripts/Mobiles/Base/BaseGuildmaster.cs,SourceVerified,
RestlessSoul,restless soul,Data/Scripts/Mobiles/Undead/RestlessSoul.cs,SourceVerified,
Revenant,a revenant,Data/Scripts/Mobiles/Undead/Revenant.cs,SourceVerified,
RevenantLion,an undead lion,Data/Scripts/Mobiles/Undead/RevenantLion.cs,SourceVerified,
RidableLlama,,Data/Scripts/Mobiles/Animals/Mounts/RidableLlama.cs,SourceVerified,
RideablePolarBear,ethereal horse,Data/Scripts/Mobiles/Animals/Mounts/Ethereals.cs,SourceVerified,
Ridgeback,,Data/Scripts/Mobiles/Reptilian/Ridgeback.cs,SourceVerified,
RidingDragon,rusted item,Data/Scripts/Mobiles/Dragons/Dragons/RidingDragon.cs,SourceVerified,
RidingGump,,Data/Scripts/Mobiles/Civilized/Vendors/Veterinarian.cs,SourceVerified,
RidingGumpEntry,,Data/Scripts/Mobiles/Civilized/Vendors/AnimalTrainer.cs,SourceVerified,
Rikktor,Rikktor,Data/Scripts/Custom/Champions/Mobiles/Champs-UO/Rikktor.cs,SourceVerified,
Roc,,Data/Scripts/Mobiles/Animals/Mounts/Roc.cs,SourceVerified,
RockHit,rock,Data/Scripts/Mobiles/Civilized/Citizens/TradesmanMiner.cs,SourceVerified,
Rogue,,Data/Scripts/Mobiles/Humanoids/Humans/Rogue.cs,SourceVerified,
Roper,a roper,Data/Scripts/Mobiles/Unusual/Roper.cs,SourceVerified,
Roscoe,Roscoe,Data/Scripts/Mobiles/Civilized/Special/Roscoe.cs,SourceVerified,
RottingCorpse,the ancient zombie,Data/Scripts/Mobiles/Undead/RottingCorpse.cs,SourceVerified,
RottingMinotaur,a rotting minotaur,Data/Scripts/Mobiles/Undead/RottingMinotaur.cs,SourceVerified,
RottingSquid,a rotting squid,Data/Scripts/Mobiles/Undead/RottingSquid.cs,SourceVerified,
RoyalSphinx,a royal sphinx,Data/Scripts/Mobiles/Mystical/RoyalSphinx.cs,SourceVerified,
RoyalSwordmaster,Royal Swordmaster,Data/Scripts/Custom/Mobiles/Undead/RoyalSwordmaster.cs,SourceVerified,
RuneBeetle,a rune beetle,Data/Scripts/Mobiles/Insects/Beetles/RuneBeetle.cs,SourceVerified,
RuneGuardian,a sentinel,Data/Scripts/Mobiles/Unique/RuneGuardian.cs,SourceVerified,
RuneKnight,Runeblade,Data/Scripts/Custom/Mobiles/Undead/RuneKnight.cs,SourceVerified,
RuneOnCorpse,a sentinel,Data/Scripts/Mobiles/Unique/RuneGuardian.cs,SourceVerified,
RunicGolem,a runic golem,Data/Scripts/Mobiles/Constructs/Golems/RunicGolem.cs,SourceVerified,
RustGolem,a rust golem,Data/Scripts/Mobiles/Constructs/Golems/RustGolem.cs,SourceVerified,
SBAlchemist,,Data/Scripts/Mobiles/Base/StoreSalesList.cs,SourceVerified,
SBAlchemistGuild,,Data/Scripts/Mobiles/Base/StoreSalesList.cs,SourceVerified,
SBAnimalTrainer,,Data/Scripts/Mobiles/Base/StoreSalesList.cs,SourceVerified,
SBArcherGuild,,Data/Scripts/Mobiles/Base/StoreSalesList.cs,SourceVerified,
SBArchitect,,Data/Scripts/Mobiles/Base/StoreSalesList.cs,SourceVerified,
SBArtyReview,,Data/Scripts/Mobiles/Base/StoreSalesList.cs,SourceVerified,
SBAssassin,,Data/Scripts/Mobiles/Base/StoreSalesList.cs,SourceVerified,
SBAxeWeapon,,Data/Scripts/Mobiles/Base/StoreSalesList.cs,SourceVerified,
SBBaker,,Data/Scripts/Mobiles/Base/StoreSalesList.cs,SourceVerified,
SBBanker,,Data/Scripts/Mobiles/Base/StoreSalesList.cs,SourceVerified,
SBBarbarianAnimalTrainer,,Data/Scripts/Mobiles/Base/StoreSalesList.cs,SourceVerified,
SBBard,,Data/Scripts/Mobiles/Base/StoreSalesList.cs,SourceVerified,
SBBardGuild,,Data/Scripts/Mobiles/Base/StoreSalesList.cs,SourceVerified,
SBBarkeeper,,Data/Scripts/Mobiles/Base/StoreSalesList.cs,SourceVerified,
SBBeekeeper,,Data/Scripts/Mobiles/Base/StoreSalesList.cs,SourceVerified,
SBBlacksmith,,Data/Scripts/Mobiles/Base/StoreSalesList.cs,SourceVerified,
SBBlacksmithGuild,,Data/Scripts/Mobiles/Base/StoreSalesList.cs,SourceVerified,
SBBowyer,,Data/Scripts/Mobiles/Base/StoreSalesList.cs,SourceVerified,
SBBrewer,,Data/Scripts/Custom/Vhaerun's CRL Homestead System [2.0]/Vhaerun's CRL Brewing/Mobiles/SBBrewer.cs,SourceVerified,
SBButcher,,Data/Scripts/Mobiles/Base/StoreSalesList.cs,SourceVerified,
SBBuyArtifacts,,Data/Scripts/Mobiles/Base/StoreSalesList.cs,SourceVerified,
SBCarpenter,,Data/Scripts/Mobiles/Base/StoreSalesList.cs,SourceVerified,
SBCarpenterGuild,,Data/Scripts/Mobiles/Base/StoreSalesList.cs,SourceVerified,
SBCartographer,,Data/Scripts/Mobiles/Base/StoreSalesList.cs,SourceVerified,
SBChainmailArmor,,Data/Scripts/Mobiles/Base/StoreSalesList.cs,SourceVerified,
SBCobbler,,Data/Scripts/Mobiles/Base/StoreSalesList.cs,SourceVerified,
SBCook,,Data/Scripts/Mobiles/Base/StoreSalesList.cs,SourceVerified,
SBDeadAnimalTrainer,,Data/Scripts/Mobiles/Base/StoreSalesList.cs,SourceVerified,
SBDevon,,Data/Scripts/Mobiles/Base/StoreSalesList.cs,SourceVerified,
SBDruid,,Data/Scripts/Mobiles/Base/StoreSalesList.cs,SourceVerified,
SBDruidGuild,,Data/Scripts/Mobiles/Base/StoreSalesList.cs,SourceVerified,
SBDruidTree,,Data/Scripts/Mobiles/Base/StoreSalesList.cs,SourceVerified,
SBElementalGuild,,Data/Scripts/Mobiles/Base/StoreSalesList.cs,SourceVerified,
SBElementalist,,Data/Scripts/Mobiles/Base/StoreSalesList.cs,SourceVerified,
SBElfAnimalTrainer,,Data/Scripts/Mobiles/Base/StoreSalesList.cs,SourceVerified,
SBElfHealer,,Data/Scripts/Mobiles/Base/StoreSalesList.cs,SourceVerified,
SBElfRares,,Data/Scripts/Mobiles/Base/StoreSalesList.cs,SourceVerified,
SBElfWizard,,Data/Scripts/Mobiles/Base/StoreSalesList.cs,SourceVerified,
SBEnchanter,,Data/Scripts/Mobiles/Base/StoreSalesList.cs,SourceVerified,
SBEthereal,Ethereal Guide,Data/Scripts/Mobiles/Civilized/Vendors/EtherealDealer.cs,SourceVerified,
SBFarmer,,Data/Scripts/Mobiles/Base/StoreSalesList.cs,SourceVerified,
SBFisherman,,Data/Scripts/Mobiles/Base/StoreSalesList.cs,SourceVerified,
SBFortuneTeller,,Data/Scripts/Mobiles/Base/StoreSalesList.cs,SourceVerified,
SBFurtrader,,Data/Scripts/Mobiles/Base/StoreSalesList.cs,SourceVerified,
SBGardener,,Data/Scripts/Custom/Vhaerun's CRL Homestead System [2.0]/Vhaerun's CRL Crops/Mobiles/SBGardener.cs,SourceVerified,
SBGargoyleAnimalTrainer,,Data/Scripts/Mobiles/Base/StoreSalesList.cs,SourceVerified,
SBGemArmor,,Data/Scripts/Mobiles/Base/StoreSalesList.cs,SourceVerified,
SBGlassblower,,Data/Scripts/Mobiles/Base/StoreSalesList.cs,SourceVerified,
SBGodlyBrewing,,Data/Scripts/Mobiles/Base/StoreSalesList.cs,SourceVerified,
SBGodlySewing,,Data/Scripts/Mobiles/Base/StoreSalesList.cs,SourceVerified,
SBGodlySmithing,,Data/Scripts/Mobiles/Base/StoreSalesList.cs,SourceVerified,
SBHairStylist,,Data/Scripts/Mobiles/Base/StoreSalesList.cs,SourceVerified,
SBHealer,,Data/Scripts/Mobiles/Base/StoreSalesList.cs,SourceVerified,
SBHealerGuild,,Data/Scripts/Mobiles/Base/StoreSalesList.cs,SourceVerified,
SBHelmetArmor,,Data/Scripts/Mobiles/Base/StoreSalesList.cs,SourceVerified,
SBHerbalist,,Data/Scripts/Mobiles/Base/StoreSalesList.cs,SourceVerified,
SBHighSeas,,Data/Scripts/Mobiles/Base/StoreSalesList.cs,SourceVerified,
SBHolidayDeco,,Data/Scripts/Mobiles/Base/StoreSalesList.cs,SourceVerified,
SBHolidayHalloween,,Data/Scripts/Mobiles/Base/StoreSalesList.cs,SourceVerified,
SBHolidayXmas,,Data/Scripts/Mobiles/Base/StoreSalesList.cs,SourceVerified,
SBHolyMage,,Data/Scripts/Mobiles/Base/StoreSalesList.cs,SourceVerified,
SBHouseDeed,,Data/Scripts/Mobiles/Base/StoreSalesList.cs,SourceVerified,
SBHumanAnimalTrainer,,Data/Scripts/Mobiles/Base/StoreSalesList.cs,SourceVerified,
SBInfo,,Data/Scripts/Mobiles/Base/StoreSalesList.cs,SourceVerified,
SBInnKeeper,,Data/Scripts/Mobiles/Base/StoreSalesList.cs,SourceVerified,
SBJester,,Data/Scripts/Mobiles/Base/StoreSalesList.cs,SourceVerified,
SBJewel,,Data/Scripts/Mobiles/Base/StoreSalesList.cs,SourceVerified,
SBJuiceMaker,,Data/Scripts/Custom/Vhaerun's CRL Homestead System [2.0]/Vhaerun's CRL Juicing/Mobiles/SBJuiceMaker.cs,SourceVerified,
SBKeeperOfChivalry,,Data/Scripts/Mobiles/Base/StoreSalesList.cs,SourceVerified,
SBKnifeWeapon,,Data/Scripts/Mobiles/Base/StoreSalesList.cs,SourceVerified,
SBKungFu,,Data/Scripts/Mobiles/Base/StoreSalesList.cs,SourceVerified,
SBLeatherArmor,,Data/Scripts/Mobiles/Base/StoreSalesList.cs,SourceVerified,
SBLeatherWorker,,Data/Scripts/Mobiles/Base/StoreSalesList.cs,SourceVerified,
SBLibraryGuild,,Data/Scripts/Mobiles/Base/StoreSalesList.cs,SourceVerified,
SBLotsOfArrows,,Data/Scripts/Mobiles/Base/StoreSalesList.cs,SourceVerified,
SBMaceWeapon,,Data/Scripts/Mobiles/Base/StoreSalesList.cs,SourceVerified,
SBMage,,Data/Scripts/Mobiles/Base/StoreSalesList.cs,SourceVerified,
SBMageGuild,,Data/Scripts/Mobiles/Base/StoreSalesList.cs,SourceVerified,
SBMapmaker,,Data/Scripts/Mobiles/Base/StoreSalesList.cs,SourceVerified,
SBMasterCook,,Data/Scripts/Custom/Vhaerun's CRL Homestead System [2.0]/Vhaerun's CRL Cooking/Mobiles/SBMasterCook.cs,SourceVerified,
SBMazeStore,,Data/Scripts/Mobiles/Base/StoreSalesList.cs,SourceVerified,
SBMetalShields,,Data/Scripts/Mobiles/Base/StoreSalesList.cs,SourceVerified,
SBMiller,,Data/Scripts/Mobiles/Base/StoreSalesList.cs,SourceVerified,
SBMiner,,Data/Scripts/Mobiles/Base/StoreSalesList.cs,SourceVerified,
SBMinerGuild,,Data/Scripts/Mobiles/Base/StoreSalesList.cs,SourceVerified,
SBMixologist,,Data/Scripts/Mobiles/Base/StoreSalesList.cs,SourceVerified,
SBMonk,,Data/Scripts/Mobiles/Base/StoreSalesList.cs,SourceVerified,
SBMortician,,Data/Scripts/Mobiles/Base/StoreSalesList.cs,SourceVerified,
SBNecroGuild,,Data/Scripts/Mobiles/Base/StoreSalesList.cs,SourceVerified,
SBNecroMage,,Data/Scripts/Mobiles/Base/StoreSalesList.cs,SourceVerified,
SBNecromancer,,Data/Scripts/Mobiles/Base/StoreSalesList.cs,SourceVerified,
SBOrkAnimalTrainer,,Data/Scripts/Mobiles/Base/StoreSalesList.cs,SourceVerified,
SBPaganReagents,,Data/Scripts/Mobiles/Base/StoreSalesList.cs,SourceVerified,
SBPlateArmor,,Data/Scripts/Mobiles/Base/StoreSalesList.cs,SourceVerified,
SBPlayerBarkeeper,,Data/Scripts/Mobiles/Base/StoreSalesList.cs,SourceVerified,
SBPoleArmWeapon,,Data/Scripts/Mobiles/Base/StoreSalesList.cs,SourceVerified,
SBProvisioner,,Data/Scripts/Mobiles/Base/StoreSalesList.cs,SourceVerified,
SBRancher,,Data/Scripts/Mobiles/Base/StoreSalesList.cs,SourceVerified,
SBRangedWeapon,,Data/Scripts/Mobiles/Base/StoreSalesList.cs,SourceVerified,
SBRanger,,Data/Scripts/Mobiles/Base/StoreSalesList.cs,SourceVerified,
SBRealEstateBroker,,Data/Scripts/Mobiles/Base/StoreSalesList.cs,SourceVerified,
SBRingmailArmor,,Data/Scripts/Mobiles/Base/StoreSalesList.cs,SourceVerified,
SBRoscoe,,Data/Scripts/Mobiles/Base/StoreSalesList.cs,SourceVerified,
SBRuneCasting,,Data/Scripts/Mobiles/Base/StoreSalesList.cs,SourceVerified,
SBSEArmor,,Data/Scripts/Mobiles/Base/StoreSalesList.cs,SourceVerified,
SBSEBowyer,,Data/Scripts/Mobiles/Base/StoreSalesList.cs,SourceVerified,
SBSECarpenter,,Data/Scripts/Mobiles/Base/StoreSalesList.cs,SourceVerified,
SBSECook,,Data/Scripts/Mobiles/Base/StoreSalesList.cs,SourceVerified,
SBSEFood,,Data/Scripts/Mobiles/Base/StoreSalesList.cs,SourceVerified,
SBSEHats,,Data/Scripts/Mobiles/Base/StoreSalesList.cs,SourceVerified,
SBSELeatherArmor,,Data/Scripts/Mobiles/Base/StoreSalesList.cs,SourceVerified,
SBSEWeapons,,Data/Scripts/Mobiles/Base/StoreSalesList.cs,SourceVerified,
SBSage,,Data/Scripts/Mobiles/Base/StoreSalesList.cs,SourceVerified,
SBSailor,,Data/Scripts/Mobiles/Base/StoreSalesList.cs,SourceVerified,
SBSailorGuild,,Data/Scripts/Mobiles/Base/StoreSalesList.cs,SourceVerified,
SBScaryDeco,,Data/Scripts/Mobiles/Base/StoreSalesList.cs,SourceVerified,
SBScribe,,Data/Scripts/Mobiles/Base/StoreSalesList.cs,SourceVerified,
SBShipwright,,Data/Scripts/Mobiles/Base/StoreSalesList.cs,SourceVerified,
SBSmithTools,,Data/Scripts/Mobiles/Base/StoreSalesList.cs,SourceVerified,
SBSpearForkWeapon,,Data/Scripts/Mobiles/Base/StoreSalesList.cs,SourceVerified,
SBStavesWeapon,,Data/Scripts/Mobiles/Base/StoreSalesList.cs,SourceVerified,
SBStoneCrafter,,Data/Scripts/Mobiles/Base/StoreSalesList.cs,SourceVerified,
SBStuddedArmor,,Data/Scripts/Mobiles/Base/StoreSalesList.cs,SourceVerified,
SBSwordWeapon,,Data/Scripts/Mobiles/Base/StoreSalesList.cs,SourceVerified,
SBTailor,,Data/Scripts/Mobiles/Base/StoreSalesList.cs,SourceVerified,
SBTailorGuild,,Data/Scripts/Mobiles/Base/StoreSalesList.cs,SourceVerified,
SBTanner,,Data/Scripts/Mobiles/Base/StoreSalesList.cs,SourceVerified,
SBTavernKeeper,,Data/Scripts/Mobiles/Base/StoreSalesList.cs,SourceVerified,
SBThief,,Data/Scripts/Mobiles/Base/StoreSalesList.cs,SourceVerified,
SBThiefGuild,,Data/Scripts/Mobiles/Base/StoreSalesList.cs,SourceVerified,
SBTinker,,Data/Scripts/Mobiles/Base/StoreSalesList.cs,SourceVerified,
SBTinkerGuild,,Data/Scripts/Mobiles/Base/StoreSalesList.cs,SourceVerified,
SBUndertaker,,Data/Scripts/Mobiles/Base/StoreSalesList.cs,SourceVerified,
SBVagabond,,Data/Scripts/Mobiles/Base/StoreSalesList.cs,SourceVerified,
SBVarietyDealer,,Data/Scripts/Mobiles/Base/StoreSalesList.cs,SourceVerified,
SBVeterinarian,,Data/Scripts/Mobiles/Base/StoreSalesList.cs,SourceVerified,
SBVintner,,Data/Scripts/Custom/Vhaerun's CRL Homestead System [2.0]/Dracana's Winecrafting [2.0]/Mobiles/SBVintner.cs,SourceVerified,
SBWaiter,,Data/Scripts/Mobiles/Base/StoreSalesList.cs,SourceVerified,
SBWarriorGuild,,Data/Scripts/Mobiles/Base/StoreSalesList.cs,SourceVerified,
SBWeaponSmith,,Data/Scripts/Mobiles/Base/StoreSalesList.cs,SourceVerified,
SBWeaver,,Data/Scripts/Mobiles/Base/StoreSalesList.cs,SourceVerified,
SBWinecrafter,,Data/Scripts/Custom/Vhaerun's CRL Homestead System [2.0]/Dracana's Winecrafting [2.0]/Mobiles/SBWinecrafter.cs,SourceVerified,
SBWitches,,Data/Scripts/Mobiles/Base/StoreSalesList.cs,SourceVerified,
SBWoodenShields,,Data/Scripts/Mobiles/Base/StoreSalesList.cs,SourceVerified,
SabreclawCub,a sabreclaw cub,Data/Scripts/Mobiles/Animals/Bears/SabreclawCub.cs,SourceVerified,
SabretoothBearRiding,,Data/Scripts/Mobiles/Animals/Bears/SabretoothBearRiding.cs,SourceVerified,
SabretoothCub,a sabretooth cub,Data/Scripts/Mobiles/Animals/Felines/SabretoothCub.cs,SourceVerified,
SabretoothTigerRiding,,Data/Scripts/Mobiles/Animals/Felines/SabretoothTigerRiding.cs,SourceVerified,
Sage,a useless stick,Data/Scripts/Mobiles/Civilized/Vendors/Sage.cs,SourceVerified,
SailorAngel,the angelic captain,Data/Scripts/Mobiles/Humanoids/Sailors/Galleons/SailorAngel.cs,SourceVerified,
SailorAngelLord,the angelic admiral,Data/Scripts/Mobiles/Humanoids/Sailors/Galleons/SailorAngelLord.cs,SourceVerified,
SailorElf,the ship captain,Data/Scripts/Mobiles/Humanoids/Sailors/Galleons/SailorElf.cs,SourceVerified,
SailorElfGuards,,Data/Scripts/Mobiles/Humanoids/Sailors/Galleons/SailorElfGuards.cs,SourceVerified,
SailorGuards,,Data/Scripts/Mobiles/Humanoids/Sailors/Galleons/SailorGuards.cs,SourceVerified,
SailorMerchant,the ship captain,Data/Scripts/Mobiles/Humanoids/Sailors/Galleons/SailorMerchant.cs,SourceVerified,
SailorOrkGuards,,Data/Scripts/Mobiles/Humanoids/Sailors/Galleons/SailorOrkGuards.cs,SourceVerified,
Sakleth,sakkhra spear the sakkhra,Data/Scripts/Mobiles/Humanoids/Lizardmen/Sakleth.cs,SourceVerified,
SaklethArcher,throwing dagger the sakkhra,Data/Scripts/Mobiles/Humanoids/Lizardmen/SaklethArcher.cs,SourceVerified,
SaklethMage,sakkhra staff the sakkhra priest,Data/Scripts/Mobiles/Humanoids/Lizardmen/SaklethMage.cs,SourceVerified,
SandGiant,sapphire chest the sand giant,Data/Scripts/Mobiles/Goliaths/Giants/SandGiant.cs,SourceVerified,
SandSerpyn,a serpyn,Data/Scripts/Mobiles/Humanoids/Serpents/SandSerpyn.cs,SourceVerified,
SandSpider,a sand spider,Data/Scripts/Mobiles/Insects/Spiders/SandSpider.cs,SourceVerified,
SandVortex,a sand vortex,Data/Scripts/Mobiles/Elementals/SandVortex.cs,SourceVerified,
SapphireElemental,a sapphire elemental,Data/Scripts/Mobiles/Elementals/Gemmed/SapphireElemental.cs,SourceVerified,
Saruman,Saruman the White,Data/Scripts/Custom/Champions/Mobiles/Champs-Prisons/Saruman.cs,SourceVerified,
Satan,Satan the devil lord,Data/Scripts/Mobiles/Daemons/Satan.cs,SourceVerified,
Satyr,a satyr,Data/Scripts/Mobiles/Mystical/Satyr.cs,SourceVerified,
Savage,dracosaur tunic,Data/Scripts/Mobiles/Humanoids/Savages/Savage.cs,SourceVerified,
SavageAlien,an alien savage,Data/Scripts/Mobiles/Humanoids/Aliens/SavageAlien.cs,SourceVerified,
SavageLord,chieftain pouch the chieftain,Data/Scripts/Mobiles/Humanoids/Savages/SavageLord.cs,SourceVerified,
SavageRider,dracosaur tunic,Data/Scripts/Mobiles/Humanoids/Savages/SavageRider.cs,SourceVerified,
SavageRidgeback,,Data/Scripts/Mobiles/Reptilian/SavageRidgeback.cs,SourceVerified,
SavageShaman,dracosaur tunic,Data/Scripts/Mobiles/Humanoids/Savages/SavageShaman.cs,SourceVerified,
SawHit,hammer,Data/Scripts/Mobiles/Civilized/Citizens/TradesmanLumber.cs,SourceVerified,
Scallywag,Scallywag,Data/Scripts/Custom/Mobiles/Pirates/Scallywag.cs,SourceVerified,
Scientist,,Data/Scripts/Custom/Mobiles/Godfrey2026/Scientist.cs,SourceVerified,
Scorpion,a scorpion,Data/Scripts/Mobiles/Insects/Scorpion.cs,SourceVerified,
Scribe,diabolically coded parchment,Data/Scripts/Mobiles/Civilized/Vendors/Scribe.cs,SourceVerified,
SeaDragon,a sea dragon,Data/Scripts/Mobiles/Dragons/Dragons/SeaDragon.cs,SourceVerified,
SeaDrake,a sea drake,Data/Scripts/Mobiles/Dragons/Drakes/SeaDrake.cs,SourceVerified,
SeaGhost,a specter,Data/Scripts/Mobiles/Undead/SeaGhost.cs,SourceVerified,
SeaGiant,the sea giant,Data/Scripts/Mobiles/Goliaths/Giants/SeaGiant.cs,SourceVerified,
SeaHag,the sea hag,Data/Scripts/Mobiles/Humanoids/Sea/SeaHag.cs,SourceVerified,
SeaHagGreater,the deep sea hag,Data/Scripts/Mobiles/Humanoids/Sea/SeaHagGreater.cs,SourceVerified,
SeaHorse,,Data/Scripts/Mobiles/Animals/Mounts/SeaHorse.cs,SourceVerified,
SeaHorses,a sea horse,Data/Scripts/Mobiles/Reptilian/Fish/SeaHorses.cs,SourceVerified,
SeaSerpent,a sea serpent,Data/Scripts/Mobiles/Reptilian/Snakes/SeaSerpent.cs,SourceVerified,
SeaSnake,a sea snake,Data/Scripts/Mobiles/Reptilian/Snakes/SeaSnake.cs,SourceVerified,
SeaTroll,a sea troll,Data/Scripts/Mobiles/Goliaths/Trolls/SeaTroll.cs,SourceVerified,
SeaWeeder,a seaweeder,Data/Scripts/Mobiles/Plants/SeaWeeder.cs,SourceVerified,
SeaWitch,,Data/Scripts/Custom/Mobiles/Godfrey2026/SeaWitch.cs,SourceVerified,
SeaZombie,a zombie,Data/Scripts/Mobiles/Undead/SeaZombie.cs,SourceVerified,
SeaweedElemental,a seaweed elemental,Data/Scripts/Mobiles/Elementals/Elementals/SeaweedElemental.cs,SourceVerified,
SecurityDroid,the security droid,Data/Scripts/Mobiles/Constructs/Alien/SecurityDroid.cs,SourceVerified,
Seeker,a seeker,Data/Scripts/Mobiles/Unusual/Seeker.cs,SourceVerified,
Semidar,Semidar,Data/Scripts/Custom/Champions/Mobiles/Champs-UO/Semidar.cs,SourceVerified,
Serado,Serado the awakened,Data/Scripts/Custom/Champions/Mobiles/Champs-UO/Serado.cs,SourceVerified,
SerpentOfChaos,Serpent of Chaos,Data/Scripts/Mobiles/Unique/SerpentOfChaos.cs,SourceVerified,
SerpentOfOrder,Serpent of Order,Data/Scripts/Mobiles/Unique/SerpentOfOrder.cs,SourceVerified,
Serpentar,a serpentar,Data/Scripts/Mobiles/Humanoids/Serpents/Serpentar.cs,SourceVerified,
SerpentarWizard,a serpentar wizard,Data/Scripts/Mobiles/Humanoids/Serpents/SerpentarWizard.cs,SourceVerified,
Serpentaur,a serpentaur,Data/Scripts/Mobiles/Reptilian/Serpentaur.cs,SourceVerified,
SerpentineDragon,a serpentine dragon,Data/Scripts/Custom/Champions/Mobiles/Minions/SerpentineDragon.cs,SourceVerified,
Serpyn,a serpyn,Data/Scripts/Mobiles/Humanoids/Serpents/Serpyn.cs,SourceVerified,
SerpynChampion,a serpyn champion,Data/Scripts/Mobiles/Humanoids/Serpents/SerpynChampion.cs,SourceVerified,
SerpynSorceress,a serpyn sorceress,Data/Scripts/Mobiles/Humanoids/Serpents/SerpynSorceress.cs,SourceVerified,
Servant,Servant,Data/Scripts/Custom/Mobiles/Undead/Servant.cs,SourceVerified,
ServiceDroid,the service droid,Data/Scripts/Mobiles/Constructs/Alien/ServiceDroid.cs,SourceVerified,
SetupShoppeEntry,lantern the archer,Data/Scripts/Mobiles/Base/BaseVendor.cs,SourceVerified,
SewageElemental,a sewage elemental,Data/Scripts/Mobiles/Elementals/Elementals/SewageElemental.cs,SourceVerified,
Sewerrat,a sewer rat,Data/Scripts/Mobiles/Animals/Rodents/SewerRat.cs,SourceVerified,
Shaclaw,a shaclaw,Data/Scripts/Mobiles/Insects/Aliens/Shaclaw.cs,SourceVerified,
Shade,a shade,Data/Scripts/Mobiles/Undead/Shade.cs,SourceVerified,
ShadowDemon,a shadow demon,Data/Scripts/Mobiles/Daemons/ShadowDemon.cs,SourceVerified,
ShadowFiend,a shadow fiend,Data/Scripts/Mobiles/Hellish/ShadowFiend.cs,SourceVerified,
ShadowHound,a shadow hound,Data/Scripts/Mobiles/Daemons/ShadowHound.cs,SourceVerified,
ShadowIronElemental,a shadow iron elemental,Data/Scripts/Mobiles/Elementals/Ore Elementals/ShadowIronElemental.cs,SourceVerified,
ShadowRecluse,a shadow recluse,Data/Scripts/Mobiles/Insects/Spiders/ShadowRecluse.cs,SourceVerified,
ShadowWisp,a shadow wisp,Data/Scripts/Mobiles/Mystical/ShadowWisp.cs,SourceVerified,
ShadowWispFamiliar,a shadow wisp,Data/Scripts/Mobiles/Civilized/Familiars/ShadowWisp.cs,SourceVerified,
ShadowWyrm,the shadow wyrm,Data/Scripts/Mobiles/Dragons/Wyrms/ShadowWyrm.cs,SourceVerified,
Shadowlord,shadowlord robe the shadowlord,Data/Scripts/Mobiles/Unique/Shadowlord.cs,SourceVerified,
ShamanicCyclops,the cyclops shaman,Data/Scripts/Mobiles/Goliaths/Cyclops/ShamanicCyclops.cs,SourceVerified,
ShardGreeter,the gypsy,Data/Scripts/Mobiles/Civilized/ShardGreeter.cs,SourceVerified,
ShardGreeterEntry,the gypsy,Data/Scripts/Mobiles/Civilized/ShardGreeter.cs,SourceVerified,
Shark,a shark,Data/Scripts/Mobiles/Reptilian/Fish/Shark.cs,SourceVerified,
Sheep,a sheep,Data/Scripts/Mobiles/Animals/Misc/Sheep.cs,SourceVerified,
Shepherd,,Data/Scripts/Mobiles/Civilized/Vendors/Shepherd.cs,SourceVerified,
SherryGump,Sherry the Mouse,Data/Scripts/Mobiles/Civilized/Sherry.cs,SourceVerified,
SherryTheMouse,Sherry the Mouse,Data/Scripts/Mobiles/Civilized/Sherry.cs,SourceVerified,
Shipwright,,Data/Scripts/Mobiles/Civilized/Vendors/Shipwright.cs,SourceVerified,
Shroud,evil robe of the shroud,Data/Scripts/Mobiles/Undead/Shroud.cs,SourceVerified,
SicklyRat,a sewer rat,Data/Scripts/Mobiles/Animals/Rodents/SicklyRat.cs,SourceVerified,
Siddo,Siddo the Creepy Merchant,Data/Scripts/Custom/Mobiles/Vendors/Siddo.cs,SourceVerified,
Silvani,Silvani,Data/Scripts/Custom/Champions/Mobiles/Minions/Silvani.cs,SourceVerified,
SilverElemental,a silver elemental,Data/Scripts/Mobiles/Elementals/Gemmed/SilverElemental.cs,SourceVerified,
SilverSerpent,a silver serpent,Data/Scripts/Mobiles/Reptilian/Snakes/SilverSerpent.cs,SourceVerified,
SilverSteed,,Data/Scripts/Mobiles/Animals/Mounts/SilverSteed.cs,SourceVerified,
SirGideon,Sir Gideon,Data/Scripts/Custom/Mobiles/Vendors/SirGideon.cs,SourceVerified,
SkeletalDragon,the skeletal dragon,Data/Scripts/Mobiles/Undead/SkeletalDragon.cs,SourceVerified,
SkeletalGargoyle,a skeletal gargoyle,Data/Scripts/Mobiles/Undead/SkeletalGargoyle.cs,SourceVerified,
SkeletalKnight,a skeletal knight,Data/Scripts/Mobiles/Undead/SkeletalKnight.cs,SourceVerified,
SkeletalMage,a skeletal mage,Data/Scripts/Mobiles/Undead/SkeletalMage.cs,SourceVerified,
SkeletalMount,a skeletal steed,Data/Scripts/Mobiles/Animals/Mounts/SkeletalMount.cs,SourceVerified,
SkeletalPirate,a skeletal pirate,Data/Scripts/Mobiles/Undead/SkeletalPirate.cs,SourceVerified,
SkeletalSamurai,a skeletal samurai,Data/Scripts/Mobiles/Undead/SkeletalSamurai.cs,SourceVerified,
SkeletalWarrior,a skeletal warrior,Data/Scripts/Mobiles/Undead/SkeletalWarrior.cs,SourceVerified,
SkeletalWizard,a skeletal wizard,Data/Scripts/Mobiles/Undead/SkeletalWizard.cs,SourceVerified,
Skeleton,a skeleton,Data/Scripts/Mobiles/Undead/Skeleton.cs,SourceVerified,
SkeletonArcher,a skeletal archer,Data/Scripts/Mobiles/Undead/SkeletonArcher.cs,SourceVerified,
SkeletonDragon,a skeletal dragon,Data/Scripts/Mobiles/Undead/SkeletonDragon.cs,SourceVerified,
SkeletonHorse,,Data/Scripts/Mobiles/Undead/SkeletonHorse.cs,SourceVerified,
Skellot,a skellot,Data/Scripts/Mobiles/Insects/Beetles/Skellot.cs,SourceVerified,
SkinGolem,a flesh golem,Data/Scripts/Mobiles/Constructs/Golems/SkinGolem.cs,SourceVerified,
Skinwalker,,Data/Scripts/Custom/Mobiles/Godfrey2026/Skinwalker.cs,SourceVerified,
SkySpirit,Sky Spirit,Data/Scripts/Custom/Mobiles/Elementals/SkySpirit.cs,SourceVerified,
SlasherOfVoid,the slasher of the void,Data/Scripts/Mobiles/Unique/SlasherOfVoid.cs,SourceVerified,
Sleestax,sleestax trident the sleestax,Data/Scripts/Mobiles/Humanoids/Lizardmen/Sleestax.cs,SourceVerified,
Slime,a slime,Data/Scripts/Mobiles/Slimes/Slime.cs,SourceVerified,
SlimeDevil,a slime devil,Data/Scripts/Mobiles/Slimes/SlimeDevil.cs,SourceVerified,
Slitheran,a slitheran,Data/Scripts/Mobiles/Reptilian/Sea/Slitheran.cs,SourceVerified,
Snake,a snake,Data/Scripts/Mobiles/Reptilian/Snakes/Snake.cs,SourceVerified,
Snapper,a snapper,Data/Scripts/Mobiles/Reptilian/Snapper.cs,SourceVerified,
SnowElemental,a snow elemental,Data/Scripts/Mobiles/Elementals/Elementals/SnowElemental.cs,SourceVerified,
SnowHarpy,a snow harpy,Data/Scripts/Mobiles/Humanoids/Harpies/SnowHarpy.cs,SourceVerified,
SnowLeopard,a snow leopard,Data/Scripts/Mobiles/Animals/Felines/SnowLeopard.cs,SourceVerified,
SnowLion,,Data/Scripts/Mobiles/Animals/Felines/SnowLion.cs,SourceVerified,
SnowOstard,,Data/Scripts/Mobiles/Animals/Mounts/SnowOstard.cs,SourceVerified,
SoulReaper,a soul reaper,Data/Scripts/Mobiles/Undead/SoulReaper.cs,SourceVerified,
SoulSucker,a soul sucker,Data/Scripts/Mobiles/Unusual/SoulSucker.cs,SourceVerified,
SoulWorm,a grave wurm,Data/Scripts/Mobiles/Undead/SoulWorm.cs,SourceVerified,
SpectralGargoyle,a spectral gargoyle,Data/Scripts/Mobiles/Undead/SpectralGargoyle.cs,SourceVerified,
Spectre,a spectre,Data/Scripts/Mobiles/Undead/Spectre.cs,SourceVerified,
Spectres,a spectre,Data/Scripts/Mobiles/Unique/Spectres.cs,SourceVerified,
SpectresBox,a spectre,Data/Scripts/Mobiles/Unique/Spectres.cs,SourceVerified,
SpeechGumpEntry,Chuckles the Jester,Data/Scripts/Mobiles/Civilized/Chuckles.cs,SourceVerified,
SpeedInfo,lantern the,Data/Scripts/Mobiles/Base/Behavior.cs,SourceVerified,
SpellCritter,magic wand,Data/Scripts/Mobiles/Civilized/Citizens/TrainingMagery.cs,SourceVerified,
SphinxRiding,,Data/Scripts/Mobiles/Mystical/SphinxRiding.cs,SourceVerified,
SpiderIllusion,Spider Illusion,Data/Scripts/Custom/Mobiles/Spiders/SpiderIllusion.cs,SourceVerified,
SpiderQueen,Spider Queen,Data/Scripts/Custom/Mobiles/Spiders/SpiderQueen.cs,SourceVerified,
Spiderling,Spiderling,Data/Scripts/Custom/Mobiles/Spiders/Spiderling.cs,SourceVerified,
SpinelElemental,a spinel elemental,Data/Scripts/Mobiles/Elementals/Gemmed/SpinelElemental.cs,SourceVerified,
Spirit,a spirit,Data/Scripts/Mobiles/Undead/Spirit.cs,SourceVerified,
Sprite,the sprite,Data/Scripts/Mobiles/Mystical/Sprite.cs,SourceVerified,
Squirrel,a squirrel,Data/Scripts/Mobiles/Animals/Rodents/Squirrel.cs,SourceVerified,
StainedOoze,Ilhenir the Stained,Data/Scripts/Custom/Champions/Mobiles/Champs-UO/Ilhenir.cs,SourceVerified,
Stalker,a stalker,Data/Scripts/Mobiles/Reptilian/Stalker.cs,SourceVerified,
StarGiant,star giant chest the star giant,Data/Scripts/Mobiles/Goliaths/Giants/StarGiant.cs,SourceVerified,
StarRubyElemental,a star ruby elemental,Data/Scripts/Mobiles/Elementals/Gemmed/StarRubyElemental.cs,SourceVerified,
StatueJormungandr,Jormungandr the Midgard Serpent,Data/Scripts/Mobiles/Reptilian/Snakes/Jormungand.cs,SourceVerified,
SteamElemental,a steam elemental,Data/Scripts/Mobiles/Elementals/Elementals/SteamElemental.cs,SourceVerified,
Stegosaurus,a stegosaurus,Data/Scripts/Mobiles/Reptilian/Dinosaurs/Stegosaurus.cs,SourceVerified,
Stirge,a stirge,Data/Scripts/Mobiles/Animals/Rodents/Stirge.cs,SourceVerified,
Stitches,,Data/Scripts/Custom/Mobiles/Godfrey2026/Stitches.cs,SourceVerified,
StoneCrafter,the stone crafter,Data/Scripts/Mobiles/Civilized/Vendors/StoneCrafter.cs,SourceVerified,
StoneElemental,a stone elemental,Data/Scripts/Mobiles/Elementals/Ore Elementals/StoneElemental.cs,SourceVerified,
StoneGargoyle,a stone gargoyle,Data/Scripts/Mobiles/Gargoyles/StoneGargoyle.cs,SourceVerified,
StoneGiant,stone giant sack the stone giant,Data/Scripts/Mobiles/Goliaths/Giants/StoneGiant.cs,SourceVerified,
StoneHarpy,a stone harpy,Data/Scripts/Mobiles/Humanoids/Harpies/StoneHarpy.cs,SourceVerified,
StoneRoper,a stone roper,Data/Scripts/Mobiles/Unusual/StoneRoper.cs,SourceVerified,
StormCloud,a storm cloud,Data/Scripts/Mobiles/Elementals/StormCloud.cs,SourceVerified,
StormGiant,onyx chest the storm giant,Data/Scripts/Mobiles/Goliaths/Giants/StormGiant.cs,SourceVerified,
StoveHit,skillet,Data/Scripts/Mobiles/Civilized/Citizens/TradesmanCook.cs,SourceVerified,
StrangleVine,a strangle vine,Data/Scripts/Mobiles/Slimes/StrangleVine.cs,SourceVerified,
StygianGargoyle,a gargoyle,Data/Scripts/Mobiles/Gargoyles/StygianGargoyle.cs,SourceVerified,
StygianGargoyleLord,a gargoyle lord,Data/Scripts/Mobiles/Gargoyles/StygianGargoyleLord.cs,SourceVerified,
Styguana,a styguana,Data/Scripts/Mobiles/Reptilian/Styguana.cs,SourceVerified,
Succubus,a succubus,Data/Scripts/Mobiles/Daemons/Succubus.cs,SourceVerified,
SummonedAirElemental,an air elemental,Data/Scripts/Mobiles/Summoned/SummonedAirElemental.cs,SourceVerified,
SummonedAirElementalGreater,an air elemental,Data/Scripts/Mobiles/Summoned/SummonedAirElementalGreater.cs,SourceVerified,
SummonedCorpse,an undead creature,Data/Scripts/Mobiles/Summoned/SummonedCorpse.cs,SourceVerified,
SummonedDaemon,the daemon,Data/Scripts/Mobiles/Summoned/SummonedDaemon.cs,SourceVerified,
SummonedDaemonGreater,the balron,Data/Scripts/Mobiles/Summoned/SummonedDaemonGreater.cs,SourceVerified,
SummonedEarthElemental,an earth elemental,Data/Scripts/Mobiles/Summoned/SummonedEarthElemental.cs,SourceVerified,
SummonedEarthElementalGreater,an earth elemental,Data/Scripts/Mobiles/Summoned/SummonedEarthElementalGreater.cs,SourceVerified,
SummonedFireElemental,a fire elemental,Data/Scripts/Mobiles/Summoned/SummonedFireElemental.cs,SourceVerified,
SummonedFireElementalGreater,a fire elemental,Data/Scripts/Mobiles/Summoned/SummonedFireElementalGreater.cs,SourceVerified,
SummonedTiger,a mystical tiger,Data/Scripts/Mobiles/Summoned/SummonedTiger.cs,SourceVerified,
SummonedWaterElemental,a water elemental,Data/Scripts/Mobiles/Summoned/SummonedWaterElemental.cs,SourceVerified,
SummonedWaterElementalGreater,a water elemental,Data/Scripts/Mobiles/Summoned/SummonedWaterElementalGreater.cs,SourceVerified,
Sunlyte,a sunlyte,Data/Scripts/Mobiles/Mystical/Sunlyte.cs,SourceVerified,
Surtaz,Surtaz the fallen,Data/Scripts/Mobiles/Undead/Surtaz.cs,SourceVerified,
SurtazChest,Surtaz the fallen,Data/Scripts/Mobiles/Undead/Surtaz.cs,SourceVerified,
SwampBird,a heron,Data/Scripts/Mobiles/Animals/Birds/SwampBird.cs,SourceVerified,
SwampDragon,,Data/Scripts/Mobiles/Reptilian/SwampDragon.cs,SourceVerified,
SwampDrakeRiding,,Data/Scripts/Mobiles/Dragons/Drakes/SwampDrakeRiding.cs,SourceVerified,
SwampGator,a swamp gator,Data/Scripts/Mobiles/Reptilian/SwampGator.cs,SourceVerified,
SwampTentacle,a swamp tentacle,Data/Scripts/Mobiles/Plants/SwampTentacle.cs,SourceVerified,
SwampThing,a swamp thing,Data/Scripts/Mobiles/Plants/SwampThing.cs,SourceVerified,
SwampTroll,a swamp troll,Data/Scripts/Mobiles/Goliaths/Trolls/SwampTroll.cs,SourceVerified,
Swarm,a swarm of insects,Data/Scripts/Mobiles/Summoned/Swarm.cs,SourceVerified,
Syth,Syth robe the Syth,Data/Scripts/Mobiles/Humanoids/Aliens/Syth.cs,SourceVerified,
Tailor,item,Data/Scripts/Mobiles/Civilized/Vendors/Tailor.cs,SourceVerified,
TailorGuildmaster,,Data/Scripts/Mobiles/Civilized/Guilds/TailorGuildmaster.cs,SourceVerified,
Talos,Talos the Protector Europa,Data/Scripts/Custom/Champions/Mobiles/Champs-Prisons/Talos.cs,SourceVerified,
Tanner,item,Data/Scripts/Mobiles/Civilized/Vendors/Tanner.cs,SourceVerified,
Tarantula,a tarantula,Data/Scripts/Mobiles/Insects/Spiders/Tarantula.cs,SourceVerified,
Tarjan,Tarjan the mad god,Data/Scripts/Mobiles/Unique/Tarjan.cs,SourceVerified,
TarjanBox,Tarjan the mad god,Data/Scripts/Mobiles/Unique/Tarjan.cs,SourceVerified,
TarjanStatue,Tarjan the mad god,Data/Scripts/Mobiles/Unique/Tarjan.cs,SourceVerified,
TarjanTimer,Tarjan the mad god,Data/Scripts/Mobiles/Unique/Tarjan.cs,SourceVerified,
TavernKeeper,,Data/Scripts/Mobiles/Civilized/Vendors/TavernKeeper.cs,SourceVerified,
TavernPatronEast,,Data/Scripts/Mobiles/Civilized/Citizens/TavernPatron.cs,SourceVerified,
TavernPatronNorth,,Data/Scripts/Mobiles/Civilized/Citizens/TavernPatron.cs,SourceVerified,
TavernPatronSouth,,Data/Scripts/Mobiles/Civilized/Citizens/TavernPatron.cs,SourceVerified,
TavernPatronWest,,Data/Scripts/Mobiles/Civilized/Citizens/TavernPatron.cs,SourceVerified,
TeleportTimer,a giant toad,Data/Scripts/Mobiles/Reptilian/Frogs/GiantToad.cs,SourceVerified,
Teradactyl,,Data/Scripts/Mobiles/Reptilian/Dinosaurs/Teradactyl.cs,SourceVerified,
TerathanAvenger,a terathan avenger,Data/Scripts/Mobiles/Humanoids/Terathan/TerathanAvenger.cs,SourceVerified,
TerathanDrone,a terathan drone,Data/Scripts/Mobiles/Humanoids/Terathan/TerathanDrone.cs,SourceVerified,
TerathanMatriarch,a terathan matriarch,Data/Scripts/Mobiles/Humanoids/Terathan/TerathanMatriarch.cs,SourceVerified,
TerathanWarrior,a terathan warrior,Data/Scripts/Mobiles/Humanoids/Terathan/TerathanWarrior.cs,SourceVerified,
TheAncientTree,the ancient tree,Data/Scripts/Mobiles/Plants/TheAncientTree.cs,SourceVerified,
TheGroundskeeper,The Groundskeeper,Data/Scripts/Custom/Mobiles/Undead/TheGroundskeeper.cs,SourceVerified,
TheMadDuke,The Mad Duke,Data/Scripts/Custom/Mobiles/Undead/TheMadDuke.cs,SourceVerified,
TheNecromancer,The Necromancer,Data/Scripts/Custom/Mobiles/Undead/TheNecromancer.cs,SourceVerified,
Thief,,Data/Scripts/Mobiles/Civilized/Vendors/Thief.cs,SourceVerified,
ThiefAI,lantern the,Data/Scripts/Mobiles/Base/Behavior.cs,SourceVerified,
ThiefGuildmaster,,Data/Scripts/Mobiles/Civilized/Guilds/ThiefGuildmaster.cs,SourceVerified,
Thor,Thor of Asgard,Data/Scripts/Custom/Champions/Mobiles/Champs-Prisons/Thor.cs,SourceVerified,
Tiamat,Tiamat the Lord of Dragons,Data/Scripts/Custom/Champions/Mobiles/Champs-Prisons/Tiamat.cs,SourceVerified,
TigerBeetleRiding,,Data/Scripts/Mobiles/Insects/Beetles/TigerBeetleRiding.cs,SourceVerified,
TigerRiding,,Data/Scripts/Mobiles/Animals/Felines/TigerRiding.cs,SourceVerified,
TimberWolf,a timber wolf,Data/Scripts/Mobiles/Animals/Canines/TimberWolf.cs,SourceVerified,
TimeLord,the Time Lord,Data/Scripts/Mobiles/Civilized/TimeLord.cs,SourceVerified,
Tinker,,Data/Scripts/Mobiles/Civilized/Vendors/Tinker.cs,SourceVerified,
TinkerGuildmaster,,Data/Scripts/Mobiles/Civilized/Guilds/TinkerGuildmaster.cs,SourceVerified,
Titan,titan chest the titan,Data/Scripts/Mobiles/Goliaths/Titans/Titan.cs,SourceVerified,
TitanHydros,Hydros the titan of water,Data/Scripts/Mobiles/Unique/TitanHydros.cs,SourceVerified,
TitanLich,titan lich chest the titan lich,Data/Scripts/Mobiles/Undead/TitanLich.cs,SourceVerified,
TitanLithos,Lithos the titan of earth,Data/Scripts/Mobiles/Unique/TitanLithos.cs,SourceVerified,
TitanPyros,Pyros the titan of fire,Data/Scripts/Mobiles/Unique/TitanPyros.cs,SourceVerified,
TitanStratos,Stratos the titan of air,Data/Scripts/Mobiles/Unique/TitanStratos.cs,SourceVerified,
Titanoboa,a titanoboa,Data/Scripts/Mobiles/Reptilian/Dinosaurs/Titanoboa.cs,SourceVerified,
Toad,a toad,Data/Scripts/Mobiles/Reptilian/Frogs/Toad.cs,SourceVerified,
TombPest,Tomb Pest,Data/Scripts/Custom/Mobiles/Daemons/TombPest.cs,SourceVerified,
TombWarden,Tomb Warden,Data/Scripts/Custom/Mobiles/Constructs/TombWarden.cs,SourceVerified,
TombWatcher,Tomb Watcher,Data/Scripts/Custom/Mobiles/Undead/TombWatcher.cs,SourceVerified,
TopazElemental,a topaz elemental,Data/Scripts/Mobiles/Elementals/Gemmed/TopazElemental.cs,SourceVerified,
Toraxen,a toraxen,Data/Scripts/Mobiles/Reptilian/Toraxen.cs,SourceVerified,
Tortuga,a tortuga,Data/Scripts/Mobiles/Reptilian/Tortuga.cs,SourceVerified,
TownGuards,tunic the guard,Data/Scripts/Mobiles/Civilized/TownGuards.cs,SourceVerified,
TownHerald,the town crier,Data/Scripts/Mobiles/Civilized/TownHerald.cs,SourceVerified,
TownHeraldEntry,the town crier,Data/Scripts/Mobiles/Civilized/TownHerald.cs,SourceVerified,
ToxicElemental,an acid elemental,Data/Scripts/Mobiles/Elementals/Elementals/ToxicElemental.cs,SourceVerified,
TradesmanAlchemist,cauldron,Data/Scripts/Mobiles/Civilized/Citizens/TradesmanAlchemist.cs,SourceVerified,
TradesmanBard,instrument,Data/Scripts/Mobiles/Civilized/Citizens/TradesmanBard.cs,SourceVerified,
TradesmanButcher,cleaver,Data/Scripts/Mobiles/Civilized/Citizens/TradesmanButcher.cs,SourceVerified,
TradesmanCook,skillet,Data/Scripts/Mobiles/Civilized/Citizens/TradesmanCook.cs,SourceVerified,
TradesmanLeather,stretched hide,Data/Scripts/Mobiles/Civilized/Citizens/TradesmanLeather.cs,SourceVerified,
TradesmanLogger,axe,Data/Scripts/Mobiles/Civilized/Citizens/TradesmanLogger.cs,SourceVerified,
TradesmanLumber,hammer,Data/Scripts/Mobiles/Civilized/Citizens/TradesmanLumber.cs,SourceVerified,
TradesmanMiner,rock,Data/Scripts/Mobiles/Civilized/Citizens/TradesmanMiner.cs,SourceVerified,
TradesmanSmelter,forge,Data/Scripts/Mobiles/Civilized/Citizens/TradesmanSmelter.cs,SourceVerified,
TradesmanSmith,hammer,Data/Scripts/Mobiles/Civilized/Citizens/TradesmanSmith.cs,SourceVerified,
TrainingBow,,Data/Scripts/Mobiles/Civilized/Citizens/TrainingBow.cs,SourceVerified,
TrainingFishing,water hit,Data/Scripts/Mobiles/Civilized/Citizens/TrainingFishing.cs,SourceVerified,
TrainingMagery,magic wand,Data/Scripts/Mobiles/Civilized/Citizens/TrainingMagery.cs,SourceVerified,
TrainingSingle,,Data/Scripts/Mobiles/Civilized/Citizens/TrainingSingle.cs,SourceVerified,
TrainingSpirits,,Data/Scripts/Mobiles/Civilized/Citizens/TrainingSpirits.cs,SourceVerified,
TreasureGoblin,,Data/Scripts/Custom/Mobiles/Godfrey2026/TreasureGoblin.cs,SourceVerified,
TreeHit,axe,Data/Scripts/Mobiles/Civilized/Citizens/TradesmanLogger.cs,SourceVerified,
Treebeard,Treebeard the Ent,Data/Scripts/Custom/Champions/Mobiles/Champs-Prisons/Treebeard.cs,SourceVerified,
TrilithiumElemental,a trilithium elemental,Data/Scripts/Mobiles/Elementals/Gemmed/TrilithiumElemental.cs,SourceVerified,
Triton,,Data/Scripts/Custom/Mobiles/Godfrey2026/Triton.cs,SourceVerified,
Tritun,a tritun,Data/Scripts/Mobiles/Humanoids/Sea/Tritun.cs,SourceVerified,
TritunMage,a tritun wizard,Data/Scripts/Mobiles/Humanoids/Sea/TritunMage.cs,SourceVerified,
Troll,a troll,Data/Scripts/Mobiles/Goliaths/Trolls/Troll.cs,SourceVerified,
TrollWitchDoctor,a troll witch doctor,Data/Scripts/Mobiles/Goliaths/Trolls/TrollWitchDoctor.cs,SourceVerified,
Trollbear,a trollbear,Data/Scripts/Mobiles/Animals/Bears/Trollbear.cs,SourceVerified,
TropicalBird,a lorikeet,Data/Scripts/Mobiles/Animals/Birds/TropicalBird.cs,SourceVerified,
TrueVirtue,True Virtue,Data/Scripts/Custom/Mobiles/Mystical/TrueVirtue.cs,SourceVerified,
TundraOgre,a tundra ogre,Data/Scripts/Mobiles/Goliaths/Ogres/TundraOgre.cs,SourceVerified,
Turkey,a turkey,Data/Scripts/Mobiles/Animals/Birds/Turkey.cs,SourceVerified,
Turtle,a turtle,Data/Scripts/Mobiles/Reptilian/Turtle.cs,SourceVerified,
Tuskadon,a tuskadon,Data/Scripts/Mobiles/Animals/Misc/Tuskadon.cs,SourceVerified,
Twaulo,Twaulo of the Glade,Data/Scripts/Custom/Champions/Mobiles/Champs-UO/Twaulo.cs,SourceVerified,
TwoFace,Two Face,Data/Scripts/Custom/Mobiles/Goliaths/TwoFace.cs,SourceVerified,
Typhoon,a typhoon,Data/Scripts/Mobiles/Elementals/Typhoon.cs,SourceVerified,
Tyranasaur,a tyranasaur,Data/Scripts/Mobiles/Reptilian/Dinosaurs/Tyranasaur.cs,SourceVerified,
UmberHulk,an umber hulk,Data/Scripts/Mobiles/Unusual/UmberHulk.cs,SourceVerified,
Undead,a frail skeleton,Data/Scripts/Mobiles/Undead/Undead.cs,SourceVerified,
UndeadDruid,the druidic lich,Data/Scripts/Mobiles/Undead/UndeadDruid.cs,SourceVerified,
UndeadGiant,an undead giant,Data/Scripts/Mobiles/Undead/UndeadGiant.cs,SourceVerified,
Undertaker,,Data/Scripts/Mobiles/Civilized/Vendors/Undertaker.cs,SourceVerified,
Unicorn,,Data/Scripts/Mobiles/Mystical/Unicorn.cs,SourceVerified,
Unspeakable,,Data/Scripts/Custom/Mobiles/Godfrey2026/Unspeakable.cs,SourceVerified,
Urc,throwing stone the urc,Data/Scripts/Mobiles/Humanoids/Orcs/Urc.cs,SourceVerified,
UrcBowman,the urc bowman,Data/Scripts/Mobiles/Humanoids/Orcs/UrcBowman.cs,SourceVerified,
UrcShaman,the urc shaman,Data/Scripts/Mobiles/Humanoids/Orcs/UrcShaman.cs,SourceVerified,
Urk,urkish face the urk warrior,Data/Scripts/Mobiles/Humanoids/Orcs/Urk.cs,SourceVerified,
UrkShaman,urkish face the urk shaman,Data/Scripts/Mobiles/Humanoids/Orcs/UrkShaman.cs,SourceVerified,
UrukKai,,Data/Scripts/Custom/Mobiles/Godfrey2026/UrukKai.cs,SourceVerified,
Vagabond,,Data/Scripts/Mobiles/Civilized/Vendors/Vagabond.cs,SourceVerified,
ValoriteElemental,a valorite elemental,Data/Scripts/Mobiles/Elementals/Ore Elementals/ValoriteElemental.cs,SourceVerified,
Vampire,a young vampire the grand vampire,Data/Scripts/Mobiles/Undead/Vampire.cs,SourceVerified,
VampireBat,a vampire bat,Data/Scripts/Mobiles/Animals/Rodents/VampireBat.cs,SourceVerified,
VampireBatFamiliar,a vampire bat,Data/Scripts/Mobiles/Civilized/Familiars/VampireBat.cs,SourceVerified,
VampireIllusion,Vampire Illusion,Data/Scripts/Custom/Mobiles/Undead/VampireIllusion.cs,SourceVerified,
VampireLord,the elder vampire,Data/Scripts/Mobiles/Undead/VampireLord.cs,SourceVerified,
VampirePrince,the vampire baron,Data/Scripts/Mobiles/Undead/VampirePrince.cs,SourceVerified,
VampireWoods,a vampire,Data/Scripts/Mobiles/Undead/VampireWoods.cs,SourceVerified,
VampiricDragon,the vampiric dragon,Data/Scripts/Mobiles/Dragons/Primeval/VampiricDragon.cs,SourceVerified,
VarietyDealer,,Data/Scripts/Mobiles/Civilized/Vendors/VarietyDealer.cs,SourceVerified,
Vecna,Vecna the Lich,Data/Scripts/Custom/Champions/Mobiles/Champs-Prisons/Vecna.cs,SourceVerified,
VendorAI,lantern the,Data/Scripts/Mobiles/Base/Behavior.cs,SourceVerified,
VendorBackpack,Shop Not Yet Named,Data/Scripts/Mobiles/Base/PlayerVendor.cs,SourceVerified,
VendorBuyEntry,lantern the archer,Data/Scripts/Mobiles/Base/BaseVendor.cs,SourceVerified,
VendorInventory,,Data/Scripts/Mobiles/Base/VendorInventory.cs,SourceVerified,
VendorItem,Shop Not Yet Named,Data/Scripts/Mobiles/Base/PlayerVendor.cs,SourceVerified,
VendorRentalDuration,,Data/Scripts/Mobiles/Base/RentedVendor.cs,SourceVerified,
VendorSellEntry,lantern the archer,Data/Scripts/Mobiles/Base/BaseVendor.cs,SourceVerified,
VeriteElemental,a verite elemental,Data/Scripts/Mobiles/Elementals/Ore Elementals/VeriteElemental.cs,SourceVerified,
Veterinarian,,Data/Scripts/Mobiles/Civilized/Vendors/Veterinarian.cs,SourceVerified,
Vintner,,Data/Scripts/Custom/Vhaerun's CRL Homestead System [2.0]/Dracana's Winecrafting [2.0]/Mobiles/Vintner.cs,SourceVerified,
Viscera,a pile of viscera,Data/Scripts/Mobiles/Slimes/Viscera.cs,SourceVerified,
VoidDragon,chest from the void the void dragon,Data/Scripts/Mobiles/Dragons/Great Dragons/VoidDragon.cs,SourceVerified,
VoidWraith,Void Wraith,Data/Scripts/Custom/Mobiles/Undead/VoidWraith.cs,SourceVerified,
VolcanicDragon,obsidian chest the volcanic wyrm,Data/Scripts/Mobiles/Dragons/Wyrms/VolcanicDragon.cs,SourceVerified,
Volturnus,Volturnus the Ruler of the Waves,Data/Scripts/Custom/Champions/Mobiles/Champs-Prisons/Volturnus.cs,SourceVerified,
VordinaxChest,Vordinax the caddellite dragon,Data/Scripts/Mobiles/Dragons/Great Dragons/CaddelliteDragon.cs,SourceVerified,
Vordo,Vordo of the darkest magic,Data/Scripts/Mobiles/Undead/Vordo.cs,SourceVerified,
VordoScroll,Vordo of the darkest magic,Data/Scripts/Mobiles/Undead/Vordo.cs,SourceVerified,
VorpalBunny,a vorpal bunny,Data/Scripts/Mobiles/Unusual/VorpalBunny.cs,SourceVerified,
Vrock,a vrock,Data/Scripts/Mobiles/Hellish/Vrock.cs,SourceVerified,
Vulcrum,Vulcrum of the flame,Data/Scripts/Mobiles/Elementals/Elementals/Vulcrum.cs,SourceVerified,
VulcrumChest,Vulcrum of the flame,Data/Scripts/Mobiles/Elementals/Elementals/Vulcrum.cs,SourceVerified,
WailingBanshee,a wailing banshee,Data/Scripts/Mobiles/Undead/WailingBanshee.cs,SourceVerified,
Waiter,,Data/Scripts/Mobiles/Civilized/Vendors/Waiter.cs,SourceVerified,
WalkingCorpse,a walking corpse,Data/Scripts/Mobiles/Undead/WalkingCorpse.cs,SourceVerified,
WalkingEffigy,Walking Effigy,Data/Scripts/Custom/Mobiles/Undead/WalkingEffigy.cs,SourceVerified,
WalkingReaper,a reaper,Data/Scripts/Mobiles/Plants/WalkingReaper.cs,SourceVerified,
Walrus,a seal,Data/Scripts/Mobiles/Animals/Misc/Walrus.cs,SourceVerified,
WanderingHealer,the wandering healer,Data/Scripts/Mobiles/Civilized/Healers/WanderingHealer.cs,SourceVerified,
WarriorGuildmaster,,Data/Scripts/Mobiles/Civilized/Guilds/WarriorGuildmaster.cs,SourceVerified,
Warriors,,Data/Scripts/Mobiles/Civilized/Citizens/Warriors.cs,SourceVerified,
Watcher,a watcher,Data/Scripts/Mobiles/Unusual/Watcher.cs,SourceVerified,
WaterBeetleRiding,,Data/Scripts/Mobiles/Insects/Beetles/WaterBeetleRiding.cs,SourceVerified,
WaterElemental,a water elemental,Data/Scripts/Mobiles/Elementals/Elementals/WaterElemental.cs,SourceVerified,
WaterHit,water hit,Data/Scripts/Mobiles/Civilized/Citizens/TrainingFishing.cs,SourceVerified,
WaterNaga,a water naga,Data/Scripts/Mobiles/Humanoids/Serpents/WaterNaga.cs,SourceVerified,
WaterSpawn,a water spawn,Data/Scripts/Mobiles/Elementals/Lesser/WaterSpawn.cs,SourceVerified,
WaterStrider,a water strider,Data/Scripts/Mobiles/Insects/Spiders/WaterStrider.cs,SourceVerified,
WaterWeird,a water weird,Data/Scripts/Mobiles/Elementals/WaterWeird.cs,SourceVerified,
WaxSculpture,a wax golem,Data/Scripts/Mobiles/Constructs/WaxSculpture.cs,SourceVerified,
Weaponsmith,item,Data/Scripts/Mobiles/Civilized/Vendors/Weaponsmith.cs,SourceVerified,
Weasel,a weasel,Data/Scripts/Mobiles/Animals/Rodents/Weasel.cs,SourceVerified,
Weaver,robe,Data/Scripts/Mobiles/Civilized/Vendors/Weaver.cs,SourceVerified,
WeedElemental,a weed elemental,Data/Scripts/Mobiles/Elementals/Elementals/WeedElemental.cs,SourceVerified,
WelcomeGump,the gypsy,Data/Scripts/Mobiles/Civilized/ShardGreeter.cs,SourceVerified,
WereWolf,a werewolf the warrior,Data/Scripts/Mobiles/Animals/Canines/WereWolf.cs,SourceVerified,
WhippingVine,a whipping vine,Data/Scripts/Mobiles/Plants/WhippingVine.cs,SourceVerified,
WhiteCat,a cat,Data/Scripts/Mobiles/Animals/Felines/WhiteCat.cs,SourceVerified,
WhiteRabbit,a rabbit,Data/Scripts/Mobiles/Animals/Rodents/WhiteRabbit.cs,SourceVerified,
WhiteTigerRiding,,Data/Scripts/Mobiles/Animals/Felines/WhiteTigerRiding.cs,SourceVerified,
WhiteWolf,a white wolf,Data/Scripts/Mobiles/Animals/Canines/WhiteWolf.cs,SourceVerified,
Wight,a wight,Data/Scripts/Mobiles/Undead/Wight.cs,SourceVerified,
WineElemental,a wine elemental,Data/Scripts/Mobiles/Summoned/WineElemental.cs,SourceVerified,
Winecrafter,,Data/Scripts/Custom/Vhaerun's CRL Homestead System [2.0]/Dracana's Winecrafting [2.0]/Mobiles/Winecrafter.cs,SourceVerified,
WinterWolf,a winter wolf,Data/Scripts/Mobiles/Animals/Canines/WinterWolf.cs,SourceVerified,
Wisp,a wisp,Data/Scripts/Mobiles/Mystical/Wisp.cs,SourceVerified,
Witches,,Data/Scripts/Mobiles/Civilized/Vendors/Witches.cs,SourceVerified,
WolfDire,,Data/Scripts/Mobiles/Animals/Canines/DireWolf.cs,SourceVerified,
WolfMan,a wolf man,Data/Scripts/Mobiles/Animals/Canines/WolfMan.cs,SourceVerified,
WolfgangsDragon,Wolfgang's Dragon,Data/Scripts/Custom/Mobiles/Undead/WolfgangsDragon.cs,SourceVerified,
WonderousDealer,,Data/Scripts/Mobiles/Civilized/Teachers/Teacher_Wonderous.cs,SourceVerified,
WoodenGolem,a wooden golem,Data/Scripts/Mobiles/Constructs/Golems/WoodenGolem.cs,SourceVerified,
WoodlandDevil,a woodland devil,Data/Scripts/Mobiles/Plants/WoodlandDevil.cs,SourceVerified,
Worg,a worg,Data/Scripts/Mobiles/Animals/Canines/Worg.cs,SourceVerified,
WorkingSpots,working spot,Data/Scripts/Mobiles/Civilized/Citizens/WorkingSpots.cs,SourceVerified,
Wraith,a wraith,Data/Scripts/Mobiles/Undead/Wraith.cs,SourceVerified,
Wyrm,a draguul,Data/Scripts/Mobiles/Dragons/Wyrms/Wyrm.cs,SourceVerified,
Wyrmling,Wyrmling,Data/Scripts/Custom/Mobiles/Dragons/Wyrmling.cs,SourceVerified,
Wyrms,rusted item,Data/Scripts/Mobiles/Dragons/Wyrms/Wyrms.cs,SourceVerified,
Wyverns,deadly venom sack,Data/Scripts/Mobiles/Dragons/Wyverns/Wyverns.cs,SourceVerified,
Wyvra,a wyvra,Data/Scripts/Mobiles/Dragons/Hydras/Wyvra.cs,SourceVerified,
Xardok,Xardok the Baron,Data/Scripts/Mobiles/Civilized/Special/Xardok.cs,SourceVerified,
XardokComplete,Xardok the Baron,Data/Scripts/Mobiles/Civilized/Special/Xardok.cs,SourceVerified,
XardokEntry,Xardok the Baron,Data/Scripts/Mobiles/Civilized/Special/Xardok.cs,SourceVerified,
Xatyr,a xatyr,Data/Scripts/Mobiles/Mystical/Xatyr.cs,SourceVerified,
Xenomorph,a xenomorph,Data/Scripts/Mobiles/Unusual/Xenomorph.cs,SourceVerified,
Xenomutant,a xenomutant,Data/Scripts/Mobiles/Unusual/Xenomutant.cs,SourceVerified,
XormiteElemental,a xormite elemental,Data/Scripts/Mobiles/Elementals/Gemmed/XormiteElemental.cs,SourceVerified,
Xorn,a xorn,Data/Scripts/Mobiles/Unusual/Xorn.cs,SourceVerified,
Xurtzar,Xurtzar of demonic energy,Data/Scripts/Mobiles/Daemons/Xurtzar.cs,SourceVerified,
XurtzarChest,Xurtzar of demonic energy,Data/Scripts/Mobiles/Daemons/Xurtzar.cs,SourceVerified,
Yeti,a yeti,Data/Scripts/Mobiles/Humanoids/Yeti.cs,SourceVerified,
YoungDragon,rusted item,Data/Scripts/Mobiles/Dragons/Young/YoungDragon.cs,SourceVerified,
YoungRoc,,Data/Scripts/Mobiles/Animals/Mounts/YoungRoc.cs,SourceVerified,
ZebraRiding,,Data/Scripts/Mobiles/Animals/Mounts/ZebraRiding.cs,SourceVerified,
Zeus,Zeus of Mount Olympus,Data/Scripts/Custom/Champions/Mobiles/Champs-Prisons/Zeus.cs,SourceVerified,
Zombie,a zombie,Data/Scripts/Mobiles/Undead/Zombie.cs,SourceVerified,
ZombieDragon,a zombie dragon,Data/Scripts/Mobiles/Undead/ZombieDragon.cs,SourceVerified,
ZombieGargoyle,a zombie gargoyle,Data/Scripts/Mobiles/Undead/ZombieGargoyle.cs,SourceVerified,
ZombieGiant,dead giant's hand scythe the rotting giant,Data/Scripts/Mobiles/Undead/ZombieGiant.cs,SourceVerified,
ZombieMage,a zombie mage,Data/Scripts/Mobiles/Undead/ZombieMage.cs,SourceVerified,
ZombieSpider,a decaying spider,Data/Scripts/Mobiles/Insects/Spiders/ZombieSpider.cs,SourceVerified,
ZornTheBlacksmith,Zorn the blacksmith,Data/Scripts/Mobiles/Goliaths/ZornTheBlacksmith.cs,SourceVerified,
ZuluuArcher,a zuluu,Data/Scripts/Mobiles/Humanoids/Savages/ZuluuArcher.cs,SourceVerified,
ZuluuNative,a zuluu,Data/Scripts/Mobiles/Humanoids/Savages/ZuluuNative.cs,SourceVerified,
ZuluuWitchDoctor,a zuluu witch doctor,Data/Scripts/Mobiles/Humanoids/Savages/ZuluuWitchDoctor.cs,SourceVerified,
xDryad,a dryad,Data/Scripts/Mobiles/Mystical/xDryad.cs,SourceVerified,
