"Id","AuditId","Priority","Status","System","Capability","Decision","RecommendedSurface","Files","Evidence","Risk","ContentBrief","SpoilerBoundary","AcceptanceTest","RuntimeOwnerCheck","Notes"
"IGDB-0001","IGD-DOC-docs-wiki-pvp-consent-system-md","P1","Ready","CanonicalWiki:Player Commands And Account Tools","PvP Consent System","Incorporate","Help","Data/Scripts/Custom/PvPConsent/GoddessOfProtection.cs;Data/Scripts/Custom/PvPConsent/Gumps/PKNONPKGUMP.cs;Data/Scripts/Custom/PvPConsent/NONPKEventMoongate.cs;Data/Scripts/Custom/PvPConsent/NONPKSword.cs;Data/Scripts/Custom/PvPConsent/PKSword.cs;Data/Scripts/Mobiles/Base/PlayerMobile.cs;Data/Scripts/System/Misc/Notoriety.cs;Data/Scripts/System/Regions/BaseRegion.cs","Current source paths from the canonical documentation truth table were revalidated against the filesystem.","High: combat consent, harmful and beneficial eligibility, persistence, region exceptions, and event gates can cause meaningful loss or conflict.","Add an authoritative in-game rules page covering opt-in or opt-out controls, persistence, restrictions, region and event behavior, feedback, and recovery.","PvP authority and consent rules are not secrets; omit staff-only controls.","Use two ordinary staging accounts through hostile, beneficial, region, event, logout, save/restart, and invalid-state paths.","Required: ordinary-player staging placement/accessibility evidence; no world save is present in this checkout.","Required incorporation: PvP and authority rules must be reachable in game."
"IGDB-0002","IGD-CAP-government-authority-economy","P1","Ready","Custom:Government System","Player government founding, authority, elections, treasury, maintenance, conflict, and destructive actions","RefreshExisting","SystemHelpGump","Data/Scripts/Custom/Government System;Data/Scripts/Custom/Government System/Gumps/GovHelpGump.cs","Current filesystem and named symbols reviewed by the audit generator.","High: persistent towns, treasury funds, maintenance, elections, bans, wars, permissions, and disbanding can cause material loss.","Source-review every help page and place current costs, authority, persistence, maintenance, elections, conflict, and destructive confirmations before secondary detail.","Government rules are not secrets; do not expose staff-only controls.","Use disposable staging towns to exercise founding through save/restart, election, treasury, authority, conflict, and disband paths.","Required: ordinary-player staging placement/accessibility evidence; no world save is present in this checkout.",""
"IGDB-0003","IGD-SYS-custom-offline-skill-training","P1","Ready","Custom:Offline Skill Training","Current source boundary: Custom:Offline Skill Training","Incorporate","Help","Data/Scripts/Custom/Offline Skill Training/Items/AdvancedStudyBooks.cs;Data/Scripts/Custom/Offline Skill Training/Items/LegendaryStudyBooks.cs;Data/Scripts/Custom/Offline Skill Training/Items/RandomStudyBooks.cs;Data/Scripts/Custom/Offline Skill Training/Items/StandardStudyBooks.cs;Data/Scripts/Custom/Offline Skill Training/Items/StudyBook.cs;Data/Scripts/Custom/Offline Skill Training/Vendors/SBStudyBookbinder.cs;Data/Scripts/Custom/Offline Skill Training/Vendors/StudyBookbinder.cs","7 current source file(s) grouped by current path; first 12 plus every direct Player-command source are listed in SourceFiles. Existing inventory is ownership guidance only.","High: the system changes persistent progression, property, combat consent, or unattended character behavior.","Add or refresh an in-game overview when this custom bucket exposes a distinct player mechanic; otherwise record an explicit exclusion in the detailed review.","Do not enumerate ordinary content variants or reveal locations and solutions.","Verify the detailed row or exclusion for each player-facing custom capability and stage-test its teaching surface.","Required: ordinary-player staging placement/accessibility evidence; no world save is present in this checkout.","Boundary census row. Detailed rows carry incorporation work."
"IGDB-0004","IGD-CAP-character-level-service","P1","Ready","Custom:Progression","Character Level persistent progression and player service commands","Incorporate","LibraryReference","Data/Scripts/Custom/Progression/CharacterLevel/CharacterLevelCommands.cs;Data/Scripts/Custom/Progression/CharacterLevel/CharacterLevelService.cs","Current filesystem and named symbols reviewed by the audit generator.","High: persistent progression, rewards, caps, and service actions affect long-lived characters.","Explain activation, progression sources, caps, rewards, commands, persistence, respec or recovery behavior, and interactions with older characters.","Do not publish hidden reward locations or encounter solutions.","Use fresh and existing staging characters through gain, cap, command, save/restart, and invalid-state paths.","Required: ordinary-player staging placement/accessibility evidence; no world save is present in this checkout.",""
"IGDB-0005","IGD-SYS-custom-vhaerun-s-crl-homestead-system-2-0","P1","Ready","Custom:Vhaerun's CRL Homestead System [2.0]","Current source boundary: Custom:Vhaerun's CRL Homestead System [2.0]","Incorporate","Help","Data/Scripts/Custom/Vhaerun's CRL Homestead System [2.0]/Dracana's Winecrafting [2.0]/Addons/BottleRackAddon.cs;Data/Scripts/Custom/Vhaerun's CRL Homestead System [2.0]/Dracana's Winecrafting [2.0]/Addons/KegStorageAddon.cs;Data/Scripts/Custom/Vhaerun's CRL Homestead System [2.0]/Dracana's Winecrafting [2.0]/Commands/AddGrapevines.cs;Data/Scripts/Custom/Vhaerun's CRL Homestead System [2.0]/Dracana's Winecrafting [2.0]/Commands/VinePlacement.cs;Data/Scripts/Custom/Vhaerun's CRL Homestead System [2.0]/Dracana's Winecrafting [2.0]/Craft/DefWinecrafting.cs;Data/Scripts/Custom/Vhaerun's CRL Homestead System [2.0]/Dracana's Winecrafting [2.0]/Gumps/AddGrapevineGump.cs;Data/Scripts/Custom/Vhaerun's CRL Homestead System [2.0]/Dracana's Winecrafting [2.0]/Items/Craft Items/Resources/WinecrafterSugar.cs;Data/Scripts/Custom/Vhaerun's CRL Homestead System [2.0]/Dracana's Winecrafting [2.0]/Items/Craft Items/Resources/WinecrafterYeast.cs;Data/Scripts/Custom/Vhaerun's CRL Homestead System [2.0]/Dracana's Winecrafting [2.0]/Items/Craft Items/Resources/WineGrapes.cs;Data/Scripts/Custom/Vhaerun's CRL Homestead System [2.0]/Dracana's Winecrafting [2.0]/Items/Craft Items/Tools/VinyardLabelMaker.cs;Data/Scripts/Custom/Vhaerun's CRL Homestead System [2.0]/Dracana's Winecrafting [2.0]/Items/Craft Items/Tools/WinecraftersTools.cs;Data/Scripts/Custom/Vhaerun's CRL Homestead System [2.0]/Dracana's Winecrafting [2.0]/Items/Craft Items/WineGrapeInfo.cs;Data/Scripts/Custom/Vhaerun's CRL Homestead System [2.0]/Vhaerun's CRL Cooking/Package Systems/HungerGump/HungerGump.cs","388 current source file(s) grouped by current path; first 12 plus every direct Player-command source are listed in SourceFiles. Existing inventory is ownership guidance only.","High: the system changes persistent progression, property, combat consent, or unattended character behavior.","Add or refresh an in-game overview when this custom bucket exposes a distinct player mechanic; otherwise record an explicit exclusion in the detailed review.","Do not enumerate ordinary content variants or reveal locations and solutions.","Verify the detailed row or exclusion for each player-facing custom capability and stage-test its teaching surface.","Required: ordinary-player staging placement/accessibility evidence; no world save is present in this checkout.","Boundary census row. Detailed rows carry incorporation work."
"IGDB-0006","IGD-CAP-direct-player-command-discovery","P1","Ready","System:Commands","Complete direct Player command discovery and syntax","RefreshExisting","Help","Data/Scripts/System/Help/Gumps/HelpGump.cs","Current filesystem and named symbols reviewed by the audit generator.","High: undiscoverable commands include persistent settings, automated actions, service controls, and stop paths.","Rebuild the in-game command reference from the current direct Player registration census, grouping aliases and routing dense systems to their own help.","List commands and safe effects; omit secret output content.","Every direct Player command is discoverable in game with syntax, prerequisites, persistent effects, error behavior, and stop or undo path.","Required for final player-visible implementation acceptance.",""
"IGDB-0007","IGD-CAP-onboarding-help-guide-library","P1","Ready","System:Help","New-player onboarding, Help, Guide to Adventure, and Personal Library routing","RefreshExisting","Help","Data/Scripts/Items/Books/DynamicBook.cs;Data/Scripts/Mobiles/Civilized/ShardGreeter.cs;Data/Scripts/System/Commands/Player/MyLibrary.cs;Data/Scripts/System/Help/Gumps/HelpGump.cs","Current filesystem and named symbols reviewed by the audit generator.","High: the authoritative onboarding path appears to make acquisition assumptions that current source alone does not prove.","Reconcile how a fresh player reaches Help, the Guide, the Library, basic commands, and deeper references. Correct only after owner staging confirms actual stock or placement.","Onboarding is not secret; do not reveal unrelated world discoveries.","A fresh ordinary character can find and traverse every onboarding surface without staff intervention or an external wiki.","Required: ordinary-player staging placement/accessibility evidence; no world save is present in this checkout.",""
"IGDB-0008","IGD-CAP-town-crier-privacy-bridge","P1","Ready","System:Help","Town Crier private speech and external publication boundary","RefreshExisting","Help","Data/Scripts/System/Help/Gumps/HelpGump.cs;Data/Scripts/System/Misc/Talk.cs","Current filesystem and named symbols reviewed by the audit generator.","High: players need an accurate boundary between local/private speech and externally published content.","State exactly which Town Crier interactions can leave the game, how to use private/local speech, what content is sanitized, and what delivery feedback means.","No spoiler restriction; do not expose webhook or staff configuration.","On staging, exercise public, private, offline, rejected, and delivered cases with a test endpoint and ordinary player account.","Required: ordinary-player staging placement/accessibility evidence; no world save is present in this checkout.",""
"IGDB-0009","IGD-CAP-auto-loop-taming","P1","Ready","System:Skills","Auto-loop animal taming and explicit stop controls","Incorporate","Help","Data/Scripts/System/Skills/Taming.cs;Data/Scripts/System/Skills/TamingLoopController.cs","Current filesystem and named symbols reviewed by the audit generator.","High: an automated repeated action needs an obvious stop path, interruption rules, and failure feedback.","Teach how looping starts, how to stop it, and what movement, range, target state, success, failure, death, or logout does.","No spoiler restriction; do not publish hidden creature locations.","Start and stop the loop as an ordinary player and verify all interruption and invalid-target messages.","Required for final player-visible implementation acceptance.",""
"IGDB-0010","IGD-CAP-crafting-queue-batch-containers-search","P1","Ready","Trades:Core","Crafting search, batch amount, queue, source/destination containers, and cancellation","Incorporate","SystemHelpGump","Data/Scripts/Trades/Core/Gumps/CraftBatchStatusGump.cs;Data/Scripts/Trades/Core/Gumps/CraftGump.cs;Data/Scripts/Trades/Core/Gumps/CraftGumpItem.cs;Data/Scripts/Trades/Core/Gumps/CraftQueueGump.cs","Current filesystem and named symbols reviewed by the audit generator.","High: batch and queue operations consume materials and persistent container choices can produce costly mistakes.","Add point-of-use help covering search, quantity limits, queue order, material consumption, source/destination selection, house containers, cancellation, failure, and persistence.","Do not enumerate secret or rare recipes.","Craft inexpensive samples through search, batch, queue, container, cancel, failure, close/reopen, logout, and insufficient-material paths.","Required for final player-visible implementation acceptance.",""
"IGDB-0011","IGD-CAP-auto-loop-harvesting","P1","Ready","Trades:Harvest","Auto-loop harvesting, captcha/failure behavior, and stop control","Incorporate","Help","Data/Scripts/Items/Trades/Harvest Tools/BaseHarvestTool.cs;Data/Scripts/Trades/Harvest/HarvestLoopController.cs;Data/Scripts/Trades/Harvest/HarvestSystem.cs","Current filesystem and named symbols reviewed by the audit generator.","High: repeated resource actions, anti-automation checks, and explicit stop behavior must be clear.","Teach eligible tools, how looping begins and ends, stop syntax, resource depletion, range/movement, captcha, logout, death, and failure behavior.","Explain resource categories, not rare node locations.","Exercise every start, stop, interruption, captcha, depletion, and invalid-target state on disposable staging resources.","Required: ordinary-player staging placement/accessibility evidence; no world save is present in this checkout.",""
"IGDB-0012","IGD-DOC-docs-wiki-book-publisher-md","P2","Ready","CanonicalWiki:Crafting, Harvesting, Trades, And Economy","Book Publisher","Incorporate","LibraryReference","Data/Scripts/Custom/Book Publisher [2.0]/BookBuyInfo.cs;Data/Scripts/Custom/Book Publisher [2.0]/PublishedBook.cs;Data/Scripts/Custom/Book Publisher [2.0]/Publisher.cs;Data/Scripts/Custom/Book Publisher [2.0]/SBPublisher.cs;Data/Scripts/Custom/Book Publisher [2.0]/XmlBook.cs","Current source paths from the canonical documentation truth table were revalidated against the filesystem.","Medium to high: materials, property, batch actions, and vendor transactions can cause meaningful loss.","Teach entry tools, material consumption, batch or queue controls, persistent selections, stop paths, and irreversible or costly actions.","Explain entry, controls, rules, risks, and clue paths; omit locations, solutions, passwords, and surprises.","An ordinary player can reach the recommended surface and perform the documented capability without using the external wiki.","Required: ordinary-player staging placement/accessibility evidence; no world save is present in this checkout.","The wiki is research evidence only and does not count as in-game coverage."
"IGDB-0013","IGD-DOC-docs-wiki-bulk-order-system-md","P2","Ready","CanonicalWiki:Crafting, Harvesting, Trades, And Economy","Bulk Order System","Incorporate","LibraryReference","","Canonical external topic retained as a candidate; no current source path is asserted.","Medium to high: materials, property, batch actions, and vendor transactions can cause meaningful loss.","Teach entry tools, material consumption, batch or queue controls, persistent selections, stop paths, and irreversible or costly actions.","Explain entry, controls, rules, risks, and clue paths; omit locations, solutions, passwords, and surprises.","An ordinary player can reach the recommended surface and perform the documented capability without using the external wiki.","Required: ordinary-player staging placement/accessibility evidence; no world save is present in this checkout.","The wiki is research evidence only and does not count as in-game coverage."
"IGDB-0014","IGD-DOC-docs-wiki-farmable-crops-system-md","P2","Ready","CanonicalWiki:Crafting, Harvesting, Trades, And Economy","Farmable Crops System","Incorporate","LibraryReference","Data/Scripts/Items/Farming/;Data/Scripts/Items/Farming/FarmableCabbage.cs;Data/Scripts/Items/Farming/FarmableCarrot.cs;Data/Scripts/Items/Farming/FarmableCorn.cs;Data/Scripts/Items/Farming/FarmableCotton.cs;Data/Scripts/Items/Farming/FarmableCrop.cs;Data/Scripts/Items/Farming/FarmableFlax.cs;Data/Scripts/Items/Farming/FarmableLettuce.cs;Data/Scripts/Items/Farming/FarmableOnion.cs;Data/Scripts/Items/Farming/FarmablePumpkin.cs;Data/Scripts/Items/Farming/FarmableTomato.cs;Data/Scripts/Items/Farming/FarmableTurnip.cs;Data/Scripts/Items/Farming/FarmableWatermelon.cs;Data/Scripts/Items/Farming/FarmableWheat.cs;Data/Scripts/Items/Trades/Resources/Reagents/Farm/FarmableGarlic.cs;Data/Scripts/Items/Trades/Resources/Reagents/Farm/FarmableGinseng.cs;Data/Scripts/Items/Trades/Resources/Reagents/Farm/FarmableMandrakeRoot.cs;Data/Scripts/Items/Trades/Resources/Reagents/Farm/FarmableNightshade.cs","Current source paths from the canonical documentation truth table were revalidated against the filesystem.","Medium to high: materials, property, batch actions, and vendor transactions can cause meaningful loss.","Teach entry tools, material consumption, batch or queue controls, persistent selections, stop paths, and irreversible or costly actions.","Explain entry, controls, rules, risks, and clue paths; omit locations, solutions, passwords, and surprises.","An ordinary player can reach the recommended surface and perform the documented capability without using the external wiki.","Required: ordinary-player staging placement/accessibility evidence; no world save is present in this checkout.","The wiki is research evidence only and does not count as in-game coverage."
"IGDB-0015","IGD-DOC-docs-wiki-flip-deed-md","P2","Ready","CanonicalWiki:Crafting, Harvesting, Trades, And Economy","Flip Deed","Incorporate","LibraryReference","Data/Scripts/Items/Construction/Addons/BaseAddonDeed.cs;Data/Scripts/Items/Houses/InteriorDecorator.cs;Data/Scripts/Items/Houses/TentsEast.cs;Data/Scripts/Items/Misc/FlipableAttribute.cs;Data/Scripts/Items/Relics/DDRelicBearRugs.cs;Data/Scripts/System/Help/Gumps/HelpGump.cs;Data/Scripts/Trades/Stone/BaseStatueDeed.cs","Current source paths from the canonical documentation truth table were revalidated against the filesystem.","Medium to high: materials, property, batch actions, and vendor transactions can cause meaningful loss.","Teach entry tools, material consumption, batch or queue controls, persistent selections, stop paths, and irreversible or costly actions.","Explain entry, controls, rules, risks, and clue paths; omit locations, solutions, passwords, and surprises.","An ordinary player can reach the recommended surface and perform the documented capability without using the external wiki.","Required: ordinary-player staging placement/accessibility evidence; no world save is present in this checkout.","The wiki is research evidence only and does not count as in-game coverage."
"IGDB-0016","IGD-DOC-docs-wiki-grave-robbing-trade-md","P2","Ready","CanonicalWiki:Crafting, Harvesting, Trades, And Economy","Grave Robbing Trade","Incorporate","LibraryReference","Data/Scripts/Items/Containers/GraveChest.cs;Data/Scripts/Items/Trades/Harvest Tools/BaseHarvestTool.cs;Data/Scripts/Trades/Crafting/DefTinkering.cs;Data/Scripts/Trades/Grave Robbing/Bones.cs;Data/Scripts/Trades/Grave Robbing/GraveRobbing.cs;Data/Scripts/Trades/Grave Robbing/GraveShovel.cs;Data/Scripts/Trades/Harvest/HarvestBank.cs;Data/Scripts/Trades/Harvest/HarvestDefinition.cs;Data/Scripts/Trades/Harvest/HarvestSystem.cs","Current source paths from the canonical documentation truth table were revalidated against the filesystem.","Medium to high: materials, property, batch actions, and vendor transactions can cause meaningful loss.","Teach entry tools, material consumption, batch or queue controls, persistent selections, stop paths, and irreversible or costly actions.","Explain entry, controls, rules, risks, and clue paths; omit locations, solutions, passwords, and surprises.","An ordinary player can reach the recommended surface and perform the documented capability without using the external wiki.","Required: ordinary-player staging placement/accessibility evidence; no world save is present in this checkout.","The wiki is research evidence only and does not count as in-game coverage."
"IGDB-0017","IGD-DOC-docs-wiki-harvest-resource-system-md","P2","Ready","CanonicalWiki:Crafting, Harvesting, Trades, And Economy","Harvest Resource System","Incorporate","LibraryReference","Data/Scripts/Items/Trades/Harvest Tools/BaseHarvestTool.cs;Data/Scripts/Trades/Harvest/BonusHarvestResource.cs;Data/Scripts/Trades/Harvest/HarvestBank.cs;Data/Scripts/Trades/Harvest/HarvestDefinition.cs;Data/Scripts/Trades/Harvest/HarvestResource.cs;Data/Scripts/Trades/Harvest/HarvestSoundTimer.cs;Data/Scripts/Trades/Harvest/HarvestSystem.cs;Data/Scripts/Trades/Harvest/HarvestTarget.cs;Data/Scripts/Trades/Harvest/HarvestTimer.cs;Data/Scripts/Trades/Harvest/HarvestVein.cs","Current source paths from the canonical documentation truth table were revalidated against the filesystem.","Medium to high: materials, property, batch actions, and vendor transactions can cause meaningful loss.","Teach entry tools, material consumption, batch or queue controls, persistent selections, stop paths, and irreversible or costly actions.","Explain entry, controls, rules, risks, and clue paths; omit locations, solutions, passwords, and surprises.","An ordinary player can reach the recommended surface and perform the documented capability without using the external wiki.","Required: ordinary-player staging placement/accessibility evidence; no world save is present in this checkout.","The wiki is research evidence only and does not count as in-game coverage."
"IGDB-0018","IGD-DOC-docs-wiki-homestead-system-md","P2","Ready","CanonicalWiki:Crafting, Harvesting, Trades, And Economy","Homestead System","Incorporate","LibraryReference","","Canonical external topic retained as a candidate; no current source path is asserted.","Medium to high: materials, property, batch actions, and vendor transactions can cause meaningful loss.","Teach entry tools, material consumption, batch or queue controls, persistent selections, stop paths, and irreversible or costly actions.","Explain entry, controls, rules, risks, and clue paths; omit locations, solutions, passwords, and surprises.","An ordinary player can reach the recommended surface and perform the documented capability without using the external wiki.","Required: ordinary-player staging placement/accessibility evidence; no world save is present in this checkout.","The wiki is research evidence only and does not count as in-game coverage."
"IGDB-0019","IGD-DOC-docs-wiki-librarian-trade-md","P2","Ready","CanonicalWiki:Crafting, Harvesting, Trades, And Economy","Librarian Trade","Incorporate","LibraryReference","Data/Scripts/Items/Unknown/UnknownScroll.cs;Data/Scripts/Trades/Harvest/HarvestBank.cs;Data/Scripts/Trades/Harvest/HarvestDefinition.cs;Data/Scripts/Trades/Harvest/HarvestSystem.cs;Data/Scripts/Trades/Librarian/Librarian.cs;Data/Scripts/Trades/Librarian/LibraryScrolls.cs;Data/Scripts/Trades/Librarian/Monocle.cs","Current source paths from the canonical documentation truth table were revalidated against the filesystem.","Medium to high: materials, property, batch actions, and vendor transactions can cause meaningful loss.","Teach entry tools, material consumption, batch or queue controls, persistent selections, stop paths, and irreversible or costly actions.","Explain entry, controls, rules, risks, and clue paths; omit locations, solutions, passwords, and surprises.","An ordinary player can reach the recommended surface and perform the documented capability without using the external wiki.","Required: ordinary-player staging placement/accessibility evidence; no world save is present in this checkout.","The wiki is research evidence only and does not count as in-game coverage."
"IGDB-0020","IGD-DOC-docs-wiki-relic-items-md","P2","Ready","CanonicalWiki:Crafting, Harvesting, Trades, And Economy","Relic Items","Incorporate","LibraryReference","Data/Scripts/Items/Relics/;Data/Scripts/Items/Relics/DDIdItems.cs;Data/Scripts/Items/Relics/DDRelicAlchemy.cs;Data/Scripts/Items/Relics/DDRelicArmor.cs;Data/Scripts/Items/Relics/DDRelicArts.cs;Data/Scripts/Items/Relics/DDRelicBanner.cs;Data/Scripts/Items/Relics/DDRelicBearRugs.cs;Data/Scripts/Items/Relics/DDRelicBook.cs;Data/Scripts/Items/Relics/DDRelicCloth.cs;Data/Scripts/Items/Relics/DDRelicCoins.cs;Data/Scripts/Items/Relics/DDRelicDrink.cs;Data/Scripts/Items/Relics/DDRelicFur.cs;Data/Scripts/Items/Relics/DDRelicGem.cs;Data/Scripts/Items/Relics/DDRelicGrave.cs;Data/Scripts/Items/Relics/DDRelicInstrument.cs;Data/Scripts/Items/Relics/DDRelicJewels.cs;Data/Scripts/Items/Relics/DDRelicLeather.cs;Data/Scripts/Items/Relics/DDRelicLight.cs;Data/Scripts/Items/Relics/DDRelicMoney.cs;Data/Scripts/Items/Relics/DDRelicOrbs.cs;Data/Scripts/Items/Relics/DDRelicPainting.cs;Data/Scripts/Items/Relics/DDRelicReagent.cs;Data/Scripts/Items/Relics/DDRelicRug.cs;Data/Scripts/Items/Relics/DDRelicScrolls.cs;Data/Scripts/Items/Relics/DDRelicStatue.cs;Data/Scripts/Items/Relics/DDRelicTablet.cs;Data/Scripts/Items/Relics/DDRelicVase.cs;Data/Scripts/Items/Relics/DDRelicWeapon.cs","Current source paths from the canonical documentation truth table were revalidated against the filesystem.","Medium to high: materials, property, batch actions, and vendor transactions can cause meaningful loss.","Teach entry tools, material consumption, batch or queue controls, persistent selections, stop paths, and irreversible or costly actions.","Explain entry, controls, rules, risks, and clue paths; omit locations, solutions, passwords, and surprises.","An ordinary player can reach the recommended surface and perform the documented capability without using the external wiki.","Required: ordinary-player staging placement/accessibility evidence; no world save is present in this checkout.","The wiki is research evidence only and does not count as in-game coverage."
"IGDB-0021","IGD-DOC-docs-wiki-runic-tools-crafting-md","P2","Ready","CanonicalWiki:Crafting, Harvesting, Trades, And Economy","Runic Tools Crafting","Incorporate","LibraryReference","Data/Scripts/Items/Armor/BaseArmor.cs;Data/Scripts/Items/Trades/Tools/BaseRunicTool.cs;Data/Scripts/Items/Trades/Tools/BaseTool.cs;Data/Scripts/Items/Trades/Tools/RunicDovetailSaw.cs;Data/Scripts/Items/Trades/Tools/RunicHammer.cs;Data/Scripts/Items/Trades/Tools/RunicSewingKit.cs;Data/Scripts/Items/Weapons/BaseWeapon.cs;Data/Scripts/System/Misc/ResourceInfo.cs;Data/Scripts/Trades/Bulk Orders/Rewards.cs;Data/Scripts/Trades/Runics/BaseRunicFletcherTools.cs;Data/Scripts/Trades/Runics/BaseRunicHammer.cs;Data/Scripts/Trades/Runics/BaseRunicSaw.cs;Data/Scripts/Trades/Runics/BaseRunicSewingKit.cs;Data/Scripts/Trades/Runics/BaseRunicTinkerTools.cs","Current source paths from the canonical documentation truth table were revalidated against the filesystem.","Medium to high: materials, property, batch actions, and vendor transactions can cause meaningful loss.","Teach entry tools, material consumption, batch or queue controls, persistent selections, stop paths, and irreversible or costly actions.","Explain entry, controls, rules, risks, and clue paths; omit locations, solutions, passwords, and surprises.","An ordinary player can reach the recommended surface and perform the documented capability without using the external wiki.","Required: ordinary-player staging placement/accessibility evidence; no world save is present in this checkout.","The wiki is research evidence only and does not count as in-game coverage."
"IGDB-0022","IGD-DOC-docs-wiki-shoppes-vendors-md","P2","Ready","CanonicalWiki:Crafting, Harvesting, Trades, And Economy","Shoppes Vendors","Incorporate","LibraryReference","Data/Scripts/Mobiles/Base/BaseVendor.cs;Data/Scripts/Mobiles/Base/StoreSalesList.cs;Data/Scripts/Scripts.csproj;Data/Scripts/Trades/Shoppes/AlchemistShoppe.cs;Data/Scripts/Trades/Shoppes/BakerShoppe.cs;Data/Scripts/Trades/Shoppes/BaseShoppe.cs;Data/Scripts/Trades/Shoppes/BlacksmithShoppe.cs;Data/Scripts/Trades/Shoppes/BowyerShoppe.cs;Data/Scripts/Trades/Shoppes/CarpentryShoppe.cs;Data/Scripts/Trades/Shoppes/CartographyShoppe.cs;Data/Scripts/Trades/Shoppes/Customers.cs;Data/Scripts/Trades/Shoppes/HerbalistShoppe.cs;Data/Scripts/Trades/Shoppes/LibrarianShoppe.cs;Data/Scripts/Trades/Shoppes/MerchantCrate.cs;Data/Scripts/Trades/Shoppes/MorticianShoppe.cs;Data/Scripts/Trades/Shoppes/TailorShoppe.cs;Data/Scripts/Trades/Shoppes/TinkerShoppe.cs","Current source paths from the canonical documentation truth table were revalidated against the filesystem.","Medium to high: materials, property, batch actions, and vendor transactions can cause meaningful loss.","Teach entry tools, material consumption, batch or queue controls, persistent selections, stop paths, and irreversible or costly actions.","Explain entry, controls, rules, risks, and clue paths; omit locations, solutions, passwords, and surprises.","An ordinary player can reach the recommended surface and perform the documented capability without using the external wiki.","Required: ordinary-player staging placement/accessibility evidence; no world save is present in this checkout.","The wiki is research evidence only and does not count as in-game coverage."
"IGDB-0023","IGD-DOC-docs-wiki-stonecrafting-md","P2","Ready","CanonicalWiki:Crafting, Harvesting, Trades, And Economy","Stonecrafting","Incorporate","LibraryReference","Data/Scripts/Items/Trades/Resources/Masonry/Granite.cs;Data/Scripts/Items/Trades/Specialized/MasonryBook.cs;Data/Scripts/Items/Trades/Specialized/StoneMiningBook.cs;Data/Scripts/Items/Trades/Tools/MalletAndChisel.cs;Data/Scripts/Mobiles/Civilized/Vendors/StoneCrafter.cs;Data/Scripts/Scripts.csproj;Data/Scripts/Trades/Crafting/DefMasonry.cs;Data/Scripts/Trades/Stone/Assemblies.cs;Data/Scripts/Trades/Stone/BaseStatue.cs;Data/Scripts/Trades/Stone/BaseStatueDeed.cs;Data/Scripts/Trades/Stone/Furniture.cs;Data/Scripts/Trades/Stone/Gravestones.cs;Data/Scripts/Trades/Stone/Statues.cs","Current source paths from the canonical documentation truth table were revalidated against the filesystem.","Medium to high: materials, property, batch actions, and vendor transactions can cause meaningful loss.","Teach entry tools, material consumption, batch or queue controls, persistent selections, stop paths, and irreversible or costly actions.","Explain entry, controls, rules, risks, and clue paths; omit locations, solutions, passwords, and surprises.","An ordinary player can reach the recommended surface and perform the documented capability without using the external wiki.","Required: ordinary-player staging placement/accessibility evidence; no world save is present in this checkout.","The wiki is research evidence only and does not count as in-game coverage."
"IGDB-0024","IGD-DOC-docs-wiki-taxidermy-md","P2","Ready","CanonicalWiki:Crafting, Harvesting, Trades, And Economy","Taxidermy","Incorporate","LibraryReference","Data/Scripts/Items/Misc/Bodies/Corpses/Corpse.cs;Data/Scripts/Items/Trades/Carpenter Items/TaxidermyKit.cs;Data/Scripts/Mobiles/Base/DropRelic.cs;Data/Scripts/Trades/Taxidermy/MagicSkulls.cs;Data/Scripts/Trades/Taxidermy/MountedTrophyHead.cs;Data/Scripts/Trades/Taxidermy/MountingBase.cs;Data/Scripts/Trades/Taxidermy/StuffedBear.cs;Data/Scripts/Trades/Taxidermy/StuffingBasket.cs;Data/Scripts/Trades/Taxidermy/TrophyBase.cs","Current source paths from the canonical documentation truth table were revalidated against the filesystem.","Medium to high: materials, property, batch actions, and vendor transactions can cause meaningful loss.","Teach entry tools, material consumption, batch or queue controls, persistent selections, stop paths, and irreversible or costly actions.","Explain entry, controls, rules, risks, and clue paths; omit locations, solutions, passwords, and surprises.","An ordinary player can reach the recommended surface and perform the documented capability without using the external wiki.","Required: ordinary-player staging placement/accessibility evidence; no world save is present in this checkout.","The wiki is research evidence only and does not count as in-game coverage."
"IGDB-0025","IGD-DOC-docs-wiki-technology-items-md","P2","Ready","CanonicalWiki:Crafting, Harvesting, Trades, And Economy","Technology Items","Incorporate","LibraryReference","Data/Scripts/Items/Technology/;Data/Scripts/Items/Technology/AlienEgg.cs;Data/Scripts/Items/Technology/BaseKilrathi.cs;Data/Scripts/Items/Technology/Chainsaw.cs;Data/Scripts/Items/Technology/ComputerDatabase.cs;Data/Scripts/Items/Technology/DataPad.cs;Data/Scripts/Items/Technology/DoubleLaserSword.cs;Data/Scripts/Items/Technology/DuctTape.cs;Data/Scripts/Items/Technology/FirstAidKit.cs;Data/Scripts/Items/Technology/KilrathiGun.cs;Data/Scripts/Items/Technology/KilrathiHeavyGun.cs;Data/Scripts/Items/Technology/Krystal.cs;Data/Scripts/Items/Technology/Landmine.cs;Data/Scripts/Items/Technology/LightSword.cs;Data/Scripts/Items/Technology/MaterialLiquifier.cs;Data/Scripts/Items/Technology/MedicalRecord.cs;Data/Scripts/Items/Technology/PlasmaGrenade.cs;Data/Scripts/Items/Technology/PlasmaTorch.cs;Data/Scripts/Items/Technology/PortableSmelter.cs;Data/Scripts/Items/Technology/RomulanAle.cs;Data/Scripts/Items/Technology/SpaceDyes.cs;Data/Scripts/Items/Technology/SpaceJunk.cs;Data/Scripts/Items/Technology/ThermalDetonator.cs","Current source paths from the canonical documentation truth table were revalidated against the filesystem.","Medium to high: materials, property, batch actions, and vendor transactions can cause meaningful loss.","Teach entry tools, material consumption, batch or queue controls, persistent selections, stop paths, and irreversible or costly actions.","Explain entry, controls, rules, risks, and clue paths; omit locations, solutions, passwords, and surprises.","An ordinary player can reach the recommended surface and perform the documented capability without using the external wiki.","Required: ordinary-player staging placement/accessibility evidence; no world save is present in this checkout.","The wiki is research evidence only and does not count as in-game coverage."
"IGDB-0026","IGD-DOC-docs-wiki-trade-guild-enhancements-md","P2","Ready","CanonicalWiki:Crafting, Harvesting, Trades, And Economy","Trade Guild Enhancements","Incorporate","LibraryReference","Data/Scripts/Mobiles/Base/StoreSalesList.cs;Data/Scripts/Scripts.csproj;Data/Scripts/Trades/Guild/AttributeHandler.cs;Data/Scripts/Trades/Guild/EnhancementStoneProcess.cs;Data/Scripts/Trades/Guild/GuildCarpentry.cs;Data/Scripts/Trades/Guild/GuildFletching.cs;Data/Scripts/Trades/Guild/GuildHammer.cs;Data/Scripts/Trades/Guild/GuildSewing.cs;Data/Scripts/Trades/Guild/GuildTinkering.cs;Data/Scripts/Trades/Guild/Gumps/EnhancementGump.cs","Current source paths from the canonical documentation truth table were revalidated against the filesystem.","Medium to high: materials, property, batch actions, and vendor transactions can cause meaningful loss.","Teach entry tools, material consumption, batch or queue controls, persistent selections, stop paths, and irreversible or costly actions.","Explain entry, controls, rules, risks, and clue paths; omit locations, solutions, passwords, and surprises.","An ordinary player can reach the recommended surface and perform the documented capability without using the external wiki.","Required: ordinary-player staging placement/accessibility evidence; no world save is present in this checkout.","The wiki is research evidence only and does not count as in-game coverage."
"IGDB-0027","IGD-DOC-docs-wiki-vendor-core-system-md","P2","Ready","CanonicalWiki:Crafting, Harvesting, Trades, And Economy","Vendor Core System","Incorporate","LibraryReference","Data/Scripts/Mobiles/Base/AnimalBuy.cs;Data/Scripts/Mobiles/Base/BaseVendor.cs;Data/Scripts/Mobiles/Base/BeverageBuy.cs;Data/Scripts/Mobiles/Base/GenericBuy.cs;Data/Scripts/Mobiles/Base/GenericSell.cs;Data/Scripts/Mobiles/Base/PresetMapBuy.cs;Data/Scripts/Mobiles/Base/StoreSalesList.cs;Data/Scripts/System/Commands/Commands/Commands.cs;Data/System/Source/BaseVendor.cs;Data/System/Source/Network/PacketHandlers.cs;Data/System/Source/Network/Packets.cs","Current source paths from the canonical documentation truth table were revalidated against the filesystem.","Medium to high: materials, property, batch actions, and vendor transactions can cause meaningful loss.","Teach entry tools, material consumption, batch or queue controls, persistent selections, stop paths, and irreversible or costly actions.","Explain entry, controls, rules, risks, and clue paths; omit locations, solutions, passwords, and surprises.","An ordinary player can reach the recommended surface and perform the documented capability without using the external wiki.","Required: ordinary-player staging placement/accessibility evidence; no world save is present in this checkout.","The wiki is research evidence only and does not count as in-game coverage."
"IGDB-0028","IGD-DOC-docs-wiki-boat-navigation-control-md","P2","Ready","CanonicalWiki:Player Commands And Account Tools","Boat Navigation Control","Incorporate","Help","Data/Scripts/Custom/BoatNavigationTotem/BoatNavigationTotam.cs;Data/Scripts/Items/Boats/BaseBoat.cs;Data/Scripts/Items/Boats/Plank.cs","Current source paths from the canonical documentation truth table were revalidated against the filesystem.","Medium to high: commands and account controls are otherwise undiscoverable and may alter persistent settings or behavior.","Add command name, syntax, prerequisites, persistent effects, stop or undo path, and failure feedback to Help or the owning system help.","Command documentation is not a spoiler; omit only hidden content revealed by its output.","An ordinary player can reach the recommended surface and perform the documented capability without using the external wiki.","Required: ordinary-player staging placement/accessibility evidence; no world save is present in this checkout.","The wiki is research evidence only and does not count as in-game coverage."
"IGDB-0029","IGD-DOC-docs-wiki-bond-info-command-md","P2","Ready","CanonicalWiki:Player Commands And Account Tools","Bond Info Command","Incorporate","Help","","Canonical external topic retained as a candidate; no current source path is asserted.","Medium to high: commands and account controls are otherwise undiscoverable and may alter persistent settings or behavior.","Add command name, syntax, prerequisites, persistent effects, stop or undo path, and failure feedback to Help or the owning system help.","Command documentation is not a spoiler; omit only hidden content revealed by its output.","An ordinary player can reach the recommended surface and perform the documented capability without using the external wiki.","Required: ordinary-player staging placement/accessibility evidence; no world save is present in this checkout.","The wiki is research evidence only and does not count as in-game coverage."
"IGDB-0030","IGD-DOC-docs-wiki-chat-system-md","P2","Ready","CanonicalWiki:Player Commands And Account Tools","Chat System","Incorporate","Help","Data/Scripts/System/Chat","Current source paths from the canonical documentation truth table were revalidated against the filesystem.","Medium to high: commands and account controls are otherwise undiscoverable and may alter persistent settings or behavior.","Add command name, syntax, prerequisites, persistent effects, stop or undo path, and failure feedback to Help or the owning system help.","Command documentation is not a spoiler; omit only hidden content revealed by its output.","An ordinary player can reach the recommended surface and perform the documented capability without using the external wiki.","Required: ordinary-player staging placement/accessibility evidence; no world save is present in this checkout.","The wiki is research evidence only and does not count as in-game coverage."
"IGDB-0031","IGD-DOC-docs-wiki-clear-deck-command-md","P2","Ready","CanonicalWiki:Player Commands And Account Tools","Clear Deck Command","Incorporate","Help","","Canonical external topic retained as a candidate; no current source path is asserted.","Medium to high: commands and account controls are otherwise undiscoverable and may alter persistent settings or behavior.","Add command name, syntax, prerequisites, persistent effects, stop or undo path, and failure feedback to Help or the owning system help.","Command documentation is not a spoiler; omit only hidden content revealed by its output.","An ordinary player can reach the recommended surface and perform the documented capability without using the external wiki.","Required: ordinary-player staging placement/accessibility evidence; no world save is present in this checkout.","The wiki is research evidence only and does not count as in-game coverage."
"IGDB-0032","IGD-DOC-docs-wiki-custom-title-feature-md","P2","Ready","CanonicalWiki:Player Commands And Account Tools","Custom Title Feature","Incorporate","Help","Data/Scripts/Mobiles/Base/PlayerMobile.cs;Data/Scripts/System/Help/Gumps/HelpGump.cs;Data/Scripts/System/Help/ServerSettings.cs;Data/Scripts/System/Misc/Naming.cs;Data/Scripts/System/Misc/Settings.cs;Data/Scripts/System/Misc/Titles.cs;Data/System/Source/Mobile.cs","Current source paths from the canonical documentation truth table were revalidated against the filesystem.","Medium to high: commands and account controls are otherwise undiscoverable and may alter persistent settings or behavior.","Add command name, syntax, prerequisites, persistent effects, stop or undo path, and failure feedback to Help or the owning system help.","Command documentation is not a spoiler; omit only hidden content revealed by its output.","An ordinary player can reach the recommended surface and perform the documented capability without using the external wiki.","Required: ordinary-player staging placement/accessibility evidence; no world save is present in this checkout.","The wiki is research evidence only and does not count as in-game coverage."
"IGDB-0033","IGD-DOC-docs-wiki-offline-skill-training-md","P2","Ready","CanonicalWiki:Player Commands And Account Tools","Offline Skill Training","Incorporate","Help","Data/Scripts/Custom/Offline Skill Training/Items/AdvancedStudyBooks.cs;Data/Scripts/Custom/Offline Skill Training/Items/LegendaryStudyBooks.cs;Data/Scripts/Custom/Offline Skill Training/Items/RandomStudyBooks.cs;Data/Scripts/Custom/Offline Skill Training/Items/StandardStudyBooks.cs;Data/Scripts/Custom/Offline Skill Training/Items/StudyBook.cs;Data/Scripts/Custom/Offline Skill Training/Vendors/SBStudyBookbinder.cs;Data/Scripts/Custom/Offline Skill Training/Vendors/StudyBookbinder.cs;Data/Scripts/System/Skills/SkillCheck.cs","Current source paths from the canonical documentation truth table were revalidated against the filesystem.","Medium to high: commands and account controls are otherwise undiscoverable and may alter persistent settings or behavior.","Add command name, syntax, prerequisites, persistent effects, stop or undo path, and failure feedback to Help or the owning system help.","Command documentation is not a spoiler; omit only hidden content revealed by its output.","An ordinary player can reach the recommended surface and perform the documented capability without using the external wiki.","Required: ordinary-player staging placement/accessibility evidence; no world save is present in this checkout.","The wiki is research evidence only and does not count as in-game coverage."
"IGDB-0034","IGD-DOC-docs-wiki-point-command-md","P2","Ready","CanonicalWiki:Player Commands And Account Tools","Point Command","Incorporate","Help","Data/Scripts/Custom/Point Command [2.0]/Point.cs","Current source paths from the canonical documentation truth table were revalidated against the filesystem.","Medium to high: commands and account controls are otherwise undiscoverable and may alter persistent settings or behavior.","Add command name, syntax, prerequisites, persistent effects, stop or undo path, and failure feedback to Help or the owning system help.","Command documentation is not a spoiler; omit only hidden content revealed by its output.","An ordinary player can reach the recommended surface and perform the documented capability without using the external wiki.","Required: ordinary-player staging placement/accessibility evidence; no world save is present in this checkout.","The wiki is research evidence only and does not count as in-game coverage."
"IGDB-0035","IGD-DOC-docs-wiki-tell-a-friend-md","P2","Ready","CanonicalWiki:Player Commands And Account Tools","Tell A Friend Referral","Incorporate","Help","Data/Scripts/Custom/TellAFriend/Rewards/StatBall.cs;Data/Scripts/Custom/TellAFriend/TellAFriend.cs","Current source paths from the canonical documentation truth table were revalidated against the filesystem.","Medium to high: commands and account controls are otherwise undiscoverable and may alter persistent settings or behavior.","Add command name, syntax, prerequisites, persistent effects, stop or undo path, and failure feedback to Help or the owning system help.","Command documentation is not a spoiler; omit only hidden content revealed by its output.","An ordinary player can reach the recommended surface and perform the documented capability without using the external wiki.","Required: ordinary-player staging placement/accessibility evidence; no world save is present in this checkout.","The wiki is research evidence only and does not count as in-game coverage."
"IGDB-0036","IGD-DOC-docs-wiki-voting-rewards-md","P2","Ready","CanonicalWiki:Player Commands And Account Tools","Voting Rewards","Incorporate","Help","Data/Scripts/Custom/Voting;Data/Scripts/Custom/Voting/VoteCommand.cs;Data/Scripts/Custom/Voting/VoteConfig.cs;Data/Scripts/Custom/Voting/VoteEvents.cs;Data/Scripts/Custom/Voting/VoteHelper.cs;Data/Scripts/Custom/Voting/VoteItem.cs;Data/Scripts/Custom/Voting/VoteSite.cs;Data/Scripts/Custom/Voting/VoteStatus.cs;Data/Scripts/Custom/Voting/VoteStone.cs;Data/Scripts/Scripts.csproj","Current source paths from the canonical documentation truth table were revalidated against the filesystem.","Medium to high: commands and account controls are otherwise undiscoverable and may alter persistent settings or behavior.","Add command name, syntax, prerequisites, persistent effects, stop or undo path, and failure feedback to Help or the owning system help.","Command documentation is not a spoiler; omit only hidden content revealed by its output.","An ordinary player can reach the recommended surface and perform the documented capability without using the external wiki.","Required: ordinary-player staging placement/accessibility evidence; no world save is present in this checkout.","The wiki is research evidence only and does not count as in-game coverage."
"IGDB-0037","IGD-SYS-custom-xmlspawner","P2","Ready","Custom:XMLSpawner","Current source boundary: Custom:XMLSpawner","RefreshExisting","Help","Data/Scripts/Custom/XMLSpawner/BaseXmlSpawner.cs;Data/Scripts/Custom/XMLSpawner/Gumps/XmlSpawnerGumps.cs;Data/Scripts/Custom/XMLSpawner/ItemFlags.cs;Data/Scripts/Custom/XMLSpawner/PacketHandlerOverrides.cs;Data/Scripts/Custom/XMLSpawner/Wands/BaseWand.cs;Data/Scripts/Custom/XMLSpawner/Wands/ClumsyWand.cs;Data/Scripts/Custom/XMLSpawner/Wands/FeebleWand.cs;Data/Scripts/Custom/XMLSpawner/Wands/FireballWand.cs;Data/Scripts/Custom/XMLSpawner/Wands/GreaterHealWand.cs;Data/Scripts/Custom/XMLSpawner/Wands/HarmWand.cs;Data/Scripts/Custom/XMLSpawner/Wands/HealWand.cs;Data/Scripts/Custom/XMLSpawner/Wands/IDWand.cs;Data/Scripts/Custom/XMLSpawner/XmlAttachments/XmlPoints.cs;Data/Scripts/Custom/XMLSpawner/XmlQuest/XmlQuestLeaders.cs;Data/Scripts/Custom/XMLSpawner/XmlQuest/XmlQuestPoints.cs;Data/Scripts/Custom/XMLSpawner/XmlUtils/WhatIsIt.cs","133 current source file(s) grouped by current path; first 12 plus every direct Player-command source are listed in SourceFiles. Existing inventory is ownership guidance only.","Medium: a direct Player-access command is undiscoverable unless listed or taught at its point of need.","Reconcile the Player-access commands in this bucket with the Help command list and system-specific teaching.","Do not enumerate ordinary content variants or reveal locations and solutions.","An ordinary player can discover each command, syntax, prerequisites, and safe outcome entirely in game.","Required: ordinary-player staging placement/accessibility evidence; no world save is present in this checkout.","Boundary row promoted because current source registers Player-access commands."
"IGDB-0038","IGD-SYS-items-food","P2","Ready","Items:Food","Current source boundary: Items:Food","RefreshExisting","Help","Data/Scripts/Items/Food/Asian.cs;Data/Scripts/Items/Food/BakedBread.cs;Data/Scripts/Items/Food/Beverage.cs;Data/Scripts/Items/Food/BeverageEmpty.cs;Data/Scripts/Items/Food/BloodDrink.cs;Data/Scripts/Items/Food/Bowls.cs;Data/Scripts/Items/Food/CookableFood.cs;Data/Scripts/Items/Food/Cooking.cs;Data/Scripts/Items/Food/Food.cs;Data/Scripts/Items/Food/FreshBrain.cs;Data/Scripts/Items/Food/HitsDecay.cs;Data/Scripts/Items/Food/Hunger.cs","18 current source file(s) grouped by current path; first 12 plus every direct Player-command source are listed in SourceFiles. Existing inventory is ownership guidance only.","Medium: a direct Player-access command is undiscoverable unless listed or taught at its point of need.","Reconcile the Player-access commands in this bucket with the Help command list and system-specific teaching.","Do not enumerate ordinary content variants or reveal locations and solutions.","An ordinary player can discover each command, syntax, prerequisites, and safe outcome entirely in game.","Required: ordinary-player staging placement/accessibility evidence; no world save is present in this checkout.","Boundary row promoted because current source registers Player-access commands."
"IGDB-0039","IGD-SYS-items-magical","P2","Ready","Items:Magical","Current source boundary: Items:Magical","RefreshExisting","Help","Data/Scripts/Items/Magical/ArtifactBuilder.cs;Data/Scripts/Items/Magical/ArtifactManual.cs;Data/Scripts/Items/Magical/Artifacts/Artifact_AbysmalGloves.cs;Data/Scripts/Items/Magical/Artifacts/Artifact_AchillesShield.cs;Data/Scripts/Items/Magical/Artifacts/Artifact_AchillesSpear.cs;Data/Scripts/Items/Magical/Artifacts/Artifact_AcidProofRobe.cs;Data/Scripts/Items/Magical/Artifacts/Artifact_Aegis.cs;Data/Scripts/Items/Magical/Artifacts/Artifact_AegisOfGrace.cs;Data/Scripts/Items/Magical/Artifacts/Artifact_AilricsLongbow.cs;Data/Scripts/Items/Magical/Artifacts/Artifact_AlchemistsBauble.cs;Data/Scripts/Items/Magical/Artifacts/Artifact_ANecromancerShroud.cs;Data/Scripts/Items/Magical/Artifacts/Artifact_AngelicEmbrace.cs;Data/Scripts/Items/Magical/God/Commands/ItemExpCommand.cs","1179 current source file(s) grouped by current path; first 12 plus every direct Player-command source are listed in SourceFiles. Existing inventory is ownership guidance only.","Medium: a direct Player-access command is undiscoverable unless listed or taught at its point of need.","Reconcile the Player-access commands in this bucket with the Help command list and system-specific teaching.","Do not enumerate ordinary content variants or reveal locations and solutions.","An ordinary player can discover each command, syntax, prerequisites, and safe outcome entirely in game.","Required: ordinary-player staging placement/accessibility evidence; no world save is present in this checkout.","Boundary row promoted because current source registers Player-access commands."
"IGDB-0040","IGD-SYS-items-misc","P2","Ready","Items:Misc","Current source boundary: Items:Misc","RefreshExisting","Help","Data/Scripts/Items/Misc/AcidSlime.cs;Data/Scripts/Items/Misc/AltarGods.cs;Data/Scripts/Items/Misc/ArcaneGem.cs;Data/Scripts/Items/Misc/BankCheck.cs;Data/Scripts/Items/Misc/Beeswax.cs;Data/Scripts/Items/Misc/Blocker.cs;Data/Scripts/Items/Misc/Blood.cs;Data/Scripts/Items/Misc/Bodies/BodyParts.cs;Data/Scripts/Items/Misc/Bodies/BonePile.cs;Data/Scripts/Items/Misc/Bodies/Corpses/Corpse.cs;Data/Scripts/Items/Misc/Bodies/Corpses/CorpseNameAttribute.cs;Data/Scripts/Items/Misc/Bodies/Corpses/DecayedCorpse.cs;Data/Scripts/Items/Misc/Games/LiarsDice/DiceCommand.cs","146 current source file(s) grouped by current path; first 12 plus every direct Player-command source are listed in SourceFiles. Existing inventory is ownership guidance only.","Medium: a direct Player-access command is undiscoverable unless listed or taught at its point of need.","Reconcile the Player-access commands in this bucket with the Help command list and system-specific teaching.","Do not enumerate ordinary content variants or reveal locations and solutions.","An ordinary player can discover each command, syntax, prerequisites, and safe outcome entirely in game.","Required: ordinary-player staging placement/accessibility evidence; no world save is present in this checkout.","Boundary row promoted because current source registers Player-access commands."
"IGDB-0041","IGD-CAP-boss-taming-restrictions","P2","Ready","Mobiles:Bosses","Boss and prison-scaled creature taming restrictions","RefreshExisting","ContextualFeedback","Data/Scripts/Custom/Mobiles/Dragons/DarkDragonAvatar.cs;Data/Scripts/Custom/Mobiles/Dragons/DragonHydra.cs;Data/Scripts/Quests/Summon/SummonPrison.cs","Current filesystem and named symbols reviewed by the audit generator.","Medium: players may spend substantial time preparing for a tame that the system intentionally forbids.","Ensure the taming attempt gives a clear non-spoiling reason or category rule; optionally mention boss-class exclusions in the taming Library reference.","Do not enumerate every boss or reveal spawn locations.","Attempt taming on representative boss, scaled prison, ordinary wild, and existing previously tamed creatures; confirm feedback and compatibility.","Required: ordinary-player staging placement/accessibility evidence; no world save is present in this checkout.",""
"IGDB-0042","IGD-CAP-race-creature-character-options","P2","Ready","System:Misc","Race and creature-character creation or transformation options","RefreshExisting","LibraryReference","Data/Scripts/System/Misc/Settings.cs;Info/settings.xml","Current filesystem and named symbols reviewed by the audit generator.","Medium to high: identity and persistent character choices need clear permanence, restrictions, and recovery rules.","Explain available choices, permanence, eligibility, equipment/body implications, and recovery or reversal without exposing staff-only configuration.","Do not reveal hidden transformation acquisition locations.","Exercise each enabled option on disposable staging characters, including save/restart and invalid/repeat use.","Required: ordinary-player staging placement/accessibility evidence; no world save is present in this checkout.",""
"IGDB-0043","IGD-SYS-system-obsolete","P2","Ready","System:Obsolete","Current source boundary: System:Obsolete","RefreshExisting","Help","Data/Scripts/System/Obsolete/GardenTool.cs;Data/Scripts/System/Obsolete/Herbalism.cs;Data/Scripts/System/Obsolete/HerbalistCauldron.cs;Data/Scripts/System/Obsolete/MixingCauldron.cs;Data/Scripts/System/Obsolete/Obsolete.cs;Data/Scripts/System/Obsolete/Pegasus.cs;Data/Scripts/System/Obsolete/PlantHerbalism.cs;Data/Scripts/System/Obsolete/Sphinx.cs;Data/Scripts/System/Obsolete/SurgeonsKnife.cs","9 current source file(s) grouped by current path; first 12 plus every direct Player-command source are listed in SourceFiles. Existing inventory is ownership guidance only.","Medium: a direct Player-access command is undiscoverable unless listed or taught at its point of need.","Reconcile the Player-access commands in this bucket with the Help command list and system-specific teaching.","Do not enumerate ordinary content variants or reveal locations and solutions.","An ordinary player can discover each command, syntax, prerequisites, and safe outcome entirely in game.","Required: ordinary-player staging placement/accessibility evidence; no world save is present in this checkout.","Boundary row promoted because current source registers Player-access commands."
"IGDB-0044","IGD-CAP-dungeon-difficulty-help","P2","Ready","System:Regions","Dungeon difficulty levels and region feedback","RefreshExisting","Help","Data/Scripts/System/Help/Gumps/HelpGump.cs;Data/System/XML/Regions.xml","Current filesystem and named symbols reviewed by the audit generator.","Medium to high: stale danger tiers can lead to avoidable death and loss.","Reconcile every displayed difficulty name and consequence with current Regions.xml and source behavior; route secrets to world clues.","Describe danger tiers, not exact monster or treasure placements.","Enter representative regions at each difficulty and compare displayed help, entry feedback, and actual modifiers.","Required: ordinary-player staging placement/accessibility evidence; no world save is present in this checkout.",""
"IGDB-0045","IGD-CAP-searching-hiding-stealth","P2","Ready","System:Skills","Searching, Hiding, Stealth, reveal tools, and detection interactions","Incorporate","LibraryReference","Data/Scripts/System/Skills/Hiding.cs;Data/Scripts/System/Skills/Searching.cs;Data/Scripts/System/Skills/Stealth.cs","Current filesystem and named symbols reviewed by the audit generator.","Medium: layered detection, armor restrictions, ranges, and consumable tools are difficult to infer and can affect PvP or item loss.","Add a concise mechanics reference for ordinary search, hiding/stealth restrictions, reveal interactions, tracking, and specialized detection tools.","Explain mechanics and tool categories without publishing hidden locations or encounter solutions.","Use ordinary and edge-case skill values, armor, ranges, tools, and abilities in staging; compare every claim to current source.","Required: ordinary-player staging placement/accessibility evidence; no world save is present in this checkout.",""
"IGDB-0046","IGD-DOC-docs-wiki-animal-shape-stones-md","P3","Ready","CanonicalWiki:Combat, Magic, And Character Progression","Animal Shape Stones","Incorporate","LibraryReference","Data/Scripts/Custom/AnimalSystem/ShapeShiftStones/;Data/Scripts/Custom/AnimalSystem/ShapeShiftStones/DragonShapeChangeStone-body.cs;Data/Scripts/Custom/AnimalSystem/ShapeShiftStones/FaeryShapeChangeStone.cs;Data/Scripts/Custom/AnimalSystem/ShapeShiftStones/FelinusShapeChangeStone.cs;Data/Scripts/Custom/AnimalSystem/ShapeShiftStones/RatShapeChangeStone.cs;Data/Scripts/Custom/AnimalSystem/ShapeShiftStones/WolvenShapeChangeStone.cs;Data/Scripts/Scripts.csproj","Current source paths from the canonical documentation truth table were revalidated against the filesystem.","Medium: the external reference describes a substantial player capability that is not yet proven reachable in game.","Adapt the source-verified essentials from Animal Shape Stones into the shard's established in-game teaching surfaces.","Explain entry, controls, rules, risks, and clue paths; omit locations, solutions, passwords, and surprises.","An ordinary player can reach the recommended surface and perform the documented capability without using the external wiki.","Required: ordinary-player staging placement/accessibility evidence; no world save is present in this checkout.","The wiki is research evidence only and does not count as in-game coverage."
"IGDB-0047","IGD-DOC-docs-wiki-barbaric-play-style-md","P3","Ready","CanonicalWiki:Combat, Magic, And Character Progression","Barbaric Play Style","Incorporate","LibraryReference","Data/Scripts/Items/Special/BarbaricSatchel.cs;Data/Scripts/Mobiles/Base/PlayerMobile.cs;Data/Scripts/Mobiles/Base/PlayerSettings.cs;Data/Scripts/Scripts.csproj;Data/Scripts/System/Commands/Player/PlayBarbaric.cs;Data/Scripts/System/Help/Gumps/HelpGump.cs;Data/Scripts/System/Misc/Players.cs;Data/System/Source/Skills.cs","Current source paths from the canonical documentation truth table were revalidated against the filesystem.","Medium: the external reference describes a substantial player capability that is not yet proven reachable in game.","Adapt the source-verified essentials from Barbaric Play Style into the shard's established in-game teaching surfaces.","Explain entry, controls, rules, risks, and clue paths; omit locations, solutions, passwords, and surprises.","An ordinary player can reach the recommended surface and perform the documented capability without using the external wiki.","Required: ordinary-player staging placement/accessibility evidence; no world save is present in this checkout.","The wiki is research evidence only and does not count as in-game coverage."
"IGDB-0048","IGD-DOC-docs-wiki-bard-song-magic-md","P3","Ready","CanonicalWiki:Combat, Magic, And Character Progression","Bard Song Magic","Incorporate","LibraryReference","Data/Scripts/Magic/Bard/Spells/","Current source paths from the canonical documentation truth table were revalidated against the filesystem.","Medium: the external reference describes a substantial player capability that is not yet proven reachable in game.","Adapt the source-verified essentials from Bard Song Magic into the shard's established in-game teaching surfaces.","Explain entry, controls, rules, risks, and clue paths; omit locations, solutions, passwords, and surprises.","An ordinary player can reach the recommended surface and perform the documented capability without using the external wiki.","Required: ordinary-player staging placement/accessibility evidence; no world save is present in this checkout.","The wiki is research evidence only and does not count as in-game coverage."
"IGDB-0049","IGD-DOC-docs-wiki-bushido-md","P3","Ready","CanonicalWiki:Combat, Magic, And Character Progression","Bushido","Incorporate","LibraryReference","Data/Scripts/Magic/Bushido/","Current source paths from the canonical documentation truth table were revalidated against the filesystem.","Medium: the external reference describes a substantial player capability that is not yet proven reachable in game.","Adapt the source-verified essentials from Bushido into the shard's established in-game teaching surfaces.","Explain entry, controls, rules, risks, and clue paths; omit locations, solutions, passwords, and surprises.","An ordinary player can reach the recommended surface and perform the documented capability without using the external wiki.","Required: ordinary-player staging placement/accessibility evidence; no world save is present in this checkout.","The wiki is research evidence only and does not count as in-game coverage."
"IGDB-0050","IGD-DOC-docs-wiki-death-knight-magic-md","P3","Ready","CanonicalWiki:Combat, Magic, And Character Progression","Death Knight Magic","Incorporate","LibraryReference","","Canonical external topic retained as a candidate; no current source path is asserted.","Medium: the external reference describes a substantial player capability that is not yet proven reachable in game.","Adapt the source-verified essentials from Death Knight Magic into the shard's established in-game teaching surfaces.","Explain entry, controls, rules, risks, and clue paths; omit locations, solutions, passwords, and surprises.","An ordinary player can reach the recommended surface and perform the documented capability without using the external wiki.","Required: ordinary-player staging placement/accessibility evidence; no world save is present in this checkout.","The wiki is research evidence only and does not count as in-game coverage."
"IGDB-0051","IGD-DOC-docs-wiki-druidism-md","P3","Ready","CanonicalWiki:Combat, Magic, And Character Progression","Druidism","Incorporate","LibraryReference","","Canonical external topic retained as a candidate; no current source path is asserted.","Medium: the external reference describes a substantial player capability that is not yet proven reachable in game.","Adapt the source-verified essentials from Druidism into the shard's established in-game teaching surfaces.","Explain entry, controls, rules, risks, and clue paths; omit locations, solutions, passwords, and surprises.","An ordinary player can reach the recommended surface and perform the documented capability without using the external wiki.","Required: ordinary-player staging placement/accessibility evidence; no world save is present in this checkout.","The wiki is research evidence only and does not count as in-game coverage."
"IGDB-0052","IGD-DOC-docs-wiki-elementalism-md","P3","Ready","CanonicalWiki:Combat, Magic, And Character Progression","Elementalism","Incorporate","LibraryReference","","Canonical external topic retained as a candidate; no current source path is asserted.","Medium: the external reference describes a substantial player capability that is not yet proven reachable in game.","Adapt the source-verified essentials from Elementalism into the shard's established in-game teaching surfaces.","Explain entry, controls, rules, risks, and clue paths; omit locations, solutions, passwords, and surprises.","An ordinary player can reach the recommended surface and perform the documented capability without using the external wiki.","Required: ordinary-player staging placement/accessibility evidence; no world save is present in this checkout.","The wiki is research evidence only and does not count as in-game coverage."
"IGDB-0053","IGD-DOC-docs-wiki-enchantments-md","P3","Ready","CanonicalWiki:Combat, Magic, And Character Progression","Enchantments","Incorporate","LibraryReference","","Canonical external topic retained as a candidate; no current source path is asserted.","Medium: the external reference describes a substantial player capability that is not yet proven reachable in game.","Adapt the source-verified essentials from Enchantments into the shard's established in-game teaching surfaces.","Explain entry, controls, rules, risks, and clue paths; omit locations, solutions, passwords, and surprises.","An ordinary player can reach the recommended surface and perform the documented capability without using the external wiki.","Required: ordinary-player staging placement/accessibility evidence; no world save is present in this checkout.","The wiki is research evidence only and does not count as in-game coverage."
"IGDB-0054","IGD-DOC-docs-wiki-holy-man-magic-md","P3","Ready","CanonicalWiki:Combat, Magic, And Character Progression","Holy Man Magic","Incorporate","LibraryReference","","Canonical external topic retained as a candidate; no current source path is asserted.","Medium: the external reference describes a substantial player capability that is not yet proven reachable in game.","Adapt the source-verified essentials from Holy Man Magic into the shard's established in-game teaching surfaces.","Explain entry, controls, rules, risks, and clue paths; omit locations, solutions, passwords, and surprises.","An ordinary player can reach the recommended surface and perform the documented capability without using the external wiki.","Required: ordinary-player staging placement/accessibility evidence; no world save is present in this checkout.","The wiki is research evidence only and does not count as in-game coverage."
"IGDB-0055","IGD-DOC-docs-wiki-jedi-magic-md","P3","Ready","CanonicalWiki:Combat, Magic, And Character Progression","Jedi Magic","Incorporate","LibraryReference","","Canonical external topic retained as a candidate; no current source path is asserted.","Medium: the external reference describes a substantial player capability that is not yet proven reachable in game.","Adapt the source-verified essentials from Jedi Magic into the shard's established in-game teaching surfaces.","Explain entry, controls, rules, risks, and clue paths; omit locations, solutions, passwords, and surprises.","An ordinary player can reach the recommended surface and perform the documented capability without using the external wiki.","Required: ordinary-player staging placement/accessibility evidence; no world save is present in this checkout.","The wiki is research evidence only and does not count as in-game coverage."
"IGDB-0056","IGD-DOC-docs-wiki-jester-magic-md","P3","Ready","CanonicalWiki:Combat, Magic, And Character Progression","Jester Magic","Incorporate","LibraryReference","","Canonical external topic retained as a candidate; no current source path is asserted.","Medium: the external reference describes a substantial player capability that is not yet proven reachable in game.","Adapt the source-verified essentials from Jester Magic into the shard's established in-game teaching surfaces.","Explain entry, controls, rules, risks, and clue paths; omit locations, solutions, passwords, and surprises.","An ordinary player can reach the recommended surface and perform the documented capability without using the external wiki.","Required: ordinary-player staging placement/accessibility evidence; no world save is present in this checkout.","The wiki is research evidence only and does not count as in-game coverage."
"IGDB-0057","IGD-DOC-docs-wiki-knight-chivalry-md","P3","Ready","CanonicalWiki:Combat, Magic, And Character Progression","Knight Chivalry","Incorporate","LibraryReference","Data/Scripts/Magic/Knight/","Current source paths from the canonical documentation truth table were revalidated against the filesystem.","Medium: the external reference describes a substantial player capability that is not yet proven reachable in game.","Adapt the source-verified essentials from Knight Chivalry into the shard's established in-game teaching surfaces.","Explain entry, controls, rules, risks, and clue paths; omit locations, solutions, passwords, and surprises.","An ordinary player can reach the recommended surface and perform the documented capability without using the external wiki.","Required: ordinary-player staging placement/accessibility evidence; no world save is present in this checkout.","The wiki is research evidence only and does not count as in-game coverage."
"IGDB-0058","IGD-DOC-docs-wiki-mage-spellcasting-tips-md","P3","Ready","CanonicalWiki:Combat, Magic, And Character Progression","Mage Spellcasting Tips","Incorporate","LibraryReference","Data/Scripts/Items/Wands/;Data/Scripts/Items/Wands/BaseMagicStaff.cs;Data/Scripts/Magic/Base/ForgetfulGem.cs;Data/Scripts/Magic/Base/Spell.cs;Data/Scripts/Magic/Magery/Magery 1st/CreateFood.cs;Data/Scripts/Magic/Magery/Magery 2nd/RemoveTrap.cs;Data/Scripts/Magic/Magery/Magery 3rd/Telekinesis.cs;Data/Scripts/Magic/Magery/Magery 6th/Reveal.cs;Data/Scripts/Mobiles/Base/PlayerMobile.cs;Data/Scripts/Mobiles/Civilized/Vendors/Mage.cs;Data/Scripts/System/Commands/Player/MyChat.cs;Data/Scripts/System/Commands/Player/SpellBarsCommands.cs;Data/Scripts/System/Commands/Player/SpellBarsDisplay.cs;Data/Scripts/System/Commands/Player/SpellBarsFunctions.cs;Data/Scripts/System/Commands/Player/SpellBarsManage.cs;Data/Scripts/System/Help/Gumps/HelpGump.cs;Data/Scripts/System/Misc/Talk.cs","Current source paths from the canonical documentation truth table were revalidated against the filesystem.","Medium: the external reference describes a substantial player capability that is not yet proven reachable in game.","Adapt the source-verified essentials from Mage Spellcasting Tips into the shard's established in-game teaching surfaces.","Explain entry, controls, rules, risks, and clue paths; omit locations, solutions, passwords, and surprises.","An ordinary player can reach the recommended surface and perform the documented capability without using the external wiki.","Required: ordinary-player staging placement/accessibility evidence; no world save is present in this checkout.","The wiki is research evidence only and does not count as in-game coverage."
"IGDB-0059","IGD-DOC-docs-wiki-magery-spell-system-md","P3","Ready","CanonicalWiki:Combat, Magic, And Character Progression","Magery Spell System","Incorporate","LibraryReference","Data/Scripts/Magic/Base/Initializer.cs;Data/Scripts/Magic/Base/Spell.cs;Data/Scripts/Magic/Base/SpellHelper.cs;Data/Scripts/Magic/Magery/;Data/Scripts/Magic/Magery/Magery 1st/;Data/Scripts/Magic/Magery/MagerySpell.cs;Data/Scripts/Magic/Magery/Scrolls/First Circle/;Data/Scripts/Magic/Magery/Scrolls/SpellScroll.cs;Data/Scripts/Magic/Magery/Spellbook.cs","Current source paths from the canonical documentation truth table were revalidated against the filesystem.","Medium: the external reference describes a substantial player capability that is not yet proven reachable in game.","Adapt the source-verified essentials from Magery Spell System into the shard's established in-game teaching surfaces.","Explain entry, controls, rules, risks, and clue paths; omit locations, solutions, passwords, and surprises.","An ordinary player can reach the recommended surface and perform the documented capability without using the external wiki.","Required: ordinary-player staging placement/accessibility evidence; no world save is present in this checkout.","The wiki is research evidence only and does not count as in-game coverage."
"IGDB-0060","IGD-DOC-docs-wiki-misc-magic-spells-md","P3","Ready","CanonicalWiki:Combat, Magic, And Character Progression","Misc Magic Spells","Incorporate","LibraryReference","Data/Scripts/Custom/ThirdParty/OmniAI/OmniAI Magery.cs;Data/Scripts/Items/Magical/Artifacts/Artifact_GandalfsStaff.cs;Data/Scripts/Items/Magical/Artifacts/Artifact_StaffofSnakes.cs;Data/Scripts/Items/Magical/HydraTooth.cs;Data/Scripts/Magic/Misc/;Data/Scripts/Magic/Misc/AttackSpells.cs;Data/Scripts/Magic/Misc/BaseMagicObject.cs;Data/Scripts/Magic/Misc/IdentifySpell.cs;Data/Scripts/Magic/Misc/MagicalSpell.cs;Data/Scripts/Magic/Misc/MagicCastingItems.cs;Data/Scripts/Magic/Misc/MagicObjectTarget.cs;Data/Scripts/Magic/Misc/RuneMagic.cs;Data/Scripts/Magic/Misc/SummonDragonSpell.cs;Data/Scripts/Magic/Misc/SummonSkeleton.cs;Data/Scripts/Magic/Misc/SummonSnakesSpell.cs;Data/Scripts/Magic/Misc/ThorLightningSpell.cs;Data/Scripts/Magic/Misc/TravelSpell.cs;Data/Scripts/Mobiles/Base/Behavior.cs;Data/Scripts/System/Gumps/RunebookGump.cs","Current source paths from the canonical documentation truth table were revalidated against the filesystem.","Medium: the external reference describes a substantial player capability that is not yet proven reachable in game.","Adapt the source-verified essentials from Misc Magic Spells into the shard's established in-game teaching surfaces.","Explain entry, controls, rules, risks, and clue paths; omit locations, solutions, passwords, and surprises.","An ordinary player can reach the recommended surface and perform the documented capability without using the external wiki.","Required: ordinary-player staging placement/accessibility evidence; no world save is present in this checkout.","The wiki is research evidence only and does not count as in-game coverage."
"IGDB-0061","IGD-DOC-docs-wiki-mystic-magic-md","P3","Ready","CanonicalWiki:Combat, Magic, And Character Progression","Mystic Magic","Incorporate","LibraryReference","","Canonical external topic retained as a candidate; no current source path is asserted.","Medium: the external reference describes a substantial player capability that is not yet proven reachable in game.","Adapt the source-verified essentials from Mystic Magic into the shard's established in-game teaching surfaces.","Explain entry, controls, rules, risks, and clue paths; omit locations, solutions, passwords, and surprises.","An ordinary player can reach the recommended surface and perform the documented capability without using the external wiki.","Required: ordinary-player staging placement/accessibility evidence; no world save is present in this checkout.","The wiki is research evidence only and does not count as in-game coverage."
"IGDB-0062","IGD-DOC-docs-wiki-necromancy-md","P3","Ready","CanonicalWiki:Combat, Magic, And Character Progression","Necromancy","Incorporate","LibraryReference","Data/Scripts/Magic/Necromancy","Current source paths from the canonical documentation truth table were revalidated against the filesystem.","Medium: the external reference describes a substantial player capability that is not yet proven reachable in game.","Adapt the source-verified essentials from Necromancy into the shard's established in-game teaching surfaces.","Explain entry, controls, rules, risks, and clue paths; omit locations, solutions, passwords, and surprises.","An ordinary player can reach the recommended surface and perform the documented capability without using the external wiki.","Required: ordinary-player staging placement/accessibility evidence; no world save is present in this checkout.","The wiki is research evidence only and does not count as in-game coverage."
"IGDB-0063","IGD-DOC-docs-wiki-ninjitsu-md","P3","Ready","CanonicalWiki:Combat, Magic, And Character Progression","Ninjitsu","Incorporate","LibraryReference","","Canonical external topic retained as a candidate; no current source path is asserted.","Medium: the external reference describes a substantial player capability that is not yet proven reachable in game.","Adapt the source-verified essentials from Ninjitsu into the shard's established in-game teaching surfaces.","Explain entry, controls, rules, risks, and clue paths; omit locations, solutions, passwords, and surprises.","An ordinary player can reach the recommended surface and perform the documented capability without using the external wiki.","Required: ordinary-player staging placement/accessibility evidence; no world save is present in this checkout.","The wiki is research evidence only and does not count as in-game coverage."
"IGDB-0064","IGD-DOC-docs-wiki-research-magic-md","P3","Ready","CanonicalWiki:Combat, Magic, And Character Progression","Research Magic","Incorporate","LibraryReference","","Canonical external topic retained as a candidate; no current source path is asserted.","Medium: the external reference describes a substantial player capability that is not yet proven reachable in game.","Adapt the source-verified essentials from Research Magic into the shard's established in-game teaching surfaces.","Explain entry, controls, rules, risks, and clue paths; omit locations, solutions, passwords, and surprises.","An ordinary player can reach the recommended surface and perform the documented capability without using the external wiki.","Required: ordinary-player staging placement/accessibility evidence; no world save is present in this checkout.","The wiki is research evidence only and does not count as in-game coverage."
"IGDB-0065","IGD-DOC-docs-wiki-shinobi-magic-md","P3","Ready","CanonicalWiki:Combat, Magic, And Character Progression","Shinobi Magic","Incorporate","LibraryReference","","Canonical external topic retained as a candidate; no current source path is asserted.","Medium: the external reference describes a substantial player capability that is not yet proven reachable in game.","Adapt the source-verified essentials from Shinobi Magic into the shard's established in-game teaching surfaces.","Explain entry, controls, rules, risks, and clue paths; omit locations, solutions, passwords, and surprises.","An ordinary player can reach the recommended surface and perform the documented capability without using the external wiki.","Required: ordinary-player staging placement/accessibility evidence; no world save is present in this checkout.","The wiki is research evidence only and does not count as in-game coverage."
"IGDB-0066","IGD-DOC-docs-wiki-skill-stone-md","P3","Ready","CanonicalWiki:Combat, Magic, And Character Progression","Skill Stone","Incorporate","LibraryReference","Data/Scripts/Custom/Skill Stone/SkillStone.cs;Data/Scripts/Scripts.csproj","Current source paths from the canonical documentation truth table were revalidated against the filesystem.","Medium: the external reference describes a substantial player capability that is not yet proven reachable in game.","Adapt the source-verified essentials from Skill Stone into the shard's established in-game teaching surfaces.","Explain entry, controls, rules, risks, and clue paths; omit locations, solutions, passwords, and surprises.","An ordinary player can reach the recommended surface and perform the documented capability without using the external wiki.","Required: ordinary-player staging placement/accessibility evidence; no world save is present in this checkout.","The wiki is research evidence only and does not count as in-game coverage."
"IGDB-0067","IGD-DOC-docs-wiki-syth-magic-md","P3","Ready","CanonicalWiki:Combat, Magic, And Character Progression","Syth Magic","Incorporate","LibraryReference","","Canonical external topic retained as a candidate; no current source path is asserted.","Medium: the external reference describes a substantial player capability that is not yet proven reachable in game.","Adapt the source-verified essentials from Syth Magic into the shard's established in-game teaching surfaces.","Explain entry, controls, rules, risks, and clue paths; omit locations, solutions, passwords, and surprises.","An ordinary player can reach the recommended surface and perform the documented capability without using the external wiki.","Required: ordinary-player staging placement/accessibility evidence; no world save is present in this checkout.","The wiki is research evidence only and does not count as in-game coverage."
"IGDB-0068","IGD-DOC-docs-wiki-witchcraft-md","P3","Ready","CanonicalWiki:Combat, Magic, And Character Progression","Witchcraft","Incorporate","LibraryReference","","Canonical external topic retained as a candidate; no current source path is asserted.","Medium: the external reference describes a substantial player capability that is not yet proven reachable in game.","Adapt the source-verified essentials from Witchcraft into the shard's established in-game teaching surfaces.","Explain entry, controls, rules, risks, and clue paths; omit locations, solutions, passwords, and surprises.","An ordinary player can reach the recommended surface and perform the documented capability without using the external wiki.","Required: ordinary-player staging placement/accessibility evidence; no world save is present in this checkout.","The wiki is research evidence only and does not count as in-game coverage."
"IGDB-0069","IGD-DOC-docs-wiki-housing-system-md","P3","Ready","CanonicalWiki:World And Gameplay Systems","Housing System","RefreshExisting","LoreBook","Data/Scripts/Items/Houses/BaseHouse.cs;Data/Scripts/Items/Houses/Deeds.cs;Data/Scripts/Items/Houses/HouseFoundation.cs;Data/Scripts/Items/Houses/HousePlacement.cs;Data/Scripts/Items/Houses/HousePlacementTool.cs;Data/Scripts/Items/Houses/Houses.cs;Data/Scripts/Items/Houses/HouseSign.cs;Data/Scripts/Items/Houses/InteriorDecorator.cs;Data/Scripts/Items/Houses/MovingCrate.cs;Data/Scripts/Items/Houses/NewHouses.cs;Data/Scripts/Items/Houses/SmallTents.cs;Data/Scripts/System/Gumps/ConfirmHouseResize.cs;Data/Scripts/System/Gumps/HouseDemolishGump.cs;Data/Scripts/System/Gumps/HouseGump.cs;Data/Scripts/System/Gumps/HouseGumpAOS.cs;Data/Scripts/System/Gumps/SetSecureLevelGump.cs;Data/Scripts/System/Regions/HouseRegion.cs","Current source paths from the canonical documentation truth table were revalidated against the filesystem.","Medium: the system should be discoverable through clues while its danger, commitments, and controls remain clear.","Use lore, NPC hints, journals, or contextual warnings to teach the clue path and meaningful risks without publishing the solution.","Explain entry, controls, rules, risks, and clue paths; omit locations, solutions, passwords, and surprises.","An ordinary player can reach the recommended surface and perform the documented capability without using the external wiki.","Required: ordinary-player staging placement/accessibility evidence; no world save is present in this checkout.","The wiki is research evidence only and does not count as in-game coverage."
"IGDB-0070","IGD-DOC-docs-wiki-invasion-system-md","P3","Ready","CanonicalWiki:World And Gameplay Systems","Invasion System","RefreshExisting","LoreBook","Data/Scripts/Custom/Invasion System/Lodor/;Data/Scripts/Custom/Invasion System/SerpentIsland/;Data/Scripts/Custom/Invasion System/Sosaria/;Data/Scripts/Custom/Invasion System/Underworld/","Current source paths from the canonical documentation truth table were revalidated against the filesystem.","Medium: the system should be discoverable through clues while its danger, commitments, and controls remain clear.","Use lore, NPC hints, journals, or contextual warnings to teach the clue path and meaningful risks without publishing the solution.","Explain entry, controls, rules, risks, and clue paths; omit locations, solutions, passwords, and surprises.","An ordinary player can reach the recommended surface and perform the documented capability without using the external wiki.","Required: ordinary-player staging placement/accessibility evidence; no world save is present in this checkout.","The wiki is research evidence only and does not count as in-game coverage."
"IGDB-0071","IGD-DOC-docs-wiki-quest-framework-md","P3","Ready","CanonicalWiki:World And Gameplay Systems","Quest Framework","RefreshExisting","LoreBook","Data/Scripts/Quests/;Data/Scripts/System/Obsolete/Obsolete.cs","Current source paths from the canonical documentation truth table were revalidated against the filesystem.","Medium: the system should be discoverable through clues while its danger, commitments, and controls remain clear.","Use lore, NPC hints, journals, or contextual warnings to teach the clue path and meaningful risks without publishing the solution.","Explain entry, controls, rules, risks, and clue paths; omit locations, solutions, passwords, and surprises.","An ordinary player can reach the recommended surface and perform the documented capability without using the external wiki.","Required: ordinary-player staging placement/accessibility evidence; no world save is present in this checkout.","The wiki is research evidence only and does not count as in-game coverage."
"IGDB-0072","IGD-DOC-docs-wiki-region-system-md","P3","Ready","CanonicalWiki:World And Gameplay Systems","Region System","RefreshExisting","LoreBook","Data/Scripts/System/Regions/BaseRegion.cs;Data/Scripts/System/Regions/GuardedRegion.cs;Data/Scripts/System/Regions/HouseRegion.cs;Data/Scripts/System/Regions/RegionMusic.cs;Data/Scripts/System/Regions/Spawning/SpawnDefinition.cs;Data/Scripts/System/Regions/Spawning/SpawnEntry.cs;Data/Scripts/System/Regions/Spawning/SpawnPersistence.cs;Data/System/Source/Map.cs;Data/System/Source/Region.cs;Data/System/Source/Sector.cs","Current source paths from the canonical documentation truth table were revalidated against the filesystem.","Medium: the system should be discoverable through clues while its danger, commitments, and controls remain clear.","Use lore, NPC hints, journals, or contextual warnings to teach the clue path and meaningful risks without publishing the solution.","Explain entry, controls, rules, risks, and clue paths; omit locations, solutions, passwords, and surprises.","An ordinary player can reach the recommended surface and perform the documented capability without using the external wiki.","Required: ordinary-player staging placement/accessibility evidence; no world save is present in this checkout.","The wiki is research evidence only and does not count as in-game coverage."
"IGDB-0073","IGD-DOC-docs-wiki-shipwright-sailing-tutorial-md","P3","Ready","CanonicalWiki:World And Gameplay Systems","Shipwright Sailing Tutorial","RefreshExisting","LoreBook","Data/Scripts/Custom/BoatNavigationTotem/BoatNavigationTotam.cs;Data/Scripts/Items/Boats/BaseBoat.cs;Data/Scripts/Items/Boats/BaseBoatDeed.cs;Data/Scripts/Items/Boats/BaseDockedBoat.cs;Data/Scripts/Items/Boats/BoatStain.cs;Data/Scripts/Items/Boats/DockingLantern.cs;Data/Scripts/Items/Boats/Gumps/ConfirmDryDockGump.cs;Data/Scripts/Items/Boats/Gumps/TillerManGump.cs;Data/Scripts/Items/Boats/TillerMan.cs;Data/Scripts/Items/Misc/Dyes/DyeTub.cs;Data/Scripts/Mobiles/Base/StoreSalesList.cs;Data/Scripts/Mobiles/Civilized/Vendors/DrunkenPirate.cs;Data/Scripts/Mobiles/Civilized/Vendors/Shipwright.cs;Data/Scripts/System/Commands/Player/MyChat.cs;Data/Scripts/System/Misc/Talk.cs","Current source paths from the canonical documentation truth table were revalidated against the filesystem.","Medium: the system should be discoverable through clues while its danger, commitments, and controls remain clear.","Use lore, NPC hints, journals, or contextual warnings to teach the clue path and meaningful risks without publishing the solution.","Explain entry, controls, rules, risks, and clue paths; omit locations, solutions, passwords, and surprises.","An ordinary player can reach the recommended surface and perform the documented capability without using the external wiki.","Required: ordinary-player staging placement/accessibility evidence; no world save is present in this checkout.","The wiki is research evidence only and does not count as in-game coverage."
"IGDB-0074","IGD-SYS-custom-animalsystem","P3","Ready","Custom:AnimalSystem","Current source boundary: Custom:AnimalSystem","Incorporate","LibraryReference","Data/Scripts/Custom/AnimalSystem/ShapeShiftStones/DragonShapeChangeStone-body.cs;Data/Scripts/Custom/AnimalSystem/ShapeShiftStones/FaeryShapeChangeStone.cs;Data/Scripts/Custom/AnimalSystem/ShapeShiftStones/FelinusShapeChangeStone.cs;Data/Scripts/Custom/AnimalSystem/ShapeShiftStones/RatShapeChangeStone.cs;Data/Scripts/Custom/AnimalSystem/ShapeShiftStones/WolvenShapeChangeStone.cs","5 current source file(s) grouped by current path; first 12 plus every direct Player-command source are listed in SourceFiles. Existing inventory is ownership guidance only.","Medium until the custom system entry path, cost, persistence, and failure modes are checked against an in-game reference.","Add or refresh an in-game overview when this custom bucket exposes a distinct player mechanic; otherwise record an explicit exclusion in the detailed review.","Do not enumerate ordinary content variants or reveal locations and solutions.","Verify the detailed row or exclusion for each player-facing custom capability and stage-test its teaching surface.","Required: ordinary-player staging placement/accessibility evidence; no world save is present in this checkout.","Boundary census row. Detailed rows carry incorporation work."
"IGDB-0075","IGD-SYS-custom-boatnavigationtotem","P3","Ready","Custom:BoatNavigationTotem","Current source boundary: Custom:BoatNavigationTotem","Incorporate","LibraryReference","Data/Scripts/Custom/BoatNavigationTotem/BoatNavigationTotam.cs","1 current source file(s) grouped by current path; first 12 plus every direct Player-command source are listed in SourceFiles. Existing inventory is ownership guidance only.","Medium until the custom system entry path, cost, persistence, and failure modes are checked against an in-game reference.","Add or refresh an in-game overview when this custom bucket exposes a distinct player mechanic; otherwise record an explicit exclusion in the detailed review.","Do not enumerate ordinary content variants or reveal locations and solutions.","Verify the detailed row or exclusion for each player-facing custom capability and stage-test its teaching surface.","Required: ordinary-player staging placement/accessibility evidence; no world save is present in this checkout.","Boundary census row. Detailed rows carry incorporation work."
"IGDB-0076","IGD-SYS-custom-bondinfo","P3","Ready","Custom:BondInfo","Current source boundary: Custom:BondInfo","Incorporate","LibraryReference","Data/Scripts/Custom/BondInfo/BondInfo.cs","1 current source file(s) grouped by current path; first 12 plus every direct Player-command source are listed in SourceFiles. Existing inventory is ownership guidance only.","Medium until the custom system entry path, cost, persistence, and failure modes are checked against an in-game reference.","Add or refresh an in-game overview when this custom bucket exposes a distinct player mechanic; otherwise record an explicit exclusion in the detailed review.","Do not enumerate ordinary content variants or reveal locations and solutions.","Verify the detailed row or exclusion for each player-facing custom capability and stage-test its teaching surface.","Required: ordinary-player staging placement/accessibility evidence; no world save is present in this checkout.","Boundary census row. Detailed rows carry incorporation work."
"IGDB-0077","IGD-SYS-custom-book-publisher-2-0","P3","Ready","Custom:Book Publisher [2.0]","Current source boundary: Custom:Book Publisher [2.0]","Incorporate","LibraryReference","Data/Scripts/Custom/Book Publisher [2.0]/BookBuyInfo.cs;Data/Scripts/Custom/Book Publisher [2.0]/PublishedBook.cs;Data/Scripts/Custom/Book Publisher [2.0]/Publisher.cs;Data/Scripts/Custom/Book Publisher [2.0]/SBPublisher.cs;Data/Scripts/Custom/Book Publisher [2.0]/XmlBook.cs","5 current source file(s) grouped by current path; first 12 plus every direct Player-command source are listed in SourceFiles. Existing inventory is ownership guidance only.","Medium until the custom system entry path, cost, persistence, and failure modes are checked against an in-game reference.","Add or refresh an in-game overview when this custom bucket exposes a distinct player mechanic; otherwise record an explicit exclusion in the detailed review.","Do not enumerate ordinary content variants or reveal locations and solutions.","Verify the detailed row or exclusion for each player-facing custom capability and stage-test its teaching surface.","Required: ordinary-player staging placement/accessibility evidence; no world save is present in this checkout.","Boundary census row. Detailed rows carry incorporation work."
"IGDB-0078","IGD-SYS-custom-ceo-s-gm-hiding-stone-2-0","P3","Ready","Custom:CEO's GM Hiding Stone [2.0]","Current source boundary: Custom:CEO's GM Hiding Stone [2.0]","Incorporate","LibraryReference","Data/Scripts/Custom/CEO's GM Hiding Stone [2.0]/gmhidingstone.cs","1 current source file(s) grouped by current path; first 12 plus every direct Player-command source are listed in SourceFiles. Existing inventory is ownership guidance only.","Medium until the custom system entry path, cost, persistence, and failure modes are checked against an in-game reference.","Add or refresh an in-game overview when this custom bucket exposes a distinct player mechanic; otherwise record an explicit exclusion in the detailed review.","Do not enumerate ordinary content variants or reveal locations and solutions.","Verify the detailed row or exclusion for each player-facing custom capability and stage-test its teaching surface.","Required: ordinary-player staging placement/accessibility evidence; no world save is present in this checkout.","Boundary census row. Detailed rows carry incorporation work."
"IGDB-0079","IGD-SYS-custom-champions","P3","Ready","Custom:Champions","Current source boundary: Custom:Champions","RefreshExisting","LoreBook","Data/Scripts/Custom/Champions/Items/PlagueBeastBackpack.cs;Data/Scripts/Custom/Champions/Items/PlagueBeastBlood.cs;Data/Scripts/Custom/Champions/Items/PlagueBeastGland.cs;Data/Scripts/Custom/Champions/Items/PlagueBeastHeart.cs;Data/Scripts/Custom/Champions/Items/PlagueBeastInnard.cs;Data/Scripts/Custom/Champions/Items/PlagueBeastMutationCore.cs;Data/Scripts/Custom/Champions/Items/PlagueBeastOrgans.cs;Data/Scripts/Custom/Champions/Items/PlagueBeastVein.cs;Data/Scripts/Custom/Champions/Items/UnholyBone.cs;Data/Scripts/Custom/Champions/Mobiles/Champs-Prisons/Adimarchus.cs;Data/Scripts/Custom/Champions/Mobiles/Champs-Prisons/Bahamut.cs;Data/Scripts/Custom/Champions/Mobiles/Champs-Prisons/Balar.cs","73 current source file(s) grouped by current path; first 12 plus every direct Player-command source are listed in SourceFiles. Existing inventory is ownership guidance only.","Medium: danger and cleanup behavior should be foreshadowed while locations, rewards, and encounter solutions remain discoveries.","Add or refresh an in-game overview when this custom bucket exposes a distinct player mechanic; otherwise record an explicit exclusion in the detailed review.","Teach warning signs, danger, persistence, and clue paths; hide spawn locations, reward tables, and solutions.","Verify the detailed row or exclusion for each player-facing custom capability and stage-test its teaching surface.","Required: ordinary-player staging placement/accessibility evidence; no world save is present in this checkout.","Boundary census row. Detailed rows carry incorporation work."
"IGDB-0080","IGD-SYS-custom-changeseason","P3","Ready","Custom:ChangeSeason","Current source boundary: Custom:ChangeSeason","Incorporate","LibraryReference","Data/Scripts/Custom/ChangeSeason/ChangeSeason.cs","1 current source file(s) grouped by current path; first 12 plus every direct Player-command source are listed in SourceFiles. Existing inventory is ownership guidance only.","Medium until the custom system entry path, cost, persistence, and failure modes are checked against an in-game reference.","Add or refresh an in-game overview when this custom bucket exposes a distinct player mechanic; otherwise record an explicit exclusion in the detailed review.","Do not enumerate ordinary content variants or reveal locations and solutions.","Verify the detailed row or exclusion for each player-facing custom capability and stage-test its teaching surface.","Required: ordinary-player staging placement/accessibility evidence; no world save is present in this checkout.","Boundary census row. Detailed rows carry incorporation work."
"IGDB-0081","IGD-SYS-custom-character-swap","P3","Ready","Custom:Character Swap","Current source boundary: Custom:Character Swap","Incorporate","LibraryReference","Data/Scripts/Custom/Character Swap/CharacterSwap.cs","1 current source file(s) grouped by current path; first 12 plus every direct Player-command source are listed in SourceFiles. Existing inventory is ownership guidance only.","Medium until the custom system entry path, cost, persistence, and failure modes are checked against an in-game reference.","Add or refresh an in-game overview when this custom bucket exposes a distinct player mechanic; otherwise record an explicit exclusion in the detailed review.","Do not enumerate ordinary content variants or reveal locations and solutions.","Verify the detailed row or exclusion for each player-facing custom capability and stage-test its teaching surface.","Required: ordinary-player staging placement/accessibility evidence; no world save is present in this checkout.","Boundary census row. Detailed rows carry incorporation work."
"IGDB-0082","IGD-SYS-custom-cleardeckcommand","P3","Ready","Custom:ClearDeckCommand","Current source boundary: Custom:ClearDeckCommand","Incorporate","LibraryReference","Data/Scripts/Custom/ClearDeckCommand/ClearDeckCommand.cs","1 current source file(s) grouped by current path; first 12 plus every direct Player-command source are listed in SourceFiles. Existing inventory is ownership guidance only.","Medium until the custom system entry path, cost, persistence, and failure modes are checked against an in-game reference.","Add or refresh an in-game overview when this custom bucket exposes a distinct player mechanic; otherwise record an explicit exclusion in the detailed review.","Do not enumerate ordinary content variants or reveal locations and solutions.","Verify the detailed row or exclusion for each player-facing custom capability and stage-test its teaching surface.","Required: ordinary-player staging placement/accessibility evidence; no world save is present in this checkout.","Boundary census row. Detailed rows carry incorporation work."
"IGDB-0083","IGD-SYS-custom-combat","P3","Ready","Custom:Combat","Current source boundary: Custom:Combat","Incorporate","LibraryReference","Data/Scripts/Custom/Combat/AIOverhaul/AITacticalTargeting.cs;Data/Scripts/Custom/Combat/TurnBased/TurnBasedCombatCommands.cs;Data/Scripts/Custom/Combat/TurnBased/TurnBasedCombatConfiguration.cs;Data/Scripts/Custom/Combat/TurnBased/TurnBasedCombatGump.cs;Data/Scripts/Custom/Combat/TurnBased/TurnBasedCombatManager.cs;Data/Scripts/Custom/Combat/TurnBased/TurnBasedCombatSelfTest.cs","6 current source file(s) grouped by current path; first 12 plus every direct Player-command source are listed in SourceFiles. Existing inventory is ownership guidance only.","Medium until the custom system entry path, cost, persistence, and failure modes are checked against an in-game reference.","Add or refresh an in-game overview when this custom bucket exposes a distinct player mechanic; otherwise record an explicit exclusion in the detailed review.","Do not enumerate ordinary content variants or reveal locations and solutions.","Verify the detailed row or exclusion for each player-facing custom capability and stage-test its teaching surface.","Required: ordinary-player staging placement/accessibility evidence; no world save is present in this checkout.","Boundary census row. Detailed rows carry incorporation work."
"IGDB-0084","IGD-SYS-custom-integrations","P3","Ready","Custom:Integrations","Current source boundary: Custom:Integrations","Incorporate","LibraryReference","Data/Scripts/Custom/Integrations/Discord/TownCrierDiscord.cs","1 current source file(s) grouped by current path; first 12 plus every direct Player-command source are listed in SourceFiles. Existing inventory is ownership guidance only.","Medium until the custom system entry path, cost, persistence, and failure modes are checked against an in-game reference.","Add or refresh an in-game overview when this custom bucket exposes a distinct player mechanic; otherwise record an explicit exclusion in the detailed review.","Do not enumerate ordinary content variants or reveal locations and solutions.","Verify the detailed row or exclusion for each player-facing custom capability and stage-test its teaching surface.","Required: ordinary-player staging placement/accessibility evidence; no world save is present in this checkout.","Boundary census row. Detailed rows carry incorporation work."
"IGDB-0085","IGD-SYS-custom-invasion-system","P3","Ready","Custom:Invasion System","Current source boundary: Custom:Invasion System","RefreshExisting","LoreBook","Data/Scripts/Custom/Invasion System/Add Ins/BaseSpecialCreature.cs;Data/Scripts/Custom/Invasion System/Add Ins/Lord BlackThorn Clone.cs;Data/Scripts/Custom/Invasion System/Add Ins/Metal Assemblies/Assembly Analyzer.cs;Data/Scripts/Custom/Invasion System/Add Ins/Metal Assemblies/Assembly Repair Kit.cs;Data/Scripts/Custom/Invasion System/Add Ins/Metal Assemblies/Assembly Upgrade Kit.cs;Data/Scripts/Custom/Invasion System/Add Ins/Metal Assemblies/ASSEMBLY/BaseAssembly.cs;Data/Scripts/Custom/Invasion System/Add Ins/Metal Assemblies/ASSEMBLY/IronDragon.cs;Data/Scripts/Custom/Invasion System/Add Ins/Metal Assemblies/ASSEMBLY/MechGargoyle.cs;Data/Scripts/Custom/Invasion System/Add Ins/Metal Assemblies/ASSEMBLY/MetalDaemon.cs;Data/Scripts/Custom/Invasion System/Add Ins/Metal Assemblies/ASSEMBLY/Overseer.cs;Data/Scripts/Custom/Invasion System/Add Ins/Metal Assemblies/ASSEMBLY/runicGolem.cs;Data/Scripts/Custom/Invasion System/Add Ins/Metal Assemblies/Bags/IronDragonBag.cs","100 current source file(s) grouped by current path; first 12 plus every direct Player-command source are listed in SourceFiles. Existing inventory is ownership guidance only.","Medium: danger and cleanup behavior should be foreshadowed while locations, rewards, and encounter solutions remain discoveries.","Add or refresh an in-game overview when this custom bucket exposes a distinct player mechanic; otherwise record an explicit exclusion in the detailed review.","Teach warning signs, danger, persistence, and clue paths; hide spawn locations, reward tables, and solutions.","Verify the detailed row or exclusion for each player-facing custom capability and stage-test its teaching surface.","Required: ordinary-player staging placement/accessibility evidence; no world save is present in this checkout.","Boundary census row. Detailed rows carry incorporation work."
"IGDB-0086","IGD-SYS-custom-lorebooks","P3","Ready","Custom:LoreBooks","Current source boundary: Custom:LoreBooks","Incorporate","LibraryReference","Data/Scripts/Custom/LoreBooks/LoreBookCatalog.cs","1 current source file(s) grouped by current path; first 12 plus every direct Player-command source are listed in SourceFiles. Existing inventory is ownership guidance only.","Medium until the custom system entry path, cost, persistence, and failure modes are checked against an in-game reference.","Add or refresh an in-game overview when this custom bucket exposes a distinct player mechanic; otherwise record an explicit exclusion in the detailed review.","Do not enumerate ordinary content variants or reveal locations and solutions.","Verify the detailed row or exclusion for each player-facing custom capability and stage-test its teaching surface.","Required: ordinary-player staging placement/accessibility evidence; no world save is present in this checkout.","Boundary census row. Detailed rows carry incorporation work."
"IGDB-0087","IGD-SYS-custom-lotr-the-one-ring","P3","Ready","Custom:LOTR - The One Ring","Current source boundary: Custom:LOTR - The One Ring","Incorporate","LibraryReference","Data/Scripts/Custom/LOTR - The One Ring/RingWraith.cs;Data/Scripts/Custom/LOTR - The One Ring/TheOneRing.cs","2 current source file(s) grouped by current path; first 12 plus every direct Player-command source are listed in SourceFiles. Existing inventory is ownership guidance only.","Medium until the custom system entry path, cost, persistence, and failure modes are checked against an in-game reference.","Add or refresh an in-game overview when this custom bucket exposes a distinct player mechanic; otherwise record an explicit exclusion in the detailed review.","Do not enumerate ordinary content variants or reveal locations and solutions.","Verify the detailed row or exclusion for each player-facing custom capability and stage-test its teaching surface.","Required: ordinary-player staging placement/accessibility evidence; no world save is present in this checkout.","Boundary census row. Detailed rows carry incorporation work."
"IGDB-0088","IGD-SYS-custom-mobiles","P3","Ready","Custom:Mobiles","Current source boundary: Custom:Mobiles","Incorporate","LibraryReference","Data/Scripts/Custom/Mobiles/Civilized/GraveRobber.cs;Data/Scripts/Custom/Mobiles/Civilized/Malachi.cs;Data/Scripts/Custom/Mobiles/Civilized/RangerOfTheBritainMilitia.cs;Data/Scripts/Custom/Mobiles/Constructs/CursedAdventurer.cs;Data/Scripts/Custom/Mobiles/Constructs/DiosMonster.cs;Data/Scripts/Custom/Mobiles/Constructs/FinalExodus.cs;Data/Scripts/Custom/Mobiles/Constructs/ManaGolem.cs;Data/Scripts/Custom/Mobiles/Constructs/TombWarden.cs;Data/Scripts/Custom/Mobiles/Cultists/DarkCultist.cs;Data/Scripts/Custom/Mobiles/Cultists/DarkCultistApprentice.cs;Data/Scripts/Custom/Mobiles/Cultists/DarkDragonCultist.cs;Data/Scripts/Custom/Mobiles/Daemons/FallenAngel.cs","101 current source file(s) grouped by current path; first 12 plus every direct Player-command source are listed in SourceFiles. Existing inventory is ownership guidance only.","Medium until the custom system entry path, cost, persistence, and failure modes are checked against an in-game reference.","Add or refresh an in-game overview when this custom bucket exposes a distinct player mechanic; otherwise record an explicit exclusion in the detailed review.","Do not enumerate ordinary content variants or reveal locations and solutions.","Verify the detailed row or exclusion for each player-facing custom capability and stage-test its teaching surface.","Required: ordinary-player staging placement/accessibility evidence; no world save is present in this checkout.","Boundary census row. Detailed rows carry incorporation work."
"IGDB-0089","IGD-SYS-custom-npc-control","P3","Ready","Custom:NPC Control","Current source boundary: Custom:NPC Control","Incorporate","LibraryReference","Data/Scripts/Custom/NPC Control/CloneCommands.cs;Data/Scripts/Custom/NPC Control/StaffCommands/CloneMe.cs;Data/Scripts/Custom/NPC Control/StaffCommands/GmMe.cs;Data/Scripts/Custom/NPC Control/StaffCommands/HearAll.cs;Data/Scripts/Custom/NPC Control/StaffCommands/Refresh.cs;Data/Scripts/Custom/NPC Control/StaffCommands/SayThis.cs","6 current source file(s) grouped by current path; first 12 plus every direct Player-command source are listed in SourceFiles. Existing inventory is ownership guidance only.","Medium until the custom system entry path, cost, persistence, and failure modes are checked against an in-game reference.","Add or refresh an in-game overview when this custom bucket exposes a distinct player mechanic; otherwise record an explicit exclusion in the detailed review.","Do not enumerate ordinary content variants or reveal locations and solutions.","Verify the detailed row or exclusion for each player-facing custom capability and stage-test its teaching surface.","Required: ordinary-player staging placement/accessibility evidence; no world save is present in this checkout.","Boundary census row. Detailed rows carry incorporation work."
"IGDB-0090","IGD-SYS-custom-orbremoteserver","P3","Ready","Custom:OrbRemoteServer","Current source boundary: Custom:OrbRemoteServer","Incorporate","LibraryReference","Data/Scripts/Custom/OrbRemoteServer/MetalDoors.cs;Data/Scripts/Custom/OrbRemoteServer/OrbServer.cs;Data/Scripts/Custom/OrbRemoteServer/SEDoors.cs;Data/Scripts/Custom/OrbRemoteServer/UOArchitect/BaseOrbToolRequest.cs;Data/Scripts/Custom/OrbRemoteServer/UOArchitect/BoundingBoxEx.cs;Data/Scripts/Custom/OrbRemoteServer/UOArchitect/BuildDesignRequest.cs;Data/Scripts/Custom/OrbRemoteServer/UOArchitect/BuildDesignTarget.cs;Data/Scripts/Custom/OrbRemoteServer/UOArchitect/ClientCommands.cs;Data/Scripts/Custom/OrbRemoteServer/UOArchitect/DeleteItemsCommand.cs;Data/Scripts/Custom/OrbRemoteServer/UOArchitect/ExtractItemsRequest.cs;Data/Scripts/Custom/OrbRemoteServer/UOArchitect/GetLocationRequest.cs;Data/Scripts/Custom/OrbRemoteServer/UOArchitect/MobileSaver.cs","15 current source file(s) grouped by current path; first 12 plus every direct Player-command source are listed in SourceFiles. Existing inventory is ownership guidance only.","Medium until the custom system entry path, cost, persistence, and failure modes are checked against an in-game reference.","Add or refresh an in-game overview when this custom bucket exposes a distinct player mechanic; otherwise record an explicit exclusion in the detailed review.","Do not enumerate ordinary content variants or reveal locations and solutions.","Verify the detailed row or exclusion for each player-facing custom capability and stage-test its teaching surface.","Required: ordinary-player staging placement/accessibility evidence; no world save is present in this checkout.","Boundary census row. Detailed rows carry incorporation work."
"IGDB-0091","IGD-SYS-custom-player-range-sensitive-mod","P3","Ready","Custom:Player Range Sensitive Mod","Current source boundary: Custom:Player Range Sensitive Mod","Incorporate","LibraryReference","Data/Scripts/Custom/Player Range Sensitive Mod/setdeactivation.cs","1 current source file(s) grouped by current path; first 12 plus every direct Player-command source are listed in SourceFiles. Existing inventory is ownership guidance only.","Medium until the custom system entry path, cost, persistence, and failure modes are checked against an in-game reference.","Add or refresh an in-game overview when this custom bucket exposes a distinct player mechanic; otherwise record an explicit exclusion in the detailed review.","Do not enumerate ordinary content variants or reveal locations and solutions.","Verify the detailed row or exclusion for each player-facing custom capability and stage-test its teaching surface.","Required: ordinary-player staging placement/accessibility evidence; no world save is present in this checkout.","Boundary census row. Detailed rows carry incorporation work."
"IGDB-0092","IGD-SYS-custom-point-command-2-0","P3","Ready","Custom:Point Command [2.0]","Current source boundary: Custom:Point Command [2.0]","Incorporate","LibraryReference","Data/Scripts/Custom/Point Command [2.0]/Point.cs","1 current source file(s) grouped by current path; first 12 plus every direct Player-command source are listed in SourceFiles. Existing inventory is ownership guidance only.","Medium until the custom system entry path, cost, persistence, and failure modes are checked against an in-game reference.","Add or refresh an in-game overview when this custom bucket exposes a distinct player mechanic; otherwise record an explicit exclusion in the detailed review.","Do not enumerate ordinary content variants or reveal locations and solutions.","Verify the detailed row or exclusion for each player-facing custom capability and stage-test its teaching surface.","Required: ordinary-player staging placement/accessibility evidence; no world save is present in this checkout.","Boundary census row. Detailed rows carry incorporation work."
"IGDB-0093","IGD-CAP-random-encounters-monster-nests","P3","Ready","Custom:PvE","Random Encounters and Monster Nests discovery, danger, persistence, and cleanup","RefreshExisting","LoreBook","Data/Scripts/Custom/PvE/MonsterNests/MonsterNest.cs;Data/Scripts/Custom/PvE/MonsterNests/MonsterNestEntity.cs;Data/Scripts/Custom/PvE/RandomEncounters/EncounterEngine.cs;Data/Scripts/Custom/PvE/RandomEncounters/RandomEncounters.xml","Current filesystem and named symbols reviewed by the audit generator.","Medium: players should recognize danger, persistence, and clue paths without receiving spawn or reward spoilers.","Add or verify non-spoiling lore and contextual warnings for how encounters appear, persist, escalate, and safely conclude.","Hide spawn coordinates, trigger solutions, exact compositions, and reward tables.","Find representative encounters through ordinary play, verify clue/warning/cleanup feedback, and confirm no prose reveals exact solutions.","Required: ordinary-player staging placement/accessibility evidence; no world save is present in this checkout.",""
"IGDB-0094","IGD-SYS-custom-pvpconsent","P3","Ready","Custom:PvPConsent","Current source boundary: Custom:PvPConsent","Incorporate","LibraryReference","Data/Scripts/Custom/PvPConsent/GoddessOfProtection.cs;Data/Scripts/Custom/PvPConsent/Gumps/PKNONPKGUMP.cs;Data/Scripts/Custom/PvPConsent/NONPKEventMoongate.cs;Data/Scripts/Custom/PvPConsent/NONPKSword.cs;Data/Scripts/Custom/PvPConsent/PKSword.cs","5 current source file(s) grouped by current path; first 12 plus every direct Player-command source are listed in SourceFiles. Existing inventory is ownership guidance only.","Medium until the custom system entry path, cost, persistence, and failure modes are checked against an in-game reference.","Add or refresh an in-game overview when this custom bucket exposes a distinct player mechanic; otherwise record an explicit exclusion in the detailed review.","Do not enumerate ordinary content variants or reveal locations and solutions.","Verify the detailed row or exclusion for each player-facing custom capability and stage-test its teaching surface.","Required: ordinary-player staging placement/accessibility evidence; no world save is present in this checkout.","Boundary census row. Detailed rows carry incorporation work."
"IGDB-0095","IGD-SYS-custom-searches","P3","Ready","Custom:Searches","Current source boundary: Custom:Searches","Incorporate","LibraryReference","Data/Scripts/Custom/Searches/BaseEntry.cs;Data/Scripts/Custom/Searches/CircleSearch.cs;Data/Scripts/Custom/Searches/Commands.cs;Data/Scripts/Custom/Searches/Helpers.cs;Data/Scripts/Custom/Searches/LineSearch.cs;Data/Scripts/Custom/Searches/OctantSearch.cs;Data/Scripts/Custom/Searches/Searches.cs;Data/Scripts/Custom/Searches/SpiralSearch.cs;Data/Scripts/Custom/Searches/Types.cs","9 current source file(s) grouped by current path; first 12 plus every direct Player-command source are listed in SourceFiles. Existing inventory is ownership guidance only.","Medium until the custom system entry path, cost, persistence, and failure modes are checked against an in-game reference.","Add or refresh an in-game overview when this custom bucket exposes a distinct player mechanic; otherwise record an explicit exclusion in the detailed review.","Do not enumerate ordinary content variants or reveal locations and solutions.","Verify the detailed row or exclusion for each player-facing custom capability and stage-test its teaching surface.","Required: ordinary-player staging placement/accessibility evidence; no world save is present in this checkout.","Boundary census row. Detailed rows carry incorporation work."
"IGDB-0096","IGD-SYS-custom-skill-stone","P3","Ready","Custom:Skill Stone","Current source boundary: Custom:Skill Stone","Incorporate","LibraryReference","Data/Scripts/Custom/Skill Stone/SkillStone.cs","1 current source file(s) grouped by current path; first 12 plus every direct Player-command source are listed in SourceFiles. Existing inventory is ownership guidance only.","Medium until the custom system entry path, cost, persistence, and failure modes are checked against an in-game reference.","Add or refresh an in-game overview when this custom bucket exposes a distinct player mechanic; otherwise record an explicit exclusion in the detailed review.","Do not enumerate ordinary content variants or reveal locations and solutions.","Verify the detailed row or exclusion for each player-facing custom capability and stage-test its teaching surface.","Required: ordinary-player staging placement/accessibility evidence; no world save is present in this checkout.","Boundary census row. Detailed rows carry incorporation work."
"IGDB-0097","IGD-SYS-custom-tellafriend","P3","Ready","Custom:TellAFriend","Current source boundary: Custom:TellAFriend","Incorporate","LibraryReference","Data/Scripts/Custom/TellAFriend/Rewards/StatBall.cs;Data/Scripts/Custom/TellAFriend/TellAFriend.cs","2 current source file(s) grouped by current path; first 12 plus every direct Player-command source are listed in SourceFiles. Existing inventory is ownership guidance only.","Medium until the custom system entry path, cost, persistence, and failure modes are checked against an in-game reference.","Add or refresh an in-game overview when this custom bucket exposes a distinct player mechanic; otherwise record an explicit exclusion in the detailed review.","Do not enumerate ordinary content variants or reveal locations and solutions.","Verify the detailed row or exclusion for each player-facing custom capability and stage-test its teaching surface.","Required: ordinary-player staging placement/accessibility evidence; no world save is present in this checkout.","Boundary census row. Detailed rows carry incorporation work."
"IGDB-0098","IGD-SYS-custom-thirdparty","P3","Ready","Custom:ThirdParty","Current source boundary: Custom:ThirdParty","Incorporate","LibraryReference","Data/Scripts/Custom/ThirdParty/OmniAI/AITester.cs;Data/Scripts/Custom/ThirdParty/OmniAI/OmniAI Bushido.cs;Data/Scripts/Custom/ThirdParty/OmniAI/OmniAI Core.cs;Data/Scripts/Custom/ThirdParty/OmniAI/OmniAI Knightship.cs;Data/Scripts/Custom/ThirdParty/OmniAI/OmniAI Magery.cs;Data/Scripts/Custom/ThirdParty/OmniAI/OmniAI Necromancy.cs;Data/Scripts/Custom/ThirdParty/OmniAI/OmniAI Ninjitsu.cs;Data/Scripts/Custom/ThirdParty/OmniAI/OmniAI Shared.cs;Data/Scripts/Custom/ThirdParty/Staff Toolbar [2.0]/Toolbar.cs","9 current source file(s) grouped by current path; first 12 plus every direct Player-command source are listed in SourceFiles. Existing inventory is ownership guidance only.","Medium until the custom system entry path, cost, persistence, and failure modes are checked against an in-game reference.","Add or refresh an in-game overview when this custom bucket exposes a distinct player mechanic; otherwise record an explicit exclusion in the detailed review.","Do not enumerate ordinary content variants or reveal locations and solutions.","Verify the detailed row or exclusion for each player-facing custom capability and stage-test its teaching surface.","Required: ordinary-player staging placement/accessibility evidence; no world save is present in this checkout.","Boundary census row. Detailed rows carry incorporation work."
"IGDB-0099","IGD-SYS-custom-voting","P3","Ready","Custom:Voting","Current source boundary: Custom:Voting","Incorporate","LibraryReference","Data/Scripts/Custom/Voting/VoteCommand.cs;Data/Scripts/Custom/Voting/VoteConfig.cs;Data/Scripts/Custom/Voting/VoteEvents.cs;Data/Scripts/Custom/Voting/VoteHelper.cs;Data/Scripts/Custom/Voting/VoteItem.cs;Data/Scripts/Custom/Voting/VoteSite.cs;Data/Scripts/Custom/Voting/VoteStatus.cs;Data/Scripts/Custom/Voting/VoteStone.cs","8 current source file(s) grouped by current path; first 12 plus every direct Player-command source are listed in SourceFiles. Existing inventory is ownership guidance only.","Medium until the custom system entry path, cost, persistence, and failure modes are checked against an in-game reference.","Add or refresh an in-game overview when this custom bucket exposes a distinct player mechanic; otherwise record an explicit exclusion in the detailed review.","Do not enumerate ordinary content variants or reveal locations and solutions.","Verify the detailed row or exclusion for each player-facing custom capability and stage-test its teaching surface.","Required: ordinary-player staging placement/accessibility evidence; no world save is present in this checkout.","Boundary census row. Detailed rows carry incorporation work."
"IGDB-0100","IGD-SYS-data-configuration","P3","Blocked","Data:Configuration","Checked-in data boundary: Configuration","NeedsRuntimeEvidence","ContextualFeedback","Data/TurnBasedCombat/TurnBasedCombat.cfg;Info/settings.xml","Current checked-in data enumerated directly; XML lore records are parsed and validated.","Medium where checked-in data does not establish that the intended teaching surface is live and reachable.","Confirm source/data references against live staging placement before claiming availability; keep lore catalog entries synchronized with their unlock paths.","Record placement evidence internally without publishing secret locations or solutions in player prose.","Owner stages an ordinary player path to representative placements and records type, map/facet, acquisition, and reachability evidence.","Required: ordinary-player staging placement/accessibility evidence; no world save is present in this checkout.","Data boundary row; checked-in placement is evidence, not proof of a loaded live world."
"IGDB-0101","IGD-SYS-data-decoration","P3","Blocked","Data:Decoration","Checked-in data boundary: Decoration","NeedsRuntimeEvidence","ContextualFeedback","Data/Decoration/Atlantis/Atlantis-01.cfg;Data/Decoration/Atlantis/decorate.cfg;Data/Decoration/IslesOfDread/DarkDragonTemple-Entrence-01.cfg;Data/Decoration/IslesOfDread/decorate.cfg;Data/Decoration/Lodor/CastleBasement-01.cfg;Data/Decoration/Lodor/CastleBasement-Entrence-01.cfg;Data/Decoration/Lodor/decorate.cfg;Data/Decoration/Lodor/ElementalChaos-Entrence-01.cfg;Data/Decoration/Lodor/UndergroundTemple-01.cfg;Data/Decoration/Lodor/WolfgangsCrypt-Entrence-01.cfg;Data/Decoration/Monopoly/IslesOfDread/sky_home.cfg;Data/Decoration/Monopoly/IslesOfDread/teleporters.cfg;Data/Decoration/Monopoly/Lodor/sky_home.cfg;Data/Decoration/Monopoly/Lodor/teleporters.cfg;Data/Decoration/Monopoly/Savage/sky_home.cfg;Data/Decoration/Monopoly/Savage/teleporters.cfg;Data/Decoration/Monopoly/Serpent/sky_home.cfg;Data/Decoration/Monopoly/Serpent/teleporters.cfg;Data/Decoration/Monopoly/Sosaria/sky_home.cfg;Data/Decoration/Monopoly/Sosaria/teleporters.cfg;Data/Decoration/Monopoly/Underworld/doors.cfg;Data/Decoration/Monopoly/Underworld/teleporters.cfg;Data/Decoration/Savage/decorate.cfg;Data/Decoration/Serpent/BuriedRuins-Entrence-01.cfg;Data/Decoration/Serpent/decorate.cfg;Data/Decoration/Sosaria/Atlantis-Entrence-01.cfg;Data/Decoration/Sosaria/BuriedRuins-01.cfg;Data/Decoration/Sosaria/CastleDio-01.cfg;Data/Decoration/Sosaria/CastleDio-Entrence-01.cfg;Data/Decoration/Sosaria/DarkDragonTemple-01.cfg;Data/Decoration/Sosaria/decorate.cfg;Data/Decoration/Sosaria/ElementalChaos-01.cfg;Data/Decoration/Sosaria/ForgottenLibrary-01.cfg;Data/Decoration/Sosaria/ForgottenLibrary-Entrence-01.cfg;Data/Decoration/Sosaria/GoblinCaves-01.cfg;Data/Decoration/Sosaria/GoblinCaves-Entrance-01.cfg;Data/Decoration/Sosaria/LairOfExodus-01.cfg;Data/Decoration/Sosaria/LairOfExodus-Entrence-01.cfg;Data/Decoration/Sosaria/TowerOfRunes-01.cfg;Data/Decoration/Sosaria/TowerOfRunes-Entrence-01.cfg;Data/Decoration/Sosaria/TreeHollow-01.cfg;Data/Decoration/Sosaria/TreeHollow-Entrence-01.cfg;Data/Decoration/Sosaria/UndergroundTemple-Entrence-01.cfg;Data/Decoration/Sosaria/WolfgangsCrypt-01.cfg;Data/Decoration/Underworld/BlackPyramid-01.cfg;Data/Decoration/Underworld/BlackPyramid-Entrence-01.cfg;Data/Decoration/Underworld/BlackPyramid-Entrence-02.cfg;Data/Decoration/Underworld/decorate.cfg","Current checked-in data enumerated directly; XML lore records are parsed and validated.","Medium where checked-in data does not establish that the intended teaching surface is live and reachable.","Confirm source/data references against live staging placement before claiming availability; keep lore catalog entries synchronized with their unlock paths.","Record placement evidence internally without publishing secret locations or solutions in player prose.","Owner stages an ordinary player path to representative placements and records type, map/facet, acquisition, and reachability evidence.","Required: ordinary-player staging placement/accessibility evidence; no world save is present in this checkout.","Data boundary row; checked-in placement is evidence, not proof of a loaded live world."
"IGDB-0102","IGD-SYS-data-regionxml","P3","Blocked","Data:RegionXML","Checked-in data boundary: RegionXML","NeedsRuntimeEvidence","ContextualFeedback","Data/System/XML/go.xml;Data/System/XML/names.xml;Data/System/XML/objects.xml;Data/System/XML/Regions.xml","Current checked-in data enumerated directly; XML lore records are parsed and validated.","Medium where checked-in data does not establish that the intended teaching surface is live and reachable.","Confirm source/data references against live staging placement before claiming availability; keep lore catalog entries synchronized with their unlock paths.","Record placement evidence internally without publishing secret locations or solutions in player prose.","Owner stages an ordinary player path to representative placements and records type, map/facet, acquisition, and reachability evidence.","Required: ordinary-player staging placement/accessibility evidence; no world save is present in this checkout.","Data boundary row; checked-in placement is evidence, not proof of a loaded live world."
"IGDB-0103","IGD-SYS-data-scriptxml","P3","Blocked","Data:ScriptXML","Checked-in data boundary: ScriptXML","NeedsRuntimeEvidence","ContextualFeedback","Data/Scripts/Custom/PvE/RandomEncounters/RandomEncounters.xml;Data/Scripts/Custom/XMLSpawner/XmlExtras/SpawnerConfigs/xmlspawner.xml;Data/Scripts/Custom/XMLSpawner/XmlExtras/Spawns/attachtest1.xml;Data/Scripts/Custom/XMLSpawner/XmlExtras/Spawns/attachtest2.xml;Data/Scripts/Custom/XMLSpawner/XmlExtras/Spawns/becomevisible.xml;Data/Scripts/Custom/XMLSpawner/XmlExtras/Spawns/blather.xml;Data/Scripts/Custom/XMLSpawner/XmlExtras/Spawns/blather2.xml;Data/Scripts/Custom/XMLSpawner/XmlExtras/Spawns/blather3.xml;Data/Scripts/Custom/XMLSpawner/XmlExtras/Spawns/blazequest.xml;Data/Scripts/Custom/XMLSpawner/XmlExtras/Spawns/boboquest.xml;Data/Scripts/Custom/XMLSpawner/XmlExtras/Spawns/boulder.xml;Data/Scripts/Custom/XMLSpawner/XmlExtras/Spawns/browser.xml;Data/Scripts/Custom/XMLSpawner/XmlExtras/Spawns/champ.xml;Data/Scripts/Custom/XMLSpawner/XmlExtras/Spawns/champ2.xml;Data/Scripts/Custom/XMLSpawner/XmlExtras/Spawns/champ3.xml;Data/Scripts/Custom/XMLSpawner/XmlExtras/Spawns/champ4.xml;Data/Scripts/Custom/XMLSpawner/XmlExtras/Spawns/changeling.xml;Data/Scripts/Custom/XMLSpawner/XmlExtras/Spawns/chestguardian.xml;Data/Scripts/Custom/XMLSpawner/XmlExtras/Spawns/chestguardian2.xml;Data/Scripts/Custom/XMLSpawner/XmlExtras/Spawns/chestguardian3.xml;Data/Scripts/Custom/XMLSpawner/XmlExtras/Spawns/clearrobes.xml;Data/Scripts/Custom/XMLSpawner/XmlExtras/Spawns/colorme.xml;Data/Scripts/Custom/XMLSpawner/XmlExtras/Spawns/configtest.xml;Data/Scripts/Custom/XMLSpawner/XmlExtras/Spawns/customuse.xml;Data/Scripts/Custom/XMLSpawner/XmlExtras/Spawns/deathaction.xml;Data/Scripts/Custom/XMLSpawner/XmlExtras/Spawns/deathmaze.xml;Data/Scripts/Custom/XMLSpawner/XmlExtras/Spawns/dialog.xml;Data/Scripts/Custom/XMLSpawner/XmlExtras/Spawns/donthurtme.xml;Data/Scripts/Custom/XMLSpawner/XmlExtras/Spawns/doorguardian.xml;Data/Scripts/Custom/XMLSpawner/XmlExtras/Spawns/dracondarquest.xml;Data/Scripts/Custom/XMLSpawner/XmlExtras/Spawns/draugquest.xml;Data/Scripts/Custom/XMLSpawner/XmlExtras/Spawns/egghunt.xml;Data/Scripts/Custom/XMLSpawner/XmlExtras/Spawns/enemymastery.xml;Data/Scripts/Custom/XMLSpawner/XmlExtras/Spawns/equipper.xml;Data/Scripts/Custom/XMLSpawner/XmlExtras/Spawns/fameopen.xml;Data/Scripts/Custom/XMLSpawner/XmlExtras/Spawns/flashyorc.xml;Data/Scripts/Custom/XMLSpawner/XmlExtras/Spawns/foolsgold.xml;Data/Scripts/Custom/XMLSpawner/XmlExtras/Spawns/gangup.xml;Data/Scripts/Custom/XMLSpawner/XmlExtras/Spawns/getonparent.xml;Data/Scripts/Custom/XMLSpawner/XmlExtras/Spawns/giveharold.xml;Data/Scripts/Custom/XMLSpawner/XmlExtras/Spawns/gumpdemo.xml;Data/Scripts/Custom/XMLSpawner/XmlExtras/Spawns/harmonsquest.xml;Data/Scripts/Custom/XMLSpawner/XmlExtras/Spawns/harmonsquest2.xml;Data/Scripts/Custom/XMLSpawner/XmlExtras/Spawns/htmldemo.xml;Data/Scripts/Custom/XMLSpawner/XmlExtras/Spawns/huedset.xml;Data/Scripts/Custom/XMLSpawner/XmlExtras/Spawns/jeweler2.xml;Data/Scripts/Custom/XMLSpawner/XmlExtras/Spawns/katarquest.xml;Data/Scripts/Custom/XMLSpawner/XmlExtras/Spawns/keypad.xml;Data/Scripts/Custom/XMLSpawner/XmlExtras/Spawns/killtask.xml;Data/Scripts/Custom/XMLSpawner/XmlExtras/Spawns/lootpack.xml;Data/Scripts/Custom/XMLSpawner/XmlExtras/Spawns/Malas/DoomRares.xml;Data/Scripts/Custom/XMLSpawner/XmlExtras/Spawns/masterhelper.xml;Data/Scripts/Custom/XMLSpawner/XmlExtras/Spawns/minionstrike.xml;Data/Scripts/Custom/XMLSpawner/XmlExtras/Spawns/moon.xml;Data/Scripts/Custom/XMLSpawner/XmlExtras/Spawns/morph.xml;Data/Scripts/Custom/XMLSpawner/XmlExtras/Spawns/msgspawner.xml;Data/Scripts/Custom/XMLSpawner/XmlExtras/Spawns/nearbyboxes.xml;Data/Scripts/Custom/XMLSpawner/XmlExtras/Spawns/orcpurge.xml;Data/Scripts/Custom/XMLSpawner/XmlExtras/Spawns/pack.xml;Data/Scripts/Custom/XMLSpawner/XmlExtras/Spawns/pickem.xml;Data/Scripts/Custom/XMLSpawner/XmlExtras/Spawns/playersinrange.xml;Data/Scripts/Custom/XMLSpawner/XmlExtras/Spawns/questbook.xml;Data/Scripts/Custom/XMLSpawner/XmlExtras/Spawns/questhighlight.xml;Data/Scripts/Custom/XMLSpawner/XmlExtras/Spawns/questnpc.xml;Data/Scripts/Custom/XMLSpawner/XmlExtras/Spawns/randlist.xml;Data/Scripts/Custom/XMLSpawner/XmlExtras/Spawns/repeatquest.xml;Data/Scripts/Custom/XMLSpawner/XmlExtras/Spawns/rovingband.xml;Data/Scripts/Custom/XMLSpawner/XmlExtras/Spawns/skilltrigger1.xml;Data/Scripts/Custom/XMLSpawner/XmlExtras/Spawns/skilltrigger2.xml;Data/Scripts/Custom/XMLSpawner/XmlExtras/Spawns/skilltrigger3.xml;Data/Scripts/Custom/XMLSpawner/XmlExtras/Spawns/skilltrigger4.xml;Data/Scripts/Custom/XMLSpawner/XmlExtras/Spawns/skilltrigger5.xml;Data/Scripts/Custom/XMLSpawner/XmlExtras/Spawns/spawnerspawner.xml;Data/Scripts/Custom/XMLSpawner/XmlExtras/Spawns/speedkills.xml;Data/Scripts/Custom/XMLSpawner/XmlExtras/Spawns/takearms.xml;Data/Scripts/Custom/XMLSpawner/XmlExtras/Spawns/talkingdrake.xml;Data/Scripts/Custom/XMLSpawner/XmlExtras/Spawns/talkingjeweler.xml;Data/Scripts/Custom/XMLSpawner/XmlExtras/Spawns/tempobject.xml;Data/Scripts/Custom/XMLSpawner/XmlExtras/Spawns/thighmaster.xml;Data/Scripts/Custom/XMLSpawner/XmlExtras/Spawns/timeofday.xml;Data/Scripts/Custom/XMLSpawner/XmlExtras/Spawns/v236.xml;Data/Scripts/Custom/XMLSpawner/XmlExtras/Spawns/waittest.xml;Data/Scripts/Custom/XMLSpawner/XmlExtras/Spawns/waypoint.xml;Data/Scripts/Custom/XMLSpawner/XmlExtras/Spawns/whiletest.xml;Data/Scripts/Custom/XMLSpawner/XmlExtras/Spawns/whosonfirst.xml;Data/Scripts/Custom/XMLSpawner/XmlExtras/xmlquesttoken.xml","Current checked-in data enumerated directly; XML lore records are parsed and validated.","Medium where checked-in data does not establish that the intended teaching surface is live and reachable.","Confirm source/data references against live staging placement before claiming availability; keep lore catalog entries synchronized with their unlock paths.","Record placement evidence internally without publishing secret locations or solutions in player prose.","Owner stages an ordinary player path to representative placements and records type, map/facet, acquisition, and reachability evidence.","Required: ordinary-player staging placement/accessibility evidence; no world save is present in this checkout.","Data boundary row; checked-in placement is evidence, not proof of a loaded live world."
"IGDB-0104","IGD-SYS-data-spawnmaps","P3","Blocked","Data:SpawnMaps","Checked-in data boundary: SpawnMaps","NeedsRuntimeEvidence","ContextualFeedback","Data/Spawns/animals.map;Data/Spawns/dangers.map;Data/Spawns/land.map;Data/Spawns/pirates.map;Data/Spawns/scary.map;Data/Spawns/spread.map;Data/Spawns/towns.map;Data/Spawns/world.map","Current checked-in data enumerated directly; XML lore records are parsed and validated.","Medium where checked-in data does not establish that the intended teaching surface is live and reachable.","Confirm source/data references against live staging placement before claiming availability; keep lore catalog entries synchronized with their unlock paths.","Record placement evidence internally without publishing secret locations or solutions in player prose.","Owner stages an ordinary player path to representative placements and records type, map/facet, acquisition, and reachability evidence.","Required: ordinary-player staging placement/accessibility evidence; no world save is present in this checkout.","Data boundary row; checked-in placement is evidence, not proof of a loaded live world."
"IGDB-0105","IGD-SYS-data-xmlspawn","P3","Blocked","Data:XMLSpawn","Checked-in data boundary: XMLSpawn","NeedsRuntimeEvidence","ContextualFeedback","Data/XMLSpawn/nests.xml","Current checked-in data enumerated directly; XML lore records are parsed and validated.","Medium where checked-in data does not establish that the intended teaching surface is live and reachable.","Confirm source/data references against live staging placement before claiming availability; keep lore catalog entries synchronized with their unlock paths.","Record placement evidence internally without publishing secret locations or solutions in player prose.","Owner stages an ordinary player path to representative placements and records type, map/facet, acquisition, and reachability evidence.","Required: ordinary-player staging placement/accessibility evidence; no world save is present in this checkout.","Data boundary row; checked-in placement is evidence, not proof of a loaded live world."
"IGDB-0106","IGD-SYS-magic-bard","P3","Ready","Magic:Bard","Current source boundary: Magic:Bard","Incorporate","LibraryReference","Data/Scripts/Magic/Bard/Gumps/SongBookGump.cs;Data/Scripts/Magic/Bard/Scrolls/ArmysPaeon.cs;Data/Scripts/Magic/Bard/Scrolls/EnchantingEtude.cs;Data/Scripts/Magic/Bard/Scrolls/EnergyCarol.cs;Data/Scripts/Magic/Bard/Scrolls/EnergyThrenody.cs;Data/Scripts/Magic/Bard/Scrolls/FireCarol.cs;Data/Scripts/Magic/Bard/Scrolls/FireThrenody.cs;Data/Scripts/Magic/Bard/Scrolls/FoeRequiem.cs;Data/Scripts/Magic/Bard/Scrolls/IceCarol.cs;Data/Scripts/Magic/Bard/Scrolls/IceThrenody.cs;Data/Scripts/Magic/Bard/Scrolls/KnightsMinne.cs;Data/Scripts/Magic/Bard/Scrolls/MagesBallad.cs","36 current source file(s) grouped by current path; first 12 plus every direct Player-command source are listed in SourceFiles. Existing inventory is ownership guidance only.","Medium: substantial combat progression can be discoverable while rules, costs, and controls remain hard to reconstruct.","Provide one concise school reference covering access, controls, resource costs, limitations, and safe experimentation without listing secrets.","Explain the school and controls; omit hidden teachers, rare acquisition locations, and puzzle solutions.","A player who has encountered the school can find a persistent in-game reference and identify how to use it safely.","Required: ordinary-player staging placement/accessibility evidence; no world save is present in this checkout.","Boundary census row. Detailed rows carry incorporation work."
"IGDB-0107","IGD-SYS-magic-base","P3","Ready","Magic:Base","Current source boundary: Magic:Base","Incorporate","LibraryReference","Data/Scripts/Magic/Base/DisturbType.cs;Data/Scripts/Magic/Base/ForgetfulGem.cs;Data/Scripts/Magic/Base/Initializer.cs;Data/Scripts/Magic/Base/Reagent.cs;Data/Scripts/Magic/Base/SpecialMove.cs;Data/Scripts/Magic/Base/Spell.cs;Data/Scripts/Magic/Base/SpellBooks.cs;Data/Scripts/Magic/Base/SpellCircle.cs;Data/Scripts/Magic/Base/SpellHelper.cs;Data/Scripts/Magic/Base/SpellInfo.cs;Data/Scripts/Magic/Base/SpellRegistry.cs;Data/Scripts/Magic/Base/SpellState.cs","13 current source file(s) grouped by current path; first 12 plus every direct Player-command source are listed in SourceFiles. Existing inventory is ownership guidance only.","Medium: substantial combat progression can be discoverable while rules, costs, and controls remain hard to reconstruct.","Provide one concise school reference covering access, controls, resource costs, limitations, and safe experimentation without listing secrets.","Explain the school and controls; omit hidden teachers, rare acquisition locations, and puzzle solutions.","A player who has encountered the school can find a persistent in-game reference and identify how to use it safely.","Required: ordinary-player staging placement/accessibility evidence; no world save is present in this checkout.","Boundary census row. Detailed rows carry incorporation work."
"IGDB-0108","IGD-SYS-magic-bushido","P3","Ready","Magic:Bushido","Current source boundary: Magic:Bushido","Incorporate","LibraryReference","Data/Scripts/Magic/Bushido/BookOfBushido.cs;Data/Scripts/Magic/Bushido/Confidence.cs;Data/Scripts/Magic/Bushido/CounterAttack.cs;Data/Scripts/Magic/Bushido/Evasion.cs;Data/Scripts/Magic/Bushido/HonorableExecution.cs;Data/Scripts/Magic/Bushido/LightningStrike.cs;Data/Scripts/Magic/Bushido/MomentumStrike.cs;Data/Scripts/Magic/Bushido/SamuraiMove.cs;Data/Scripts/Magic/Bushido/SamuraiSpell.cs","9 current source file(s) grouped by current path; first 12 plus every direct Player-command source are listed in SourceFiles. Existing inventory is ownership guidance only.","Medium: substantial combat progression can be discoverable while rules, costs, and controls remain hard to reconstruct.","Provide one concise school reference covering access, controls, resource costs, limitations, and safe experimentation without listing secrets.","Explain the school and controls; omit hidden teachers, rare acquisition locations, and puzzle solutions.","A player who has encountered the school can find a persistent in-game reference and identify how to use it safely.","Required: ordinary-player staging placement/accessibility evidence; no world save is present in this checkout.","Boundary census row. Detailed rows carry incorporation work."
"IGDB-0109","IGD-SYS-magic-death-knight","P3","Ready","Magic:Death Knight","Current source boundary: Magic:Death Knight","Incorporate","LibraryReference","Data/Scripts/Magic/Death Knight/DeathKnightCommands.cs;Data/Scripts/Magic/Death Knight/DeathKnightSpell.cs;Data/Scripts/Magic/Death Knight/DeathKnightSpellBook.cs;Data/Scripts/Magic/Death Knight/DeathSkulls.cs;Data/Scripts/Magic/Death Knight/DevilPact.cs;Data/Scripts/Magic/Death Knight/Gumps/DeathKnightSpellBookGump.cs;Data/Scripts/Magic/Death Knight/SoulLantern.cs;Data/Scripts/Magic/Death Knight/Spells/BanishSpell.cs;Data/Scripts/Magic/Death Knight/Spells/DemonicTouchSpell.cs;Data/Scripts/Magic/Death Knight/Spells/DevilPactSpell.cs;Data/Scripts/Magic/Death Knight/Spells/GrimReaperSpell.cs;Data/Scripts/Magic/Death Knight/Spells/HagHandSpell.cs","21 current source file(s) grouped by current path; first 12 plus every direct Player-command source are listed in SourceFiles. Existing inventory is ownership guidance only.","Medium: substantial combat progression can be discoverable while rules, costs, and controls remain hard to reconstruct.","Provide one concise school reference covering access, controls, resource costs, limitations, and safe experimentation without listing secrets.","Explain the school and controls; omit hidden teachers, rare acquisition locations, and puzzle solutions.","A player who has encountered the school can find a persistent in-game reference and identify how to use it safely.","Required: ordinary-player staging placement/accessibility evidence; no world save is present in this checkout.","Boundary census row. Detailed rows carry incorporation work."
"IGDB-0110","IGD-SYS-magic-druidism","P3","Ready","Magic:Druidism","Current source boundary: Magic:Druidism","Incorporate","LibraryReference","Data/Scripts/Magic/Druidism/BookDruidBrewing.cs;Data/Scripts/Magic/Druidism/DruidPouch.cs;Data/Scripts/Magic/Druidism/Effects/BlendWithForrestSpell.cs;Data/Scripts/Magic/Druidism/Effects/DruidicRuneSpell.cs;Data/Scripts/Magic/Druidism/Effects/FireflySpell.cs;Data/Scripts/Magic/Druidism/Effects/GraspingRootsSpell.cs;Data/Scripts/Magic/Druidism/Effects/HerbalHealingSpell.cs;Data/Scripts/Magic/Druidism/Effects/LureStoneSpell.cs;Data/Scripts/Magic/Druidism/Effects/MushroomGatewaySpell.cs;Data/Scripts/Magic/Druidism/Effects/NaturesPassageSpell.cs;Data/Scripts/Magic/Druidism/Effects/ProtectiveFairySpell.cs;Data/Scripts/Magic/Druidism/Effects/RestorativeSoilSpell.cs","20 current source file(s) grouped by current path; first 12 plus every direct Player-command source are listed in SourceFiles. Existing inventory is ownership guidance only.","Medium: substantial combat progression can be discoverable while rules, costs, and controls remain hard to reconstruct.","Provide one concise school reference covering access, controls, resource costs, limitations, and safe experimentation without listing secrets.","Explain the school and controls; omit hidden teachers, rare acquisition locations, and puzzle solutions.","A player who has encountered the school can find a persistent in-game reference and identify how to use it safely.","Required: ordinary-player staging placement/accessibility evidence; no world save is present in this checkout.","Boundary census row. Detailed rows carry incorporation work."
"IGDB-0111","IGD-SYS-magic-elementalism","P3","Ready","Magic:Elementalism","Current source boundary: Magic:Elementalism","Incorporate","LibraryReference","Data/Scripts/Magic/Elementalism/ElementalCommands.cs;Data/Scripts/Magic/Elementalism/ElementalEffect.cs;Data/Scripts/Magic/Elementalism/ElementalExit.cs;Data/Scripts/Magic/Elementalism/ElementalScrolls.cs;Data/Scripts/Magic/Elementalism/ElementalShrine.cs;Data/Scripts/Magic/Elementalism/ElementalSpell.cs;Data/Scripts/Magic/Elementalism/ElementalSpellbook.cs;Data/Scripts/Magic/Elementalism/Gumps/ElementalSpellbookGump.cs;Data/Scripts/Magic/Elementalism/Mobiles/ElementalCalledAir.cs;Data/Scripts/Magic/Elementalism/Mobiles/ElementalCalledEarth.cs;Data/Scripts/Magic/Elementalism/Mobiles/ElementalCalledFire.cs;Data/Scripts/Magic/Elementalism/Mobiles/ElementalCalledWater.cs","61 current source file(s) grouped by current path; first 12 plus every direct Player-command source are listed in SourceFiles. Existing inventory is ownership guidance only.","Medium: substantial combat progression can be discoverable while rules, costs, and controls remain hard to reconstruct.","Provide one concise school reference covering access, controls, resource costs, limitations, and safe experimentation without listing secrets.","Explain the school and controls; omit hidden teachers, rare acquisition locations, and puzzle solutions.","A player who has encountered the school can find a persistent in-game reference and identify how to use it safely.","Required: ordinary-player staging placement/accessibility evidence; no world save is present in this checkout.","Boundary census row. Detailed rows carry incorporation work."
"IGDB-0112","IGD-SYS-magic-enchantments","P3","Ready","Magic:Enchantments","Current source boundary: Magic:Enchantments","Incorporate","LibraryReference","Data/Scripts/Magic/Enchantments/EnchantMagic.cs;Data/Scripts/Magic/Enchantments/Mobiles/DevilPactMagic.cs;Data/Scripts/Magic/Enchantments/Spells/BanishMagic..cs;Data/Scripts/Magic/Enchantments/Spells/DemonicTouchMagic..cs;Data/Scripts/Magic/Enchantments/Spells/DevilPactMagic..cs;Data/Scripts/Magic/Enchantments/Spells/GrimReaperMagic..cs;Data/Scripts/Magic/Enchantments/Spells/HagHandMagic..cs;Data/Scripts/Magic/Enchantments/Spells/HellfireMagic..cs;Data/Scripts/Magic/Enchantments/Spells/LucifersBoltMagic..cs;Data/Scripts/Magic/Enchantments/Spells/OrbOfOrcusMagic..cs;Data/Scripts/Magic/Enchantments/Spells/ShieldOfHateMagic..cs;Data/Scripts/Magic/Enchantments/Spells/SoulReaperMagic..cs","16 current source file(s) grouped by current path; first 12 plus every direct Player-command source are listed in SourceFiles. Existing inventory is ownership guidance only.","Medium: substantial combat progression can be discoverable while rules, costs, and controls remain hard to reconstruct.","Provide one concise school reference covering access, controls, resource costs, limitations, and safe experimentation without listing secrets.","Explain the school and controls; omit hidden teachers, rare acquisition locations, and puzzle solutions.","A player who has encountered the school can find a persistent in-game reference and identify how to use it safely.","Required: ordinary-player staging placement/accessibility evidence; no world save is present in this checkout.","Boundary census row. Detailed rows carry incorporation work."
"IGDB-0113","IGD-SYS-magic-holy-man","P3","Ready","Magic:Holy Man","Current source boundary: Magic:Holy Man","Incorporate","LibraryReference","Data/Scripts/Magic/Holy Man/Gumps/HolyManSpellBookGump.cs;Data/Scripts/Magic/Holy Man/HolyManCommands.cs;Data/Scripts/Magic/Holy Man/HolyManSpell.cs;Data/Scripts/Magic/Holy Man/HolyManSpellBook.cs;Data/Scripts/Magic/Holy Man/HolySymbol.cs;Data/Scripts/Magic/Holy Man/HolySymbols.cs;Data/Scripts/Magic/Holy Man/MalletStake.cs;Data/Scripts/Magic/Holy Man/Spells/BanishEvilSpell.cs;Data/Scripts/Magic/Holy Man/Spells/DampenSpiritSpell.cs;Data/Scripts/Magic/Holy Man/Spells/EnchantSpell.cs;Data/Scripts/Magic/Holy Man/Spells/HammerOfFaithSpell.cs;Data/Scripts/Magic/Holy Man/Spells/HeavenlyLightSpell.cs","21 current source file(s) grouped by current path; first 12 plus every direct Player-command source are listed in SourceFiles. Existing inventory is ownership guidance only.","Medium: substantial combat progression can be discoverable while rules, costs, and controls remain hard to reconstruct.","Provide one concise school reference covering access, controls, resource costs, limitations, and safe experimentation without listing secrets.","Explain the school and controls; omit hidden teachers, rare acquisition locations, and puzzle solutions.","A player who has encountered the school can find a persistent in-game reference and identify how to use it safely.","Required: ordinary-player staging placement/accessibility evidence; no world save is present in this checkout.","Boundary census row. Detailed rows carry incorporation work."
"IGDB-0114","IGD-SYS-magic-jedi","P3","Ready","Magic:Jedi","Current source boundary: Magic:Jedi","Incorporate","LibraryReference","Data/Scripts/Magic/Jedi/Gumps/JediSpellBookGump.cs;Data/Scripts/Magic/Jedi/JediCommandList.cs;Data/Scripts/Magic/Jedi/JediDatacrons.cs;Data/Scripts/Magic/Jedi/JediSpell.cs;Data/Scripts/Magic/Jedi/JediSpellbook.cs;Data/Scripts/Magic/Jedi/KaranCrystal.cs;Data/Scripts/Magic/Jedi/Spells/Celerity.cs;Data/Scripts/Magic/Jedi/Spells/Deflection.cs;Data/Scripts/Magic/Jedi/Spells/ForceGrip.cs;Data/Scripts/Magic/Jedi/Spells/MindsEye.cs;Data/Scripts/Magic/Jedi/Spells/Mirage.cs;Data/Scripts/Magic/Jedi/Spells/PsychicAura.cs","16 current source file(s) grouped by current path; first 12 plus every direct Player-command source are listed in SourceFiles. Existing inventory is ownership guidance only.","Medium: substantial combat progression can be discoverable while rules, costs, and controls remain hard to reconstruct.","Provide one concise school reference covering access, controls, resource costs, limitations, and safe experimentation without listing secrets.","Explain the school and controls; omit hidden teachers, rare acquisition locations, and puzzle solutions.","A player who has encountered the school can find a persistent in-game reference and identify how to use it safely.","Required: ordinary-player staging placement/accessibility evidence; no world save is present in this checkout.","Boundary census row. Detailed rows carry incorporation work."
"IGDB-0115","IGD-SYS-magic-jester","P3","Ready","Magic:Jester","Current source boundary: Magic:Jester","Incorporate","LibraryReference","Data/Scripts/Magic/Jester/BagOfTricks.cs;Data/Scripts/Magic/Jester/JesterCommandList.cs;Data/Scripts/Magic/Jester/JesterSpell.cs;Data/Scripts/Magic/Jester/Spells/CanOfSnakes.cs;Data/Scripts/Magic/Jester/Spells/Clowns.cs;Data/Scripts/Magic/Jester/Spells/FlowerPower.cs;Data/Scripts/Magic/Jester/Spells/Hilarity.cs;Data/Scripts/Magic/Jester/Spells/Insult.cs;Data/Scripts/Magic/Jester/Spells/JumpAround.cs;Data/Scripts/Magic/Jester/Spells/PoppingBalloon.cs;Data/Scripts/Magic/Jester/Spells/RabbitInAHat.cs;Data/Scripts/Magic/Jester/Spells/SeltzerBottle.cs","15 current source file(s) grouped by current path; first 12 plus every direct Player-command source are listed in SourceFiles. Existing inventory is ownership guidance only.","Medium: substantial combat progression can be discoverable while rules, costs, and controls remain hard to reconstruct.","Provide one concise school reference covering access, controls, resource costs, limitations, and safe experimentation without listing secrets.","Explain the school and controls; omit hidden teachers, rare acquisition locations, and puzzle solutions.","A player who has encountered the school can find a persistent in-game reference and identify how to use it safely.","Required: ordinary-player staging placement/accessibility evidence; no world save is present in this checkout.","Boundary census row. Detailed rows carry incorporation work."
"IGDB-0116","IGD-SYS-magic-knight","P3","Ready","Magic:Knight","Current source boundary: Magic:Knight","Incorporate","LibraryReference","Data/Scripts/Magic/Knight/BookOfChivalry.cs;Data/Scripts/Magic/Knight/CleanseByFire.cs;Data/Scripts/Magic/Knight/CloseWounds.cs;Data/Scripts/Magic/Knight/ConsecrateWeapon.cs;Data/Scripts/Magic/Knight/DispelEvil.cs;Data/Scripts/Magic/Knight/DivineFury.cs;Data/Scripts/Magic/Knight/EnemyOfOne.cs;Data/Scripts/Magic/Knight/HolyLight.cs;Data/Scripts/Magic/Knight/NobleSacrifice.cs;Data/Scripts/Magic/Knight/PaladinSpell.cs;Data/Scripts/Magic/Knight/RemoveCurse.cs;Data/Scripts/Magic/Knight/SacredJourney.cs","12 current source file(s) grouped by current path; first 12 plus every direct Player-command source are listed in SourceFiles. Existing inventory is ownership guidance only.","Medium: substantial combat progression can be discoverable while rules, costs, and controls remain hard to reconstruct.","Provide one concise school reference covering access, controls, resource costs, limitations, and safe experimentation without listing secrets.","Explain the school and controls; omit hidden teachers, rare acquisition locations, and puzzle solutions.","A player who has encountered the school can find a persistent in-game reference and identify how to use it safely.","Required: ordinary-player staging placement/accessibility evidence; no world save is present in this checkout.","Boundary census row. Detailed rows carry incorporation work."
"IGDB-0117","IGD-SYS-magic-magery","P3","Ready","Magic:Magery","Current source boundary: Magic:Magery","Incorporate","LibraryReference","Data/Scripts/Magic/Magery/Magery 1st/Clumsy.cs;Data/Scripts/Magic/Magery/Magery 1st/CreateFood.cs;Data/Scripts/Magic/Magery/Magery 1st/Feeblemind.cs;Data/Scripts/Magic/Magery/Magery 1st/Heal.cs;Data/Scripts/Magic/Magery/Magery 1st/MagicArrow.cs;Data/Scripts/Magic/Magery/Magery 1st/NightSight.cs;Data/Scripts/Magic/Magery/Magery 1st/ReactiveArmor.cs;Data/Scripts/Magic/Magery/Magery 1st/Weaken.cs;Data/Scripts/Magic/Magery/Magery 2nd/Agility.cs;Data/Scripts/Magic/Magery/Magery 2nd/Cunning.cs;Data/Scripts/Magic/Magery/Magery 2nd/Cure.cs;Data/Scripts/Magic/Magery/Magery 2nd/Harm.cs","131 current source file(s) grouped by current path; first 12 plus every direct Player-command source are listed in SourceFiles. Existing inventory is ownership guidance only.","Medium: substantial combat progression can be discoverable while rules, costs, and controls remain hard to reconstruct.","Provide one concise school reference covering access, controls, resource costs, limitations, and safe experimentation without listing secrets.","Explain the school and controls; omit hidden teachers, rare acquisition locations, and puzzle solutions.","A player who has encountered the school can find a persistent in-game reference and identify how to use it safely.","Required: ordinary-player staging placement/accessibility evidence; no world save is present in this checkout.","Boundary census row. Detailed rows carry incorporation work."
"IGDB-0118","IGD-SYS-magic-misc","P3","Ready","Magic:Misc","Current source boundary: Magic:Misc","Incorporate","LibraryReference","Data/Scripts/Magic/Misc/AttackSpells.cs;Data/Scripts/Magic/Misc/BaseMagicObject.cs;Data/Scripts/Magic/Misc/IdentifySpell.cs;Data/Scripts/Magic/Misc/MagicalSpell.cs;Data/Scripts/Magic/Misc/MagicCastingItems.cs;Data/Scripts/Magic/Misc/MagicObjectTarget.cs;Data/Scripts/Magic/Misc/RuneMagic.cs;Data/Scripts/Magic/Misc/SummonDragonSpell.cs;Data/Scripts/Magic/Misc/SummonSkeleton.cs;Data/Scripts/Magic/Misc/SummonSnakesSpell.cs;Data/Scripts/Magic/Misc/ThorLightningSpell.cs;Data/Scripts/Magic/Misc/TravelSpell.cs","12 current source file(s) grouped by current path; first 12 plus every direct Player-command source are listed in SourceFiles. Existing inventory is ownership guidance only.","Medium: substantial combat progression can be discoverable while rules, costs, and controls remain hard to reconstruct.","Provide one concise school reference covering access, controls, resource costs, limitations, and safe experimentation without listing secrets.","Explain the school and controls; omit hidden teachers, rare acquisition locations, and puzzle solutions.","A player who has encountered the school can find a persistent in-game reference and identify how to use it safely.","Required: ordinary-player staging placement/accessibility evidence; no world save is present in this checkout.","Boundary census row. Detailed rows carry incorporation work."
"IGDB-0119","IGD-SYS-magic-mystic","P3","Ready","Magic:Mystic","Current source boundary: Magic:Mystic","Incorporate","LibraryReference","Data/Scripts/Magic/Mystic/Gumps/MysticSpellBookGump.cs;Data/Scripts/Magic/Mystic/MysticCommandList.cs;Data/Scripts/Magic/Mystic/MysticMonkRobe.cs;Data/Scripts/Magic/Mystic/MysticPack.cs;Data/Scripts/Magic/Mystic/MysticSpell.cs;Data/Scripts/Magic/Mystic/MysticSpellBook.cs;Data/Scripts/Magic/Mystic/Scrolls/AstralProjectionScroll.cs;Data/Scripts/Magic/Mystic/Scrolls/AstralTravelScroll.cs;Data/Scripts/Magic/Mystic/Scrolls/CreateRobeScroll.cs;Data/Scripts/Magic/Mystic/Scrolls/GentleTouchScroll.cs;Data/Scripts/Magic/Mystic/Scrolls/LeapScroll.cs;Data/Scripts/Magic/Mystic/Scrolls/PsionicBlastScroll.cs","26 current source file(s) grouped by current path; first 12 plus every direct Player-command source are listed in SourceFiles. Existing inventory is ownership guidance only.","Medium: substantial combat progression can be discoverable while rules, costs, and controls remain hard to reconstruct.","Provide one concise school reference covering access, controls, resource costs, limitations, and safe experimentation without listing secrets.","Explain the school and controls; omit hidden teachers, rare acquisition locations, and puzzle solutions.","A player who has encountered the school can find a persistent in-game reference and identify how to use it safely.","Required: ordinary-player staging placement/accessibility evidence; no world save is present in this checkout.","Boundary census row. Detailed rows carry incorporation work."
"IGDB-0120","IGD-SYS-magic-necromancy","P3","Ready","Magic:Necromancy","Current source boundary: Magic:Necromancy","Incorporate","LibraryReference","Data/Scripts/Magic/Necromancy/AnimateDeadSpell.cs;Data/Scripts/Magic/Necromancy/BloodOathSpell.cs;Data/Scripts/Magic/Necromancy/CorpseSkin.cs;Data/Scripts/Magic/Necromancy/CurseWeapon.cs;Data/Scripts/Magic/Necromancy/EvilOmen.cs;Data/Scripts/Magic/Necromancy/Exorcism.cs;Data/Scripts/Magic/Necromancy/HorrificBeast.cs;Data/Scripts/Magic/Necromancy/LichForm.cs;Data/Scripts/Magic/Necromancy/MindRot.cs;Data/Scripts/Magic/Necromancy/NecromancerSpell.cs;Data/Scripts/Magic/Necromancy/NecromancerSpellbook.cs;Data/Scripts/Magic/Necromancy/PainSpike.cs","37 current source file(s) grouped by current path; first 12 plus every direct Player-command source are listed in SourceFiles. Existing inventory is ownership guidance only.","Medium: substantial combat progression can be discoverable while rules, costs, and controls remain hard to reconstruct.","Provide one concise school reference covering access, controls, resource costs, limitations, and safe experimentation without listing secrets.","Explain the school and controls; omit hidden teachers, rare acquisition locations, and puzzle solutions.","A player who has encountered the school can find a persistent in-game reference and identify how to use it safely.","Required: ordinary-player staging placement/accessibility evidence; no world save is present in this checkout.","Boundary census row. Detailed rows carry incorporation work."
"IGDB-0121","IGD-SYS-magic-ninjitsu","P3","Ready","Magic:Ninjitsu","Current source boundary: Magic:Ninjitsu","Incorporate","LibraryReference","Data/Scripts/Magic/Ninjitsu/AnimalForm.cs;Data/Scripts/Magic/Ninjitsu/Backstab.cs;Data/Scripts/Magic/Ninjitsu/BookOfNinjitsu.cs;Data/Scripts/Magic/Ninjitsu/DeathStrike.cs;Data/Scripts/Magic/Ninjitsu/FocusAttack.cs;Data/Scripts/Magic/Ninjitsu/KiAttack.cs;Data/Scripts/Magic/Ninjitsu/MirrorImage.cs;Data/Scripts/Magic/Ninjitsu/NinjaMove.cs;Data/Scripts/Magic/Ninjitsu/NinjaSpell.cs;Data/Scripts/Magic/Ninjitsu/ShadowJump.cs;Data/Scripts/Magic/Ninjitsu/SurpriseAttack.cs","11 current source file(s) grouped by current path; first 12 plus every direct Player-command source are listed in SourceFiles. Existing inventory is ownership guidance only.","Medium: substantial combat progression can be discoverable while rules, costs, and controls remain hard to reconstruct.","Provide one concise school reference covering access, controls, resource costs, limitations, and safe experimentation without listing secrets.","Explain the school and controls; omit hidden teachers, rare acquisition locations, and puzzle solutions.","A player who has encountered the school can find a persistent in-game reference and identify how to use it safely.","Required: ordinary-player staging placement/accessibility evidence; no world save is present in this checkout.","Boundary census row. Detailed rows carry incorporation work."
"IGDB-0122","IGD-SYS-magic-research","P3","Ready","Magic:Research","Current source boundary: Magic:Research","Incorporate","LibraryReference","Data/Scripts/Magic/Research/AncientSpellBook.cs;Data/Scripts/Magic/Research/Gumps/AncientSpellBookGump.cs;Data/Scripts/Magic/Research/ResearchBag.cs;Data/Scripts/Magic/Research/ResearchCommands.cs;Data/Scripts/Magic/Research/ResearchFunctions.cs;Data/Scripts/Magic/Research/ResearchSpell.cs;Data/Scripts/Magic/Research/Spells/Conjuration/ResearchAerialServant.cs;Data/Scripts/Magic/Research/Spells/Conjuration/ResearchClone.cs;Data/Scripts/Magic/Research/Spells/Conjuration/ResearchConjure.cs;Data/Scripts/Magic/Research/Spells/Conjuration/ResearchCreateGold.cs;Data/Scripts/Magic/Research/Spells/Conjuration/ResearchDeathVortex.cs;Data/Scripts/Magic/Research/Spells/Conjuration/ResearchExtinguish.cs","70 current source file(s) grouped by current path; first 12 plus every direct Player-command source are listed in SourceFiles. Existing inventory is ownership guidance only.","Medium: substantial combat progression can be discoverable while rules, costs, and controls remain hard to reconstruct.","Provide one concise school reference covering access, controls, resource costs, limitations, and safe experimentation without listing secrets.","Explain the school and controls; omit hidden teachers, rare acquisition locations, and puzzle solutions.","A player who has encountered the school can find a persistent in-game reference and identify how to use it safely.","Required: ordinary-player staging placement/accessibility evidence; no world save is present in this checkout.","Boundary census row. Detailed rows carry incorporation work."
"IGDB-0123","IGD-SYS-magic-shinobi","P3","Ready","Magic:Shinobi","Current source boundary: Magic:Shinobi","Incorporate","LibraryReference","Data/Scripts/Magic/Shinobi/ShinobiCommandList.cs;Data/Scripts/Magic/Shinobi/ShinobiScroll.cs;Data/Scripts/Magic/Shinobi/ShinobiSpell.cs;Data/Scripts/Magic/Shinobi/Spells/CheetahPaws.cs;Data/Scripts/Magic/Shinobi/Spells/Deception.cs;Data/Scripts/Magic/Shinobi/Spells/EagleEye.cs;Data/Scripts/Magic/Shinobi/Spells/Espionage.cs;Data/Scripts/Magic/Shinobi/Spells/FerretFlee.cs;Data/Scripts/Magic/Shinobi/Spells/MonkeyLeap.cs;Data/Scripts/Magic/Shinobi/Spells/MysticShuriken.cs;Data/Scripts/Magic/Shinobi/Spells/TigerStrength.cs","11 current source file(s) grouped by current path; first 12 plus every direct Player-command source are listed in SourceFiles. Existing inventory is ownership guidance only.","Medium: substantial combat progression can be discoverable while rules, costs, and controls remain hard to reconstruct.","Provide one concise school reference covering access, controls, resource costs, limitations, and safe experimentation without listing secrets.","Explain the school and controls; omit hidden teachers, rare acquisition locations, and puzzle solutions.","A player who has encountered the school can find a persistent in-game reference and identify how to use it safely.","Required: ordinary-player staging placement/accessibility evidence; no world save is present in this checkout.","Boundary census row. Detailed rows carry incorporation work."
"IGDB-0124","IGD-SYS-magic-syth","P3","Ready","Magic:Syth","Current source boundary: Magic:Syth","Incorporate","LibraryReference","Data/Scripts/Magic/Syth/Gumps/SythSpellBookGump.cs;Data/Scripts/Magic/Syth/HellShard.cs;Data/Scripts/Magic/Syth/Spells/Absorption.cs;Data/Scripts/Magic/Syth/Spells/Clone.cs;Data/Scripts/Magic/Syth/Spells/DeathGrip.cs;Data/Scripts/Magic/Syth/Spells/DrainLife.cs;Data/Scripts/Magic/Syth/Spells/Projection.cs;Data/Scripts/Magic/Syth/Spells/PsychicBlast.cs;Data/Scripts/Magic/Syth/Spells/Psychokinesis.cs;Data/Scripts/Magic/Syth/Spells/Speed.cs;Data/Scripts/Magic/Syth/Spells/SythLightning.cs;Data/Scripts/Magic/Syth/Spells/ThrowSword.cs","16 current source file(s) grouped by current path; first 12 plus every direct Player-command source are listed in SourceFiles. Existing inventory is ownership guidance only.","Medium: substantial combat progression can be discoverable while rules, costs, and controls remain hard to reconstruct.","Provide one concise school reference covering access, controls, resource costs, limitations, and safe experimentation without listing secrets.","Explain the school and controls; omit hidden teachers, rare acquisition locations, and puzzle solutions.","A player who has encountered the school can find a persistent in-game reference and identify how to use it safely.","Required: ordinary-player staging placement/accessibility evidence; no world save is present in this checkout.","Boundary census row. Detailed rows carry incorporation work."
"IGDB-0125","IGD-SYS-magic-witch","P3","Ready","Magic:Witch","Current source boundary: Magic:Witch","Incorporate","LibraryReference","Data/Scripts/Magic/Witch/BookWitchBrewing.cs;Data/Scripts/Magic/Witch/Effects/BloodPact.cs;Data/Scripts/Magic/Witch/Effects/CurePoison.cs;Data/Scripts/Magic/Witch/Effects/GhostlyImages.cs;Data/Scripts/Magic/Witch/Effects/GhostPhase.cs;Data/Scripts/Magic/Witch/Effects/GraveyardGateway.cs;Data/Scripts/Magic/Witch/Effects/HellsBrand.cs;Data/Scripts/Magic/Witch/Effects/HellsGate.cs;Data/Scripts/Magic/Witch/Effects/ManaLeech.cs;Data/Scripts/Magic/Witch/Effects/NecroPoison.cs;Data/Scripts/Magic/Witch/Effects/NecroUnlock.cs;Data/Scripts/Magic/Witch/Effects/Phantasm.cs","20 current source file(s) grouped by current path; first 12 plus every direct Player-command source are listed in SourceFiles. Existing inventory is ownership guidance only.","Medium: substantial combat progression can be discoverable while rules, costs, and controls remain hard to reconstruct.","Provide one concise school reference covering access, controls, resource costs, limitations, and safe experimentation without listing secrets.","Explain the school and controls; omit hidden teachers, rare acquisition locations, and puzzle solutions.","A player who has encountered the school can find a persistent in-game reference and identify how to use it safely.","Required: ordinary-player staging placement/accessibility evidence; no world save is present in this checkout.","Boundary census row. Detailed rows carry incorporation work."
"IGDB-0126","IGD-SYS-trades-apiculture","P3","Ready","Trades:Apiculture","Current source boundary: Trades:Apiculture","Incorporate","LibraryReference","Data/Scripts/Trades/Apiculture/BeeHiveAddon.cs;Data/Scripts/Trades/Apiculture/BeeHiveHelp.cs;Data/Scripts/Trades/Apiculture/beehivehelper.cs;Data/Scripts/Trades/Apiculture/Craft/CandleReligious.cs;Data/Scripts/Trades/Apiculture/Craft/ColorCandleLong.cs;Data/Scripts/Trades/Apiculture/Craft/ColorCandleShort.cs;Data/Scripts/Trades/Apiculture/Craft/JarsOfWax.cs;Data/Scripts/Trades/Apiculture/Craft/PaintCanvas.cs;Data/Scripts/Trades/Apiculture/Craft/WaxPaintings.cs;Data/Scripts/Trades/Apiculture/Craft/WaxSculptors.cs;Data/Scripts/Trades/Apiculture/DefWaxCrafting.cs;Data/Scripts/Trades/Apiculture/Gumps/BeeHiveGumps.cs","18 current source file(s) grouped by current path; first 12 plus every direct Player-command source are listed in SourceFiles. Existing inventory is ownership guidance only.","Medium: progression, materials, queues, and expensive craft decisions can be unclear.","Teach the shared trade loop, required tools, risk or consumption points, and where contextual help appears.","Do not publish rare recipes or hidden resource locations unless the existing system already teaches them.","A new user can start, stop, and safely repeat the shared trade loop using in-game information.","Required: ordinary-player staging placement/accessibility evidence; no world save is present in this checkout.","Boundary census row. Detailed rows carry incorporation work."
"IGDB-0127","IGD-SYS-trades-bulk-orders","P3","Ready","Trades:Bulk Orders","Current source boundary: Trades:Bulk Orders","Incorporate","LibraryReference","Data/Scripts/Trades/Bulk Orders/Books/BOBFilter.cs;Data/Scripts/Trades/Bulk Orders/Books/BOBLargeEntry.cs;Data/Scripts/Trades/Bulk Orders/Books/BOBLargeSubEntry.cs;Data/Scripts/Trades/Bulk Orders/Books/BOBSmallEntry.cs;Data/Scripts/Trades/Bulk Orders/Books/BODType.cs;Data/Scripts/Trades/Bulk Orders/Books/BulkOrderBook.cs;Data/Scripts/Trades/Bulk Orders/Books/Gumps/BOBFilterGump.cs;Data/Scripts/Trades/Bulk Orders/Books/Gumps/BOBGump.cs;Data/Scripts/Trades/Bulk Orders/Books/Gumps/BODBuyGump.cs;Data/Scripts/Trades/Bulk Orders/BulkMaterialType.cs;Data/Scripts/Trades/Bulk Orders/Gumps/LargeBODAcceptGump.cs;Data/Scripts/Trades/Bulk Orders/Gumps/LargeBODGump.cs","25 current source file(s) grouped by current path; first 12 plus every direct Player-command source are listed in SourceFiles. Existing inventory is ownership guidance only.","Medium: progression, materials, queues, and expensive craft decisions can be unclear.","Teach the shared trade loop, required tools, risk or consumption points, and where contextual help appears.","Do not publish rare recipes or hidden resource locations unless the existing system already teaches them.","A new user can start, stop, and safely repeat the shared trade loop using in-game information.","Required: ordinary-player staging placement/accessibility evidence; no world save is present in this checkout.","Boundary census row. Detailed rows carry incorporation work."
"IGDB-0128","IGD-SYS-trades-crafting","P3","Ready","Trades:Crafting","Current source boundary: Trades:Crafting","Incorporate","LibraryReference","Data/Scripts/Trades/Crafting/DefAlchemy.cs;Data/Scripts/Trades/Crafting/DefBlacksmithy.cs;Data/Scripts/Trades/Crafting/DefBowFletching.cs;Data/Scripts/Trades/Crafting/DefCarpentry.cs;Data/Scripts/Trades/Crafting/DefCartography.cs;Data/Scripts/Trades/Crafting/DefCooking.cs;Data/Scripts/Trades/Crafting/DefDruidism.cs;Data/Scripts/Trades/Crafting/DefGlassblowing.cs;Data/Scripts/Trades/Crafting/DefGodCrafting.cs;Data/Scripts/Trades/Crafting/DefInscription.cs;Data/Scripts/Trades/Crafting/DefMasonry.cs;Data/Scripts/Trades/Crafting/DefShelves.cs","17 current source file(s) grouped by current path; first 12 plus every direct Player-command source are listed in SourceFiles. Existing inventory is ownership guidance only.","Medium: progression, materials, queues, and expensive craft decisions can be unclear.","Teach the shared trade loop, required tools, risk or consumption points, and where contextual help appears.","Do not publish rare recipes or hidden resource locations unless the existing system already teaches them.","A new user can start, stop, and safely repeat the shared trade loop using in-game information.","Required: ordinary-player staging placement/accessibility evidence; no world save is present in this checkout.","Boundary census row. Detailed rows carry incorporation work."
"IGDB-0129","IGD-SYS-trades-gardening","P3","Ready","Trades:Gardening","Current source boundary: Trades:Gardening","Incorporate","LibraryReference","Data/Scripts/Trades/Gardening/Gumps/EmptyTheBowlGump.cs;Data/Scripts/Trades/Gardening/Gumps/MainPlantGump.cs;Data/Scripts/Trades/Gardening/Gumps/ReproductionGump.cs;Data/Scripts/Trades/Gardening/Gumps/SetToDecorativeGump.cs;Data/Scripts/Trades/Gardening/MiscItems/FertileDirt.cs;Data/Scripts/Trades/Gardening/MiscItems/GreenThorns.cs;Data/Scripts/Trades/Gardening/MiscItems/OrangePetals.cs;Data/Scripts/Trades/Gardening/MiscItems/RedLeaves.cs;Data/Scripts/Trades/Gardening/Network/DisplayHelpTopic.cs;Data/Scripts/Trades/Gardening/PlantBowl.cs;Data/Scripts/Trades/Gardening/PlantHue.cs;Data/Scripts/Trades/Gardening/PlantItem.cs","18 current source file(s) grouped by current path; first 12 plus every direct Player-command source are listed in SourceFiles. Existing inventory is ownership guidance only.","Medium: progression, materials, queues, and expensive craft decisions can be unclear.","Teach the shared trade loop, required tools, risk or consumption points, and where contextual help appears.","Do not publish rare recipes or hidden resource locations unless the existing system already teaches them.","A new user can start, stop, and safely repeat the shared trade loop using in-game information.","Required: ordinary-player staging placement/accessibility evidence; no world save is present in this checkout.","Boundary census row. Detailed rows carry incorporation work."
"IGDB-0130","IGD-SYS-trades-grave-robbing","P3","Ready","Trades:Grave Robbing","Current source boundary: Trades:Grave Robbing","Incorporate","LibraryReference","Data/Scripts/Trades/Grave Robbing/Bones.cs;Data/Scripts/Trades/Grave Robbing/GraveRobbing.cs;Data/Scripts/Trades/Grave Robbing/GraveShovel.cs","3 current source file(s) grouped by current path; first 12 plus every direct Player-command source are listed in SourceFiles. Existing inventory is ownership guidance only.","Medium: progression, materials, queues, and expensive craft decisions can be unclear.","Teach the shared trade loop, required tools, risk or consumption points, and where contextual help appears.","Do not publish rare recipes or hidden resource locations unless the existing system already teaches them.","A new user can start, stop, and safely repeat the shared trade loop using in-game information.","Required: ordinary-player staging placement/accessibility evidence; no world save is present in this checkout.","Boundary census row. Detailed rows carry incorporation work."
"IGDB-0131","IGD-SYS-trades-guild","P3","Ready","Trades:Guild","Current source boundary: Trades:Guild","Incorporate","LibraryReference","Data/Scripts/Trades/Guild/AttributeHandler.cs;Data/Scripts/Trades/Guild/EnhancementStoneProcess.cs;Data/Scripts/Trades/Guild/GuildCarpentry.cs;Data/Scripts/Trades/Guild/GuildFletching.cs;Data/Scripts/Trades/Guild/GuildHammer.cs;Data/Scripts/Trades/Guild/GuildSewing.cs;Data/Scripts/Trades/Guild/GuildTinkering.cs;Data/Scripts/Trades/Guild/Gumps/EnhancementGump.cs","8 current source file(s) grouped by current path; first 12 plus every direct Player-command source are listed in SourceFiles. Existing inventory is ownership guidance only.","Medium: progression, materials, queues, and expensive craft decisions can be unclear.","Teach the shared trade loop, required tools, risk or consumption points, and where contextual help appears.","Do not publish rare recipes or hidden resource locations unless the existing system already teaches them.","A new user can start, stop, and safely repeat the shared trade loop using in-game information.","Required: ordinary-player staging placement/accessibility evidence; no world save is present in this checkout.","Boundary census row. Detailed rows carry incorporation work."
"IGDB-0132","IGD-SYS-trades-librarian","P3","Ready","Trades:Librarian","Current source boundary: Trades:Librarian","Incorporate","LibraryReference","Data/Scripts/Trades/Librarian/Librarian.cs;Data/Scripts/Trades/Librarian/LibraryScrolls.cs;Data/Scripts/Trades/Librarian/Monocle.cs","3 current source file(s) grouped by current path; first 12 plus every direct Player-command source are listed in SourceFiles. Existing inventory is ownership guidance only.","Medium: progression, materials, queues, and expensive craft decisions can be unclear.","Teach the shared trade loop, required tools, risk or consumption points, and where contextual help appears.","Do not publish rare recipes or hidden resource locations unless the existing system already teaches them.","A new user can start, stop, and safely repeat the shared trade loop using in-game information.","Required: ordinary-player staging placement/accessibility evidence; no world save is present in this checkout.","Boundary census row. Detailed rows carry incorporation work."
"IGDB-0133","IGD-SYS-trades-runics","P3","Ready","Trades:Runics","Current source boundary: Trades:Runics","Incorporate","LibraryReference","Data/Scripts/Trades/Runics/BaseRunicFletcherTools.cs;Data/Scripts/Trades/Runics/BaseRunicHammer.cs;Data/Scripts/Trades/Runics/BaseRunicSaw.cs;Data/Scripts/Trades/Runics/BaseRunicSewingKit.cs;Data/Scripts/Trades/Runics/BaseRunicTinkerTools.cs","5 current source file(s) grouped by current path; first 12 plus every direct Player-command source are listed in SourceFiles. Existing inventory is ownership guidance only.","Medium: progression, materials, queues, and expensive craft decisions can be unclear.","Teach the shared trade loop, required tools, risk or consumption points, and where contextual help appears.","Do not publish rare recipes or hidden resource locations unless the existing system already teaches them.","A new user can start, stop, and safely repeat the shared trade loop using in-game information.","Required: ordinary-player staging placement/accessibility evidence; no world save is present in this checkout.","Boundary census row. Detailed rows carry incorporation work."
"IGDB-0134","IGD-SYS-trades-shoppes","P3","Ready","Trades:Shoppes","Current source boundary: Trades:Shoppes","Incorporate","LibraryReference","Data/Scripts/Trades/Shoppes/AlchemistShoppe.cs;Data/Scripts/Trades/Shoppes/BakerShoppe.cs;Data/Scripts/Trades/Shoppes/BaseShoppe.cs;Data/Scripts/Trades/Shoppes/BlacksmithShoppe.cs;Data/Scripts/Trades/Shoppes/BowyerShoppe.cs;Data/Scripts/Trades/Shoppes/CarpentryShoppe.cs;Data/Scripts/Trades/Shoppes/CartographyShoppe.cs;Data/Scripts/Trades/Shoppes/Customers.cs;Data/Scripts/Trades/Shoppes/HerbalistShoppe.cs;Data/Scripts/Trades/Shoppes/LibrarianShoppe.cs;Data/Scripts/Trades/Shoppes/MerchantCrate.cs;Data/Scripts/Trades/Shoppes/MorticianShoppe.cs","14 current source file(s) grouped by current path; first 12 plus every direct Player-command source are listed in SourceFiles. Existing inventory is ownership guidance only.","Medium: progression, materials, queues, and expensive craft decisions can be unclear.","Teach the shared trade loop, required tools, risk or consumption points, and where contextual help appears.","Do not publish rare recipes or hidden resource locations unless the existing system already teaches them.","A new user can start, stop, and safely repeat the shared trade loop using in-game information.","Required: ordinary-player staging placement/accessibility evidence; no world save is present in this checkout.","Boundary census row. Detailed rows carry incorporation work."
"IGDB-0135","IGD-SYS-trades-stone","P3","Ready","Trades:Stone","Current source boundary: Trades:Stone","Incorporate","LibraryReference","Data/Scripts/Trades/Stone/Assemblies.cs;Data/Scripts/Trades/Stone/BaseStatue.cs;Data/Scripts/Trades/Stone/BaseStatueDeed.cs;Data/Scripts/Trades/Stone/Furniture.cs;Data/Scripts/Trades/Stone/Gravestones.cs;Data/Scripts/Trades/Stone/Statues.cs","6 current source file(s) grouped by current path; first 12 plus every direct Player-command source are listed in SourceFiles. Existing inventory is ownership guidance only.","Medium: progression, materials, queues, and expensive craft decisions can be unclear.","Teach the shared trade loop, required tools, risk or consumption points, and where contextual help appears.","Do not publish rare recipes or hidden resource locations unless the existing system already teaches them.","A new user can start, stop, and safely repeat the shared trade loop using in-game information.","Required: ordinary-player staging placement/accessibility evidence; no world save is present in this checkout.","Boundary census row. Detailed rows carry incorporation work."
"IGDB-0136","IGD-SYS-trades-taxidermy","P3","Ready","Trades:Taxidermy","Current source boundary: Trades:Taxidermy","Incorporate","LibraryReference","Data/Scripts/Trades/Taxidermy/MagicSkulls.cs;Data/Scripts/Trades/Taxidermy/MountedTrophyHead.cs;Data/Scripts/Trades/Taxidermy/MountingBase.cs;Data/Scripts/Trades/Taxidermy/StuffedBear.cs;Data/Scripts/Trades/Taxidermy/StuffingBasket.cs;Data/Scripts/Trades/Taxidermy/TrophyBase.cs","6 current source file(s) grouped by current path; first 12 plus every direct Player-command source are listed in SourceFiles. Existing inventory is ownership guidance only.","Medium: progression, materials, queues, and expensive craft decisions can be unclear.","Teach the shared trade loop, required tools, risk or consumption points, and where contextual help appears.","Do not publish rare recipes or hidden resource locations unless the existing system already teaches them.","A new user can start, stop, and safely repeat the shared trade loop using in-game information.","Required: ordinary-player staging placement/accessibility evidence; no world save is present in this checkout.","Boundary census row. Detailed rows carry incorporation work."
