"Id","RowKind","System","Capability","Audience","ActivationState","PlayerEntryPath","AcquisitionPlacementEvidence","PlayerCommands","SourceFiles","PostBaselineChanges","ExistingInGameSurfaces","Reachability","Coverage","Decision","RecommendedSurface","Priority","PlayerRisk","SourceEvidence","ContentBrief","SpoilerBoundary","AcceptanceTest","ExternalDocs","Notes"
"IGD-SYS-custom-access-level-stone-2-0","SystemBoundary","Custom:Access Level Stone [2.0]","Current source boundary: Custom:Access Level Stone [2.0]","InternalOrStaff","ActiveBySource","No intended direct player entry path, except separately audited shared framework surfaces.","Source-defined capability family; current source does not prove live-world placement.","","Data/Scripts/Custom/Access Level Stone [2.0]/AccessLevelStone.cs","1 post-baseline commit(s); latest examples: fa4f169e 2023-12-22 Automatic Standardizing of Code Formatting","Context-sensitive labels, messages, journals, books, or gumps vary within the family.","RuntimeUnknown","NotApplicable","NoDocumentationNeeded","ContextualFeedback","P4","None for player documentation: internal infrastructure, staff tooling, or framework behavior.","1 current source file(s) grouped by current path; first 12 plus every direct Player-command source are listed in SourceFiles. Existing inventory is ownership guidance only.","Exclude internal implementation and staff controls from player documentation; retain separate rows for any real player-facing capability built on the framework.","Do not enumerate ordinary content variants or reveal locations and solutions.","Confirm each distinct mechanic is represented by a detailed capability or canonical-topic row; sample ordinary variants for self-explanatory feedback.","","Explicit exclusion: staff-only or internal infrastructure."
"IGD-SYS-custom-animalsystem","SystemBoundary","Custom:AnimalSystem","Current source boundary: Custom:AnimalSystem","PlayerOrMixed","ActiveBySource","Varies by item use, speech, movement, combat, crafting, quest, vendor, region, or command.","Source-defined capability family; current source does not prove live-world placement.","","Data/Scripts/Custom/AnimalSystem/ShapeShiftStones/DragonShapeChangeStone-body.cs;Data/Scripts/Custom/AnimalSystem/ShapeShiftStones/FaeryShapeChangeStone.cs;Data/Scripts/Custom/AnimalSystem/ShapeShiftStones/FelinusShapeChangeStone.cs;Data/Scripts/Custom/AnimalSystem/ShapeShiftStones/RatShapeChangeStone.cs;Data/Scripts/Custom/AnimalSystem/ShapeShiftStones/WolvenShapeChangeStone.cs","8 post-baseline commit(s); latest examples: c291eae9 2026-06-09 fix: guard dragon shape gump | d08952f4 2025-08-15 Feat: Add animal transformation stones for testing | e8c14700 2026-06-09 fix: guard felinus shape gumps","Context-sensitive labels, messages, journals, books, or gumps vary within the family.","RuntimeUnknown","Partial","Incorporate","LibraryReference","P3","Medium until the custom system entry path, cost, persistence, and failure modes are checked against an in-game reference.","5 current source file(s) grouped by current path; first 12 plus every direct Player-command source are listed in SourceFiles. Existing inventory is ownership guidance only.","Add or refresh an in-game overview when this custom bucket exposes a distinct player mechanic; otherwise record an explicit exclusion in the detailed review.","Do not enumerate ordinary content variants or reveal locations and solutions.","Verify the detailed row or exclusion for each player-facing custom capability and stage-test its teaching surface.","","Boundary census row. Detailed rows carry incorporation work."
"IGD-SYS-custom-boatnavigationtotem","SystemBoundary","Custom:BoatNavigationTotem","Current source boundary: Custom:BoatNavigationTotem","PlayerOrMixed","ActiveBySource","Varies by item use, speech, movement, combat, crafting, quest, vendor, region, or command.","Source-defined capability family; current source does not prove live-world placement.","bcblack;bctransparent;bcwhite","Data/Scripts/Custom/BoatNavigationTotem/BoatNavigationTotam.cs","1 post-baseline commit(s); latest examples: fa4f169e 2023-12-22 Automatic Standardizing of Code Formatting","Context-sensitive labels, messages, journals, books, or gumps vary within the family.","RuntimeUnknown","Partial","Incorporate","LibraryReference","P3","Medium until the custom system entry path, cost, persistence, and failure modes are checked against an in-game reference.","1 current source file(s) grouped by current path; first 12 plus every direct Player-command source are listed in SourceFiles. Existing inventory is ownership guidance only.","Add or refresh an in-game overview when this custom bucket exposes a distinct player mechanic; otherwise record an explicit exclusion in the detailed review.","Do not enumerate ordinary content variants or reveal locations and solutions.","Verify the detailed row or exclusion for each player-facing custom capability and stage-test its teaching surface.","","Boundary census row. Detailed rows carry incorporation work."
"IGD-SYS-custom-bondinfo","SystemBoundary","Custom:BondInfo","Current source boundary: Custom:BondInfo","PlayerOrMixed","ActiveBySource","Varies by item use, speech, movement, combat, crafting, quest, vendor, region, or command.","Source-defined capability family; current source does not prove live-world placement.","BondInfo","Data/Scripts/Custom/BondInfo/BondInfo.cs","1 post-baseline commit(s); latest examples: fa4f169e 2023-12-22 Automatic Standardizing of Code Formatting","Context-sensitive labels, messages, journals, books, or gumps vary within the family.","RuntimeUnknown","Partial","Incorporate","LibraryReference","P3","Medium until the custom system entry path, cost, persistence, and failure modes are checked against an in-game reference.","1 current source file(s) grouped by current path; first 12 plus every direct Player-command source are listed in SourceFiles. Existing inventory is ownership guidance only.","Add or refresh an in-game overview when this custom bucket exposes a distinct player mechanic; otherwise record an explicit exclusion in the detailed review.","Do not enumerate ordinary content variants or reveal locations and solutions.","Verify the detailed row or exclusion for each player-facing custom capability and stage-test its teaching surface.","","Boundary census row. Detailed rows carry incorporation work."
"IGD-SYS-custom-book-publisher-2-0","SystemBoundary","Custom:Book Publisher [2.0]","Current source boundary: Custom:Book Publisher [2.0]","PlayerOrMixed","ActiveBySource","Varies by item use, speech, movement, combat, crafting, quest, vendor, region, or command.","Source-defined capability family; current source does not prove live-world placement.","","Data/Scripts/Custom/Book Publisher [2.0]/BookBuyInfo.cs;Data/Scripts/Custom/Book Publisher [2.0]/PublishedBook.cs;Data/Scripts/Custom/Book Publisher [2.0]/Publisher.cs;Data/Scripts/Custom/Book Publisher [2.0]/SBPublisher.cs;Data/Scripts/Custom/Book Publisher [2.0]/XmlBook.cs","4 post-baseline commit(s); latest examples: 1bbca80e 2026-06-09 fix: guard publisher speech hook | ae7b15c7 2026-06-28 Revert ""Merge branch 'SAR' into main"" | fa4f169e 2023-12-22 Automatic Standardizing of Code Formatting","Context-sensitive labels, messages, journals, books, or gumps vary within the family.","RuntimeUnknown","Partial","Incorporate","LibraryReference","P3","Medium until the custom system entry path, cost, persistence, and failure modes are checked against an in-game reference.","5 current source file(s) grouped by current path; first 12 plus every direct Player-command source are listed in SourceFiles. Existing inventory is ownership guidance only.","Add or refresh an in-game overview when this custom bucket exposes a distinct player mechanic; otherwise record an explicit exclusion in the detailed review.","Do not enumerate ordinary content variants or reveal locations and solutions.","Verify the detailed row or exclusion for each player-facing custom capability and stage-test its teaching surface.","","Boundary census row. Detailed rows carry incorporation work."
"IGD-SYS-custom-ceo-s-gm-hiding-stone-2-0","SystemBoundary","Custom:CEO's GM Hiding Stone [2.0]","Current source boundary: Custom:CEO's GM Hiding Stone [2.0]","PlayerOrMixed","ActiveBySource","Varies by item use, speech, movement, combat, crafting, quest, vendor, region, or command.","Source-defined capability family; current source does not prove live-world placement.","","Data/Scripts/Custom/CEO's GM Hiding Stone [2.0]/gmhidingstone.cs","1 post-baseline commit(s); latest examples: fa4f169e 2023-12-22 Automatic Standardizing of Code Formatting","Context-sensitive labels, messages, journals, books, or gumps vary within the family.","RuntimeUnknown","Partial","Incorporate","LibraryReference","P3","Medium until the custom system entry path, cost, persistence, and failure modes are checked against an in-game reference.","1 current source file(s) grouped by current path; first 12 plus every direct Player-command source are listed in SourceFiles. Existing inventory is ownership guidance only.","Add or refresh an in-game overview when this custom bucket exposes a distinct player mechanic; otherwise record an explicit exclusion in the detailed review.","Do not enumerate ordinary content variants or reveal locations and solutions.","Verify the detailed row or exclusion for each player-facing custom capability and stage-test its teaching surface.","","Boundary census row. Detailed rows carry incorporation work."
"IGD-SYS-custom-champions","SystemBoundary","Custom:Champions","Current source boundary: Custom:Champions","PlayerOrMixed","ActiveBySource","Varies by item use, speech, movement, combat, crafting, quest, vendor, region, or command.","Source-defined capability family; current source does not prove live-world placement.","","Data/Scripts/Custom/Champions/Items/PlagueBeastBackpack.cs;Data/Scripts/Custom/Champions/Items/PlagueBeastBlood.cs;Data/Scripts/Custom/Champions/Items/PlagueBeastGland.cs;Data/Scripts/Custom/Champions/Items/PlagueBeastHeart.cs;Data/Scripts/Custom/Champions/Items/PlagueBeastInnard.cs;Data/Scripts/Custom/Champions/Items/PlagueBeastMutationCore.cs;Data/Scripts/Custom/Champions/Items/PlagueBeastOrgans.cs;Data/Scripts/Custom/Champions/Items/PlagueBeastVein.cs;Data/Scripts/Custom/Champions/Items/UnholyBone.cs;Data/Scripts/Custom/Champions/Mobiles/Champs-Prisons/Adimarchus.cs;Data/Scripts/Custom/Champions/Mobiles/Champs-Prisons/Bahamut.cs;Data/Scripts/Custom/Champions/Mobiles/Champs-Prisons/Balar.cs","8 post-baseline commit(s); latest examples: bebae2d1 2026-04-15 Reorganized Scripts/Custom/Champions folder | bf961c5e 2026-04-15 refactor: extract ChampionSpawn system from Obsolete | e40f9e55 2026-04-21 fix: preserve champion spawn radius during XMLSpawner setup","Context-sensitive labels, messages, journals, books, or gumps vary within the family.","RuntimeUnknown","IntentionalDiscovery","RefreshExisting","LoreBook","P3","Medium: danger and cleanup behavior should be foreshadowed while locations, rewards, and encounter solutions remain discoveries.","73 current source file(s) grouped by current path; first 12 plus every direct Player-command source are listed in SourceFiles. Existing inventory is ownership guidance only.","Add or refresh an in-game overview when this custom bucket exposes a distinct player mechanic; otherwise record an explicit exclusion in the detailed review.","Teach warning signs, danger, persistence, and clue paths; hide spawn locations, reward tables, and solutions.","Verify the detailed row or exclusion for each player-facing custom capability and stage-test its teaching surface.","","Boundary census row. Detailed rows carry incorporation work."
"IGD-SYS-custom-changeseason","SystemBoundary","Custom:ChangeSeason","Current source boundary: Custom:ChangeSeason","PlayerOrMixed","ActiveBySource","Varies by item use, speech, movement, combat, crafting, quest, vendor, region, or command.","Source-defined capability family; current source does not prove live-world placement.","","Data/Scripts/Custom/ChangeSeason/ChangeSeason.cs","4 post-baseline commit(s); latest examples: 47d5f954 2026-06-14 fix: harden staff command metadata queue | ae7b15c7 2026-06-28 Revert ""Merge branch 'SAR' into main"" | fa4f169e 2023-12-22 Automatic Standardizing of Code Formatting","Context-sensitive labels, messages, journals, books, or gumps vary within the family.","RuntimeUnknown","Partial","Incorporate","LibraryReference","P3","Medium until the custom system entry path, cost, persistence, and failure modes are checked against an in-game reference.","1 current source file(s) grouped by current path; first 12 plus every direct Player-command source are listed in SourceFiles. Existing inventory is ownership guidance only.","Add or refresh an in-game overview when this custom bucket exposes a distinct player mechanic; otherwise record an explicit exclusion in the detailed review.","Do not enumerate ordinary content variants or reveal locations and solutions.","Verify the detailed row or exclusion for each player-facing custom capability and stage-test its teaching surface.","","Boundary census row. Detailed rows carry incorporation work."
"IGD-SYS-custom-character-swap","SystemBoundary","Custom:Character Swap","Current source boundary: Custom:Character Swap","PlayerOrMixed","ActiveBySource","Varies by item use, speech, movement, combat, crafting, quest, vendor, region, or command.","Source-defined capability family; current source does not prove live-world placement.","","Data/Scripts/Custom/Character Swap/CharacterSwap.cs","4 post-baseline commit(s); latest examples: 47d5f954 2026-06-14 fix: harden staff command metadata queue | ae7b15c7 2026-06-28 Revert ""Merge branch 'SAR' into main"" | fa4f169e 2023-12-22 Automatic Standardizing of Code Formatting","Context-sensitive labels, messages, journals, books, or gumps vary within the family.","RuntimeUnknown","Partial","Incorporate","LibraryReference","P3","Medium until the custom system entry path, cost, persistence, and failure modes are checked against an in-game reference.","1 current source file(s) grouped by current path; first 12 plus every direct Player-command source are listed in SourceFiles. Existing inventory is ownership guidance only.","Add or refresh an in-game overview when this custom bucket exposes a distinct player mechanic; otherwise record an explicit exclusion in the detailed review.","Do not enumerate ordinary content variants or reveal locations and solutions.","Verify the detailed row or exclusion for each player-facing custom capability and stage-test its teaching surface.","","Boundary census row. Detailed rows carry incorporation work."
"IGD-SYS-custom-cleardeckcommand","SystemBoundary","Custom:ClearDeckCommand","Current source boundary: Custom:ClearDeckCommand","PlayerOrMixed","ActiveBySource","Varies by item use, speech, movement, combat, crafting, quest, vendor, region, or command.","Source-defined capability family; current source does not prove live-world placement.","ClearDeck","Data/Scripts/Custom/ClearDeckCommand/ClearDeckCommand.cs","4 post-baseline commit(s); latest examples: 3e34e43b 2026-06-08 fix: free clear deck pooled enumerable | ae7b15c7 2026-06-28 Revert ""Merge branch 'SAR' into main"" | fa4f169e 2023-12-22 Automatic Standardizing of Code Formatting","Context-sensitive labels, messages, journals, books, or gumps vary within the family.","RuntimeUnknown","Partial","Incorporate","LibraryReference","P3","Medium until the custom system entry path, cost, persistence, and failure modes are checked against an in-game reference.","1 current source file(s) grouped by current path; first 12 plus every direct Player-command source are listed in SourceFiles. Existing inventory is ownership guidance only.","Add or refresh an in-game overview when this custom bucket exposes a distinct player mechanic; otherwise record an explicit exclusion in the detailed review.","Do not enumerate ordinary content variants or reveal locations and solutions.","Verify the detailed row or exclusion for each player-facing custom capability and stage-test its teaching surface.","","Boundary census row. Detailed rows carry incorporation work."
"IGD-SYS-custom-combat","SystemBoundary","Custom:Combat","Current source boundary: Custom:Combat","PlayerOrMixed","ActiveBySource","Varies by item use, speech, movement, combat, crafting, quest, vendor, region, or command.","Source-defined capability family; current source does not prove live-world placement.","EndTurn;EscapeCombat","Data/Scripts/Custom/Combat/AIOverhaul/AITacticalTargeting.cs;Data/Scripts/Custom/Combat/TurnBased/TurnBasedCombatCommands.cs;Data/Scripts/Custom/Combat/TurnBased/TurnBasedCombatConfiguration.cs;Data/Scripts/Custom/Combat/TurnBased/TurnBasedCombatGump.cs;Data/Scripts/Custom/Combat/TurnBased/TurnBasedCombatManager.cs;Data/Scripts/Custom/Combat/TurnBased/TurnBasedCombatSelfTest.cs","2 post-baseline commit(s); latest examples: 0afb8d25 2026-06-13 refactor: move ai overhaul workspace | 1afd1288 2026-08-09 Merge SAR branch into Live","Context-sensitive labels, messages, journals, books, or gumps vary within the family.","RuntimeUnknown","Partial","Incorporate","LibraryReference","P3","Medium until the custom system entry path, cost, persistence, and failure modes are checked against an in-game reference.","6 current source file(s) grouped by current path; first 12 plus every direct Player-command source are listed in SourceFiles. Existing inventory is ownership guidance only.","Add or refresh an in-game overview when this custom bucket exposes a distinct player mechanic; otherwise record an explicit exclusion in the detailed review.","Do not enumerate ordinary content variants or reveal locations and solutions.","Verify the detailed row or exclusion for each player-facing custom capability and stage-test its teaching surface.","","Boundary census row. Detailed rows carry incorporation work."
"IGD-SYS-custom-government-system","SystemBoundary","Custom:Government System","Current source boundary: Custom:Government System","PlayerOrMixed","ActiveBySource","Varies by item use, speech, movement, combat, crafting, quest, vendor, region, or command.","Source-defined capability family; current source does not prove live-world placement.","GovHelp;MoveBox;MoveVendor","Data/Scripts/Custom/Government System/CityEnums.cs;Data/Scripts/Custom/Government System/CityUpgradeSystem.cs;Data/Scripts/Custom/Government System/Commands/AdminAdd.cs;Data/Scripts/Custom/Government System/Commands/FindCities.cs;Data/Scripts/Custom/Government System/Commands/GovernmentTestingCommand.cs;Data/Scripts/Custom/Government System/Commands/GovHelp.cs;Data/Scripts/Custom/Government System/GovernmentTestingMode.cs;Data/Scripts/Custom/Government System/Gumps/AcceptJoinGump.cs;Data/Scripts/Custom/Government System/Gumps/AdminAddGump.cs;Data/Scripts/Custom/Government System/Gumps/AssistMayorGump.cs;Data/Scripts/Custom/Government System/Gumps/CancelAllegiancesGump.cs;Data/Scripts/Custom/Government System/Gumps/ChangeCitizenTitleGump.cs;Data/Scripts/Custom/Government System/Vendor/CityPlayerVendor.cs","24 post-baseline commit(s); latest examples: eb288fdf 2024-01-09 Work-around Allowing Staff to Replace Improperly Deleted Cities | fa4f169e 2023-12-22 Automatic Standardizing of Code Formatting | fe294cce 2026-06-14 fix: harden runtime hook source queue","Context-sensitive labels, messages, journals, books, or gumps vary within the family.","RuntimeUnknown","Partial","RefreshExisting","SystemHelpGump","P1","High: founding, taxes, elections, authority, treasury, bans, wars, and civic purchases can create persistent loss or obligations.","207 current source file(s) grouped by current path; first 12 plus every direct Player-command source are listed in SourceFiles. Existing inventory is ownership guidance only.","Refresh the government help gump around the current founding, treasury, maintenance, election, authority, ban, war, and disband rules.","Do not enumerate ordinary content variants or reveal locations and solutions.","On staging, exercise every help page from an ordinary player and verify current costs, permissions, persistence, and destructive confirmations.","","Boundary census row. Detailed rows carry incorporation work."
"IGD-SYS-custom-integrations","SystemBoundary","Custom:Integrations","Current source boundary: Custom:Integrations","PlayerOrMixed","ActiveBySource","Varies by item use, speech, movement, combat, crafting, quest, vendor, region, or command.","Source-defined capability family; current source does not prove live-world placement.","","Data/Scripts/Custom/Integrations/Discord/TownCrierDiscord.cs","1 post-baseline commit(s); latest examples: 1afd1288 2026-08-09 Merge SAR branch into Live","Context-sensitive labels, messages, journals, books, or gumps vary within the family.","RuntimeUnknown","Partial","Incorporate","LibraryReference","P3","Medium until the custom system entry path, cost, persistence, and failure modes are checked against an in-game reference.","1 current source file(s) grouped by current path; first 12 plus every direct Player-command source are listed in SourceFiles. Existing inventory is ownership guidance only.","Add or refresh an in-game overview when this custom bucket exposes a distinct player mechanic; otherwise record an explicit exclusion in the detailed review.","Do not enumerate ordinary content variants or reveal locations and solutions.","Verify the detailed row or exclusion for each player-facing custom capability and stage-test its teaching surface.","","Boundary census row. Detailed rows carry incorporation work."
"IGD-SYS-custom-invasion-system","SystemBoundary","Custom:Invasion System","Current source boundary: Custom:Invasion System","PlayerOrMixed","ActiveBySource","Varies by item use, speech, movement, combat, crafting, quest, vendor, region, or command.","Source-defined capability family; current source does not prove live-world placement.","","Data/Scripts/Custom/Invasion System/Add Ins/BaseSpecialCreature.cs;Data/Scripts/Custom/Invasion System/Add Ins/Lord BlackThorn Clone.cs;Data/Scripts/Custom/Invasion System/Add Ins/Metal Assemblies/Assembly Analyzer.cs;Data/Scripts/Custom/Invasion System/Add Ins/Metal Assemblies/Assembly Repair Kit.cs;Data/Scripts/Custom/Invasion System/Add Ins/Metal Assemblies/Assembly Upgrade Kit.cs;Data/Scripts/Custom/Invasion System/Add Ins/Metal Assemblies/ASSEMBLY/BaseAssembly.cs;Data/Scripts/Custom/Invasion System/Add Ins/Metal Assemblies/ASSEMBLY/IronDragon.cs;Data/Scripts/Custom/Invasion System/Add Ins/Metal Assemblies/ASSEMBLY/MechGargoyle.cs;Data/Scripts/Custom/Invasion System/Add Ins/Metal Assemblies/ASSEMBLY/MetalDaemon.cs;Data/Scripts/Custom/Invasion System/Add Ins/Metal Assemblies/ASSEMBLY/Overseer.cs;Data/Scripts/Custom/Invasion System/Add Ins/Metal Assemblies/ASSEMBLY/runicGolem.cs;Data/Scripts/Custom/Invasion System/Add Ins/Metal Assemblies/Bags/IronDragonBag.cs","13 post-baseline commit(s); latest examples: e2aea94a 2024-01-25 Invasion System Refactor | e58cffd8 2026-06-08 fix: free invasion mobile feature enumerables | fe294cce 2026-06-14 fix: harden runtime hook source queue","Context-sensitive labels, messages, journals, books, or gumps vary within the family.","RuntimeUnknown","IntentionalDiscovery","RefreshExisting","LoreBook","P3","Medium: danger and cleanup behavior should be foreshadowed while locations, rewards, and encounter solutions remain discoveries.","100 current source file(s) grouped by current path; first 12 plus every direct Player-command source are listed in SourceFiles. Existing inventory is ownership guidance only.","Add or refresh an in-game overview when this custom bucket exposes a distinct player mechanic; otherwise record an explicit exclusion in the detailed review.","Teach warning signs, danger, persistence, and clue paths; hide spawn locations, reward tables, and solutions.","Verify the detailed row or exclusion for each player-facing custom capability and stage-test its teaching surface.","","Boundary census row. Detailed rows carry incorporation work."
"IGD-SYS-custom-lorebooks","SystemBoundary","Custom:LoreBooks","Current source boundary: Custom:LoreBooks","PlayerOrMixed","ActiveBySource","Varies by item use, speech, movement, combat, crafting, quest, vendor, region, or command.","Source-defined capability family; current source does not prove live-world placement.","","Data/Scripts/Custom/LoreBooks/LoreBookCatalog.cs","1 post-baseline commit(s); latest examples: 5b59e2da 2026-06-20 feat: add dynamic lore book catalog","Context-sensitive labels, messages, journals, books, or gumps vary within the family.","RuntimeUnknown","Partial","Incorporate","LibraryReference","P3","Medium until the custom system entry path, cost, persistence, and failure modes are checked against an in-game reference.","1 current source file(s) grouped by current path; first 12 plus every direct Player-command source are listed in SourceFiles. Existing inventory is ownership guidance only.","Add or refresh an in-game overview when this custom bucket exposes a distinct player mechanic; otherwise record an explicit exclusion in the detailed review.","Do not enumerate ordinary content variants or reveal locations and solutions.","Verify the detailed row or exclusion for each player-facing custom capability and stage-test its teaching surface.","","Boundary census row. Detailed rows carry incorporation work."
"IGD-SYS-custom-lotr-the-one-ring","SystemBoundary","Custom:LOTR - The One Ring","Current source boundary: Custom:LOTR - The One Ring","PlayerOrMixed","ActiveBySource","Varies by item use, speech, movement, combat, crafting, quest, vendor, region, or command.","Source-defined capability family; current source does not prove live-world placement.","","Data/Scripts/Custom/LOTR - The One Ring/RingWraith.cs;Data/Scripts/Custom/LOTR - The One Ring/TheOneRing.cs","1 post-baseline commit(s); latest examples: fa4f169e 2023-12-22 Automatic Standardizing of Code Formatting","Context-sensitive labels, messages, journals, books, or gumps vary within the family.","RuntimeUnknown","Partial","Incorporate","LibraryReference","P3","Medium until the custom system entry path, cost, persistence, and failure modes are checked against an in-game reference.","2 current source file(s) grouped by current path; first 12 plus every direct Player-command source are listed in SourceFiles. Existing inventory is ownership guidance only.","Add or refresh an in-game overview when this custom bucket exposes a distinct player mechanic; otherwise record an explicit exclusion in the detailed review.","Do not enumerate ordinary content variants or reveal locations and solutions.","Verify the detailed row or exclusion for each player-facing custom capability and stage-test its teaching surface.","","Boundary census row. Detailed rows carry incorporation work."
"IGD-SYS-custom-mobiles","SystemBoundary","Custom:Mobiles","Current source boundary: Custom:Mobiles","PlayerOrMixed","ActiveBySource","Varies by item use, speech, movement, combat, crafting, quest, vendor, region, or command.","Source-defined capability family; current source does not prove live-world placement.","","Data/Scripts/Custom/Mobiles/Civilized/GraveRobber.cs;Data/Scripts/Custom/Mobiles/Civilized/Malachi.cs;Data/Scripts/Custom/Mobiles/Civilized/RangerOfTheBritainMilitia.cs;Data/Scripts/Custom/Mobiles/Constructs/CursedAdventurer.cs;Data/Scripts/Custom/Mobiles/Constructs/DiosMonster.cs;Data/Scripts/Custom/Mobiles/Constructs/FinalExodus.cs;Data/Scripts/Custom/Mobiles/Constructs/ManaGolem.cs;Data/Scripts/Custom/Mobiles/Constructs/TombWarden.cs;Data/Scripts/Custom/Mobiles/Cultists/DarkCultist.cs;Data/Scripts/Custom/Mobiles/Cultists/DarkCultistApprentice.cs;Data/Scripts/Custom/Mobiles/Cultists/DarkDragonCultist.cs;Data/Scripts/Custom/Mobiles/Daemons/FallenAngel.cs","31 post-baseline commit(s); latest examples: ed070a6f 2025-09-07 Added The Mad Duke | edd2ebbd 2026-05-09 feat: add Godfrey 2026 premium mobs | fd61bde5 2025-09-07 Added Geode The Earth Spirit","Context-sensitive labels, messages, journals, books, or gumps vary within the family.","RuntimeUnknown","Partial","Incorporate","LibraryReference","P3","Medium until the custom system entry path, cost, persistence, and failure modes are checked against an in-game reference.","101 current source file(s) grouped by current path; first 12 plus every direct Player-command source are listed in SourceFiles. Existing inventory is ownership guidance only.","Add or refresh an in-game overview when this custom bucket exposes a distinct player mechanic; otherwise record an explicit exclusion in the detailed review.","Do not enumerate ordinary content variants or reveal locations and solutions.","Verify the detailed row or exclusion for each player-facing custom capability and stage-test its teaching surface.","","Boundary census row. Detailed rows carry incorporation work."
"IGD-SYS-custom-npc-control","SystemBoundary","Custom:NPC Control","Current source boundary: Custom:NPC Control","PlayerOrMixed","ActiveBySource","Varies by item use, speech, movement, combat, crafting, quest, vendor, region, or command.","Source-defined capability family; current source does not prove live-world placement.","","Data/Scripts/Custom/NPC Control/CloneCommands.cs;Data/Scripts/Custom/NPC Control/StaffCommands/CloneMe.cs;Data/Scripts/Custom/NPC Control/StaffCommands/GmMe.cs;Data/Scripts/Custom/NPC Control/StaffCommands/HearAll.cs;Data/Scripts/Custom/NPC Control/StaffCommands/Refresh.cs;Data/Scripts/Custom/NPC Control/StaffCommands/SayThis.cs","21 post-baseline commit(s); latest examples: ea4172ca 2025-09-14 Update CloneCommands.cs | f00a1e22 2025-09-16 NPC Control and Clone commands issues | fa4f169e 2023-12-22 Automatic Standardizing of Code Formatting","Context-sensitive labels, messages, journals, books, or gumps vary within the family.","RuntimeUnknown","Partial","Incorporate","LibraryReference","P3","Medium until the custom system entry path, cost, persistence, and failure modes are checked against an in-game reference.","6 current source file(s) grouped by current path; first 12 plus every direct Player-command source are listed in SourceFiles. Existing inventory is ownership guidance only.","Add or refresh an in-game overview when this custom bucket exposes a distinct player mechanic; otherwise record an explicit exclusion in the detailed review.","Do not enumerate ordinary content variants or reveal locations and solutions.","Verify the detailed row or exclusion for each player-facing custom capability and stage-test its teaching surface.","","Boundary census row. Detailed rows carry incorporation work."
"IGD-SYS-custom-offline-skill-training","SystemBoundary","Custom:Offline Skill Training","Current source boundary: Custom:Offline Skill Training","PlayerOrMixed","ActiveBySource","Varies by item use, speech, movement, combat, crafting, quest, vendor, region, or command.","Source-defined capability family; current source does not prove live-world placement.","","Data/Scripts/Custom/Offline Skill Training/Items/AdvancedStudyBooks.cs;Data/Scripts/Custom/Offline Skill Training/Items/LegendaryStudyBooks.cs;Data/Scripts/Custom/Offline Skill Training/Items/RandomStudyBooks.cs;Data/Scripts/Custom/Offline Skill Training/Items/StandardStudyBooks.cs;Data/Scripts/Custom/Offline Skill Training/Items/StudyBook.cs;Data/Scripts/Custom/Offline Skill Training/Vendors/SBStudyBookbinder.cs;Data/Scripts/Custom/Offline Skill Training/Vendors/StudyBookbinder.cs","14 post-baseline commit(s); latest examples: b0a6567c 2023-11-16 Update StudyBook.cs | e3857e96 2023-11-01 Update StudyBook.cs | fa4f169e 2023-12-22 Automatic Standardizing of Code Formatting","Context-sensitive labels, messages, journals, books, or gumps vary within the family.","RuntimeUnknown","Missing","Incorporate","Help","P1","High: the system changes persistent progression, property, combat consent, or unattended character behavior.","7 current source file(s) grouped by current path; first 12 plus every direct Player-command source are listed in SourceFiles. Existing inventory is ownership guidance only.","Add or refresh an in-game overview when this custom bucket exposes a distinct player mechanic; otherwise record an explicit exclusion in the detailed review.","Do not enumerate ordinary content variants or reveal locations and solutions.","Verify the detailed row or exclusion for each player-facing custom capability and stage-test its teaching surface.","","Boundary census row. Detailed rows carry incorporation work."
"IGD-SYS-custom-orbremoteserver","SystemBoundary","Custom:OrbRemoteServer","Current source boundary: Custom:OrbRemoteServer","PlayerOrMixed","ActiveBySource","Varies by item use, speech, movement, combat, crafting, quest, vendor, region, or command.","Source-defined capability family; current source does not prove live-world placement.","","Data/Scripts/Custom/OrbRemoteServer/MetalDoors.cs;Data/Scripts/Custom/OrbRemoteServer/OrbServer.cs;Data/Scripts/Custom/OrbRemoteServer/SEDoors.cs;Data/Scripts/Custom/OrbRemoteServer/UOArchitect/BaseOrbToolRequest.cs;Data/Scripts/Custom/OrbRemoteServer/UOArchitect/BoundingBoxEx.cs;Data/Scripts/Custom/OrbRemoteServer/UOArchitect/BuildDesignRequest.cs;Data/Scripts/Custom/OrbRemoteServer/UOArchitect/BuildDesignTarget.cs;Data/Scripts/Custom/OrbRemoteServer/UOArchitect/ClientCommands.cs;Data/Scripts/Custom/OrbRemoteServer/UOArchitect/DeleteItemsCommand.cs;Data/Scripts/Custom/OrbRemoteServer/UOArchitect/ExtractItemsRequest.cs;Data/Scripts/Custom/OrbRemoteServer/UOArchitect/GetLocationRequest.cs;Data/Scripts/Custom/OrbRemoteServer/UOArchitect/MobileSaver.cs","6 post-baseline commit(s); latest examples: ae7b15c7 2026-06-28 Revert ""Merge branch 'SAR' into main"" | b101e80f 2026-03-01 Merged in many test shard changes and brought in line with live shard | ded8a5e9 2026-03-01 Update OrbServer.cs","Context-sensitive labels, messages, journals, books, or gumps vary within the family.","RuntimeUnknown","Partial","Incorporate","LibraryReference","P3","Medium until the custom system entry path, cost, persistence, and failure modes are checked against an in-game reference.","15 current source file(s) grouped by current path; first 12 plus every direct Player-command source are listed in SourceFiles. Existing inventory is ownership guidance only.","Add or refresh an in-game overview when this custom bucket exposes a distinct player mechanic; otherwise record an explicit exclusion in the detailed review.","Do not enumerate ordinary content variants or reveal locations and solutions.","Verify the detailed row or exclusion for each player-facing custom capability and stage-test its teaching surface.","","Boundary census row. Detailed rows carry incorporation work."
"IGD-SYS-custom-pandorasgiftbox","SystemBoundary","Custom:PandorasGiftBox","Current source boundary: Custom:PandorasGiftBox","InternalOrStaff","ActiveBySource","No intended direct player entry path, except separately audited shared framework surfaces.","Source-defined capability family; current source does not prove live-world placement.","","Data/Scripts/Custom/PandorasGiftBox/PandorasGiftBox.cs","4 post-baseline commit(s); latest examples: ae7b15c7 2026-06-28 Revert ""Merge branch 'SAR' into main"" | b22e27d5 2026-06-09 fix: guard pandoras gift hooks | fa4f169e 2023-12-22 Automatic Standardizing of Code Formatting","Context-sensitive labels, messages, journals, books, or gumps vary within the family.","RuntimeUnknown","NotApplicable","NoDocumentationNeeded","ContextualFeedback","P4","None for player documentation: internal infrastructure, staff tooling, or framework behavior.","1 current source file(s) grouped by current path; first 12 plus every direct Player-command source are listed in SourceFiles. Existing inventory is ownership guidance only.","Exclude internal implementation and staff controls from player documentation; retain separate rows for any real player-facing capability built on the framework.","Do not enumerate ordinary content variants or reveal locations and solutions.","Confirm each distinct mechanic is represented by a detailed capability or canonical-topic row; sample ordinary variants for self-explanatory feedback.","","Explicit exclusion: staff-only or internal infrastructure."
"IGD-SYS-custom-player-range-sensitive-mod","SystemBoundary","Custom:Player Range Sensitive Mod","Current source boundary: Custom:Player Range Sensitive Mod","PlayerOrMixed","ActiveBySource","Varies by item use, speech, movement, combat, crafting, quest, vendor, region, or command.","Source-defined capability family; current source does not prove live-world placement.","","Data/Scripts/Custom/Player Range Sensitive Mod/setdeactivation.cs","2 post-baseline commit(s); latest examples: 0d1858e5 2023-11-26 AI Deactivation Delay | fa4f169e 2023-12-22 Automatic Standardizing of Code Formatting","Context-sensitive labels, messages, journals, books, or gumps vary within the family.","RuntimeUnknown","Partial","Incorporate","LibraryReference","P3","Medium until the custom system entry path, cost, persistence, and failure modes are checked against an in-game reference.","1 current source file(s) grouped by current path; first 12 plus every direct Player-command source are listed in SourceFiles. Existing inventory is ownership guidance only.","Add or refresh an in-game overview when this custom bucket exposes a distinct player mechanic; otherwise record an explicit exclusion in the detailed review.","Do not enumerate ordinary content variants or reveal locations and solutions.","Verify the detailed row or exclusion for each player-facing custom capability and stage-test its teaching surface.","","Boundary census row. Detailed rows carry incorporation work."
"IGD-SYS-custom-point-command-2-0","SystemBoundary","Custom:Point Command [2.0]","Current source boundary: Custom:Point Command [2.0]","PlayerOrMixed","ActiveBySource","Varies by item use, speech, movement, combat, crafting, quest, vendor, region, or command.","Source-defined capability family; current source does not prove live-world placement.","Point","Data/Scripts/Custom/Point Command [2.0]/Point.cs","1 post-baseline commit(s); latest examples: fa4f169e 2023-12-22 Automatic Standardizing of Code Formatting","Context-sensitive labels, messages, journals, books, or gumps vary within the family.","RuntimeUnknown","Partial","Incorporate","LibraryReference","P3","Medium until the custom system entry path, cost, persistence, and failure modes are checked against an in-game reference.","1 current source file(s) grouped by current path; first 12 plus every direct Player-command source are listed in SourceFiles. Existing inventory is ownership guidance only.","Add or refresh an in-game overview when this custom bucket exposes a distinct player mechanic; otherwise record an explicit exclusion in the detailed review.","Do not enumerate ordinary content variants or reveal locations and solutions.","Verify the detailed row or exclusion for each player-facing custom capability and stage-test its teaching surface.","","Boundary census row. Detailed rows carry incorporation work."
"IGD-SYS-custom-progression","SystemBoundary","Custom:Progression","Current source boundary: Custom:Progression","PlayerOrMixed","ActiveBySource","Varies by item use, speech, movement, combat, crafting, quest, vendor, region, or command.","Source-defined capability family; current source does not prove live-world placement.","","Data/Scripts/Custom/Progression/CharacterLevel/CharacterLevelCommands.cs;Data/Scripts/Custom/Progression/CharacterLevel/CharacterLevelService.cs","2 post-baseline commit(s); latest examples: 1afd1288 2026-08-09 Merge SAR branch into Live | 623c30d0 2026-06-13 refactor: move character level scripts","Context-sensitive labels, messages, journals, books, or gumps vary within the family.","RuntimeUnknown","Partial","Incorporate","LibraryReference","P1","High: persistent character progression and service commands need an authoritative in-game explanation.","2 current source file(s) grouped by current path; first 12 plus every direct Player-command source are listed in SourceFiles. Existing inventory is ownership guidance only.","Add or refresh an in-game overview when this custom bucket exposes a distinct player mechanic; otherwise record an explicit exclusion in the detailed review.","Do not enumerate ordinary content variants or reveal locations and solutions.","Verify the detailed row or exclusion for each player-facing custom capability and stage-test its teaching surface.","","Boundary census row. Detailed rows carry incorporation work."
"IGD-SYS-custom-pve","SystemBoundary","Custom:PvE","Current source boundary: Custom:PvE","PlayerOrMixed","ActiveBySource","Varies by item use, speech, movement, combat, crafting, quest, vendor, region, or command.","Source-defined capability family; current source does not prove live-world placement.","","Data/Scripts/Custom/PvE/CloneOfflinePlayerCharacters/BackpackClone.cs;Data/Scripts/Custom/PvE/CloneOfflinePlayerCharacters/CharacterClone.cs;Data/Scripts/Custom/PvE/CloneOfflinePlayerCharacters/CheckClonesCommand.cs;Data/Scripts/Custom/PvE/CloneOfflinePlayerCharacters/CloneOfflinePlayerCharacters.cs;Data/Scripts/Custom/PvE/CloneOfflinePlayerCharacters/CloneThings.cs;Data/Scripts/Custom/PvE/CloneOfflinePlayerCharacters/EtherealMountClone.cs;Data/Scripts/Custom/PvE/CloneOfflinePlayerCharacters/MountClone.cs;Data/Scripts/Custom/PvE/MobileBalance/MobileBalanceCatalog.cs;Data/Scripts/Custom/PvE/MobileBalance/MobileBalanceItems.Armor.cs;Data/Scripts/Custom/PvE/MobileBalance/MobileBalanceItems.TalismansAndTrophies.cs;Data/Scripts/Custom/PvE/MobileBalance/MobileBalanceItems.Weapons.cs;Data/Scripts/Custom/PvE/MobileBalance/SignedEquipSkillModController.cs","4 post-baseline commit(s); latest examples: 50163cd6 2026-06-13 refactor: move clone offline workspace | 6f4df4cc 2026-06-13 refactor: move random encounters workspace | 87a2b18b 2026-06-13 refactor: move monster nests workspace","Context-sensitive labels, messages, journals, books, or gumps vary within the family.","RuntimeUnknown","Partial","Incorporate","LibraryReference","P3","Medium until the custom system entry path, cost, persistence, and failure modes are checked against an in-game reference.","29 current source file(s) grouped by current path; first 12 plus every direct Player-command source are listed in SourceFiles. Existing inventory is ownership guidance only.","Add or refresh an in-game overview when this custom bucket exposes a distinct player mechanic; otherwise record an explicit exclusion in the detailed review.","Do not enumerate ordinary content variants or reveal locations and solutions.","Verify the detailed row or exclusion for each player-facing custom capability and stage-test its teaching surface.","","Boundary census row. Detailed rows carry incorporation work."
"IGD-SYS-custom-pvpconsent","SystemBoundary","Custom:PvPConsent","Current source boundary: Custom:PvPConsent","PlayerOrMixed","ActiveBySource","Varies by item use, speech, movement, combat, crafting, quest, vendor, region, or command.","Source-defined capability family; current source does not prove live-world placement.","ChoosePvP","Data/Scripts/Custom/PvPConsent/GoddessOfProtection.cs;Data/Scripts/Custom/PvPConsent/Gumps/PKNONPKGUMP.cs;Data/Scripts/Custom/PvPConsent/NONPKEventMoongate.cs;Data/Scripts/Custom/PvPConsent/NONPKSword.cs;Data/Scripts/Custom/PvPConsent/PKSword.cs","3 post-baseline commit(s); latest examples: b101e80f 2026-03-01 Merged in many test shard changes and brought in line with live shard | e4b11f8d 2025-10-30 Moved GUMPs to their own folders | fa4f169e 2023-12-22 Automatic Standardizing of Code Formatting","Context-sensitive labels, messages, journals, books, or gumps vary within the family.","RuntimeUnknown","Partial","Incorporate","LibraryReference","P3","Medium until the custom system entry path, cost, persistence, and failure modes are checked against an in-game reference.","5 current source file(s) grouped by current path; first 12 plus every direct Player-command source are listed in SourceFiles. Existing inventory is ownership guidance only.","Add or refresh an in-game overview when this custom bucket exposes a distinct player mechanic; otherwise record an explicit exclusion in the detailed review.","Do not enumerate ordinary content variants or reveal locations and solutions.","Verify the detailed row or exclusion for each player-facing custom capability and stage-test its teaching surface.","","Boundary census row. Detailed rows carry incorporation work."
"IGD-SYS-custom-searches","SystemBoundary","Custom:Searches","Current source boundary: Custom:Searches","PlayerOrMixed","ActiveBySource","Varies by item use, speech, movement, combat, crafting, quest, vendor, region, or command.","Source-defined capability family; current source does not prove live-world placement.","search","Data/Scripts/Custom/Searches/BaseEntry.cs;Data/Scripts/Custom/Searches/CircleSearch.cs;Data/Scripts/Custom/Searches/Commands.cs;Data/Scripts/Custom/Searches/Helpers.cs;Data/Scripts/Custom/Searches/LineSearch.cs;Data/Scripts/Custom/Searches/OctantSearch.cs;Data/Scripts/Custom/Searches/Searches.cs;Data/Scripts/Custom/Searches/SpiralSearch.cs;Data/Scripts/Custom/Searches/Types.cs","1 post-baseline commit(s); latest examples: fa4f169e 2023-12-22 Automatic Standardizing of Code Formatting","Context-sensitive labels, messages, journals, books, or gumps vary within the family.","RuntimeUnknown","Partial","Incorporate","LibraryReference","P3","Medium until the custom system entry path, cost, persistence, and failure modes are checked against an in-game reference.","9 current source file(s) grouped by current path; first 12 plus every direct Player-command source are listed in SourceFiles. Existing inventory is ownership guidance only.","Add or refresh an in-game overview when this custom bucket exposes a distinct player mechanic; otherwise record an explicit exclusion in the detailed review.","Do not enumerate ordinary content variants or reveal locations and solutions.","Verify the detailed row or exclusion for each player-facing custom capability and stage-test its teaching surface.","","Boundary census row. Detailed rows carry incorporation work."
"IGD-SYS-custom-skill-stone","SystemBoundary","Custom:Skill Stone","Current source boundary: Custom:Skill Stone","PlayerOrMixed","ActiveBySource","Varies by item use, speech, movement, combat, crafting, quest, vendor, region, or command.","Source-defined capability family; current source does not prove live-world placement.","","Data/Scripts/Custom/Skill Stone/SkillStone.cs","1 post-baseline commit(s); latest examples: fa4f169e 2023-12-22 Automatic Standardizing of Code Formatting","Context-sensitive labels, messages, journals, books, or gumps vary within the family.","RuntimeUnknown","Partial","Incorporate","LibraryReference","P3","Medium until the custom system entry path, cost, persistence, and failure modes are checked against an in-game reference.","1 current source file(s) grouped by current path; first 12 plus every direct Player-command source are listed in SourceFiles. Existing inventory is ownership guidance only.","Add or refresh an in-game overview when this custom bucket exposes a distinct player mechanic; otherwise record an explicit exclusion in the detailed review.","Do not enumerate ordinary content variants or reveal locations and solutions.","Verify the detailed row or exclusion for each player-facing custom capability and stage-test its teaching surface.","","Boundary census row. Detailed rows carry incorporation work."
"IGD-SYS-custom-stafftools","SystemBoundary","Custom:StaffTools","Current source boundary: Custom:StaffTools","InternalOrStaff","ActiveBySource","No intended direct player entry path, except separately audited shared framework surfaces.","Source-defined capability family; current source does not prove live-world placement.","","Data/Scripts/Custom/StaffTools/StaticGumpTool/Side Gumps/AddAnimation.cs;Data/Scripts/Custom/StaffTools/StaticGumpTool/Side Gumps/AddArch.cs;Data/Scripts/Custom/StaffTools/StaticGumpTool/Side Gumps/AddCooking.cs;Data/Scripts/Custom/StaffTools/StaticGumpTool/Side Gumps/AddCustom.cs;Data/Scripts/Custom/StaffTools/StaticGumpTool/Side Gumps/AddDeco.cs;Data/Scripts/Custom/StaffTools/StaticGumpTool/Side Gumps/AddDungeon.cs;Data/Scripts/Custom/StaffTools/StaticGumpTool/Side Gumps/addfence.cs;Data/Scripts/Custom/StaffTools/StaticGumpTool/Side Gumps/addfloor.cs;Data/Scripts/Custom/StaffTools/StaticGumpTool/Side Gumps/AddFurniture.cs;Data/Scripts/Custom/StaffTools/StaticGumpTool/Side Gumps/AddGear.cs;Data/Scripts/Custom/StaffTools/StaticGumpTool/Side Gumps/AddGround.cs;Data/Scripts/Custom/StaffTools/StaticGumpTool/Side Gumps/AddLight.cs","3 post-baseline commit(s); latest examples: 16af7967 2026-06-13 refactor: move static gump tool workspace | 1afd1288 2026-08-09 Merge SAR branch into Live | 47d5f954 2026-06-14 fix: harden staff command metadata queue","Context-sensitive labels, messages, journals, books, or gumps vary within the family.","RuntimeUnknown","NotApplicable","NoDocumentationNeeded","ContextualFeedback","P4","None for player documentation: internal infrastructure, staff tooling, or framework behavior.","21 current source file(s) grouped by current path; first 12 plus every direct Player-command source are listed in SourceFiles. Existing inventory is ownership guidance only.","Exclude internal implementation and staff controls from player documentation; retain separate rows for any real player-facing capability built on the framework.","Do not enumerate ordinary content variants or reveal locations and solutions.","Confirm each distinct mechanic is represented by a detailed capability or canonical-topic row; sample ordinary variants for self-explanatory feedback.","","Explicit exclusion: staff-only or internal infrastructure."
"IGD-SYS-custom-tellafriend","SystemBoundary","Custom:TellAFriend","Current source boundary: Custom:TellAFriend","PlayerOrMixed","ActiveBySource","Varies by item use, speech, movement, combat, crafting, quest, vendor, region, or command.","Source-defined capability family; current source does not prove live-world placement.","taf","Data/Scripts/Custom/TellAFriend/Rewards/StatBall.cs;Data/Scripts/Custom/TellAFriend/TellAFriend.cs","5 post-baseline commit(s); latest examples: 421e5d6f 2023-11-22 Merge TestServer with Main Branch | ae7b15c7 2026-06-28 Revert ""Merge branch 'SAR' into main"" | fa4f169e 2023-12-22 Automatic Standardizing of Code Formatting","Context-sensitive labels, messages, journals, books, or gumps vary within the family.","RuntimeUnknown","Partial","Incorporate","LibraryReference","P3","Medium until the custom system entry path, cost, persistence, and failure modes are checked against an in-game reference.","2 current source file(s) grouped by current path; first 12 plus every direct Player-command source are listed in SourceFiles. Existing inventory is ownership guidance only.","Add or refresh an in-game overview when this custom bucket exposes a distinct player mechanic; otherwise record an explicit exclusion in the detailed review.","Do not enumerate ordinary content variants or reveal locations and solutions.","Verify the detailed row or exclusion for each player-facing custom capability and stage-test its teaching surface.","","Boundary census row. Detailed rows carry incorporation work."
"IGD-SYS-custom-thirdparty","SystemBoundary","Custom:ThirdParty","Current source boundary: Custom:ThirdParty","PlayerOrMixed","ActiveBySource","Varies by item use, speech, movement, combat, crafting, quest, vendor, region, or command.","Source-defined capability family; current source does not prove live-world placement.","","Data/Scripts/Custom/ThirdParty/OmniAI/AITester.cs;Data/Scripts/Custom/ThirdParty/OmniAI/OmniAI Bushido.cs;Data/Scripts/Custom/ThirdParty/OmniAI/OmniAI Core.cs;Data/Scripts/Custom/ThirdParty/OmniAI/OmniAI Knightship.cs;Data/Scripts/Custom/ThirdParty/OmniAI/OmniAI Magery.cs;Data/Scripts/Custom/ThirdParty/OmniAI/OmniAI Necromancy.cs;Data/Scripts/Custom/ThirdParty/OmniAI/OmniAI Ninjitsu.cs;Data/Scripts/Custom/ThirdParty/OmniAI/OmniAI Shared.cs;Data/Scripts/Custom/ThirdParty/Staff Toolbar [2.0]/Toolbar.cs","3 post-baseline commit(s); latest examples: 1afd1288 2026-08-09 Merge SAR branch into Live | 4aae66e9 2026-06-13 refactor: move staff toolbar workspace | c106986e 2026-06-13 refactor: move omniai workspace","Context-sensitive labels, messages, journals, books, or gumps vary within the family.","RuntimeUnknown","Partial","Incorporate","LibraryReference","P3","Medium until the custom system entry path, cost, persistence, and failure modes are checked against an in-game reference.","9 current source file(s) grouped by current path; first 12 plus every direct Player-command source are listed in SourceFiles. Existing inventory is ownership guidance only.","Add or refresh an in-game overview when this custom bucket exposes a distinct player mechanic; otherwise record an explicit exclusion in the detailed review.","Do not enumerate ordinary content variants or reveal locations and solutions.","Verify the detailed row or exclusion for each player-facing custom capability and stage-test its teaching surface.","","Boundary census row. Detailed rows carry incorporation work."
"IGD-SYS-custom-vhaerun-s-crl-homestead-system-2-0","SystemBoundary","Custom:Vhaerun's CRL Homestead System [2.0]","Current source boundary: Custom:Vhaerun's CRL Homestead System [2.0]","PlayerOrMixed","ActiveBySource","Varies by item use, speech, movement, combat, crafting, quest, vendor, region, or command.","Source-defined capability family; current source does not prove live-world placement.","Hunger;Thirst","Data/Scripts/Custom/Vhaerun's CRL Homestead System [2.0]/Dracana's Winecrafting [2.0]/Addons/BottleRackAddon.cs;Data/Scripts/Custom/Vhaerun's CRL Homestead System [2.0]/Dracana's Winecrafting [2.0]/Addons/KegStorageAddon.cs;Data/Scripts/Custom/Vhaerun's CRL Homestead System [2.0]/Dracana's Winecrafting [2.0]/Commands/AddGrapevines.cs;Data/Scripts/Custom/Vhaerun's CRL Homestead System [2.0]/Dracana's Winecrafting [2.0]/Commands/VinePlacement.cs;Data/Scripts/Custom/Vhaerun's CRL Homestead System [2.0]/Dracana's Winecrafting [2.0]/Craft/DefWinecrafting.cs;Data/Scripts/Custom/Vhaerun's CRL Homestead System [2.0]/Dracana's Winecrafting [2.0]/Gumps/AddGrapevineGump.cs;Data/Scripts/Custom/Vhaerun's CRL Homestead System [2.0]/Dracana's Winecrafting [2.0]/Items/Craft Items/Resources/WinecrafterSugar.cs;Data/Scripts/Custom/Vhaerun's CRL Homestead System [2.0]/Dracana's Winecrafting [2.0]/Items/Craft Items/Resources/WinecrafterYeast.cs;Data/Scripts/Custom/Vhaerun's CRL Homestead System [2.0]/Dracana's Winecrafting [2.0]/Items/Craft Items/Resources/WineGrapes.cs;Data/Scripts/Custom/Vhaerun's CRL Homestead System [2.0]/Dracana's Winecrafting [2.0]/Items/Craft Items/Tools/VinyardLabelMaker.cs;Data/Scripts/Custom/Vhaerun's CRL Homestead System [2.0]/Dracana's Winecrafting [2.0]/Items/Craft Items/Tools/WinecraftersTools.cs;Data/Scripts/Custom/Vhaerun's CRL Homestead System [2.0]/Dracana's Winecrafting [2.0]/Items/Craft Items/WineGrapeInfo.cs;Data/Scripts/Custom/Vhaerun's CRL Homestead System [2.0]/Vhaerun's CRL Cooking/Package Systems/HungerGump/HungerGump.cs","7 post-baseline commit(s); latest examples: e4b11f8d 2025-10-30 Moved GUMPs to their own folders | fa4f169e 2023-12-22 Automatic Standardizing of Code Formatting | fe294cce 2026-06-14 fix: harden runtime hook source queue","Context-sensitive labels, messages, journals, books, or gumps vary within the family.","RuntimeUnknown","Missing","Incorporate","Help","P1","High: the system changes persistent progression, property, combat consent, or unattended character behavior.","388 current source file(s) grouped by current path; first 12 plus every direct Player-command source are listed in SourceFiles. Existing inventory is ownership guidance only.","Add or refresh an in-game overview when this custom bucket exposes a distinct player mechanic; otherwise record an explicit exclusion in the detailed review.","Do not enumerate ordinary content variants or reveal locations and solutions.","Verify the detailed row or exclusion for each player-facing custom capability and stage-test its teaching surface.","","Boundary census row. Detailed rows carry incorporation work."
"IGD-SYS-custom-voting","SystemBoundary","Custom:Voting","Current source boundary: Custom:Voting","PlayerOrMixed","ActiveBySource","Varies by item use, speech, movement, combat, crafting, quest, vendor, region, or command.","Source-defined capability family; current source does not prove live-world placement.","Vote","Data/Scripts/Custom/Voting/VoteCommand.cs;Data/Scripts/Custom/Voting/VoteConfig.cs;Data/Scripts/Custom/Voting/VoteEvents.cs;Data/Scripts/Custom/Voting/VoteHelper.cs;Data/Scripts/Custom/Voting/VoteItem.cs;Data/Scripts/Custom/Voting/VoteSite.cs;Data/Scripts/Custom/Voting/VoteStatus.cs;Data/Scripts/Custom/Voting/VoteStone.cs","4 post-baseline commit(s); latest examples: ae7b15c7 2026-06-28 Revert ""Merge branch 'SAR' into main"" | effff3b4 2026-06-09 fix: guard voting commands | fa4f169e 2023-12-22 Automatic Standardizing of Code Formatting","Context-sensitive labels, messages, journals, books, or gumps vary within the family.","RuntimeUnknown","Partial","Incorporate","LibraryReference","P3","Medium until the custom system entry path, cost, persistence, and failure modes are checked against an in-game reference.","8 current source file(s) grouped by current path; first 12 plus every direct Player-command source are listed in SourceFiles. Existing inventory is ownership guidance only.","Add or refresh an in-game overview when this custom bucket exposes a distinct player mechanic; otherwise record an explicit exclusion in the detailed review.","Do not enumerate ordinary content variants or reveal locations and solutions.","Verify the detailed row or exclusion for each player-facing custom capability and stage-test its teaching surface.","","Boundary census row. Detailed rows carry incorporation work."
"IGD-SYS-custom-xmlspawner","SystemBoundary","Custom:XMLSpawner","Current source boundary: Custom:XMLSpawner","PlayerOrMixed","ActiveBySource","No intended direct player entry path, except separately audited shared framework surfaces.","Source-defined capability family; current source does not prove live-world placement.","BroadcastKills;Challenge;CheckPoints;CTFChallenge;DeathBall;Deathmatch;KingOfTheHill;LMSChallenge;PointsLanguage;QuestLog;QuestPoints;QuestRanking;SeeKills;TeamDeathBall;TeamDeathmatch;TeamKotH;TeamLMSChallenge;TopPlayers;WhatIsIt","Data/Scripts/Custom/XMLSpawner/BaseXmlSpawner.cs;Data/Scripts/Custom/XMLSpawner/Gumps/XmlSpawnerGumps.cs;Data/Scripts/Custom/XMLSpawner/ItemFlags.cs;Data/Scripts/Custom/XMLSpawner/PacketHandlerOverrides.cs;Data/Scripts/Custom/XMLSpawner/Wands/BaseWand.cs;Data/Scripts/Custom/XMLSpawner/Wands/ClumsyWand.cs;Data/Scripts/Custom/XMLSpawner/Wands/FeebleWand.cs;Data/Scripts/Custom/XMLSpawner/Wands/FireballWand.cs;Data/Scripts/Custom/XMLSpawner/Wands/GreaterHealWand.cs;Data/Scripts/Custom/XMLSpawner/Wands/HarmWand.cs;Data/Scripts/Custom/XMLSpawner/Wands/HealWand.cs;Data/Scripts/Custom/XMLSpawner/Wands/IDWand.cs;Data/Scripts/Custom/XMLSpawner/XmlAttachments/XmlPoints.cs;Data/Scripts/Custom/XMLSpawner/XmlQuest/XmlQuestLeaders.cs;Data/Scripts/Custom/XMLSpawner/XmlQuest/XmlQuestPoints.cs;Data/Scripts/Custom/XMLSpawner/XmlUtils/WhatIsIt.cs","22 post-baseline commit(s); latest examples: e7d3a100 2026-06-09 fix: guard xmlspawner hooks | fa4f169e 2023-12-22 Automatic Standardizing of Code Formatting | fe294cce 2026-06-14 fix: harden runtime hook source queue","Context-sensitive labels, messages, journals, books, or gumps vary within the family.","RuntimeUnknown","Partial","RefreshExisting","Help","P2","Medium: a direct Player-access command is undiscoverable unless listed or taught at its point of need.","133 current source file(s) grouped by current path; first 12 plus every direct Player-command source are listed in SourceFiles. Existing inventory is ownership guidance only.","Reconcile the Player-access commands in this bucket with the Help command list and system-specific teaching.","Do not enumerate ordinary content variants or reveal locations and solutions.","An ordinary player can discover each command, syntax, prerequisites, and safe outcome entirely in game.","","Boundary row promoted because current source registers Player-access commands."
"IGD-SYS-data-configuration","SystemBoundary","Data:Configuration","Checked-in data boundary: Configuration","PlayerOrMixed","RuntimeUnknown","Reached indirectly through world placement, spawning, decoration, lore acquisition, or configuration-gated behavior.","2 checked-in file(s); no world save is present, so live placement is not asserted.","","Data/TurnBasedCombat/TurnBasedCombat.cfg;Info/settings.xml","Checked against the post-baseline git history; individual live state remains outside the checkout.","World objects, NPCs, books, regions, and contextual messages driven by checked-in data.","RuntimeUnknown","RuntimeUnknown","NeedsRuntimeEvidence","ContextualFeedback","P3","Medium where checked-in data does not establish that the intended teaching surface is live and reachable.","Current checked-in data enumerated directly; XML lore records are parsed and validated.","Confirm source/data references against live staging placement before claiming availability; keep lore catalog entries synchronized with their unlock paths.","Record placement evidence internally without publishing secret locations or solutions in player prose.","Owner stages an ordinary player path to representative placements and records type, map/facet, acquisition, and reachability evidence.","","Data boundary row; checked-in placement is evidence, not proof of a loaded live world."
"IGD-SYS-data-decoration","SystemBoundary","Data:Decoration","Checked-in data boundary: Decoration","PlayerOrMixed","ActiveBySource","Reached indirectly through world placement, spawning, decoration, lore acquisition, or configuration-gated behavior.","48 checked-in file(s); no world save is present, so live placement is not asserted.","","Data/Decoration/Atlantis/Atlantis-01.cfg;Data/Decoration/Atlantis/decorate.cfg;Data/Decoration/IslesOfDread/DarkDragonTemple-Entrence-01.cfg;Data/Decoration/IslesOfDread/decorate.cfg;Data/Decoration/Lodor/CastleBasement-01.cfg;Data/Decoration/Lodor/CastleBasement-Entrence-01.cfg;Data/Decoration/Lodor/decorate.cfg;Data/Decoration/Lodor/ElementalChaos-Entrence-01.cfg;Data/Decoration/Lodor/UndergroundTemple-01.cfg;Data/Decoration/Lodor/WolfgangsCrypt-Entrence-01.cfg;Data/Decoration/Monopoly/IslesOfDread/sky_home.cfg;Data/Decoration/Monopoly/IslesOfDread/teleporters.cfg;Data/Decoration/Monopoly/Lodor/sky_home.cfg;Data/Decoration/Monopoly/Lodor/teleporters.cfg;Data/Decoration/Monopoly/Savage/sky_home.cfg;Data/Decoration/Monopoly/Savage/teleporters.cfg;Data/Decoration/Monopoly/Serpent/sky_home.cfg;Data/Decoration/Monopoly/Serpent/teleporters.cfg;Data/Decoration/Monopoly/Sosaria/sky_home.cfg;Data/Decoration/Monopoly/Sosaria/teleporters.cfg;Data/Decoration/Monopoly/Underworld/doors.cfg;Data/Decoration/Monopoly/Underworld/teleporters.cfg;Data/Decoration/Savage/decorate.cfg;Data/Decoration/Serpent/BuriedRuins-Entrence-01.cfg;Data/Decoration/Serpent/decorate.cfg;Data/Decoration/Sosaria/Atlantis-Entrence-01.cfg;Data/Decoration/Sosaria/BuriedRuins-01.cfg;Data/Decoration/Sosaria/CastleDio-01.cfg;Data/Decoration/Sosaria/CastleDio-Entrence-01.cfg;Data/Decoration/Sosaria/DarkDragonTemple-01.cfg;Data/Decoration/Sosaria/decorate.cfg;Data/Decoration/Sosaria/ElementalChaos-01.cfg;Data/Decoration/Sosaria/ForgottenLibrary-01.cfg;Data/Decoration/Sosaria/ForgottenLibrary-Entrence-01.cfg;Data/Decoration/Sosaria/GoblinCaves-01.cfg;Data/Decoration/Sosaria/GoblinCaves-Entrance-01.cfg;Data/Decoration/Sosaria/LairOfExodus-01.cfg;Data/Decoration/Sosaria/LairOfExodus-Entrence-01.cfg;Data/Decoration/Sosaria/TowerOfRunes-01.cfg;Data/Decoration/Sosaria/TowerOfRunes-Entrence-01.cfg;Data/Decoration/Sosaria/TreeHollow-01.cfg;Data/Decoration/Sosaria/TreeHollow-Entrence-01.cfg;Data/Decoration/Sosaria/UndergroundTemple-Entrence-01.cfg;Data/Decoration/Sosaria/WolfgangsCrypt-01.cfg;Data/Decoration/Underworld/BlackPyramid-01.cfg;Data/Decoration/Underworld/BlackPyramid-Entrence-01.cfg;Data/Decoration/Underworld/BlackPyramid-Entrence-02.cfg;Data/Decoration/Underworld/decorate.cfg","Checked against the post-baseline git history; individual live state remains outside the checkout.","World objects, NPCs, books, regions, and contextual messages driven by checked-in data.","CheckedInPlacement","RuntimeUnknown","NeedsRuntimeEvidence","ContextualFeedback","P3","Medium where checked-in data does not establish that the intended teaching surface is live and reachable.","Current checked-in data enumerated directly; XML lore records are parsed and validated.","Confirm source/data references against live staging placement before claiming availability; keep lore catalog entries synchronized with their unlock paths.","Record placement evidence internally without publishing secret locations or solutions in player prose.","Owner stages an ordinary player path to representative placements and records type, map/facet, acquisition, and reachability evidence.","","Data boundary row; checked-in placement is evidence, not proof of a loaded live world."
"IGD-SYS-data-lorecatalog","SystemBoundary","Data:LoreCatalog","Checked-in data boundary: LoreCatalog","PlayerOrMixed","ActiveBySource","Reached indirectly through world placement, spawning, decoration, lore acquisition, or configuration-gated behavior.","1 checked-in file(s); no world save is present, so live placement is not asserted.","","Data/Scripts/Custom/LoreBooks/LoreBooks.xml","Checked against the post-baseline git history; individual live state remains outside the checkout.","World objects, NPCs, books, regions, and contextual messages driven by checked-in data.","SourceDefined","Complete","KeepAsIs","LoreBook","P4","Medium where checked-in data does not establish that the intended teaching surface is live and reachable.","Current checked-in data enumerated directly; XML lore records are parsed and validated.","Confirm source/data references against live staging placement before claiming availability; keep lore catalog entries synchronized with their unlock paths.","Record placement evidence internally without publishing secret locations or solutions in player prose.","Owner stages an ordinary player path to representative placements and records type, map/facet, acquisition, and reachability evidence.","","Data boundary row; checked-in placement is evidence, not proof of a loaded live world."
"IGD-SYS-data-regionxml","SystemBoundary","Data:RegionXML","Checked-in data boundary: RegionXML","PlayerOrMixed","ActiveBySource","Reached indirectly through world placement, spawning, decoration, lore acquisition, or configuration-gated behavior.","4 checked-in file(s); no world save is present, so live placement is not asserted.","","Data/System/XML/go.xml;Data/System/XML/names.xml;Data/System/XML/objects.xml;Data/System/XML/Regions.xml","Checked against the post-baseline git history; individual live state remains outside the checkout.","World objects, NPCs, books, regions, and contextual messages driven by checked-in data.","SourceDefined","RuntimeUnknown","NeedsRuntimeEvidence","ContextualFeedback","P3","Medium where checked-in data does not establish that the intended teaching surface is live and reachable.","Current checked-in data enumerated directly; XML lore records are parsed and validated.","Confirm source/data references against live staging placement before claiming availability; keep lore catalog entries synchronized with their unlock paths.","Record placement evidence internally without publishing secret locations or solutions in player prose.","Owner stages an ordinary player path to representative placements and records type, map/facet, acquisition, and reachability evidence.","","Data boundary row; checked-in placement is evidence, not proof of a loaded live world."
"IGD-SYS-data-scriptxml","SystemBoundary","Data:ScriptXML","Checked-in data boundary: ScriptXML","PlayerOrMixed","ActiveBySource","Reached indirectly through world placement, spawning, decoration, lore acquisition, or configuration-gated behavior.","86 checked-in file(s); no world save is present, so live placement is not asserted.","","Data/Scripts/Custom/PvE/RandomEncounters/RandomEncounters.xml;Data/Scripts/Custom/XMLSpawner/XmlExtras/SpawnerConfigs/xmlspawner.xml;Data/Scripts/Custom/XMLSpawner/XmlExtras/Spawns/attachtest1.xml;Data/Scripts/Custom/XMLSpawner/XmlExtras/Spawns/attachtest2.xml;Data/Scripts/Custom/XMLSpawner/XmlExtras/Spawns/becomevisible.xml;Data/Scripts/Custom/XMLSpawner/XmlExtras/Spawns/blather.xml;Data/Scripts/Custom/XMLSpawner/XmlExtras/Spawns/blather2.xml;Data/Scripts/Custom/XMLSpawner/XmlExtras/Spawns/blather3.xml;Data/Scripts/Custom/XMLSpawner/XmlExtras/Spawns/blazequest.xml;Data/Scripts/Custom/XMLSpawner/XmlExtras/Spawns/boboquest.xml;Data/Scripts/Custom/XMLSpawner/XmlExtras/Spawns/boulder.xml;Data/Scripts/Custom/XMLSpawner/XmlExtras/Spawns/browser.xml;Data/Scripts/Custom/XMLSpawner/XmlExtras/Spawns/champ.xml;Data/Scripts/Custom/XMLSpawner/XmlExtras/Spawns/champ2.xml;Data/Scripts/Custom/XMLSpawner/XmlExtras/Spawns/champ3.xml;Data/Scripts/Custom/XMLSpawner/XmlExtras/Spawns/champ4.xml;Data/Scripts/Custom/XMLSpawner/XmlExtras/Spawns/changeling.xml;Data/Scripts/Custom/XMLSpawner/XmlExtras/Spawns/chestguardian.xml;Data/Scripts/Custom/XMLSpawner/XmlExtras/Spawns/chestguardian2.xml;Data/Scripts/Custom/XMLSpawner/XmlExtras/Spawns/chestguardian3.xml;Data/Scripts/Custom/XMLSpawner/XmlExtras/Spawns/clearrobes.xml;Data/Scripts/Custom/XMLSpawner/XmlExtras/Spawns/colorme.xml;Data/Scripts/Custom/XMLSpawner/XmlExtras/Spawns/configtest.xml;Data/Scripts/Custom/XMLSpawner/XmlExtras/Spawns/customuse.xml;Data/Scripts/Custom/XMLSpawner/XmlExtras/Spawns/deathaction.xml;Data/Scripts/Custom/XMLSpawner/XmlExtras/Spawns/deathmaze.xml;Data/Scripts/Custom/XMLSpawner/XmlExtras/Spawns/dialog.xml;Data/Scripts/Custom/XMLSpawner/XmlExtras/Spawns/donthurtme.xml;Data/Scripts/Custom/XMLSpawner/XmlExtras/Spawns/doorguardian.xml;Data/Scripts/Custom/XMLSpawner/XmlExtras/Spawns/dracondarquest.xml;Data/Scripts/Custom/XMLSpawner/XmlExtras/Spawns/draugquest.xml;Data/Scripts/Custom/XMLSpawner/XmlExtras/Spawns/egghunt.xml;Data/Scripts/Custom/XMLSpawner/XmlExtras/Spawns/enemymastery.xml;Data/Scripts/Custom/XMLSpawner/XmlExtras/Spawns/equipper.xml;Data/Scripts/Custom/XMLSpawner/XmlExtras/Spawns/fameopen.xml;Data/Scripts/Custom/XMLSpawner/XmlExtras/Spawns/flashyorc.xml;Data/Scripts/Custom/XMLSpawner/XmlExtras/Spawns/foolsgold.xml;Data/Scripts/Custom/XMLSpawner/XmlExtras/Spawns/gangup.xml;Data/Scripts/Custom/XMLSpawner/XmlExtras/Spawns/getonparent.xml;Data/Scripts/Custom/XMLSpawner/XmlExtras/Spawns/giveharold.xml;Data/Scripts/Custom/XMLSpawner/XmlExtras/Spawns/gumpdemo.xml;Data/Scripts/Custom/XMLSpawner/XmlExtras/Spawns/harmonsquest.xml;Data/Scripts/Custom/XMLSpawner/XmlExtras/Spawns/harmonsquest2.xml;Data/Scripts/Custom/XMLSpawner/XmlExtras/Spawns/htmldemo.xml;Data/Scripts/Custom/XMLSpawner/XmlExtras/Spawns/huedset.xml;Data/Scripts/Custom/XMLSpawner/XmlExtras/Spawns/jeweler2.xml;Data/Scripts/Custom/XMLSpawner/XmlExtras/Spawns/katarquest.xml;Data/Scripts/Custom/XMLSpawner/XmlExtras/Spawns/keypad.xml;Data/Scripts/Custom/XMLSpawner/XmlExtras/Spawns/killtask.xml;Data/Scripts/Custom/XMLSpawner/XmlExtras/Spawns/lootpack.xml;Data/Scripts/Custom/XMLSpawner/XmlExtras/Spawns/Malas/DoomRares.xml;Data/Scripts/Custom/XMLSpawner/XmlExtras/Spawns/masterhelper.xml;Data/Scripts/Custom/XMLSpawner/XmlExtras/Spawns/minionstrike.xml;Data/Scripts/Custom/XMLSpawner/XmlExtras/Spawns/moon.xml;Data/Scripts/Custom/XMLSpawner/XmlExtras/Spawns/morph.xml;Data/Scripts/Custom/XMLSpawner/XmlExtras/Spawns/msgspawner.xml;Data/Scripts/Custom/XMLSpawner/XmlExtras/Spawns/nearbyboxes.xml;Data/Scripts/Custom/XMLSpawner/XmlExtras/Spawns/orcpurge.xml;Data/Scripts/Custom/XMLSpawner/XmlExtras/Spawns/pack.xml;Data/Scripts/Custom/XMLSpawner/XmlExtras/Spawns/pickem.xml;Data/Scripts/Custom/XMLSpawner/XmlExtras/Spawns/playersinrange.xml;Data/Scripts/Custom/XMLSpawner/XmlExtras/Spawns/questbook.xml;Data/Scripts/Custom/XMLSpawner/XmlExtras/Spawns/questhighlight.xml;Data/Scripts/Custom/XMLSpawner/XmlExtras/Spawns/questnpc.xml;Data/Scripts/Custom/XMLSpawner/XmlExtras/Spawns/randlist.xml;Data/Scripts/Custom/XMLSpawner/XmlExtras/Spawns/repeatquest.xml;Data/Scripts/Custom/XMLSpawner/XmlExtras/Spawns/rovingband.xml;Data/Scripts/Custom/XMLSpawner/XmlExtras/Spawns/skilltrigger1.xml;Data/Scripts/Custom/XMLSpawner/XmlExtras/Spawns/skilltrigger2.xml;Data/Scripts/Custom/XMLSpawner/XmlExtras/Spawns/skilltrigger3.xml;Data/Scripts/Custom/XMLSpawner/XmlExtras/Spawns/skilltrigger4.xml;Data/Scripts/Custom/XMLSpawner/XmlExtras/Spawns/skilltrigger5.xml;Data/Scripts/Custom/XMLSpawner/XmlExtras/Spawns/spawnerspawner.xml;Data/Scripts/Custom/XMLSpawner/XmlExtras/Spawns/speedkills.xml;Data/Scripts/Custom/XMLSpawner/XmlExtras/Spawns/takearms.xml;Data/Scripts/Custom/XMLSpawner/XmlExtras/Spawns/talkingdrake.xml;Data/Scripts/Custom/XMLSpawner/XmlExtras/Spawns/talkingjeweler.xml;Data/Scripts/Custom/XMLSpawner/XmlExtras/Spawns/tempobject.xml;Data/Scripts/Custom/XMLSpawner/XmlExtras/Spawns/thighmaster.xml;Data/Scripts/Custom/XMLSpawner/XmlExtras/Spawns/timeofday.xml;Data/Scripts/Custom/XMLSpawner/XmlExtras/Spawns/v236.xml;Data/Scripts/Custom/XMLSpawner/XmlExtras/Spawns/waittest.xml;Data/Scripts/Custom/XMLSpawner/XmlExtras/Spawns/waypoint.xml;Data/Scripts/Custom/XMLSpawner/XmlExtras/Spawns/whiletest.xml;Data/Scripts/Custom/XMLSpawner/XmlExtras/Spawns/whosonfirst.xml;Data/Scripts/Custom/XMLSpawner/XmlExtras/xmlquesttoken.xml","Checked against the post-baseline git history; individual live state remains outside the checkout.","World objects, NPCs, books, regions, and contextual messages driven by checked-in data.","SourceDefined","RuntimeUnknown","NeedsRuntimeEvidence","ContextualFeedback","P3","Medium where checked-in data does not establish that the intended teaching surface is live and reachable.","Current checked-in data enumerated directly; XML lore records are parsed and validated.","Confirm source/data references against live staging placement before claiming availability; keep lore catalog entries synchronized with their unlock paths.","Record placement evidence internally without publishing secret locations or solutions in player prose.","Owner stages an ordinary player path to representative placements and records type, map/facet, acquisition, and reachability evidence.","","Data boundary row; checked-in placement is evidence, not proof of a loaded live world."
"IGD-SYS-data-spawnmaps","SystemBoundary","Data:SpawnMaps","Checked-in data boundary: SpawnMaps","PlayerOrMixed","ActiveBySource","Reached indirectly through world placement, spawning, decoration, lore acquisition, or configuration-gated behavior.","8 checked-in file(s); no world save is present, so live placement is not asserted.","","Data/Spawns/animals.map;Data/Spawns/dangers.map;Data/Spawns/land.map;Data/Spawns/pirates.map;Data/Spawns/scary.map;Data/Spawns/spread.map;Data/Spawns/towns.map;Data/Spawns/world.map","Checked against the post-baseline git history; individual live state remains outside the checkout.","World objects, NPCs, books, regions, and contextual messages driven by checked-in data.","CheckedInPlacement","RuntimeUnknown","NeedsRuntimeEvidence","ContextualFeedback","P3","Medium where checked-in data does not establish that the intended teaching surface is live and reachable.","Current checked-in data enumerated directly; XML lore records are parsed and validated.","Confirm source/data references against live staging placement before claiming availability; keep lore catalog entries synchronized with their unlock paths.","Record placement evidence internally without publishing secret locations or solutions in player prose.","Owner stages an ordinary player path to representative placements and records type, map/facet, acquisition, and reachability evidence.","","Data boundary row; checked-in placement is evidence, not proof of a loaded live world."
"IGD-SYS-data-xmlspawn","SystemBoundary","Data:XMLSpawn","Checked-in data boundary: XMLSpawn","PlayerOrMixed","ActiveBySource","Reached indirectly through world placement, spawning, decoration, lore acquisition, or configuration-gated behavior.","1 checked-in file(s); no world save is present, so live placement is not asserted.","","Data/XMLSpawn/nests.xml","Checked against the post-baseline git history; individual live state remains outside the checkout.","World objects, NPCs, books, regions, and contextual messages driven by checked-in data.","CheckedInPlacement","RuntimeUnknown","NeedsRuntimeEvidence","ContextualFeedback","P3","Medium where checked-in data does not establish that the intended teaching surface is live and reachable.","Current checked-in data enumerated directly; XML lore records are parsed and validated.","Confirm source/data references against live staging placement before claiming availability; keep lore catalog entries synchronized with their unlock paths.","Record placement evidence internally without publishing secret locations or solutions in player prose.","Owner stages an ordinary player path to representative placements and records type, map/facet, acquisition, and reachability evidence.","","Data boundary row; checked-in placement is evidence, not proof of a loaded live world."
"IGD-SYS-items-armor","SystemBoundary","Items:Armor","Current source boundary: Items:Armor","Player","ActiveBySource","Varies by item use, speech, movement, combat, crafting, quest, vendor, region, or command.","Source-defined capability family; current source does not prove live-world placement.","","Data/Scripts/Items/Armor/ArmorEnums.cs;Data/Scripts/Items/Armor/BaseArmor.cs;Data/Scripts/Items/Armor/Bone/BoneArmor.cs;Data/Scripts/Items/Armor/Bone/BoneArms.cs;Data/Scripts/Items/Armor/Bone/BoneChest.cs;Data/Scripts/Items/Armor/Bone/BoneGloves.cs;Data/Scripts/Items/Armor/Bone/BoneLegs.cs;Data/Scripts/Items/Armor/Bone/BoneSkirt.cs;Data/Scripts/Items/Armor/Chain/ChainChest.cs;Data/Scripts/Items/Armor/Chain/ChainHatsuburi.cs;Data/Scripts/Items/Armor/Chain/ChainLegs.cs;Data/Scripts/Items/Armor/Chain/ChainSkirt.cs","7 post-baseline commit(s); latest examples: 5d1bf859 2025-10-29 Update HikingBoots.cs | b678631d 2025-09-13 Fix super slow motion when entering regions that don't allow mounts or magical speed boosts. | fa4f169e 2023-12-22 Automatic Standardizing of Code Formatting","Context-sensitive labels, messages, journals, books, or gumps vary within the family.","RuntimeUnknown","IntentionalDiscovery","NoDocumentationNeeded","ContextualFeedback","P4","Low for ordinary item or creature variants governed by a documented shared mechanic.","191 current source file(s) grouped by current path; first 12 plus every direct Player-command source are listed in SourceFiles. Existing inventory is ownership guidance only.","Treat this content family as grouped variants. Document only its unique, costly, persistent, destructive, authority, or undiscoverable interactions separately.","Do not enumerate ordinary content variants or reveal locations and solutions.","Confirm each distinct mechanic is represented by a detailed capability or canonical-topic row; sample ordinary variants for self-explanatory feedback.","","Explicit exclusion for ordinary content variants; unique mechanics are separate rows."
"IGD-SYS-items-boats","SystemBoundary","Items:Boats","Current source boundary: Items:Boats","Player","ActiveBySource","Varies by item use, speech, movement, combat, crafting, quest, vendor, region, or command.","Source-defined capability family; current source does not prove live-world placement.","","Data/Scripts/Items/Boats/BaseBoat.cs;Data/Scripts/Items/Boats/BaseBoatDeed.cs;Data/Scripts/Items/Boats/BaseDockedBoat.cs;Data/Scripts/Items/Boats/BoatBuild.cs;Data/Scripts/Items/Boats/BoatDoor.cs;Data/Scripts/Items/Boats/BoatModel.cs;Data/Scripts/Items/Boats/BoatStain.cs;Data/Scripts/Items/Boats/Cargo.cs;Data/Scripts/Items/Boats/CarpetBuild.cs;Data/Scripts/Items/Boats/DockingLantern.cs;Data/Scripts/Items/Boats/Galleons.cs;Data/Scripts/Items/Boats/GrapplingHook.cs","8 post-baseline commit(s); latest examples: b101e80f 2026-03-01 Merged in many test shard changes and brought in line with live shard | e4b11f8d 2025-10-30 Moved GUMPs to their own folders | fa4f169e 2023-12-22 Automatic Standardizing of Code Formatting","Context-sensitive labels, messages, journals, books, or gumps vary within the family.","RuntimeUnknown","IntentionalDiscovery","NoDocumentationNeeded","ContextualFeedback","P4","Low for ordinary item or creature variants governed by a documented shared mechanic.","29 current source file(s) grouped by current path; first 12 plus every direct Player-command source are listed in SourceFiles. Existing inventory is ownership guidance only.","Treat this content family as grouped variants. Document only its unique, costly, persistent, destructive, authority, or undiscoverable interactions separately.","Do not enumerate ordinary content variants or reveal locations and solutions.","Confirm each distinct mechanic is represented by a detailed capability or canonical-topic row; sample ordinary variants for self-explanatory feedback.","","Explicit exclusion for ordinary content variants; unique mechanics are separate rows."
"IGD-SYS-items-books","SystemBoundary","Items:Books","Current source boundary: Items:Books","Player","ActiveBySource","Varies by item use, speech, movement, combat, crafting, quest, vendor, region, or command.","Source-defined capability family; current source does not prove live-world placement.","","Data/Scripts/Items/Books/AttackBooks.cs;Data/Scripts/Items/Books/BardsTaleNote.cs;Data/Scripts/Items/Books/BaseBook.cs;Data/Scripts/Items/Books/BlueBook.cs;Data/Scripts/Items/Books/BookContent.cs;Data/Scripts/Items/Books/BrownBook.cs;Data/Scripts/Items/Books/BulletinBoards/AdminBoard.cs;Data/Scripts/Items/Books/BulletinBoards/AssassinNote.cs;Data/Scripts/Items/Books/BulletinBoards/GuardNote.cs;Data/Scripts/Items/Books/BulletinBoards/GuildBoard.cs;Data/Scripts/Items/Books/BulletinBoards/Gumps/BoardGump.cs;Data/Scripts/Items/Books/BulletinBoards/PatchBoard.cs","10 post-baseline commit(s); latest examples: e4b11f8d 2025-10-30 Moved GUMPs to their own folders | fa4f169e 2023-12-22 Automatic Standardizing of Code Formatting | fe294cce 2026-06-14 fix: harden runtime hook source queue","Context-sensitive labels, messages, journals, books, or gumps vary within the family.","RuntimeUnknown","IntentionalDiscovery","NoDocumentationNeeded","ContextualFeedback","P4","Low for ordinary item or creature variants governed by a documented shared mechanic.","40 current source file(s) grouped by current path; first 12 plus every direct Player-command source are listed in SourceFiles. Existing inventory is ownership guidance only.","Treat this content family as grouped variants. Document only its unique, costly, persistent, destructive, authority, or undiscoverable interactions separately.","Do not enumerate ordinary content variants or reveal locations and solutions.","Confirm each distinct mechanic is represented by a detailed capability or canonical-topic row; sample ordinary variants for self-explanatory feedback.","","Explicit exclusion for ordinary content variants; unique mechanics are separate rows."
"IGD-SYS-items-carpets","SystemBoundary","Items:Carpets","Current source boundary: Items:Carpets","Player","ActiveBySource","Varies by item use, speech, movement, combat, crafting, quest, vendor, region, or command.","Source-defined capability family; current source does not prove live-world placement.","","Data/Scripts/Items/Carpets/MagicCarpetA.cs;Data/Scripts/Items/Carpets/MagicCarpetB.cs;Data/Scripts/Items/Carpets/MagicCarpetC.cs;Data/Scripts/Items/Carpets/MagicCarpetD.cs;Data/Scripts/Items/Carpets/MagicCarpetE.cs;Data/Scripts/Items/Carpets/MagicCarpetF.cs;Data/Scripts/Items/Carpets/MagicCarpetG.cs;Data/Scripts/Items/Carpets/MagicCarpetH.cs;Data/Scripts/Items/Carpets/MagicCarpetI.cs","No post-baseline change found in current files for this bucket.","Context-sensitive labels, messages, journals, books, or gumps vary within the family.","RuntimeUnknown","IntentionalDiscovery","NoDocumentationNeeded","ContextualFeedback","P4","Low for ordinary item or creature variants governed by a documented shared mechanic.","9 current source file(s) grouped by current path; first 12 plus every direct Player-command source are listed in SourceFiles. Existing inventory is ownership guidance only.","Treat this content family as grouped variants. Document only its unique, costly, persistent, destructive, authority, or undiscoverable interactions separately.","Do not enumerate ordinary content variants or reveal locations and solutions.","Confirm each distinct mechanic is represented by a detailed capability or canonical-topic row; sample ordinary variants for self-explanatory feedback.","","Explicit exclusion for ordinary content variants; unique mechanics are separate rows."
"IGD-SYS-items-clothing","SystemBoundary","Items:Clothing","Current source boundary: Items:Clothing","Player","ActiveBySource","Varies by item use, speech, movement, combat, crafting, quest, vendor, region, or command.","Source-defined capability family; current source does not prove live-world placement.","","Data/Scripts/Items/Clothing/BaseClothing.cs;Data/Scripts/Items/Clothing/Cloaks.cs;Data/Scripts/Items/Clothing/Hats.cs;Data/Scripts/Items/Clothing/LoinCloth.cs;Data/Scripts/Items/Clothing/MiddleTorso.cs;Data/Scripts/Items/Clothing/OuterLegs.cs;Data/Scripts/Items/Clothing/OuterTorso.cs;Data/Scripts/Items/Clothing/Pants.cs;Data/Scripts/Items/Clothing/ReaperHoods.cs;Data/Scripts/Items/Clothing/Robes.cs;Data/Scripts/Items/Clothing/RoyalCloak.cs;Data/Scripts/Items/Clothing/Shirts.cs","3 post-baseline commit(s); latest examples: 1afd1288 2026-08-09 Merge SAR branch into Live | baca779a 2023-11-15 Swapped Royal Shirt and Royal Coat Layers | fa4f169e 2023-12-22 Automatic Standardizing of Code Formatting","Context-sensitive labels, messages, journals, books, or gumps vary within the family.","RuntimeUnknown","IntentionalDiscovery","NoDocumentationNeeded","ContextualFeedback","P4","Low for ordinary item or creature variants governed by a documented shared mechanic.","23 current source file(s) grouped by current path; first 12 plus every direct Player-command source are listed in SourceFiles. Existing inventory is ownership guidance only.","Treat this content family as grouped variants. Document only its unique, costly, persistent, destructive, authority, or undiscoverable interactions separately.","Do not enumerate ordinary content variants or reveal locations and solutions.","Confirm each distinct mechanic is represented by a detailed capability or canonical-topic row; sample ordinary variants for self-explanatory feedback.","","Explicit exclusion for ordinary content variants; unique mechanics are separate rows."
"IGD-SYS-items-construction","SystemBoundary","Items:Construction","Current source boundary: Items:Construction","Player","ActiveBySource","Varies by item use, speech, movement, combat, crafting, quest, vendor, region, or command.","Source-defined capability family; current source does not prove live-world placement.","","Data/Scripts/Items/Construction/Addons/AbbatoirAddon.cs;Data/Scripts/Items/Construction/Addons/AddonComponent.cs;Data/Scripts/Items/Construction/Addons/AddonContainerComponent.cs;Data/Scripts/Items/Construction/Addons/AlchemistTableEastAddon.cs;Data/Scripts/Items/Construction/Addons/AlchemistTableSouthAddon.cs;Data/Scripts/Items/Construction/Addons/AnvilEastAddon.cs;Data/Scripts/Items/Construction/Addons/AnvilSouthAddon.cs;Data/Scripts/Items/Construction/Addons/ArcaneBookshelfEastAddon.cs;Data/Scripts/Items/Construction/Addons/ArcaneBookshelfSouthAddon.cs;Data/Scripts/Items/Construction/Addons/ArcaneCircleAddon.cs;Data/Scripts/Items/Construction/Addons/ArcanistStatueEastAddon.cs;Data/Scripts/Items/Construction/Addons/ArcanistStatueSouthAddon.cs","5 post-baseline commit(s); latest examples: 365c4a54 2024-03-18 TestServer Merged into Main | 421e5d6f 2023-11-22 Merge TestServer with Main Branch | fa4f169e 2023-12-22 Automatic Standardizing of Code Formatting","Context-sensitive labels, messages, journals, books, or gumps vary within the family.","RuntimeUnknown","IntentionalDiscovery","NoDocumentationNeeded","ContextualFeedback","P4","Low for ordinary item or creature variants governed by a documented shared mechanic.","178 current source file(s) grouped by current path; first 12 plus every direct Player-command source are listed in SourceFiles. Existing inventory is ownership guidance only.","Treat this content family as grouped variants. Document only its unique, costly, persistent, destructive, authority, or undiscoverable interactions separately.","Do not enumerate ordinary content variants or reveal locations and solutions.","Confirm each distinct mechanic is represented by a detailed capability or canonical-topic row; sample ordinary variants for self-explanatory feedback.","","Explicit exclusion for ordinary content variants; unique mechanics are separate rows."
"IGD-SYS-items-containers","SystemBoundary","Items:Containers","Current source boundary: Items:Containers","Player","ActiveBySource","Varies by item use, speech, movement, combat, crafting, quest, vendor, region, or command.","Source-defined capability family; current source does not prove live-world placement.","","Data/Scripts/Items/Containers/AlchemistPouch.cs;Data/Scripts/Items/Containers/AlchemyPouch.cs;Data/Scripts/Items/Containers/AnimalCages.cs;Data/Scripts/Items/Containers/BagOfHolding.cs;Data/Scripts/Items/Containers/BankChest.cs;Data/Scripts/Items/Containers/BaseTreasureChest.cs;Data/Scripts/Items/Containers/BoneContainer.cs;Data/Scripts/Items/Containers/BuriedBody.cs;Data/Scripts/Items/Containers/BuriedChest.cs;Data/Scripts/Items/Containers/Container.cs;Data/Scripts/Items/Containers/ContainerFunctions.cs;Data/Scripts/Items/Containers/CorpseChest.cs","11 post-baseline commit(s); latest examples: f12f4747 2026-06-25 fix: guard MagicSkeltonsKey interactions | fa4f169e 2023-12-22 Automatic Standardizing of Code Formatting | fe294cce 2026-06-14 fix: harden runtime hook source queue","Context-sensitive labels, messages, journals, books, or gumps vary within the family.","RuntimeUnknown","IntentionalDiscovery","NoDocumentationNeeded","ContextualFeedback","P4","Low for ordinary item or creature variants governed by a documented shared mechanic.","52 current source file(s) grouped by current path; first 12 plus every direct Player-command source are listed in SourceFiles. Existing inventory is ownership guidance only.","Treat this content family as grouped variants. Document only its unique, costly, persistent, destructive, authority, or undiscoverable interactions separately.","Do not enumerate ordinary content variants or reveal locations and solutions.","Confirm each distinct mechanic is represented by a detailed capability or canonical-topic row; sample ordinary variants for self-explanatory feedback.","","Explicit exclusion for ordinary content variants; unique mechanics are separate rows."
"IGD-SYS-items-decorations","SystemBoundary","Items:Decorations","Current source boundary: Items:Decorations","Player","ActiveBySource","Varies by item use, speech, movement, combat, crafting, quest, vendor, region, or command.","Source-defined capability family; current source does not prove live-world placement.","","Data/Scripts/Items/Decorations/Artifacts/BaseDecorationArtifact.cs;Data/Scripts/Items/Decorations/Artifacts/Decorative/ArtifactLargeVase.cs;Data/Scripts/Items/Decorations/Artifacts/Decorative/ArtifactVase.cs;Data/Scripts/Items/Decorations/Artifacts/Decorative/DemonSkull.cs;Data/Scripts/Items/Decorations/Artifacts/Decorative/DirtPatch.cs;Data/Scripts/Items/Decorations/Artifacts/Decorative/EvilIdolSkull.cs;Data/Scripts/Items/Decorations/Artifacts/Decorative/Futon.cs;Data/Scripts/Items/Decorations/Artifacts/Decorative/LavaTile.cs;Data/Scripts/Items/Decorations/Artifacts/Decorative/Pier.cs;Data/Scripts/Items/Decorations/Artifacts/Decorative/SkullPole.cs;Data/Scripts/Items/Decorations/Artifacts/Decorative/SwampTile.cs;Data/Scripts/Items/Decorations/Artifacts/Decorative/TatteredAncientMummyWrapping.cs","7 post-baseline commit(s); latest examples: ae7b15c7 2026-06-28 Revert ""Merge branch 'SAR' into main"" | e5e15c6f 2026-06-25 fix: guard DecoStatueDeed interactions | fa4f169e 2023-12-22 Automatic Standardizing of Code Formatting","Context-sensitive labels, messages, journals, books, or gumps vary within the family.","RuntimeUnknown","IntentionalDiscovery","NoDocumentationNeeded","ContextualFeedback","P4","Low for ordinary item or creature variants governed by a documented shared mechanic.","25 current source file(s) grouped by current path; first 12 plus every direct Player-command source are listed in SourceFiles. Existing inventory is ownership guidance only.","Treat this content family as grouped variants. Document only its unique, costly, persistent, destructive, authority, or undiscoverable interactions separately.","Do not enumerate ordinary content variants or reveal locations and solutions.","Confirm each distinct mechanic is represented by a detailed capability or canonical-topic row; sample ordinary variants for self-explanatory feedback.","","Explicit exclusion for ordinary content variants; unique mechanics are separate rows."
"IGD-SYS-items-deeds","SystemBoundary","Items:Deeds","Current source boundary: Items:Deeds","Player","ActiveBySource","Varies by item use, speech, movement, combat, crafting, quest, vendor, region, or command.","Source-defined capability family; current source does not prove live-world placement.","","Data/Scripts/Items/Deeds/BarkeepContract.cs;Data/Scripts/Items/Deeds/ClothingBlessDeed.cs;Data/Scripts/Items/Deeds/CommodityDeed.cs;Data/Scripts/Items/Deeds/DragonBardingDeed.cs;Data/Scripts/Items/Deeds/HairRestylingDeed.cs;Data/Scripts/Items/Deeds/NameChangeDeed.cs;Data/Scripts/Items/Deeds/NewPlayerTicket.cs;Data/Scripts/Items/Deeds/VendorRentalContract.cs","2 post-baseline commit(s); latest examples: 1afd1288 2026-08-09 Merge SAR branch into Live | fa4f169e 2023-12-22 Automatic Standardizing of Code Formatting","Context-sensitive labels, messages, journals, books, or gumps vary within the family.","RuntimeUnknown","IntentionalDiscovery","NoDocumentationNeeded","ContextualFeedback","P4","Low for ordinary item or creature variants governed by a documented shared mechanic.","8 current source file(s) grouped by current path; first 12 plus every direct Player-command source are listed in SourceFiles. Existing inventory is ownership guidance only.","Treat this content family as grouped variants. Document only its unique, costly, persistent, destructive, authority, or undiscoverable interactions separately.","Do not enumerate ordinary content variants or reveal locations and solutions.","Confirm each distinct mechanic is represented by a detailed capability or canonical-topic row; sample ordinary variants for self-explanatory feedback.","","Explicit exclusion for ordinary content variants; unique mechanics are separate rows."
"IGD-SYS-items-doors","SystemBoundary","Items:Doors","Current source boundary: Items:Doors","Player","ActiveBySource","Varies by item use, speech, movement, combat, crafting, quest, vendor, region, or command.","Source-defined capability family; current source does not prove live-world placement.","","Data/Scripts/Items/Doors/ArgentrockTeleporter.cs;Data/Scripts/Items/Doors/BaseDoor.cs;Data/Scripts/Items/Doors/BasementDoor.cs;Data/Scripts/Items/Doors/BasementDoorway.cs;Data/Scripts/Items/Doors/DoorBounce.cs;Data/Scripts/Items/Doors/DoorOpener.cs;Data/Scripts/Items/Doors/DoorRavendark.cs;Data/Scripts/Items/Doors/Doors.cs;Data/Scripts/Items/Doors/DoorStuck.cs;Data/Scripts/Items/Doors/DoorSwitch.cs;Data/Scripts/Items/Doors/DoorTeleporter.cs;Data/Scripts/Items/Doors/GateMoon.cs","7 post-baseline commit(s); latest examples: ae7b15c7 2026-06-28 Revert ""Merge branch 'SAR' into main"" | fa4f169e 2023-12-22 Automatic Standardizing of Code Formatting | fe294cce 2026-06-14 fix: harden runtime hook source queue","Context-sensitive labels, messages, journals, books, or gumps vary within the family.","RuntimeUnknown","IntentionalDiscovery","NoDocumentationNeeded","ContextualFeedback","P4","Low for ordinary item or creature variants governed by a documented shared mechanic.","28 current source file(s) grouped by current path; first 12 plus every direct Player-command source are listed in SourceFiles. Existing inventory is ownership guidance only.","Treat this content family as grouped variants. Document only its unique, costly, persistent, destructive, authority, or undiscoverable interactions separately.","Do not enumerate ordinary content variants or reveal locations and solutions.","Confirm each distinct mechanic is represented by a detailed capability or canonical-topic row; sample ordinary variants for self-explanatory feedback.","","Explicit exclusion for ordinary content variants; unique mechanics are separate rows."
"IGD-SYS-items-explorers","SystemBoundary","Items:Explorers","Current source boundary: Items:Explorers","Player","ActiveBySource","Varies by item use, speech, movement, combat, crafting, quest, vendor, region, or command.","Source-defined capability family; current source does not prove live-world placement.","","Data/Scripts/Items/Explorers/ArrowsAndBolts.cs;Data/Scripts/Items/Explorers/Bedroll.cs;Data/Scripts/Items/Explorers/BedrolledOut.cs;Data/Scripts/Items/Explorers/CamperTent.cs;Data/Scripts/Items/Explorers/Campfire.cs;Data/Scripts/Items/Explorers/Kindling.cs;Data/Scripts/Items/Explorers/SmallTent.cs;Data/Scripts/Items/Explorers/StableStone.cs","5 post-baseline commit(s); latest examples: 7a0be3e4 2024-03-19 Update CamperTent.cs | ae7b15c7 2026-06-28 Revert ""Merge branch 'SAR' into main"" | fa4f169e 2023-12-22 Automatic Standardizing of Code Formatting","Context-sensitive labels, messages, journals, books, or gumps vary within the family.","RuntimeUnknown","IntentionalDiscovery","NoDocumentationNeeded","ContextualFeedback","P4","Low for ordinary item or creature variants governed by a documented shared mechanic.","8 current source file(s) grouped by current path; first 12 plus every direct Player-command source are listed in SourceFiles. Existing inventory is ownership guidance only.","Treat this content family as grouped variants. Document only its unique, costly, persistent, destructive, authority, or undiscoverable interactions separately.","Do not enumerate ordinary content variants or reveal locations and solutions.","Confirm each distinct mechanic is represented by a detailed capability or canonical-topic row; sample ordinary variants for self-explanatory feedback.","","Explicit exclusion for ordinary content variants; unique mechanics are separate rows."
"IGD-SYS-items-farming","SystemBoundary","Items:Farming","Current source boundary: Items:Farming","Player","ActiveBySource","Varies by item use, speech, movement, combat, crafting, quest, vendor, region, or command.","Source-defined capability family; current source does not prove live-world placement.","","Data/Scripts/Items/Farming/FarmableCabbage.cs;Data/Scripts/Items/Farming/FarmableCarrot.cs;Data/Scripts/Items/Farming/FarmableCorn.cs;Data/Scripts/Items/Farming/FarmableCotton.cs;Data/Scripts/Items/Farming/FarmableCrop.cs;Data/Scripts/Items/Farming/FarmableFlax.cs;Data/Scripts/Items/Farming/FarmableLettuce.cs;Data/Scripts/Items/Farming/FarmableOnion.cs;Data/Scripts/Items/Farming/FarmablePumpkin.cs;Data/Scripts/Items/Farming/FarmableTomato.cs;Data/Scripts/Items/Farming/FarmableTurnip.cs;Data/Scripts/Items/Farming/FarmableWatermelon.cs","1 post-baseline commit(s); latest examples: fa4f169e 2023-12-22 Automatic Standardizing of Code Formatting","Context-sensitive labels, messages, journals, books, or gumps vary within the family.","RuntimeUnknown","IntentionalDiscovery","NoDocumentationNeeded","ContextualFeedback","P4","Low for ordinary item or creature variants governed by a documented shared mechanic.","13 current source file(s) grouped by current path; first 12 plus every direct Player-command source are listed in SourceFiles. Existing inventory is ownership guidance only.","Treat this content family as grouped variants. Document only its unique, costly, persistent, destructive, authority, or undiscoverable interactions separately.","Do not enumerate ordinary content variants or reveal locations and solutions.","Confirm each distinct mechanic is represented by a detailed capability or canonical-topic row; sample ordinary variants for self-explanatory feedback.","","Explicit exclusion for ordinary content variants; unique mechanics are separate rows."
"IGD-SYS-items-food","SystemBoundary","Items:Food","Current source boundary: Items:Food","PlayerOrMixed","ActiveBySource","Varies by item use, speech, movement, combat, crafting, quest, vendor, region, or command.","Source-defined capability family; current source does not prove live-world placement.","mhgr;myhunger","Data/Scripts/Items/Food/Asian.cs;Data/Scripts/Items/Food/BakedBread.cs;Data/Scripts/Items/Food/Beverage.cs;Data/Scripts/Items/Food/BeverageEmpty.cs;Data/Scripts/Items/Food/BloodDrink.cs;Data/Scripts/Items/Food/Bowls.cs;Data/Scripts/Items/Food/CookableFood.cs;Data/Scripts/Items/Food/Cooking.cs;Data/Scripts/Items/Food/Food.cs;Data/Scripts/Items/Food/FreshBrain.cs;Data/Scripts/Items/Food/HitsDecay.cs;Data/Scripts/Items/Food/Hunger.cs","6 post-baseline commit(s); latest examples: 39c40884 2024-03-27 Update CookableFood.cs | ae7b15c7 2026-06-28 Revert ""Merge branch 'SAR' into main"" | fa4f169e 2023-12-22 Automatic Standardizing of Code Formatting","Context-sensitive labels, messages, journals, books, or gumps vary within the family.","RuntimeUnknown","Partial","RefreshExisting","Help","P2","Medium: a direct Player-access command is undiscoverable unless listed or taught at its point of need.","18 current source file(s) grouped by current path; first 12 plus every direct Player-command source are listed in SourceFiles. Existing inventory is ownership guidance only.","Reconcile the Player-access commands in this bucket with the Help command list and system-specific teaching.","Do not enumerate ordinary content variants or reveal locations and solutions.","An ordinary player can discover each command, syntax, prerequisites, and safe outcome entirely in game.","","Boundary row promoted because current source registers Player-access commands."
"IGD-SYS-items-gems","SystemBoundary","Items:Gems","Current source boundary: Items:Gems","Player","ActiveBySource","Varies by item use, speech, movement, combat, crafting, quest, vendor, region, or command.","Source-defined capability family; current source does not prove live-world placement.","","Data/Scripts/Items/Gems/Amber.cs;Data/Scripts/Items/Gems/Amethyst.cs;Data/Scripts/Items/Gems/Citrine.cs;Data/Scripts/Items/Gems/Crystals.cs;Data/Scripts/Items/Gems/Diamond.cs;Data/Scripts/Items/Gems/Emerald.cs;Data/Scripts/Items/Gems/LargeCrystal.cs;Data/Scripts/Items/Gems/MysticalPearl.cs;Data/Scripts/Items/Gems/Ruby.cs;Data/Scripts/Items/Gems/Sapphire.cs;Data/Scripts/Items/Gems/StarSapphire.cs;Data/Scripts/Items/Gems/Tourmaline.cs","2 post-baseline commit(s); latest examples: 1afd1288 2026-08-09 Merge SAR branch into Live | fa4f169e 2023-12-22 Automatic Standardizing of Code Formatting","Context-sensitive labels, messages, journals, books, or gumps vary within the family.","RuntimeUnknown","IntentionalDiscovery","NoDocumentationNeeded","ContextualFeedback","P4","Low for ordinary item or creature variants governed by a documented shared mechanic.","12 current source file(s) grouped by current path; first 12 plus every direct Player-command source are listed in SourceFiles. Existing inventory is ownership guidance only.","Treat this content family as grouped variants. Document only its unique, costly, persistent, destructive, authority, or undiscoverable interactions separately.","Do not enumerate ordinary content variants or reveal locations and solutions.","Confirm each distinct mechanic is represented by a detailed capability or canonical-topic row; sample ordinary variants for self-explanatory feedback.","","Explicit exclusion for ordinary content variants; unique mechanics are separate rows."
"IGD-SYS-items-gifts","SystemBoundary","Items:Gifts","Current source boundary: Items:Gifts","Player","ActiveBySource","Varies by item use, speech, movement, combat, crafting, quest, vendor, region, or command.","Source-defined capability family; current source does not prove live-world placement.","","Data/Scripts/Items/Gifts/Crystal Token.cs;Data/Scripts/Items/Gifts/CrystalDeeds/ECrystalAltar.cs;Data/Scripts/Items/Gifts/CrystalDeeds/ECrystalBeggarStatue.cs;Data/Scripts/Items/Gifts/CrystalDeeds/ECrystalBrazier.cs;Data/Scripts/Items/Gifts/CrystalDeeds/ECrystalBull.cs;Data/Scripts/Items/Gifts/CrystalDeeds/ECrystalRunnerStatue.cs;Data/Scripts/Items/Gifts/CrystalDeeds/ECrystalSupplicantStatue.cs;Data/Scripts/Items/Gifts/CrystalDeeds/ECrystalTable.cs;Data/Scripts/Items/Gifts/CrystalDeeds/ECrystalThrone.cs;Data/Scripts/Items/Gifts/Gumps/Crystal Token Gump.cs;Data/Scripts/Items/Gifts/Gumps/NinthAnniversaryCoinGump.cs;Data/Scripts/Items/Gifts/Gumps/Shadow Token Gump.cs","10 post-baseline commit(s); latest examples: e4b11f8d 2025-10-30 Moved GUMPs to their own folders | fa4f169e 2023-12-22 Automatic Standardizing of Code Formatting | fe294cce 2026-06-14 fix: harden runtime hook source queue","Context-sensitive labels, messages, journals, books, or gumps vary within the family.","RuntimeUnknown","IntentionalDiscovery","NoDocumentationNeeded","ContextualFeedback","P4","Low for ordinary item or creature variants governed by a documented shared mechanic.","109 current source file(s) grouped by current path; first 12 plus every direct Player-command source are listed in SourceFiles. Existing inventory is ownership guidance only.","Treat this content family as grouped variants. Document only its unique, costly, persistent, destructive, authority, or undiscoverable interactions separately.","Do not enumerate ordinary content variants or reveal locations and solutions.","Confirm each distinct mechanic is represented by a detailed capability or canonical-topic row; sample ordinary variants for self-explanatory feedback.","","Explicit exclusion for ordinary content variants; unique mechanics are separate rows."
"IGD-SYS-items-houses","SystemBoundary","Items:Houses","Current source boundary: Items:Houses","Player","ActiveBySource","Varies by item use, speech, movement, combat, crafting, quest, vendor, region, or command.","Source-defined capability family; current source does not prove live-world placement.","","Data/Scripts/Items/Houses/AdvertiserVendor.cs;Data/Scripts/Items/Houses/BaseHouse.cs;Data/Scripts/Items/Houses/CircusTentsEast.cs;Data/Scripts/Items/Houses/CircusTentsSouth.cs;Data/Scripts/Items/Houses/ComponentVerification.cs;Data/Scripts/Items/Houses/Deeds.cs;Data/Scripts/Items/Houses/GypsyCampAddon.cs;Data/Scripts/Items/Houses/HouseFoundation.cs;Data/Scripts/Items/Houses/HousePlacement.cs;Data/Scripts/Items/Houses/HousePlacementTool.cs;Data/Scripts/Items/Houses/Houses.cs;Data/Scripts/Items/Houses/HouseSign.cs","40 post-baseline commit(s); latest examples: fc74682f 2025-09-13 Update TownHouse.cs | fe294cce 2026-06-14 fix: harden runtime hook source queue | ffcc2d0a 2025-09-10 Fixes for player home boundaries.","Context-sensitive labels, messages, journals, books, or gumps vary within the family.","RuntimeUnknown","IntentionalDiscovery","NoDocumentationNeeded","ContextualFeedback","P4","Low for ordinary item or creature variants governed by a documented shared mechanic.","72 current source file(s) grouped by current path; first 12 plus every direct Player-command source are listed in SourceFiles. Existing inventory is ownership guidance only.","Treat this content family as grouped variants. Document only its unique, costly, persistent, destructive, authority, or undiscoverable interactions separately.","Do not enumerate ordinary content variants or reveal locations and solutions.","Confirm each distinct mechanic is represented by a detailed capability or canonical-topic row; sample ordinary variants for self-explanatory feedback.","","Explicit exclusion for ordinary content variants; unique mechanics are separate rows."
"IGD-SYS-items-jewels","SystemBoundary","Items:Jewels","Current source boundary: Items:Jewels","Player","ActiveBySource","Varies by item use, speech, movement, combat, crafting, quest, vendor, region, or command.","Source-defined capability family; current source does not prove live-world placement.","","Data/Scripts/Items/Jewels/BaseJewel.cs;Data/Scripts/Items/Jewels/Beads.cs;Data/Scripts/Items/Jewels/Bracelet.cs;Data/Scripts/Items/Jewels/Earrings.cs;Data/Scripts/Items/Jewels/Necklace.cs;Data/Scripts/Items/Jewels/Ring.cs;Data/Scripts/Items/Jewels/Tinkered.cs","2 post-baseline commit(s); latest examples: 421e5d6f 2023-11-22 Merge TestServer with Main Branch | fa4f169e 2023-12-22 Automatic Standardizing of Code Formatting","Context-sensitive labels, messages, journals, books, or gumps vary within the family.","RuntimeUnknown","IntentionalDiscovery","NoDocumentationNeeded","ContextualFeedback","P4","Low for ordinary item or creature variants governed by a documented shared mechanic.","7 current source file(s) grouped by current path; first 12 plus every direct Player-command source are listed in SourceFiles. Existing inventory is ownership guidance only.","Treat this content family as grouped variants. Document only its unique, costly, persistent, destructive, authority, or undiscoverable interactions separately.","Do not enumerate ordinary content variants or reveal locations and solutions.","Confirm each distinct mechanic is represented by a detailed capability or canonical-topic row; sample ordinary variants for self-explanatory feedback.","","Explicit exclusion for ordinary content variants; unique mechanics are separate rows."
"IGD-SYS-items-magical","SystemBoundary","Items:Magical","Current source boundary: Items:Magical","PlayerOrMixed","ActiveBySource","Varies by item use, speech, movement, combat, crafting, quest, vendor, region, or command.","Source-defined capability family; current source does not prove live-world placement.","itemexp;ixp","Data/Scripts/Items/Magical/ArtifactBuilder.cs;Data/Scripts/Items/Magical/ArtifactManual.cs;Data/Scripts/Items/Magical/Artifacts/Artifact_AbysmalGloves.cs;Data/Scripts/Items/Magical/Artifacts/Artifact_AchillesShield.cs;Data/Scripts/Items/Magical/Artifacts/Artifact_AchillesSpear.cs;Data/Scripts/Items/Magical/Artifacts/Artifact_AcidProofRobe.cs;Data/Scripts/Items/Magical/Artifacts/Artifact_Aegis.cs;Data/Scripts/Items/Magical/Artifacts/Artifact_AegisOfGrace.cs;Data/Scripts/Items/Magical/Artifacts/Artifact_AilricsLongbow.cs;Data/Scripts/Items/Magical/Artifacts/Artifact_AlchemistsBauble.cs;Data/Scripts/Items/Magical/Artifacts/Artifact_ANecromancerShroud.cs;Data/Scripts/Items/Magical/Artifacts/Artifact_AngelicEmbrace.cs;Data/Scripts/Items/Magical/God/Commands/ItemExpCommand.cs","27 post-baseline commit(s); latest examples: fa4f169e 2023-12-22 Automatic Standardizing of Code Formatting | fe294cce 2026-06-14 fix: harden runtime hook source queue | fe5f34ae 2025-10-28 Reformatted Skill Bonus lines to match all other formatting","Context-sensitive labels, messages, journals, books, or gumps vary within the family.","RuntimeUnknown","Partial","RefreshExisting","Help","P2","Medium: a direct Player-access command is undiscoverable unless listed or taught at its point of need.","1179 current source file(s) grouped by current path; first 12 plus every direct Player-command source are listed in SourceFiles. Existing inventory is ownership guidance only.","Reconcile the Player-access commands in this bucket with the Help command list and system-specific teaching.","Do not enumerate ordinary content variants or reveal locations and solutions.","An ordinary player can discover each command, syntax, prerequisites, and safe outcome entirely in game.","","Boundary row promoted because current source registers Player-access commands."
"IGD-SYS-items-misc","SystemBoundary","Items:Misc","Current source boundary: Items:Misc","PlayerOrMixed","ActiveBySource","Varies by item use, speech, movement, combat, crafting, quest, vendor, region, or command.","Source-defined capability family; current source does not prove live-world placement.","mex","Data/Scripts/Items/Misc/AcidSlime.cs;Data/Scripts/Items/Misc/AltarGods.cs;Data/Scripts/Items/Misc/ArcaneGem.cs;Data/Scripts/Items/Misc/BankCheck.cs;Data/Scripts/Items/Misc/Beeswax.cs;Data/Scripts/Items/Misc/Blocker.cs;Data/Scripts/Items/Misc/Blood.cs;Data/Scripts/Items/Misc/Bodies/BodyParts.cs;Data/Scripts/Items/Misc/Bodies/BonePile.cs;Data/Scripts/Items/Misc/Bodies/Corpses/Corpse.cs;Data/Scripts/Items/Misc/Bodies/Corpses/CorpseNameAttribute.cs;Data/Scripts/Items/Misc/Bodies/Corpses/DecayedCorpse.cs;Data/Scripts/Items/Misc/Games/LiarsDice/DiceCommand.cs","50 post-baseline commit(s); latest examples: fa4f169e 2023-12-22 Automatic Standardizing of Code Formatting | fe294cce 2026-06-14 fix: harden runtime hook source queue | ff642d0e 2026-06-16 fix: guard MagicPigment interactions","Context-sensitive labels, messages, journals, books, or gumps vary within the family.","RuntimeUnknown","Partial","RefreshExisting","Help","P2","Medium: a direct Player-access command is undiscoverable unless listed or taught at its point of need.","146 current source file(s) grouped by current path; first 12 plus every direct Player-command source are listed in SourceFiles. Existing inventory is ownership guidance only.","Reconcile the Player-access commands in this bucket with the Help command list and system-specific teaching.","Do not enumerate ordinary content variants or reveal locations and solutions.","An ordinary player can discover each command, syntax, prerequisites, and safe outcome entirely in game.","","Boundary row promoted because current source registers Player-access commands."
"IGD-SYS-items-potions","SystemBoundary","Items:Potions","Current source boundary: Items:Potions","Player","ActiveBySource","Varies by item use, speech, movement, combat, crafting, quest, vendor, region, or command.","Source-defined capability family; current source does not prove live-world placement.","","Data/Scripts/Items/Potions/AlchemyTub.cs;Data/Scripts/Items/Potions/BasePotion.cs;Data/Scripts/Items/Potions/Bottles/Bottle.cs;Data/Scripts/Items/Potions/Bottles/CrystallineJar.cs;Data/Scripts/Items/Potions/Bottles/Jar.cs;Data/Scripts/Items/Potions/Elixirs/BaseElixir.cs;Data/Scripts/Items/Potions/Elixirs/Elixirs.cs;Data/Scripts/Items/Potions/Mixtures/AlchemicSlime.cs;Data/Scripts/Items/Potions/Mixtures/BaseLiquid.cs;Data/Scripts/Items/Potions/Mixtures/BaseMixture.cs;Data/Scripts/Items/Potions/Mixtures/LiquidFire.cs;Data/Scripts/Items/Potions/Mixtures/LiquidGoo.cs","26 post-baseline commit(s); latest examples: db56f0e7 2026-06-16 fix: guard OilWood interactions | e094e486 2026-06-16 fix: guard OilGarnet interactions | fa4f169e 2023-12-22 Automatic Standardizing of Code Formatting","Context-sensitive labels, messages, journals, books, or gumps vary within the family.","RuntimeUnknown","IntentionalDiscovery","NoDocumentationNeeded","ContextualFeedback","P4","Low for ordinary item or creature variants governed by a documented shared mechanic.","110 current source file(s) grouped by current path; first 12 plus every direct Player-command source are listed in SourceFiles. Existing inventory is ownership guidance only.","Treat this content family as grouped variants. Document only its unique, costly, persistent, destructive, authority, or undiscoverable interactions separately.","Do not enumerate ordinary content variants or reveal locations and solutions.","Confirm each distinct mechanic is represented by a detailed capability or canonical-topic row; sample ordinary variants for self-explanatory feedback.","","Explicit exclusion for ordinary content variants; unique mechanics are separate rows."
"IGD-SYS-items-relics","SystemBoundary","Items:Relics","Current source boundary: Items:Relics","Player","ActiveBySource","Varies by item use, speech, movement, combat, crafting, quest, vendor, region, or command.","Source-defined capability family; current source does not prove live-world placement.","","Data/Scripts/Items/Relics/DDIdItems.cs;Data/Scripts/Items/Relics/DDRelicAlchemy.cs;Data/Scripts/Items/Relics/DDRelicArmor.cs;Data/Scripts/Items/Relics/DDRelicArts.cs;Data/Scripts/Items/Relics/DDRelicBanner.cs;Data/Scripts/Items/Relics/DDRelicBearRugs.cs;Data/Scripts/Items/Relics/DDRelicBook.cs;Data/Scripts/Items/Relics/DDRelicCloth.cs;Data/Scripts/Items/Relics/DDRelicCoins.cs;Data/Scripts/Items/Relics/DDRelicDrink.cs;Data/Scripts/Items/Relics/DDRelicFur.cs;Data/Scripts/Items/Relics/DDRelicGem.cs","3 post-baseline commit(s); latest examples: 1afd1288 2026-08-09 Merge SAR branch into Live | 365c4a54 2024-03-18 TestServer Merged into Main | fa4f169e 2023-12-22 Automatic Standardizing of Code Formatting","Context-sensitive labels, messages, journals, books, or gumps vary within the family.","RuntimeUnknown","IntentionalDiscovery","NoDocumentationNeeded","ContextualFeedback","P4","Low for ordinary item or creature variants governed by a documented shared mechanic.","27 current source file(s) grouped by current path; first 12 plus every direct Player-command source are listed in SourceFiles. Existing inventory is ownership guidance only.","Treat this content family as grouped variants. Document only its unique, costly, persistent, destructive, authority, or undiscoverable interactions separately.","Do not enumerate ordinary content variants or reveal locations and solutions.","Confirm each distinct mechanic is represented by a detailed capability or canonical-topic row; sample ordinary variants for self-explanatory feedback.","","Explicit exclusion for ordinary content variants; unique mechanics are separate rows."
"IGD-SYS-items-special","SystemBoundary","Items:Special","Current source boundary: Items:Special","Player","ActiveBySource","Varies by item use, speech, movement, combat, crafting, quest, vendor, region, or command.","Source-defined capability family; current source does not prove live-world placement.","","Data/Scripts/Items/Special/AlternateRealityMap.cs;Data/Scripts/Items/Special/BarbaricSatchel.cs;Data/Scripts/Items/Special/BaseImprisonedMobile.cs;Data/Scripts/Items/Special/Broken Furniture Collection/BrokenArmoire.cs;Data/Scripts/Items/Special/Broken Furniture Collection/BrokenBed.cs;Data/Scripts/Items/Special/Broken Furniture Collection/BrokenBookcase.cs;Data/Scripts/Items/Special/Broken Furniture Collection/BrokenChestOfDrawers.cs;Data/Scripts/Items/Special/Broken Furniture Collection/BrokenCoveredChair.cs;Data/Scripts/Items/Special/Broken Furniture Collection/BrokenFallenChair.cs;Data/Scripts/Items/Special/Broken Furniture Collection/BrokenVanity.cs;Data/Scripts/Items/Special/Broken Furniture Collection/StandingBrokenChair.cs;Data/Scripts/Items/Special/Bulk Order Rewards/Blacksmithy/AncientSmithyHammer.cs","8 post-baseline commit(s); latest examples: e4b11f8d 2025-10-30 Moved GUMPs to their own folders | fa4f169e 2023-12-22 Automatic Standardizing of Code Formatting | fe294cce 2026-06-14 fix: harden runtime hook source queue","Context-sensitive labels, messages, journals, books, or gumps vary within the family.","RuntimeUnknown","IntentionalDiscovery","NoDocumentationNeeded","ContextualFeedback","P4","Low for ordinary item or creature variants governed by a documented shared mechanic.","239 current source file(s) grouped by current path; first 12 plus every direct Player-command source are listed in SourceFiles. Existing inventory is ownership guidance only.","Treat this content family as grouped variants. Document only its unique, costly, persistent, destructive, authority, or undiscoverable interactions separately.","Do not enumerate ordinary content variants or reveal locations and solutions.","Confirm each distinct mechanic is represented by a detailed capability or canonical-topic row; sample ordinary variants for self-explanatory feedback.","","Explicit exclusion for ordinary content variants; unique mechanics are separate rows."
"IGD-SYS-items-technology","SystemBoundary","Items:Technology","Current source boundary: Items:Technology","Player","ActiveBySource","Varies by item use, speech, movement, combat, crafting, quest, vendor, region, or command.","Source-defined capability family; current source does not prove live-world placement.","","Data/Scripts/Items/Technology/AlienEgg.cs;Data/Scripts/Items/Technology/BaseKilrathi.cs;Data/Scripts/Items/Technology/Chainsaw.cs;Data/Scripts/Items/Technology/ComputerDatabase.cs;Data/Scripts/Items/Technology/DataPad.cs;Data/Scripts/Items/Technology/DoubleLaserSword.cs;Data/Scripts/Items/Technology/DuctTape.cs;Data/Scripts/Items/Technology/FirstAidKit.cs;Data/Scripts/Items/Technology/KilrathiGun.cs;Data/Scripts/Items/Technology/KilrathiHeavyGun.cs;Data/Scripts/Items/Technology/Krystal.cs;Data/Scripts/Items/Technology/Landmine.cs","5 post-baseline commit(s); latest examples: 365c4a54 2024-03-18 TestServer Merged into Main | ae7b15c7 2026-06-28 Revert ""Merge branch 'SAR' into main"" | fa4f169e 2023-12-22 Automatic Standardizing of Code Formatting","Context-sensitive labels, messages, journals, books, or gumps vary within the family.","RuntimeUnknown","IntentionalDiscovery","NoDocumentationNeeded","ContextualFeedback","P4","Low for ordinary item or creature variants governed by a documented shared mechanic.","22 current source file(s) grouped by current path; first 12 plus every direct Player-command source are listed in SourceFiles. Existing inventory is ownership guidance only.","Treat this content family as grouped variants. Document only its unique, costly, persistent, destructive, authority, or undiscoverable interactions separately.","Do not enumerate ordinary content variants or reveal locations and solutions.","Confirm each distinct mechanic is represented by a detailed capability or canonical-topic row; sample ordinary variants for self-explanatory feedback.","","Explicit exclusion for ordinary content variants; unique mechanics are separate rows."
"IGD-SYS-items-trades","SystemBoundary","Items:Trades","Current source boundary: Items:Trades","Player","ActiveBySource","Varies by item use, speech, movement, combat, crafting, quest, vendor, region, or command.","Source-defined capability family; current source does not prove live-world placement.","","Data/Scripts/Items/Trades/Blacksmith Items/AnvilForge.cs;Data/Scripts/Items/Trades/Blacksmith Items/DwarvenForge.cs;Data/Scripts/Items/Trades/Blacksmith Items/FireGiantForge.cs;Data/Scripts/Items/Trades/Blacksmith Items/LargeForge.cs;Data/Scripts/Items/Trades/Blacksmith Items/RubyPickaxe.cs;Data/Scripts/Items/Trades/Carpenter Items/Board.cs;Data/Scripts/Items/Trades/Carpenter Items/TaxidermyKit.cs;Data/Scripts/Items/Trades/Fishing/FabledFishingNet.cs;Data/Scripts/Items/Trades/Fishing/FishBarrel.cs;Data/Scripts/Items/Trades/Fishing/FishingNet.cs;Data/Scripts/Items/Trades/Fishing/FishingPole.cs;Data/Scripts/Items/Trades/Fishing/HighSeasRelic.cs","14 post-baseline commit(s); latest examples: b4a24e97 2026-06-25 fix: guard StoneMiningBook interactions | df1751ea 2026-06-27 feat: add auto-loop harvesting | fa4f169e 2023-12-22 Automatic Standardizing of Code Formatting","Context-sensitive labels, messages, journals, books, or gumps vary within the family.","RuntimeUnknown","IntentionalDiscovery","NoDocumentationNeeded","ContextualFeedback","P4","Low for ordinary item or creature variants governed by a documented shared mechanic.","271 current source file(s) grouped by current path; first 12 plus every direct Player-command source are listed in SourceFiles. Existing inventory is ownership guidance only.","Treat this content family as grouped variants. Document only its unique, costly, persistent, destructive, authority, or undiscoverable interactions separately.","Do not enumerate ordinary content variants or reveal locations and solutions.","Confirm each distinct mechanic is represented by a detailed capability or canonical-topic row; sample ordinary variants for self-explanatory feedback.","","Explicit exclusion for ordinary content variants; unique mechanics are separate rows."
"IGD-SYS-items-traps","SystemBoundary","Items:Traps","Current source boundary: Items:Traps","Player","ActiveBySource","Varies by item use, speech, movement, combat, crafting, quest, vendor, region, or command.","Source-defined capability family; current source does not prove live-world placement.","","Data/Scripts/Items/Traps/BaseTrap.cs;Data/Scripts/Items/Traps/Blocker.cs;Data/Scripts/Items/Traps/BookBox.cs;Data/Scripts/Items/Traps/BrokenGear.cs;Data/Scripts/Items/Traps/CurseItem.cs;Data/Scripts/Items/Traps/DroppedPack.cs;Data/Scripts/Items/Traps/FireColumnTrap.cs;Data/Scripts/Items/Traps/FlameSpurtTrap.cs;Data/Scripts/Items/Traps/GasTrap.cs;Data/Scripts/Items/Traps/GiantSpikeTrap.cs;Data/Scripts/Items/Traps/HiddenTrap.cs;Data/Scripts/Items/Traps/KillerTile.cs","6 post-baseline commit(s); latest examples: ae7b15c7 2026-06-28 Revert ""Merge branch 'SAR' into main"" | fa4f169e 2023-12-22 Automatic Standardizing of Code Formatting | fe294cce 2026-06-14 fix: harden runtime hook source queue","Context-sensitive labels, messages, journals, books, or gumps vary within the family.","RuntimeUnknown","IntentionalDiscovery","NoDocumentationNeeded","ContextualFeedback","P4","Low for ordinary item or creature variants governed by a documented shared mechanic.","27 current source file(s) grouped by current path; first 12 plus every direct Player-command source are listed in SourceFiles. Existing inventory is ownership guidance only.","Treat this content family as grouped variants. Document only its unique, costly, persistent, destructive, authority, or undiscoverable interactions separately.","Do not enumerate ordinary content variants or reveal locations and solutions.","Confirm each distinct mechanic is represented by a detailed capability or canonical-topic row; sample ordinary variants for self-explanatory feedback.","","Explicit exclusion for ordinary content variants; unique mechanics are separate rows."
"IGD-SYS-items-unknown","SystemBoundary","Items:Unknown","Current source boundary: Items:Unknown","Player","ActiveBySource","Varies by item use, speech, movement, combat, crafting, quest, vendor, region, or command.","Source-defined capability family; current source does not prove live-world placement.","","Data/Scripts/Items/Unknown/UnidentifiedArtifact.cs;Data/Scripts/Items/Unknown/UnidentifiedItem.cs;Data/Scripts/Items/Unknown/UnknownKeg.cs;Data/Scripts/Items/Unknown/UnknownLiquid.cs;Data/Scripts/Items/Unknown/UnknownReagent.cs;Data/Scripts/Items/Unknown/UnknownScroll.cs;Data/Scripts/Items/Unknown/UnknownWand.cs","2 post-baseline commit(s); latest examples: 1afd1288 2026-08-09 Merge SAR branch into Live | fa4f169e 2023-12-22 Automatic Standardizing of Code Formatting","Context-sensitive labels, messages, journals, books, or gumps vary within the family.","RuntimeUnknown","IntentionalDiscovery","NoDocumentationNeeded","ContextualFeedback","P4","Low for ordinary item or creature variants governed by a documented shared mechanic.","7 current source file(s) grouped by current path; first 12 plus every direct Player-command source are listed in SourceFiles. Existing inventory is ownership guidance only.","Treat this content family as grouped variants. Document only its unique, costly, persistent, destructive, authority, or undiscoverable interactions separately.","Do not enumerate ordinary content variants or reveal locations and solutions.","Confirm each distinct mechanic is represented by a detailed capability or canonical-topic row; sample ordinary variants for self-explanatory feedback.","","Explicit exclusion for ordinary content variants; unique mechanics are separate rows."
"IGD-SYS-items-wands","SystemBoundary","Items:Wands","Current source boundary: Items:Wands","Player","ActiveBySource","Varies by item use, speech, movement, combat, crafting, quest, vendor, region, or command.","Source-defined capability family; current source does not prove live-world placement.","","Data/Scripts/Items/Wands/1st Circle/ClumsyStaff.cs;Data/Scripts/Items/Wands/1st Circle/CreateFoodStaff.cs;Data/Scripts/Items/Wands/1st Circle/FeebleStaff.cs;Data/Scripts/Items/Wands/1st Circle/HealStaff.cs;Data/Scripts/Items/Wands/1st Circle/IdentifyStaff.cs;Data/Scripts/Items/Wands/1st Circle/MagicArrowStaff.cs;Data/Scripts/Items/Wands/1st Circle/NightSightStaff.cs;Data/Scripts/Items/Wands/1st Circle/ReactiveArmorStaff.cs;Data/Scripts/Items/Wands/1st Circle/WeaknessStaff.cs;Data/Scripts/Items/Wands/2nd Circle/AgilityStaff.cs;Data/Scripts/Items/Wands/2nd Circle/CunningStaff.cs;Data/Scripts/Items/Wands/2nd Circle/CureStaff.cs","2 post-baseline commit(s); latest examples: 1afd1288 2026-08-09 Merge SAR branch into Live | fa4f169e 2023-12-22 Automatic Standardizing of Code Formatting","Context-sensitive labels, messages, journals, books, or gumps vary within the family.","RuntimeUnknown","IntentionalDiscovery","NoDocumentationNeeded","ContextualFeedback","P4","Low for ordinary item or creature variants governed by a documented shared mechanic.","67 current source file(s) grouped by current path; first 12 plus every direct Player-command source are listed in SourceFiles. Existing inventory is ownership guidance only.","Treat this content family as grouped variants. Document only its unique, costly, persistent, destructive, authority, or undiscoverable interactions separately.","Do not enumerate ordinary content variants or reveal locations and solutions.","Confirm each distinct mechanic is represented by a detailed capability or canonical-topic row; sample ordinary variants for self-explanatory feedback.","","Explicit exclusion for ordinary content variants; unique mechanics are separate rows."
"IGD-SYS-items-weapons","SystemBoundary","Items:Weapons","Current source boundary: Items:Weapons","Player","ActiveBySource","Varies by item use, speech, movement, combat, crafting, quest, vendor, region, or command.","Source-defined capability family; current source does not prove live-world placement.","","Data/Scripts/Items/Weapons/Axes/Axe.cs;Data/Scripts/Items/Weapons/Axes/BaseAxe.cs;Data/Scripts/Items/Weapons/Axes/BattleAxe.cs;Data/Scripts/Items/Weapons/Axes/DoubleAxe.cs;Data/Scripts/Items/Weapons/Axes/ExecutionersAxe.cs;Data/Scripts/Items/Weapons/Axes/Hatchet.cs;Data/Scripts/Items/Weapons/Axes/LargeBattleAxe.cs;Data/Scripts/Items/Weapons/Axes/OrnateAxe.cs;Data/Scripts/Items/Weapons/Axes/Pickaxe.cs;Data/Scripts/Items/Weapons/Axes/TwoHandedAxe.cs;Data/Scripts/Items/Weapons/Axes/WarAxe.cs;Data/Scripts/Items/Weapons/BaseMeleeWeapon.cs","8 post-baseline commit(s); latest examples: bfec60b2 2026-06-09 fix: guard fists request hooks | df1751ea 2026-06-27 feat: add auto-loop harvesting | fa4f169e 2023-12-22 Automatic Standardizing of Code Formatting","Context-sensitive labels, messages, journals, books, or gumps vary within the family.","RuntimeUnknown","IntentionalDiscovery","NoDocumentationNeeded","ContextualFeedback","P4","Low for ordinary item or creature variants governed by a documented shared mechanic.","112 current source file(s) grouped by current path; first 12 plus every direct Player-command source are listed in SourceFiles. Existing inventory is ownership guidance only.","Treat this content family as grouped variants. Document only its unique, costly, persistent, destructive, authority, or undiscoverable interactions separately.","Do not enumerate ordinary content variants or reveal locations and solutions.","Confirm each distinct mechanic is represented by a detailed capability or canonical-topic row; sample ordinary variants for self-explanatory feedback.","","Explicit exclusion for ordinary content variants; unique mechanics are separate rows."
"IGD-SYS-magic-bard","SystemBoundary","Magic:Bard","Current source boundary: Magic:Bard","Player","ActiveBySource","Learn or acquire the school, invoke spells or abilities, and use the school-specific spellbook or commands.","Source-defined capability family; current source does not prove live-world placement.","","Data/Scripts/Magic/Bard/Gumps/SongBookGump.cs;Data/Scripts/Magic/Bard/Scrolls/ArmysPaeon.cs;Data/Scripts/Magic/Bard/Scrolls/EnchantingEtude.cs;Data/Scripts/Magic/Bard/Scrolls/EnergyCarol.cs;Data/Scripts/Magic/Bard/Scrolls/EnergyThrenody.cs;Data/Scripts/Magic/Bard/Scrolls/FireCarol.cs;Data/Scripts/Magic/Bard/Scrolls/FireThrenody.cs;Data/Scripts/Magic/Bard/Scrolls/FoeRequiem.cs;Data/Scripts/Magic/Bard/Scrolls/IceCarol.cs;Data/Scripts/Magic/Bard/Scrolls/IceThrenody.cs;Data/Scripts/Magic/Bard/Scrolls/KnightsMinne.cs;Data/Scripts/Magic/Bard/Scrolls/MagesBallad.cs","7 post-baseline commit(s); latest examples: b101e80f 2026-03-01 Merged in many test shard changes and brought in line with live shard | e4b11f8d 2025-10-30 Moved GUMPs to their own folders | fa4f169e 2023-12-22 Automatic Standardizing of Code Formatting","Context-sensitive labels, messages, journals, books, or gumps vary within the family.","RuntimeUnknown","Partial","Incorporate","LibraryReference","P3","Medium: substantial combat progression can be discoverable while rules, costs, and controls remain hard to reconstruct.","36 current source file(s) grouped by current path; first 12 plus every direct Player-command source are listed in SourceFiles. Existing inventory is ownership guidance only.","Provide one concise school reference covering access, controls, resource costs, limitations, and safe experimentation without listing secrets.","Explain the school and controls; omit hidden teachers, rare acquisition locations, and puzzle solutions.","A player who has encountered the school can find a persistent in-game reference and identify how to use it safely.","","Boundary census row. Detailed rows carry incorporation work."
"IGD-SYS-magic-base","SystemBoundary","Magic:Base","Current source boundary: Magic:Base","Player","ActiveBySource","Learn or acquire the school, invoke spells or abilities, and use the school-specific spellbook or commands.","Source-defined capability family; current source does not prove live-world placement.","","Data/Scripts/Magic/Base/DisturbType.cs;Data/Scripts/Magic/Base/ForgetfulGem.cs;Data/Scripts/Magic/Base/Initializer.cs;Data/Scripts/Magic/Base/Reagent.cs;Data/Scripts/Magic/Base/SpecialMove.cs;Data/Scripts/Magic/Base/Spell.cs;Data/Scripts/Magic/Base/SpellBooks.cs;Data/Scripts/Magic/Base/SpellCircle.cs;Data/Scripts/Magic/Base/SpellHelper.cs;Data/Scripts/Magic/Base/SpellInfo.cs;Data/Scripts/Magic/Base/SpellRegistry.cs;Data/Scripts/Magic/Base/SpellState.cs","3 post-baseline commit(s); latest examples: 1afd1288 2026-08-09 Merge SAR branch into Live | 365c4a54 2024-03-18 TestServer Merged into Main | fa4f169e 2023-12-22 Automatic Standardizing of Code Formatting","Context-sensitive labels, messages, journals, books, or gumps vary within the family.","RuntimeUnknown","Partial","Incorporate","LibraryReference","P3","Medium: substantial combat progression can be discoverable while rules, costs, and controls remain hard to reconstruct.","13 current source file(s) grouped by current path; first 12 plus every direct Player-command source are listed in SourceFiles. Existing inventory is ownership guidance only.","Provide one concise school reference covering access, controls, resource costs, limitations, and safe experimentation without listing secrets.","Explain the school and controls; omit hidden teachers, rare acquisition locations, and puzzle solutions.","A player who has encountered the school can find a persistent in-game reference and identify how to use it safely.","","Boundary census row. Detailed rows carry incorporation work."
"IGD-SYS-magic-bushido","SystemBoundary","Magic:Bushido","Current source boundary: Magic:Bushido","Player","ActiveBySource","Learn or acquire the school, invoke spells or abilities, and use the school-specific spellbook or commands.","Source-defined capability family; current source does not prove live-world placement.","","Data/Scripts/Magic/Bushido/BookOfBushido.cs;Data/Scripts/Magic/Bushido/Confidence.cs;Data/Scripts/Magic/Bushido/CounterAttack.cs;Data/Scripts/Magic/Bushido/Evasion.cs;Data/Scripts/Magic/Bushido/HonorableExecution.cs;Data/Scripts/Magic/Bushido/LightningStrike.cs;Data/Scripts/Magic/Bushido/MomentumStrike.cs;Data/Scripts/Magic/Bushido/SamuraiMove.cs;Data/Scripts/Magic/Bushido/SamuraiSpell.cs","4 post-baseline commit(s); latest examples: 2ad469b0 2026-06-08 fix: free bushido momentum pooled enumerable | ae7b15c7 2026-06-28 Revert ""Merge branch 'SAR' into main"" | fa4f169e 2023-12-22 Automatic Standardizing of Code Formatting","Context-sensitive labels, messages, journals, books, or gumps vary within the family.","RuntimeUnknown","Partial","Incorporate","LibraryReference","P3","Medium: substantial combat progression can be discoverable while rules, costs, and controls remain hard to reconstruct.","9 current source file(s) grouped by current path; first 12 plus every direct Player-command source are listed in SourceFiles. Existing inventory is ownership guidance only.","Provide one concise school reference covering access, controls, resource costs, limitations, and safe experimentation without listing secrets.","Explain the school and controls; omit hidden teachers, rare acquisition locations, and puzzle solutions.","A player who has encountered the school can find a persistent in-game reference and identify how to use it safely.","","Boundary census row. Detailed rows carry incorporation work."
"IGD-SYS-magic-death-knight","SystemBoundary","Magic:Death Knight","Current source boundary: Magic:Death Knight","Player","ActiveBySource","Learn or acquire the school, invoke spells or abilities, and use the school-specific spellbook or commands.","Source-defined capability family; current source does not prove live-world placement.","","Data/Scripts/Magic/Death Knight/DeathKnightCommands.cs;Data/Scripts/Magic/Death Knight/DeathKnightSpell.cs;Data/Scripts/Magic/Death Knight/DeathKnightSpellBook.cs;Data/Scripts/Magic/Death Knight/DeathSkulls.cs;Data/Scripts/Magic/Death Knight/DevilPact.cs;Data/Scripts/Magic/Death Knight/Gumps/DeathKnightSpellBookGump.cs;Data/Scripts/Magic/Death Knight/SoulLantern.cs;Data/Scripts/Magic/Death Knight/Spells/BanishSpell.cs;Data/Scripts/Magic/Death Knight/Spells/DemonicTouchSpell.cs;Data/Scripts/Magic/Death Knight/Spells/DevilPactSpell.cs;Data/Scripts/Magic/Death Knight/Spells/GrimReaperSpell.cs;Data/Scripts/Magic/Death Knight/Spells/HagHandSpell.cs","6 post-baseline commit(s); latest examples: b101e80f 2026-03-01 Merged in many test shard changes and brought in line with live shard | e4b11f8d 2025-10-30 Moved GUMPs to their own folders | fa4f169e 2023-12-22 Automatic Standardizing of Code Formatting","Context-sensitive labels, messages, journals, books, or gumps vary within the family.","RuntimeUnknown","Partial","Incorporate","LibraryReference","P3","Medium: substantial combat progression can be discoverable while rules, costs, and controls remain hard to reconstruct.","21 current source file(s) grouped by current path; first 12 plus every direct Player-command source are listed in SourceFiles. Existing inventory is ownership guidance only.","Provide one concise school reference covering access, controls, resource costs, limitations, and safe experimentation without listing secrets.","Explain the school and controls; omit hidden teachers, rare acquisition locations, and puzzle solutions.","A player who has encountered the school can find a persistent in-game reference and identify how to use it safely.","","Boundary census row. Detailed rows carry incorporation work."
"IGD-SYS-magic-druidism","SystemBoundary","Magic:Druidism","Current source boundary: Magic:Druidism","Player","ActiveBySource","Learn or acquire the school, invoke spells or abilities, and use the school-specific spellbook or commands.","Source-defined capability family; current source does not prove live-world placement.","","Data/Scripts/Magic/Druidism/BookDruidBrewing.cs;Data/Scripts/Magic/Druidism/DruidPouch.cs;Data/Scripts/Magic/Druidism/Effects/BlendWithForrestSpell.cs;Data/Scripts/Magic/Druidism/Effects/DruidicRuneSpell.cs;Data/Scripts/Magic/Druidism/Effects/FireflySpell.cs;Data/Scripts/Magic/Druidism/Effects/GraspingRootsSpell.cs;Data/Scripts/Magic/Druidism/Effects/HerbalHealingSpell.cs;Data/Scripts/Magic/Druidism/Effects/LureStoneSpell.cs;Data/Scripts/Magic/Druidism/Effects/MushroomGatewaySpell.cs;Data/Scripts/Magic/Druidism/Effects/NaturesPassageSpell.cs;Data/Scripts/Magic/Druidism/Effects/ProtectiveFairySpell.cs;Data/Scripts/Magic/Druidism/Effects/RestorativeSoilSpell.cs","7 post-baseline commit(s); latest examples: ae7b15c7 2026-06-28 Revert ""Merge branch 'SAR' into main"" | cacfecd0 2026-06-08 fix: free druidism treefellow pooled enumerable | fa4f169e 2023-12-22 Automatic Standardizing of Code Formatting","Context-sensitive labels, messages, journals, books, or gumps vary within the family.","RuntimeUnknown","Partial","Incorporate","LibraryReference","P3","Medium: substantial combat progression can be discoverable while rules, costs, and controls remain hard to reconstruct.","20 current source file(s) grouped by current path; first 12 plus every direct Player-command source are listed in SourceFiles. Existing inventory is ownership guidance only.","Provide one concise school reference covering access, controls, resource costs, limitations, and safe experimentation without listing secrets.","Explain the school and controls; omit hidden teachers, rare acquisition locations, and puzzle solutions.","A player who has encountered the school can find a persistent in-game reference and identify how to use it safely.","","Boundary census row. Detailed rows carry incorporation work."
"IGD-SYS-magic-elementalism","SystemBoundary","Magic:Elementalism","Current source boundary: Magic:Elementalism","Player","ActiveBySource","Learn or acquire the school, invoke spells or abilities, and use the school-specific spellbook or commands.","Source-defined capability family; current source does not prove live-world placement.","","Data/Scripts/Magic/Elementalism/ElementalCommands.cs;Data/Scripts/Magic/Elementalism/ElementalEffect.cs;Data/Scripts/Magic/Elementalism/ElementalExit.cs;Data/Scripts/Magic/Elementalism/ElementalScrolls.cs;Data/Scripts/Magic/Elementalism/ElementalShrine.cs;Data/Scripts/Magic/Elementalism/ElementalSpell.cs;Data/Scripts/Magic/Elementalism/ElementalSpellbook.cs;Data/Scripts/Magic/Elementalism/Gumps/ElementalSpellbookGump.cs;Data/Scripts/Magic/Elementalism/Mobiles/ElementalCalledAir.cs;Data/Scripts/Magic/Elementalism/Mobiles/ElementalCalledEarth.cs;Data/Scripts/Magic/Elementalism/Mobiles/ElementalCalledFire.cs;Data/Scripts/Magic/Elementalism/Mobiles/ElementalCalledWater.cs","9 post-baseline commit(s); latest examples: e4b11f8d 2025-10-30 Moved GUMPs to their own folders | fa4f169e 2023-12-22 Automatic Standardizing of Code Formatting | fe294cce 2026-06-14 fix: harden runtime hook source queue","Context-sensitive labels, messages, journals, books, or gumps vary within the family.","RuntimeUnknown","Partial","Incorporate","LibraryReference","P3","Medium: substantial combat progression can be discoverable while rules, costs, and controls remain hard to reconstruct.","61 current source file(s) grouped by current path; first 12 plus every direct Player-command source are listed in SourceFiles. Existing inventory is ownership guidance only.","Provide one concise school reference covering access, controls, resource costs, limitations, and safe experimentation without listing secrets.","Explain the school and controls; omit hidden teachers, rare acquisition locations, and puzzle solutions.","A player who has encountered the school can find a persistent in-game reference and identify how to use it safely.","","Boundary census row. Detailed rows carry incorporation work."
"IGD-SYS-magic-enchantments","SystemBoundary","Magic:Enchantments","Current source boundary: Magic:Enchantments","Player","ActiveBySource","Learn or acquire the school, invoke spells or abilities, and use the school-specific spellbook or commands.","Source-defined capability family; current source does not prove live-world placement.","","Data/Scripts/Magic/Enchantments/EnchantMagic.cs;Data/Scripts/Magic/Enchantments/Mobiles/DevilPactMagic.cs;Data/Scripts/Magic/Enchantments/Spells/BanishMagic..cs;Data/Scripts/Magic/Enchantments/Spells/DemonicTouchMagic..cs;Data/Scripts/Magic/Enchantments/Spells/DevilPactMagic..cs;Data/Scripts/Magic/Enchantments/Spells/GrimReaperMagic..cs;Data/Scripts/Magic/Enchantments/Spells/HagHandMagic..cs;Data/Scripts/Magic/Enchantments/Spells/HellfireMagic..cs;Data/Scripts/Magic/Enchantments/Spells/LucifersBoltMagic..cs;Data/Scripts/Magic/Enchantments/Spells/OrbOfOrcusMagic..cs;Data/Scripts/Magic/Enchantments/Spells/ShieldOfHateMagic..cs;Data/Scripts/Magic/Enchantments/Spells/SoulReaperMagic..cs","1 post-baseline commit(s); latest examples: 365c4a54 2024-03-18 TestServer Merged into Main","Context-sensitive labels, messages, journals, books, or gumps vary within the family.","RuntimeUnknown","Partial","Incorporate","LibraryReference","P3","Medium: substantial combat progression can be discoverable while rules, costs, and controls remain hard to reconstruct.","16 current source file(s) grouped by current path; first 12 plus every direct Player-command source are listed in SourceFiles. Existing inventory is ownership guidance only.","Provide one concise school reference covering access, controls, resource costs, limitations, and safe experimentation without listing secrets.","Explain the school and controls; omit hidden teachers, rare acquisition locations, and puzzle solutions.","A player who has encountered the school can find a persistent in-game reference and identify how to use it safely.","","Boundary census row. Detailed rows carry incorporation work."
"IGD-SYS-magic-holy-man","SystemBoundary","Magic:Holy Man","Current source boundary: Magic:Holy Man","Player","ActiveBySource","Learn or acquire the school, invoke spells or abilities, and use the school-specific spellbook or commands.","Source-defined capability family; current source does not prove live-world placement.","","Data/Scripts/Magic/Holy Man/Gumps/HolyManSpellBookGump.cs;Data/Scripts/Magic/Holy Man/HolyManCommands.cs;Data/Scripts/Magic/Holy Man/HolyManSpell.cs;Data/Scripts/Magic/Holy Man/HolyManSpellBook.cs;Data/Scripts/Magic/Holy Man/HolySymbol.cs;Data/Scripts/Magic/Holy Man/HolySymbols.cs;Data/Scripts/Magic/Holy Man/MalletStake.cs;Data/Scripts/Magic/Holy Man/Spells/BanishEvilSpell.cs;Data/Scripts/Magic/Holy Man/Spells/DampenSpiritSpell.cs;Data/Scripts/Magic/Holy Man/Spells/EnchantSpell.cs;Data/Scripts/Magic/Holy Man/Spells/HammerOfFaithSpell.cs;Data/Scripts/Magic/Holy Man/Spells/HeavenlyLightSpell.cs","6 post-baseline commit(s); latest examples: e0833137 2023-11-14 Update Holy Man Spell Costs | e4b11f8d 2025-10-30 Moved GUMPs to their own folders | fa4f169e 2023-12-22 Automatic Standardizing of Code Formatting","Context-sensitive labels, messages, journals, books, or gumps vary within the family.","RuntimeUnknown","Partial","Incorporate","LibraryReference","P3","Medium: substantial combat progression can be discoverable while rules, costs, and controls remain hard to reconstruct.","21 current source file(s) grouped by current path; first 12 plus every direct Player-command source are listed in SourceFiles. Existing inventory is ownership guidance only.","Provide one concise school reference covering access, controls, resource costs, limitations, and safe experimentation without listing secrets.","Explain the school and controls; omit hidden teachers, rare acquisition locations, and puzzle solutions.","A player who has encountered the school can find a persistent in-game reference and identify how to use it safely.","","Boundary census row. Detailed rows carry incorporation work."
"IGD-SYS-magic-jedi","SystemBoundary","Magic:Jedi","Current source boundary: Magic:Jedi","Player","ActiveBySource","Learn or acquire the school, invoke spells or abilities, and use the school-specific spellbook or commands.","Source-defined capability family; current source does not prove live-world placement.","","Data/Scripts/Magic/Jedi/Gumps/JediSpellBookGump.cs;Data/Scripts/Magic/Jedi/JediCommandList.cs;Data/Scripts/Magic/Jedi/JediDatacrons.cs;Data/Scripts/Magic/Jedi/JediSpell.cs;Data/Scripts/Magic/Jedi/JediSpellbook.cs;Data/Scripts/Magic/Jedi/KaranCrystal.cs;Data/Scripts/Magic/Jedi/Spells/Celerity.cs;Data/Scripts/Magic/Jedi/Spells/Deflection.cs;Data/Scripts/Magic/Jedi/Spells/ForceGrip.cs;Data/Scripts/Magic/Jedi/Spells/MindsEye.cs;Data/Scripts/Magic/Jedi/Spells/Mirage.cs;Data/Scripts/Magic/Jedi/Spells/PsychicAura.cs","9 post-baseline commit(s); latest examples: c71d8150 2025-10-29 Made current with live shard | e4b11f8d 2025-10-30 Moved GUMPs to their own folders | fa4f169e 2023-12-22 Automatic Standardizing of Code Formatting","Context-sensitive labels, messages, journals, books, or gumps vary within the family.","RuntimeUnknown","Partial","Incorporate","LibraryReference","P3","Medium: substantial combat progression can be discoverable while rules, costs, and controls remain hard to reconstruct.","16 current source file(s) grouped by current path; first 12 plus every direct Player-command source are listed in SourceFiles. Existing inventory is ownership guidance only.","Provide one concise school reference covering access, controls, resource costs, limitations, and safe experimentation without listing secrets.","Explain the school and controls; omit hidden teachers, rare acquisition locations, and puzzle solutions.","A player who has encountered the school can find a persistent in-game reference and identify how to use it safely.","","Boundary census row. Detailed rows carry incorporation work."
"IGD-SYS-magic-jester","SystemBoundary","Magic:Jester","Current source boundary: Magic:Jester","Player","ActiveBySource","Learn or acquire the school, invoke spells or abilities, and use the school-specific spellbook or commands.","Source-defined capability family; current source does not prove live-world placement.","","Data/Scripts/Magic/Jester/BagOfTricks.cs;Data/Scripts/Magic/Jester/JesterCommandList.cs;Data/Scripts/Magic/Jester/JesterSpell.cs;Data/Scripts/Magic/Jester/Spells/CanOfSnakes.cs;Data/Scripts/Magic/Jester/Spells/Clowns.cs;Data/Scripts/Magic/Jester/Spells/FlowerPower.cs;Data/Scripts/Magic/Jester/Spells/Hilarity.cs;Data/Scripts/Magic/Jester/Spells/Insult.cs;Data/Scripts/Magic/Jester/Spells/JumpAround.cs;Data/Scripts/Magic/Jester/Spells/PoppingBalloon.cs;Data/Scripts/Magic/Jester/Spells/RabbitInAHat.cs;Data/Scripts/Magic/Jester/Spells/SeltzerBottle.cs","7 post-baseline commit(s); latest examples: b4fce78b 2026-06-08 fix: free jester pooled enumerables | e4ee0192 2023-11-14 Update BagOfTricks.cs | fa4f169e 2023-12-22 Automatic Standardizing of Code Formatting","Context-sensitive labels, messages, journals, books, or gumps vary within the family.","RuntimeUnknown","Partial","Incorporate","LibraryReference","P3","Medium: substantial combat progression can be discoverable while rules, costs, and controls remain hard to reconstruct.","15 current source file(s) grouped by current path; first 12 plus every direct Player-command source are listed in SourceFiles. Existing inventory is ownership guidance only.","Provide one concise school reference covering access, controls, resource costs, limitations, and safe experimentation without listing secrets.","Explain the school and controls; omit hidden teachers, rare acquisition locations, and puzzle solutions.","A player who has encountered the school can find a persistent in-game reference and identify how to use it safely.","","Boundary census row. Detailed rows carry incorporation work."
"IGD-SYS-magic-knight","SystemBoundary","Magic:Knight","Current source boundary: Magic:Knight","Player","ActiveBySource","Learn or acquire the school, invoke spells or abilities, and use the school-specific spellbook or commands.","Source-defined capability family; current source does not prove live-world placement.","","Data/Scripts/Magic/Knight/BookOfChivalry.cs;Data/Scripts/Magic/Knight/CleanseByFire.cs;Data/Scripts/Magic/Knight/CloseWounds.cs;Data/Scripts/Magic/Knight/ConsecrateWeapon.cs;Data/Scripts/Magic/Knight/DispelEvil.cs;Data/Scripts/Magic/Knight/DivineFury.cs;Data/Scripts/Magic/Knight/EnemyOfOne.cs;Data/Scripts/Magic/Knight/HolyLight.cs;Data/Scripts/Magic/Knight/NobleSacrifice.cs;Data/Scripts/Magic/Knight/PaladinSpell.cs;Data/Scripts/Magic/Knight/RemoveCurse.cs;Data/Scripts/Magic/Knight/SacredJourney.cs","5 post-baseline commit(s); latest examples: 61b904b3 2026-06-08 fix: free knight spell pooled enumerables | ae7b15c7 2026-06-28 Revert ""Merge branch 'SAR' into main"" | fa4f169e 2023-12-22 Automatic Standardizing of Code Formatting","Context-sensitive labels, messages, journals, books, or gumps vary within the family.","RuntimeUnknown","Partial","Incorporate","LibraryReference","P3","Medium: substantial combat progression can be discoverable while rules, costs, and controls remain hard to reconstruct.","12 current source file(s) grouped by current path; first 12 plus every direct Player-command source are listed in SourceFiles. Existing inventory is ownership guidance only.","Provide one concise school reference covering access, controls, resource costs, limitations, and safe experimentation without listing secrets.","Explain the school and controls; omit hidden teachers, rare acquisition locations, and puzzle solutions.","A player who has encountered the school can find a persistent in-game reference and identify how to use it safely.","","Boundary census row. Detailed rows carry incorporation work."
"IGD-SYS-magic-magery","SystemBoundary","Magic:Magery","Current source boundary: Magic:Magery","Player","ActiveBySource","Learn or acquire the school, invoke spells or abilities, and use the school-specific spellbook or commands.","Source-defined capability family; current source does not prove live-world placement.","","Data/Scripts/Magic/Magery/Magery 1st/Clumsy.cs;Data/Scripts/Magic/Magery/Magery 1st/CreateFood.cs;Data/Scripts/Magic/Magery/Magery 1st/Feeblemind.cs;Data/Scripts/Magic/Magery/Magery 1st/Heal.cs;Data/Scripts/Magic/Magery/Magery 1st/MagicArrow.cs;Data/Scripts/Magic/Magery/Magery 1st/NightSight.cs;Data/Scripts/Magic/Magery/Magery 1st/ReactiveArmor.cs;Data/Scripts/Magic/Magery/Magery 1st/Weaken.cs;Data/Scripts/Magic/Magery/Magery 2nd/Agility.cs;Data/Scripts/Magic/Magery/Magery 2nd/Cunning.cs;Data/Scripts/Magic/Magery/Magery 2nd/Cure.cs;Data/Scripts/Magic/Magery/Magery 2nd/Harm.cs","7 post-baseline commit(s); latest examples: ae7b15c7 2026-06-28 Revert ""Merge branch 'SAR' into main"" | fa4f169e 2023-12-22 Automatic Standardizing of Code Formatting | fe294cce 2026-06-14 fix: harden runtime hook source queue","Context-sensitive labels, messages, journals, books, or gumps vary within the family.","RuntimeUnknown","Partial","Incorporate","LibraryReference","P3","Medium: substantial combat progression can be discoverable while rules, costs, and controls remain hard to reconstruct.","131 current source file(s) grouped by current path; first 12 plus every direct Player-command source are listed in SourceFiles. Existing inventory is ownership guidance only.","Provide one concise school reference covering access, controls, resource costs, limitations, and safe experimentation without listing secrets.","Explain the school and controls; omit hidden teachers, rare acquisition locations, and puzzle solutions.","A player who has encountered the school can find a persistent in-game reference and identify how to use it safely.","","Boundary census row. Detailed rows carry incorporation work."
"IGD-SYS-magic-misc","SystemBoundary","Magic:Misc","Current source boundary: Magic:Misc","Player","ActiveBySource","Learn or acquire the school, invoke spells or abilities, and use the school-specific spellbook or commands.","Source-defined capability family; current source does not prove live-world placement.","","Data/Scripts/Magic/Misc/AttackSpells.cs;Data/Scripts/Magic/Misc/BaseMagicObject.cs;Data/Scripts/Magic/Misc/IdentifySpell.cs;Data/Scripts/Magic/Misc/MagicalSpell.cs;Data/Scripts/Magic/Misc/MagicCastingItems.cs;Data/Scripts/Magic/Misc/MagicObjectTarget.cs;Data/Scripts/Magic/Misc/RuneMagic.cs;Data/Scripts/Magic/Misc/SummonDragonSpell.cs;Data/Scripts/Magic/Misc/SummonSkeleton.cs;Data/Scripts/Magic/Misc/SummonSnakesSpell.cs;Data/Scripts/Magic/Misc/ThorLightningSpell.cs;Data/Scripts/Magic/Misc/TravelSpell.cs","4 post-baseline commit(s); latest examples: ae7b15c7 2026-06-28 Revert ""Merge branch 'SAR' into main"" | c55016b8 2026-06-08 fix: free magic misc pooled enumerables | fa4f169e 2023-12-22 Automatic Standardizing of Code Formatting","Context-sensitive labels, messages, journals, books, or gumps vary within the family.","RuntimeUnknown","Partial","Incorporate","LibraryReference","P3","Medium: substantial combat progression can be discoverable while rules, costs, and controls remain hard to reconstruct.","12 current source file(s) grouped by current path; first 12 plus every direct Player-command source are listed in SourceFiles. Existing inventory is ownership guidance only.","Provide one concise school reference covering access, controls, resource costs, limitations, and safe experimentation without listing secrets.","Explain the school and controls; omit hidden teachers, rare acquisition locations, and puzzle solutions.","A player who has encountered the school can find a persistent in-game reference and identify how to use it safely.","","Boundary census row. Detailed rows carry incorporation work."
"IGD-SYS-magic-mystic","SystemBoundary","Magic:Mystic","Current source boundary: Magic:Mystic","Player","ActiveBySource","Learn or acquire the school, invoke spells or abilities, and use the school-specific spellbook or commands.","Source-defined capability family; current source does not prove live-world placement.","","Data/Scripts/Magic/Mystic/Gumps/MysticSpellBookGump.cs;Data/Scripts/Magic/Mystic/MysticCommandList.cs;Data/Scripts/Magic/Mystic/MysticMonkRobe.cs;Data/Scripts/Magic/Mystic/MysticPack.cs;Data/Scripts/Magic/Mystic/MysticSpell.cs;Data/Scripts/Magic/Mystic/MysticSpellBook.cs;Data/Scripts/Magic/Mystic/Scrolls/AstralProjectionScroll.cs;Data/Scripts/Magic/Mystic/Scrolls/AstralTravelScroll.cs;Data/Scripts/Magic/Mystic/Scrolls/CreateRobeScroll.cs;Data/Scripts/Magic/Mystic/Scrolls/GentleTouchScroll.cs;Data/Scripts/Magic/Mystic/Scrolls/LeapScroll.cs;Data/Scripts/Magic/Mystic/Scrolls/PsionicBlastScroll.cs","9 post-baseline commit(s); latest examples: cc78babd 2023-11-14 Updated costs for Mystic Spells | e4b11f8d 2025-10-30 Moved GUMPs to their own folders | fa4f169e 2023-12-22 Automatic Standardizing of Code Formatting","Context-sensitive labels, messages, journals, books, or gumps vary within the family.","RuntimeUnknown","Partial","Incorporate","LibraryReference","P3","Medium: substantial combat progression can be discoverable while rules, costs, and controls remain hard to reconstruct.","26 current source file(s) grouped by current path; first 12 plus every direct Player-command source are listed in SourceFiles. Existing inventory is ownership guidance only.","Provide one concise school reference covering access, controls, resource costs, limitations, and safe experimentation without listing secrets.","Explain the school and controls; omit hidden teachers, rare acquisition locations, and puzzle solutions.","A player who has encountered the school can find a persistent in-game reference and identify how to use it safely.","","Boundary census row. Detailed rows carry incorporation work."
"IGD-SYS-magic-necromancy","SystemBoundary","Magic:Necromancy","Current source boundary: Magic:Necromancy","Player","ActiveBySource","Learn or acquire the school, invoke spells or abilities, and use the school-specific spellbook or commands.","Source-defined capability family; current source does not prove live-world placement.","","Data/Scripts/Magic/Necromancy/AnimateDeadSpell.cs;Data/Scripts/Magic/Necromancy/BloodOathSpell.cs;Data/Scripts/Magic/Necromancy/CorpseSkin.cs;Data/Scripts/Magic/Necromancy/CurseWeapon.cs;Data/Scripts/Magic/Necromancy/EvilOmen.cs;Data/Scripts/Magic/Necromancy/Exorcism.cs;Data/Scripts/Magic/Necromancy/HorrificBeast.cs;Data/Scripts/Magic/Necromancy/LichForm.cs;Data/Scripts/Magic/Necromancy/MindRot.cs;Data/Scripts/Magic/Necromancy/NecromancerSpell.cs;Data/Scripts/Magic/Necromancy/NecromancerSpellbook.cs;Data/Scripts/Magic/Necromancy/PainSpike.cs","5 post-baseline commit(s); latest examples: 47544279 2026-06-08 fix: free necromancy pooled enumerables | ae7b15c7 2026-06-28 Revert ""Merge branch 'SAR' into main"" | fa4f169e 2023-12-22 Automatic Standardizing of Code Formatting","Context-sensitive labels, messages, journals, books, or gumps vary within the family.","RuntimeUnknown","Partial","Incorporate","LibraryReference","P3","Medium: substantial combat progression can be discoverable while rules, costs, and controls remain hard to reconstruct.","37 current source file(s) grouped by current path; first 12 plus every direct Player-command source are listed in SourceFiles. Existing inventory is ownership guidance only.","Provide one concise school reference covering access, controls, resource costs, limitations, and safe experimentation without listing secrets.","Explain the school and controls; omit hidden teachers, rare acquisition locations, and puzzle solutions.","A player who has encountered the school can find a persistent in-game reference and identify how to use it safely.","","Boundary census row. Detailed rows carry incorporation work."
"IGD-SYS-magic-ninjitsu","SystemBoundary","Magic:Ninjitsu","Current source boundary: Magic:Ninjitsu","Player","ActiveBySource","Learn or acquire the school, invoke spells or abilities, and use the school-specific spellbook or commands.","Source-defined capability family; current source does not prove live-world placement.","","Data/Scripts/Magic/Ninjitsu/AnimalForm.cs;Data/Scripts/Magic/Ninjitsu/Backstab.cs;Data/Scripts/Magic/Ninjitsu/BookOfNinjitsu.cs;Data/Scripts/Magic/Ninjitsu/DeathStrike.cs;Data/Scripts/Magic/Ninjitsu/FocusAttack.cs;Data/Scripts/Magic/Ninjitsu/KiAttack.cs;Data/Scripts/Magic/Ninjitsu/MirrorImage.cs;Data/Scripts/Magic/Ninjitsu/NinjaMove.cs;Data/Scripts/Magic/Ninjitsu/NinjaSpell.cs;Data/Scripts/Magic/Ninjitsu/ShadowJump.cs;Data/Scripts/Magic/Ninjitsu/SurpriseAttack.cs","9 post-baseline commit(s); latest examples: b678631d 2025-09-13 Fix super slow motion when entering regions that don't allow mounts or magical speed boosts. | c71d8150 2025-10-29 Made current with live shard | fa4f169e 2023-12-22 Automatic Standardizing of Code Formatting","Context-sensitive labels, messages, journals, books, or gumps vary within the family.","RuntimeUnknown","Partial","Incorporate","LibraryReference","P3","Medium: substantial combat progression can be discoverable while rules, costs, and controls remain hard to reconstruct.","11 current source file(s) grouped by current path; first 12 plus every direct Player-command source are listed in SourceFiles. Existing inventory is ownership guidance only.","Provide one concise school reference covering access, controls, resource costs, limitations, and safe experimentation without listing secrets.","Explain the school and controls; omit hidden teachers, rare acquisition locations, and puzzle solutions.","A player who has encountered the school can find a persistent in-game reference and identify how to use it safely.","","Boundary census row. Detailed rows carry incorporation work."
"IGD-SYS-magic-research","SystemBoundary","Magic:Research","Current source boundary: Magic:Research","Player","ActiveBySource","Learn or acquire the school, invoke spells or abilities, and use the school-specific spellbook or commands.","Source-defined capability family; current source does not prove live-world placement.","","Data/Scripts/Magic/Research/AncientSpellBook.cs;Data/Scripts/Magic/Research/Gumps/AncientSpellBookGump.cs;Data/Scripts/Magic/Research/ResearchBag.cs;Data/Scripts/Magic/Research/ResearchCommands.cs;Data/Scripts/Magic/Research/ResearchFunctions.cs;Data/Scripts/Magic/Research/ResearchSpell.cs;Data/Scripts/Magic/Research/Spells/Conjuration/ResearchAerialServant.cs;Data/Scripts/Magic/Research/Spells/Conjuration/ResearchClone.cs;Data/Scripts/Magic/Research/Spells/Conjuration/ResearchConjure.cs;Data/Scripts/Magic/Research/Spells/Conjuration/ResearchCreateGold.cs;Data/Scripts/Magic/Research/Spells/Conjuration/ResearchDeathVortex.cs;Data/Scripts/Magic/Research/Spells/Conjuration/ResearchExtinguish.cs","13 post-baseline commit(s); latest examples: e4b11f8d 2025-10-30 Moved GUMPs to their own folders | fa4f169e 2023-12-22 Automatic Standardizing of Code Formatting | fe294cce 2026-06-14 fix: harden runtime hook source queue","Context-sensitive labels, messages, journals, books, or gumps vary within the family.","RuntimeUnknown","Partial","Incorporate","LibraryReference","P3","Medium: substantial combat progression can be discoverable while rules, costs, and controls remain hard to reconstruct.","70 current source file(s) grouped by current path; first 12 plus every direct Player-command source are listed in SourceFiles. Existing inventory is ownership guidance only.","Provide one concise school reference covering access, controls, resource costs, limitations, and safe experimentation without listing secrets.","Explain the school and controls; omit hidden teachers, rare acquisition locations, and puzzle solutions.","A player who has encountered the school can find a persistent in-game reference and identify how to use it safely.","","Boundary census row. Detailed rows carry incorporation work."
"IGD-SYS-magic-shinobi","SystemBoundary","Magic:Shinobi","Current source boundary: Magic:Shinobi","Player","ActiveBySource","Learn or acquire the school, invoke spells or abilities, and use the school-specific spellbook or commands.","Source-defined capability family; current source does not prove live-world placement.","","Data/Scripts/Magic/Shinobi/ShinobiCommandList.cs;Data/Scripts/Magic/Shinobi/ShinobiScroll.cs;Data/Scripts/Magic/Shinobi/ShinobiSpell.cs;Data/Scripts/Magic/Shinobi/Spells/CheetahPaws.cs;Data/Scripts/Magic/Shinobi/Spells/Deception.cs;Data/Scripts/Magic/Shinobi/Spells/EagleEye.cs;Data/Scripts/Magic/Shinobi/Spells/Espionage.cs;Data/Scripts/Magic/Shinobi/Spells/FerretFlee.cs;Data/Scripts/Magic/Shinobi/Spells/MonkeyLeap.cs;Data/Scripts/Magic/Shinobi/Spells/MysticShuriken.cs;Data/Scripts/Magic/Shinobi/Spells/TigerStrength.cs","6 post-baseline commit(s); latest examples: b678631d 2025-09-13 Fix super slow motion when entering regions that don't allow mounts or magical speed boosts. | c71d8150 2025-10-29 Made current with live shard | fa4f169e 2023-12-22 Automatic Standardizing of Code Formatting","Context-sensitive labels, messages, journals, books, or gumps vary within the family.","RuntimeUnknown","Partial","Incorporate","LibraryReference","P3","Medium: substantial combat progression can be discoverable while rules, costs, and controls remain hard to reconstruct.","11 current source file(s) grouped by current path; first 12 plus every direct Player-command source are listed in SourceFiles. Existing inventory is ownership guidance only.","Provide one concise school reference covering access, controls, resource costs, limitations, and safe experimentation without listing secrets.","Explain the school and controls; omit hidden teachers, rare acquisition locations, and puzzle solutions.","A player who has encountered the school can find a persistent in-game reference and identify how to use it safely.","","Boundary census row. Detailed rows carry incorporation work."
"IGD-SYS-magic-syth","SystemBoundary","Magic:Syth","Current source boundary: Magic:Syth","Player","ActiveBySource","Learn or acquire the school, invoke spells or abilities, and use the school-specific spellbook or commands.","Source-defined capability family; current source does not prove live-world placement.","","Data/Scripts/Magic/Syth/Gumps/SythSpellBookGump.cs;Data/Scripts/Magic/Syth/HellShard.cs;Data/Scripts/Magic/Syth/Spells/Absorption.cs;Data/Scripts/Magic/Syth/Spells/Clone.cs;Data/Scripts/Magic/Syth/Spells/DeathGrip.cs;Data/Scripts/Magic/Syth/Spells/DrainLife.cs;Data/Scripts/Magic/Syth/Spells/Projection.cs;Data/Scripts/Magic/Syth/Spells/PsychicBlast.cs;Data/Scripts/Magic/Syth/Spells/Psychokinesis.cs;Data/Scripts/Magic/Syth/Spells/Speed.cs;Data/Scripts/Magic/Syth/Spells/SythLightning.cs;Data/Scripts/Magic/Syth/Spells/ThrowSword.cs","9 post-baseline commit(s); latest examples: dc81f370 2023-11-14 Update SythSpell.cs | e4b11f8d 2025-10-30 Moved GUMPs to their own folders | fa4f169e 2023-12-22 Automatic Standardizing of Code Formatting","Context-sensitive labels, messages, journals, books, or gumps vary within the family.","RuntimeUnknown","Partial","Incorporate","LibraryReference","P3","Medium: substantial combat progression can be discoverable while rules, costs, and controls remain hard to reconstruct.","16 current source file(s) grouped by current path; first 12 plus every direct Player-command source are listed in SourceFiles. Existing inventory is ownership guidance only.","Provide one concise school reference covering access, controls, resource costs, limitations, and safe experimentation without listing secrets.","Explain the school and controls; omit hidden teachers, rare acquisition locations, and puzzle solutions.","A player who has encountered the school can find a persistent in-game reference and identify how to use it safely.","","Boundary census row. Detailed rows carry incorporation work."
"IGD-SYS-magic-witch","SystemBoundary","Magic:Witch","Current source boundary: Magic:Witch","Player","ActiveBySource","Learn or acquire the school, invoke spells or abilities, and use the school-specific spellbook or commands.","Source-defined capability family; current source does not prove live-world placement.","","Data/Scripts/Magic/Witch/BookWitchBrewing.cs;Data/Scripts/Magic/Witch/Effects/BloodPact.cs;Data/Scripts/Magic/Witch/Effects/CurePoison.cs;Data/Scripts/Magic/Witch/Effects/GhostlyImages.cs;Data/Scripts/Magic/Witch/Effects/GhostPhase.cs;Data/Scripts/Magic/Witch/Effects/GraveyardGateway.cs;Data/Scripts/Magic/Witch/Effects/HellsBrand.cs;Data/Scripts/Magic/Witch/Effects/HellsGate.cs;Data/Scripts/Magic/Witch/Effects/ManaLeech.cs;Data/Scripts/Magic/Witch/Effects/NecroPoison.cs;Data/Scripts/Magic/Witch/Effects/NecroUnlock.cs;Data/Scripts/Magic/Witch/Effects/Phantasm.cs","5 post-baseline commit(s); latest examples: 5ffacd9b 2026-06-14 fix: harden gump guard source queue | ae7b15c7 2026-06-28 Revert ""Merge branch 'SAR' into main"" | fa4f169e 2023-12-22 Automatic Standardizing of Code Formatting","Context-sensitive labels, messages, journals, books, or gumps vary within the family.","RuntimeUnknown","Partial","Incorporate","LibraryReference","P3","Medium: substantial combat progression can be discoverable while rules, costs, and controls remain hard to reconstruct.","20 current source file(s) grouped by current path; first 12 plus every direct Player-command source are listed in SourceFiles. Existing inventory is ownership guidance only.","Provide one concise school reference covering access, controls, resource costs, limitations, and safe experimentation without listing secrets.","Explain the school and controls; omit hidden teachers, rare acquisition locations, and puzzle solutions.","A player who has encountered the school can find a persistent in-game reference and identify how to use it safely.","","Boundary census row. Detailed rows carry incorporation work."
"IGD-SYS-mobiles-animals","SystemBoundary","Mobiles:Animals","Current source boundary: Mobiles:Animals","Player","ActiveBySource","Varies by item use, speech, movement, combat, crafting, quest, vendor, region, or command.","Source-defined capability family; current source does not prove live-world placement.","","Data/Scripts/Mobiles/Animals/Bears/BlackBear.cs;Data/Scripts/Mobiles/Animals/Bears/BrownBear.cs;Data/Scripts/Mobiles/Animals/Bears/CaveBearRiding.cs;Data/Scripts/Mobiles/Animals/Bears/DireBear.cs;Data/Scripts/Mobiles/Animals/Bears/ElderBlackBearRiding.cs;Data/Scripts/Mobiles/Animals/Bears/ElderBrownBearRiding.cs;Data/Scripts/Mobiles/Animals/Bears/ElderPolarBearRiding.cs;Data/Scripts/Mobiles/Animals/Bears/GreatBear.cs;Data/Scripts/Mobiles/Animals/Bears/GrizzlyBearRiding.cs;Data/Scripts/Mobiles/Animals/Bears/KodiakBear.cs;Data/Scripts/Mobiles/Animals/Bears/Owlbear.cs;Data/Scripts/Mobiles/Animals/Bears/PackBear.cs","5 post-baseline commit(s); latest examples: ae7b15c7 2026-06-28 Revert ""Merge branch 'SAR' into main"" | b069a727 2026-06-08 fix: free animal pooled enumerables | fa4f169e 2023-12-22 Automatic Standardizing of Code Formatting","Context-sensitive labels, messages, journals, books, or gumps vary within the family.","RuntimeUnknown","IntentionalDiscovery","NoDocumentationNeeded","ContextualFeedback","P4","Low for ordinary item or creature variants governed by a documented shared mechanic.","129 current source file(s) grouped by current path; first 12 plus every direct Player-command source are listed in SourceFiles. Existing inventory is ownership guidance only.","Treat this content family as grouped variants. Document only its unique, costly, persistent, destructive, authority, or undiscoverable interactions separately.","Do not enumerate ordinary content variants or reveal locations and solutions.","Confirm each distinct mechanic is represented by a detailed capability or canonical-topic row; sample ordinary variants for self-explanatory feedback.","","Explicit exclusion for ordinary content variants; unique mechanics are separate rows."
"IGD-SYS-mobiles-base","SystemBoundary","Mobiles:Base","Current source boundary: Mobiles:Base","Player","ActiveBySource","Varies by item use, speech, movement, combat, crafting, quest, vendor, region, or command.","Source-defined capability family; current source does not prove live-world placement.","","Data/Scripts/Mobiles/Base/AnimalBuy.cs;Data/Scripts/Mobiles/Base/BaseCreature.cs;Data/Scripts/Mobiles/Base/BaseFamiliar.cs;Data/Scripts/Mobiles/Base/BaseGuildmaster.cs;Data/Scripts/Mobiles/Base/BaseHealer.cs;Data/Scripts/Mobiles/Base/BaseMount.cs;Data/Scripts/Mobiles/Base/BaseNPC.cs;Data/Scripts/Mobiles/Base/BasePerson.cs;Data/Scripts/Mobiles/Base/BaseVendor.cs;Data/Scripts/Mobiles/Base/Behavior.cs;Data/Scripts/Mobiles/Base/BeverageBuy.cs;Data/Scripts/Mobiles/Base/DropRelic.cs","53 post-baseline commit(s); latest examples: f59aed8b 2024-03-18 Update StoreSalesList.cs | fa4f169e 2023-12-22 Automatic Standardizing of Code Formatting | fd24cc43 2023-11-16 Soul Lantern & Holy Symbol Update","Context-sensitive labels, messages, journals, books, or gumps vary within the family.","RuntimeUnknown","IntentionalDiscovery","NoDocumentationNeeded","ContextualFeedback","P4","Low for ordinary item or creature variants governed by a documented shared mechanic.","23 current source file(s) grouped by current path; first 12 plus every direct Player-command source are listed in SourceFiles. Existing inventory is ownership guidance only.","Treat this content family as grouped variants. Document only its unique, costly, persistent, destructive, authority, or undiscoverable interactions separately.","Do not enumerate ordinary content variants or reveal locations and solutions.","Confirm each distinct mechanic is represented by a detailed capability or canonical-topic row; sample ordinary variants for self-explanatory feedback.","","Explicit exclusion for ordinary content variants; unique mechanics are separate rows."
"IGD-SYS-mobiles-civilized","SystemBoundary","Mobiles:Civilized","Current source boundary: Mobiles:Civilized","Player","ActiveBySource","Varies by item use, speech, movement, combat, crafting, quest, vendor, region, or command.","Source-defined capability family; current source does not prove live-world placement.","","Data/Scripts/Mobiles/Civilized/Actions.cs;Data/Scripts/Mobiles/Civilized/Chuckles.cs;Data/Scripts/Mobiles/Civilized/Citizens/Adventurers.cs;Data/Scripts/Mobiles/Civilized/Citizens/Citizens.cs;Data/Scripts/Mobiles/Civilized/Citizens/DragonRider.cs;Data/Scripts/Mobiles/Civilized/Citizens/HouseVisitor.cs;Data/Scripts/Mobiles/Civilized/Citizens/Humanoid.cs;Data/Scripts/Mobiles/Civilized/Citizens/MeetingPets.cs;Data/Scripts/Mobiles/Civilized/Citizens/MeetingSpots.cs;Data/Scripts/Mobiles/Civilized/Citizens/TavernPatron.cs;Data/Scripts/Mobiles/Civilized/Citizens/TavernPatrons.cs;Data/Scripts/Mobiles/Civilized/Citizens/TradesmanAlchemist.cs","11 post-baseline commit(s); latest examples: c1d77247 2024-06-05 Update ShardGreeter.cs | fa4f169e 2023-12-22 Automatic Standardizing of Code Formatting | fe294cce 2026-06-14 fix: harden runtime hook source queue","Context-sensitive labels, messages, journals, books, or gumps vary within the family.","RuntimeUnknown","IntentionalDiscovery","NoDocumentationNeeded","ContextualFeedback","P4","Low for ordinary item or creature variants governed by a documented shared mechanic.","175 current source file(s) grouped by current path; first 12 plus every direct Player-command source are listed in SourceFiles. Existing inventory is ownership guidance only.","Treat this content family as grouped variants. Document only its unique, costly, persistent, destructive, authority, or undiscoverable interactions separately.","Do not enumerate ordinary content variants or reveal locations and solutions.","Confirm each distinct mechanic is represented by a detailed capability or canonical-topic row; sample ordinary variants for self-explanatory feedback.","","Explicit exclusion for ordinary content variants; unique mechanics are separate rows."
"IGD-SYS-mobiles-constructs","SystemBoundary","Mobiles:Constructs","Current source boundary: Mobiles:Constructs","Player","ActiveBySource","Varies by item use, speech, movement, combat, crafting, quest, vendor, region, or command.","Source-defined capability family; current source does not prove live-world placement.","","Data/Scripts/Mobiles/Constructs/Alien/BattleDroid.cs;Data/Scripts/Mobiles/Constructs/Alien/CombatDroid.cs;Data/Scripts/Mobiles/Constructs/Alien/ExcavationDroid.cs;Data/Scripts/Mobiles/Constructs/Alien/MaintenanceDroid.cs;Data/Scripts/Mobiles/Constructs/Alien/Mutant.cs;Data/Scripts/Mobiles/Constructs/Alien/SecurityDroid.cs;Data/Scripts/Mobiles/Constructs/Alien/ServiceDroid.cs;Data/Scripts/Mobiles/Constructs/Golems/AncientFleshGolem.cs;Data/Scripts/Mobiles/Constructs/Golems/BoneGolem.cs;Data/Scripts/Mobiles/Constructs/Golems/CaddelliteGolem.cs;Data/Scripts/Mobiles/Constructs/Golems/FleshGolem.cs;Data/Scripts/Mobiles/Constructs/Golems/Golem.cs","5 post-baseline commit(s); latest examples: 379424d7 2026-06-08 fix: free construct mobile pooled enumerables | ae7b15c7 2026-06-28 Revert ""Merge branch 'SAR' into main"" | fa4f169e 2023-12-22 Automatic Standardizing of Code Formatting","Context-sensitive labels, messages, journals, books, or gumps vary within the family.","RuntimeUnknown","IntentionalDiscovery","NoDocumentationNeeded","ContextualFeedback","P4","Low for ordinary item or creature variants governed by a documented shared mechanic.","31 current source file(s) grouped by current path; first 12 plus every direct Player-command source are listed in SourceFiles. Existing inventory is ownership guidance only.","Treat this content family as grouped variants. Document only its unique, costly, persistent, destructive, authority, or undiscoverable interactions separately.","Do not enumerate ordinary content variants or reveal locations and solutions.","Confirm each distinct mechanic is represented by a detailed capability or canonical-topic row; sample ordinary variants for self-explanatory feedback.","","Explicit exclusion for ordinary content variants; unique mechanics are separate rows."
"IGD-SYS-mobiles-daemons","SystemBoundary","Mobiles:Daemons","Current source boundary: Mobiles:Daemons","Player","ActiveBySource","Varies by item use, speech, movement, combat, crafting, quest, vendor, region, or command.","Source-defined capability family; current source does not prove live-world placement.","","Data/Scripts/Mobiles/Daemons/AbysmalDaemon.cs;Data/Scripts/Mobiles/Daemons/Afreet.cs;Data/Scripts/Mobiles/Daemons/Archfiend.cs;Data/Scripts/Mobiles/Daemons/Balron.cs;Data/Scripts/Mobiles/Daemons/BlackGateDemon.cs;Data/Scripts/Mobiles/Daemons/BloodDemigod.cs;Data/Scripts/Mobiles/Daemons/BloodDemon.cs;Data/Scripts/Mobiles/Daemons/BoneDemon.cs;Data/Scripts/Mobiles/Daemons/ClassicBalron.cs;Data/Scripts/Mobiles/Daemons/ClassicDaemon.cs;Data/Scripts/Mobiles/Daemons/Daemon.cs;Data/Scripts/Mobiles/Daemons/DaemonTemplate.cs","5 post-baseline commit(s); latest examples: ae7b15c7 2026-06-28 Revert ""Merge branch 'SAR' into main"" | dd642181 2026-06-08 fix: free daemon mobile pooled enumerables | fa4f169e 2023-12-22 Automatic Standardizing of Code Formatting","Context-sensitive labels, messages, journals, books, or gumps vary within the family.","RuntimeUnknown","IntentionalDiscovery","NoDocumentationNeeded","ContextualFeedback","P4","Low for ordinary item or creature variants governed by a documented shared mechanic.","32 current source file(s) grouped by current path; first 12 plus every direct Player-command source are listed in SourceFiles. Existing inventory is ownership guidance only.","Treat this content family as grouped variants. Document only its unique, costly, persistent, destructive, authority, or undiscoverable interactions separately.","Do not enumerate ordinary content variants or reveal locations and solutions.","Confirm each distinct mechanic is represented by a detailed capability or canonical-topic row; sample ordinary variants for self-explanatory feedback.","","Explicit exclusion for ordinary content variants; unique mechanics are separate rows."
"IGD-SYS-mobiles-dragons","SystemBoundary","Mobiles:Dragons","Current source boundary: Mobiles:Dragons","Player","ActiveBySource","Varies by item use, speech, movement, combat, crafting, quest, vendor, region, or command.","Source-defined capability family; current source does not prove live-world placement.","","Data/Scripts/Mobiles/Dragons/Dragonogre.cs;Data/Scripts/Mobiles/Dragons/Dragons/AsianDragon.cs;Data/Scripts/Mobiles/Dragons/Dragons/DragonGolem.cs;Data/Scripts/Mobiles/Dragons/Dragons/Dragons.cs;Data/Scripts/Mobiles/Dragons/Dragons/Dragoon.cs;Data/Scripts/Mobiles/Dragons/Dragons/GemDragons.cs;Data/Scripts/Mobiles/Dragons/Dragons/RidingDragon.cs;Data/Scripts/Mobiles/Dragons/Dragons/SeaDragon.cs;Data/Scripts/Mobiles/Dragons/DragonTurtle.cs;Data/Scripts/Mobiles/Dragons/Drakes/AbysmalDrake.cs;Data/Scripts/Mobiles/Dragons/Drakes/AncientDrake.cs;Data/Scripts/Mobiles/Dragons/Drakes/Drake.cs","5 post-baseline commit(s); latest examples: 365c4a54 2024-03-18 TestServer Merged into Main | ae7b15c7 2026-06-28 Revert ""Merge branch 'SAR' into main"" | fa4f169e 2023-12-22 Automatic Standardizing of Code Formatting","Context-sensitive labels, messages, journals, books, or gumps vary within the family.","RuntimeUnknown","IntentionalDiscovery","NoDocumentationNeeded","ContextualFeedback","P4","Low for ordinary item or creature variants governed by a documented shared mechanic.","52 current source file(s) grouped by current path; first 12 plus every direct Player-command source are listed in SourceFiles. Existing inventory is ownership guidance only.","Treat this content family as grouped variants. Document only its unique, costly, persistent, destructive, authority, or undiscoverable interactions separately.","Do not enumerate ordinary content variants or reveal locations and solutions.","Confirm each distinct mechanic is represented by a detailed capability or canonical-topic row; sample ordinary variants for self-explanatory feedback.","","Explicit exclusion for ordinary content variants; unique mechanics are separate rows."
"IGD-SYS-mobiles-elementals","SystemBoundary","Mobiles:Elementals","Current source boundary: Mobiles:Elementals","Player","ActiveBySource","Varies by item use, speech, movement, combat, crafting, quest, vendor, region, or command.","Source-defined capability family; current source does not prove live-world placement.","","Data/Scripts/Mobiles/Elementals/CrystalGoliath.cs;Data/Scripts/Mobiles/Elementals/Efreet.cs;Data/Scripts/Mobiles/Elementals/Elementals/AirElemental.cs;Data/Scripts/Mobiles/Elementals/Elementals/AnyElemental.cs;Data/Scripts/Mobiles/Elementals/Elementals/AnyGemElemental.cs;Data/Scripts/Mobiles/Elementals/Elementals/BloodElemental.cs;Data/Scripts/Mobiles/Elementals/Elementals/CinderElemental.cs;Data/Scripts/Mobiles/Elementals/Elementals/DeepWaterElemental.cs;Data/Scripts/Mobiles/Elementals/Elementals/DriftwoodElemental.cs;Data/Scripts/Mobiles/Elementals/Elementals/DustElemental.cs;Data/Scripts/Mobiles/Elementals/Elementals/ElectricalElemental.cs;Data/Scripts/Mobiles/Elementals/Elementals/FireElemental.cs","5 post-baseline commit(s); latest examples: 4a6d534f 2026-06-08 fix: free elemental mobile pooled enumerables | ae7b15c7 2026-06-28 Revert ""Merge branch 'SAR' into main"" | fa4f169e 2023-12-22 Automatic Standardizing of Code Formatting","Context-sensitive labels, messages, journals, books, or gumps vary within the family.","RuntimeUnknown","IntentionalDiscovery","NoDocumentationNeeded","ContextualFeedback","P4","Low for ordinary item or creature variants governed by a documented shared mechanic.","66 current source file(s) grouped by current path; first 12 plus every direct Player-command source are listed in SourceFiles. Existing inventory is ownership guidance only.","Treat this content family as grouped variants. Document only its unique, costly, persistent, destructive, authority, or undiscoverable interactions separately.","Do not enumerate ordinary content variants or reveal locations and solutions.","Confirm each distinct mechanic is represented by a detailed capability or canonical-topic row; sample ordinary variants for self-explanatory feedback.","","Explicit exclusion for ordinary content variants; unique mechanics are separate rows."
"IGD-SYS-mobiles-gargoyles","SystemBoundary","Mobiles:Gargoyles","Current source boundary: Mobiles:Gargoyles","Player","ActiveBySource","Varies by item use, speech, movement, combat, crafting, quest, vendor, region, or command.","Source-defined capability family; current source does not prove live-world placement.","","Data/Scripts/Mobiles/Gargoyles/AncientGargoyle.cs;Data/Scripts/Mobiles/Gargoyles/CosmicGargoyle.cs;Data/Scripts/Mobiles/Gargoyles/FireGargoyle.cs;Data/Scripts/Mobiles/Gargoyles/Gargoyle.cs;Data/Scripts/Mobiles/Gargoyles/GargoyleAmethyst.cs;Data/Scripts/Mobiles/Gargoyles/GargoyleEmerald.cs;Data/Scripts/Mobiles/Gargoyles/GargoyleMarble.cs;Data/Scripts/Mobiles/Gargoyles/GargoyleOnyx.cs;Data/Scripts/Mobiles/Gargoyles/GargoyleRuby.cs;Data/Scripts/Mobiles/Gargoyles/GargoyleSapphire.cs;Data/Scripts/Mobiles/Gargoyles/GargoyleWarrior.cs;Data/Scripts/Mobiles/Gargoyles/MutantGargoyle.cs","1 post-baseline commit(s); latest examples: fa4f169e 2023-12-22 Automatic Standardizing of Code Formatting","Context-sensitive labels, messages, journals, books, or gumps vary within the family.","RuntimeUnknown","IntentionalDiscovery","NoDocumentationNeeded","ContextualFeedback","P4","Low for ordinary item or creature variants governed by a documented shared mechanic.","15 current source file(s) grouped by current path; first 12 plus every direct Player-command source are listed in SourceFiles. Existing inventory is ownership guidance only.","Treat this content family as grouped variants. Document only its unique, costly, persistent, destructive, authority, or undiscoverable interactions separately.","Do not enumerate ordinary content variants or reveal locations and solutions.","Confirm each distinct mechanic is represented by a detailed capability or canonical-topic row; sample ordinary variants for self-explanatory feedback.","","Explicit exclusion for ordinary content variants; unique mechanics are separate rows."
"IGD-SYS-mobiles-goliaths","SystemBoundary","Mobiles:Goliaths","Current source boundary: Mobiles:Goliaths","Player","ActiveBySource","Varies by item use, speech, movement, combat, crafting, quest, vendor, region, or command.","Source-defined capability family; current source does not prove live-world placement.","","Data/Scripts/Mobiles/Goliaths/Cyclops/AncientCyclops.cs;Data/Scripts/Mobiles/Goliaths/Cyclops/Cyclops.cs;Data/Scripts/Mobiles/Goliaths/Cyclops/ShamanicCyclops.cs;Data/Scripts/Mobiles/Goliaths/Ettins/AncientEttin.cs;Data/Scripts/Mobiles/Goliaths/Ettins/ArcticEttin.cs;Data/Scripts/Mobiles/Goliaths/Ettins/Ettin.cs;Data/Scripts/Mobiles/Goliaths/Ettins/EttinShaman.cs;Data/Scripts/Mobiles/Goliaths/Giants/AbyssGiant.cs;Data/Scripts/Mobiles/Goliaths/Giants/CloudGiant.cs;Data/Scripts/Mobiles/Goliaths/Giants/DeepSeaGiant.cs;Data/Scripts/Mobiles/Goliaths/Giants/FireGiant.cs;Data/Scripts/Mobiles/Goliaths/Giants/ForestGiant.cs","2 post-baseline commit(s); latest examples: 365c4a54 2024-03-18 TestServer Merged into Main | fa4f169e 2023-12-22 Automatic Standardizing of Code Formatting","Context-sensitive labels, messages, journals, books, or gumps vary within the family.","RuntimeUnknown","IntentionalDiscovery","NoDocumentationNeeded","ContextualFeedback","P4","Low for ordinary item or creature variants governed by a documented shared mechanic.","41 current source file(s) grouped by current path; first 12 plus every direct Player-command source are listed in SourceFiles. Existing inventory is ownership guidance only.","Treat this content family as grouped variants. Document only its unique, costly, persistent, destructive, authority, or undiscoverable interactions separately.","Do not enumerate ordinary content variants or reveal locations and solutions.","Confirm each distinct mechanic is represented by a detailed capability or canonical-topic row; sample ordinary variants for self-explanatory feedback.","","Explicit exclusion for ordinary content variants; unique mechanics are separate rows."
"IGD-SYS-mobiles-hellish","SystemBoundary","Mobiles:Hellish","Current source boundary: Mobiles:Hellish","Player","ActiveBySource","Varies by item use, speech, movement, combat, crafting, quest, vendor, region, or command.","Source-defined capability family; current source does not prove live-world placement.","","Data/Scripts/Mobiles/Hellish/AncientNightmareRiding.cs;Data/Scripts/Mobiles/Hellish/Cerberus.cs;Data/Scripts/Mobiles/Hellish/Chimera.cs;Data/Scripts/Mobiles/Hellish/DarkHound.cs;Data/Scripts/Mobiles/Hellish/DemonDog.cs;Data/Scripts/Mobiles/Hellish/FireSteed.cs;Data/Scripts/Mobiles/Hellish/HellBeast.cs;Data/Scripts/Mobiles/Hellish/HellHound.cs;Data/Scripts/Mobiles/Hellish/HordeMinion.cs;Data/Scripts/Mobiles/Hellish/ManticoreRiding.cs;Data/Scripts/Mobiles/Hellish/Nightmare.cs;Data/Scripts/Mobiles/Hellish/ShadowFiend.cs","5 post-baseline commit(s); latest examples: 365c4a54 2024-03-18 TestServer Merged into Main | ae7b15c7 2026-06-28 Revert ""Merge branch 'SAR' into main"" | fa4f169e 2023-12-22 Automatic Standardizing of Code Formatting","Context-sensitive labels, messages, journals, books, or gumps vary within the family.","RuntimeUnknown","IntentionalDiscovery","NoDocumentationNeeded","ContextualFeedback","P4","Low for ordinary item or creature variants governed by a documented shared mechanic.","13 current source file(s) grouped by current path; first 12 plus every direct Player-command source are listed in SourceFiles. Existing inventory is ownership guidance only.","Treat this content family as grouped variants. Document only its unique, costly, persistent, destructive, authority, or undiscoverable interactions separately.","Do not enumerate ordinary content variants or reveal locations and solutions.","Confirm each distinct mechanic is represented by a detailed capability or canonical-topic row; sample ordinary variants for self-explanatory feedback.","","Explicit exclusion for ordinary content variants; unique mechanics are separate rows."
"IGD-SYS-mobiles-humanoids","SystemBoundary","Mobiles:Humanoids","Current source boundary: Mobiles:Humanoids","Player","ActiveBySource","Varies by item use, speech, movement, combat, crafting, quest, vendor, region, or command.","Source-defined capability family; current source does not prove live-world placement.","","Data/Scripts/Mobiles/Humanoids/Aliens/BombWorshipper.cs;Data/Scripts/Mobiles/Humanoids/Aliens/Jedi.cs;Data/Scripts/Mobiles/Humanoids/Aliens/Psionicist.cs;Data/Scripts/Mobiles/Humanoids/Aliens/SavageAlien.cs;Data/Scripts/Mobiles/Humanoids/Aliens/Syth.cs;Data/Scripts/Mobiles/Humanoids/Ambroz/AbrozChieftain.cs;Data/Scripts/Mobiles/Humanoids/Ambroz/AbrozShaman.cs;Data/Scripts/Mobiles/Humanoids/Ambroz/AbrozWarrior.cs;Data/Scripts/Mobiles/Humanoids/Bugbear.cs;Data/Scripts/Mobiles/Humanoids/Drakkul/Drakkul.cs;Data/Scripts/Mobiles/Humanoids/Drakkul/DrakkulChief.cs;Data/Scripts/Mobiles/Humanoids/Drakkul/DrakkulMage.cs","6 post-baseline commit(s); latest examples: ae7b15c7 2026-06-28 Revert ""Merge branch 'SAR' into main"" | fa4f169e 2023-12-22 Automatic Standardizing of Code Formatting | fe294cce 2026-06-14 fix: harden runtime hook source queue","Context-sensitive labels, messages, journals, books, or gumps vary within the family.","RuntimeUnknown","IntentionalDiscovery","NoDocumentationNeeded","ContextualFeedback","P4","Low for ordinary item or creature variants governed by a documented shared mechanic.","181 current source file(s) grouped by current path; first 12 plus every direct Player-command source are listed in SourceFiles. Existing inventory is ownership guidance only.","Treat this content family as grouped variants. Document only its unique, costly, persistent, destructive, authority, or undiscoverable interactions separately.","Do not enumerate ordinary content variants or reveal locations and solutions.","Confirm each distinct mechanic is represented by a detailed capability or canonical-topic row; sample ordinary variants for self-explanatory feedback.","","Explicit exclusion for ordinary content variants; unique mechanics are separate rows."
"IGD-SYS-mobiles-insects","SystemBoundary","Mobiles:Insects","Current source boundary: Mobiles:Insects","Player","ActiveBySource","Varies by item use, speech, movement, combat, crafting, quest, vendor, region, or command.","Source-defined capability family; current source does not prove live-world placement.","","Data/Scripts/Mobiles/Insects/Aliens/Alien.cs;Data/Scripts/Mobiles/Insects/Aliens/AlienSmall.cs;Data/Scripts/Mobiles/Insects/Aliens/AlienSpider.cs;Data/Scripts/Mobiles/Insects/Aliens/Shaclaw.cs;Data/Scripts/Mobiles/Insects/Anhkheg.cs;Data/Scripts/Mobiles/Insects/Ants/AntaurKing.cs;Data/Scripts/Mobiles/Insects/Ants/AntaurProgenitor.cs;Data/Scripts/Mobiles/Insects/Ants/AntaurSoldier.cs;Data/Scripts/Mobiles/Insects/Ants/AntaurWorker.cs;Data/Scripts/Mobiles/Insects/Ants/AntLion.cs;Data/Scripts/Mobiles/Insects/Beetles/Beetle.cs;Data/Scripts/Mobiles/Insects/Beetles/DeathWatchBeetle.cs","6 post-baseline commit(s); latest examples: ef78c5db 2026-06-08 fix: free insect mobile pooled enumerables | fa4f169e 2023-12-22 Automatic Standardizing of Code Formatting | fe294cce 2026-06-14 fix: harden runtime hook source queue","Context-sensitive labels, messages, journals, books, or gumps vary within the family.","RuntimeUnknown","IntentionalDiscovery","NoDocumentationNeeded","ContextualFeedback","P4","Low for ordinary item or creature variants governed by a documented shared mechanic.","41 current source file(s) grouped by current path; first 12 plus every direct Player-command source are listed in SourceFiles. Existing inventory is ownership guidance only.","Treat this content family as grouped variants. Document only its unique, costly, persistent, destructive, authority, or undiscoverable interactions separately.","Do not enumerate ordinary content variants or reveal locations and solutions.","Confirm each distinct mechanic is represented by a detailed capability or canonical-topic row; sample ordinary variants for self-explanatory feedback.","","Explicit exclusion for ordinary content variants; unique mechanics are separate rows."
"IGD-SYS-mobiles-mystical","SystemBoundary","Mobiles:Mystical","Current source boundary: Mobiles:Mystical","Player","ActiveBySource","Varies by item use, speech, movement, combat, crafting, quest, vendor, region, or command.","Source-defined capability family; current source does not prove live-world placement.","","Data/Scripts/Mobiles/Mystical/AncientSphinx.cs;Data/Scripts/Mobiles/Mystical/Angel.cs;Data/Scripts/Mobiles/Mystical/Archangel.cs;Data/Scripts/Mobiles/Mystical/Centaur.cs;Data/Scripts/Mobiles/Mystical/CorruptCentaur.cs;Data/Scripts/Mobiles/Mystical/CuSidhe.cs;Data/Scripts/Mobiles/Mystical/DarkUnicornRiding.cs;Data/Scripts/Mobiles/Mystical/DarkWisp.cs;Data/Scripts/Mobiles/Mystical/Dreadhorn.cs;Data/Scripts/Mobiles/Mystical/EtherealWarrior.cs;Data/Scripts/Mobiles/Mystical/Faerie.cs;Data/Scripts/Mobiles/Mystical/GriffonRiding.cs","9 post-baseline commit(s); latest examples: f0acc5d1 2025-09-08 Update PegasusRiding.cs | fa4f169e 2023-12-22 Automatic Standardizing of Code Formatting | fe294cce 2026-06-14 fix: harden runtime hook source queue","Context-sensitive labels, messages, journals, books, or gumps vary within the family.","RuntimeUnknown","IntentionalDiscovery","NoDocumentationNeeded","ContextualFeedback","P4","Low for ordinary item or creature variants governed by a documented shared mechanic.","33 current source file(s) grouped by current path; first 12 plus every direct Player-command source are listed in SourceFiles. Existing inventory is ownership guidance only.","Treat this content family as grouped variants. Document only its unique, costly, persistent, destructive, authority, or undiscoverable interactions separately.","Do not enumerate ordinary content variants or reveal locations and solutions.","Confirm each distinct mechanic is represented by a detailed capability or canonical-topic row; sample ordinary variants for self-explanatory feedback.","","Explicit exclusion for ordinary content variants; unique mechanics are separate rows."
"IGD-SYS-mobiles-plants","SystemBoundary","Mobiles:Plants","Current source boundary: Mobiles:Plants","Player","ActiveBySource","Varies by item use, speech, movement, combat, crafting, quest, vendor, region, or command.","Source-defined capability family; current source does not prove live-world placement.","","Data/Scripts/Mobiles/Plants/AncientEnt.cs;Data/Scripts/Mobiles/Plants/AncientReaper.cs;Data/Scripts/Mobiles/Plants/BloodLotus.cs;Data/Scripts/Mobiles/Plants/Bogling.cs;Data/Scripts/Mobiles/Plants/BogThing.cs;Data/Scripts/Mobiles/Plants/Corpser.cs;Data/Scripts/Mobiles/Plants/CreepingFungus.cs;Data/Scripts/Mobiles/Plants/DeadReaper.cs;Data/Scripts/Mobiles/Plants/Ent.cs;Data/Scripts/Mobiles/Plants/EvilEnt.cs;Data/Scripts/Mobiles/Plants/Fungal.cs;Data/Scripts/Mobiles/Plants/FungalMage.cs","4 post-baseline commit(s); latest examples: a5723d17 2026-06-08 fix: free plant mobile pooled enumerables | ae7b15c7 2026-06-28 Revert ""Merge branch 'SAR' into main"" | fa4f169e 2023-12-22 Automatic Standardizing of Code Formatting","Context-sensitive labels, messages, journals, books, or gumps vary within the family.","RuntimeUnknown","IntentionalDiscovery","NoDocumentationNeeded","ContextualFeedback","P4","Low for ordinary item or creature variants governed by a documented shared mechanic.","21 current source file(s) grouped by current path; first 12 plus every direct Player-command source are listed in SourceFiles. Existing inventory is ownership guidance only.","Treat this content family as grouped variants. Document only its unique, costly, persistent, destructive, authority, or undiscoverable interactions separately.","Do not enumerate ordinary content variants or reveal locations and solutions.","Confirm each distinct mechanic is represented by a detailed capability or canonical-topic row; sample ordinary variants for self-explanatory feedback.","","Explicit exclusion for ordinary content variants; unique mechanics are separate rows."
"IGD-SYS-mobiles-races","SystemBoundary","Mobiles:Races","Current source boundary: Mobiles:Races","Player","ActiveBySource","Varies by item use, speech, movement, combat, crafting, quest, vendor, region, or command.","Source-defined capability family; current source does not prove live-world placement.","","Data/Scripts/Mobiles/Races/BaseRace.cs;Data/Scripts/Mobiles/Races/NPCRace.cs;Data/Scripts/Mobiles/Races/RacePotions.cs","1 post-baseline commit(s); latest examples: fa4f169e 2023-12-22 Automatic Standardizing of Code Formatting","Context-sensitive labels, messages, journals, books, or gumps vary within the family.","RuntimeUnknown","IntentionalDiscovery","NoDocumentationNeeded","ContextualFeedback","P4","Low for ordinary item or creature variants governed by a documented shared mechanic.","3 current source file(s) grouped by current path; first 12 plus every direct Player-command source are listed in SourceFiles. Existing inventory is ownership guidance only.","Treat this content family as grouped variants. Document only its unique, costly, persistent, destructive, authority, or undiscoverable interactions separately.","Do not enumerate ordinary content variants or reveal locations and solutions.","Confirm each distinct mechanic is represented by a detailed capability or canonical-topic row; sample ordinary variants for self-explanatory feedback.","","Explicit exclusion for ordinary content variants; unique mechanics are separate rows."
"IGD-SYS-mobiles-reptilian","SystemBoundary","Mobiles:Reptilian","Current source boundary: Mobiles:Reptilian","Player","ActiveBySource","Varies by item use, speech, movement, combat, crafting, quest, vendor, region, or command.","Source-defined capability family; current source does not prove live-world placement.","","Data/Scripts/Mobiles/Reptilian/Alligator.cs;Data/Scripts/Mobiles/Reptilian/BasiliskRiding.cs;Data/Scripts/Mobiles/Reptilian/CaveLizard.cs;Data/Scripts/Mobiles/Reptilian/Dinosaurs/Basilosaurus.cs;Data/Scripts/Mobiles/Reptilian/Dinosaurs/Brontosaur.cs;Data/Scripts/Mobiles/Reptilian/Dinosaurs/GorceratopsRiding.cs;Data/Scripts/Mobiles/Reptilian/Dinosaurs/Iguanodon.cs;Data/Scripts/Mobiles/Reptilian/Dinosaurs/Meglasaur.cs;Data/Scripts/Mobiles/Reptilian/Dinosaurs/PackStegosaurus.cs;Data/Scripts/Mobiles/Reptilian/Dinosaurs/RaptorRiding.cs;Data/Scripts/Mobiles/Reptilian/Dinosaurs/RavenousRiding.cs;Data/Scripts/Mobiles/Reptilian/Dinosaurs/Stegosaurus.cs","5 post-baseline commit(s); latest examples: 6a4cc23f 2026-06-08 fix: free reptilian mobile pooled enumerables | ae7b15c7 2026-06-28 Revert ""Merge branch 'SAR' into main"" | fa4f169e 2023-12-22 Automatic Standardizing of Code Formatting","Context-sensitive labels, messages, journals, books, or gumps vary within the family.","RuntimeUnknown","IntentionalDiscovery","NoDocumentationNeeded","ContextualFeedback","P4","Low for ordinary item or creature variants governed by a documented shared mechanic.","74 current source file(s) grouped by current path; first 12 plus every direct Player-command source are listed in SourceFiles. Existing inventory is ownership guidance only.","Treat this content family as grouped variants. Document only its unique, costly, persistent, destructive, authority, or undiscoverable interactions separately.","Do not enumerate ordinary content variants or reveal locations and solutions.","Confirm each distinct mechanic is represented by a detailed capability or canonical-topic row; sample ordinary variants for self-explanatory feedback.","","Explicit exclusion for ordinary content variants; unique mechanics are separate rows."
"IGD-SYS-mobiles-slimes","SystemBoundary","Mobiles:Slimes","Current source boundary: Mobiles:Slimes","Player","ActiveBySource","Varies by item use, speech, movement, combat, crafting, quest, vendor, region, or command.","Source-defined capability family; current source does not prove live-world placement.","","Data/Scripts/Mobiles/Slimes/AcidPuddle.cs;Data/Scripts/Mobiles/Slimes/BlackPudding.cs;Data/Scripts/Mobiles/Slimes/BloodWorm.cs;Data/Scripts/Mobiles/Slimes/CarcassWorm.cs;Data/Scripts/Mobiles/Slimes/FrostOoze.cs;Data/Scripts/Mobiles/Slimes/GiantLeech.cs;Data/Scripts/Mobiles/Slimes/GreenSlime.cs;Data/Scripts/Mobiles/Slimes/Jellyfish.cs;Data/Scripts/Mobiles/Slimes/LavaPuddle.cs;Data/Scripts/Mobiles/Slimes/MarshWurm.cs;Data/Scripts/Mobiles/Slimes/OilSlick.cs;Data/Scripts/Mobiles/Slimes/Slime.cs","5 post-baseline commit(s); latest examples: 365c4a54 2024-03-18 TestServer Merged into Main | ae7b15c7 2026-06-28 Revert ""Merge branch 'SAR' into main"" | fa4f169e 2023-12-22 Automatic Standardizing of Code Formatting","Context-sensitive labels, messages, journals, books, or gumps vary within the family.","RuntimeUnknown","IntentionalDiscovery","NoDocumentationNeeded","ContextualFeedback","P4","Low for ordinary item or creature variants governed by a documented shared mechanic.","15 current source file(s) grouped by current path; first 12 plus every direct Player-command source are listed in SourceFiles. Existing inventory is ownership guidance only.","Treat this content family as grouped variants. Document only its unique, costly, persistent, destructive, authority, or undiscoverable interactions separately.","Do not enumerate ordinary content variants or reveal locations and solutions.","Confirm each distinct mechanic is represented by a detailed capability or canonical-topic row; sample ordinary variants for self-explanatory feedback.","","Explicit exclusion for ordinary content variants; unique mechanics are separate rows."
"IGD-SYS-mobiles-summoned","SystemBoundary","Mobiles:Summoned","Current source boundary: Mobiles:Summoned","Player","ActiveBySource","Varies by item use, speech, movement, combat, crafting, quest, vendor, region, or command.","Source-defined capability family; current source does not prove live-world placement.","","Data/Scripts/Mobiles/Summoned/BladeSpirits.cs;Data/Scripts/Mobiles/Summoned/DeathVortex.cs;Data/Scripts/Mobiles/Summoned/EnergyVortex.cs;Data/Scripts/Mobiles/Summoned/EvilBladeSpirits.cs;Data/Scripts/Mobiles/Summoned/EvilEnergyVortex.cs;Data/Scripts/Mobiles/Summoned/EvilIcyVortex.cs;Data/Scripts/Mobiles/Summoned/EvilPlagueVortex.cs;Data/Scripts/Mobiles/Summoned/EvilScorchingVortex.cs;Data/Scripts/Mobiles/Summoned/Fairy.cs;Data/Scripts/Mobiles/Summoned/GasCloud.cs;Data/Scripts/Mobiles/Summoned/IceBladeSpirits.cs;Data/Scripts/Mobiles/Summoned/ManureGolem.cs","4 post-baseline commit(s); latest examples: 1afd1288 2026-08-09 Merge SAR branch into Live | ae7b15c7 2026-06-28 Revert ""Merge branch 'SAR' into main"" | fa4f169e 2023-12-22 Automatic Standardizing of Code Formatting","Context-sensitive labels, messages, journals, books, or gumps vary within the family.","RuntimeUnknown","IntentionalDiscovery","NoDocumentationNeeded","ContextualFeedback","P4","Low for ordinary item or creature variants governed by a documented shared mechanic.","26 current source file(s) grouped by current path; first 12 plus every direct Player-command source are listed in SourceFiles. Existing inventory is ownership guidance only.","Treat this content family as grouped variants. Document only its unique, costly, persistent, destructive, authority, or undiscoverable interactions separately.","Do not enumerate ordinary content variants or reveal locations and solutions.","Confirm each distinct mechanic is represented by a detailed capability or canonical-topic row; sample ordinary variants for self-explanatory feedback.","","Explicit exclusion for ordinary content variants; unique mechanics are separate rows."
"IGD-SYS-mobiles-undead","SystemBoundary","Mobiles:Undead","Current source boundary: Mobiles:Undead","Player","ActiveBySource","Varies by item use, speech, movement, combat, crafting, quest, vendor, region, or command.","Source-defined capability family; current source does not prove live-world placement.","","Data/Scripts/Mobiles/Undead/AncientLich.cs;Data/Scripts/Mobiles/Undead/AquaticGhoul.cs;Data/Scripts/Mobiles/Undead/Bodak.cs;Data/Scripts/Mobiles/Undead/BoneKnight.cs;Data/Scripts/Mobiles/Undead/BoneMagi.cs;Data/Scripts/Mobiles/Undead/BoneSailor.cs;Data/Scripts/Mobiles/Undead/BoneSlasher.cs;Data/Scripts/Mobiles/Undead/DarkReaper.cs;Data/Scripts/Mobiles/Undead/DeadKnight.cs;Data/Scripts/Mobiles/Undead/DeadWizard.cs;Data/Scripts/Mobiles/Undead/DeathBear.cs;Data/Scripts/Mobiles/Undead/DeathWolf.cs","6 post-baseline commit(s); latest examples: ae7b15c7 2026-06-28 Revert ""Merge branch 'SAR' into main"" | d90a9c59 2026-06-08 fix: free undead mobile pooled enumerables | fa4f169e 2023-12-22 Automatic Standardizing of Code Formatting","Context-sensitive labels, messages, journals, books, or gumps vary within the family.","RuntimeUnknown","IntentionalDiscovery","NoDocumentationNeeded","ContextualFeedback","P4","Low for ordinary item or creature variants governed by a documented shared mechanic.","90 current source file(s) grouped by current path; first 12 plus every direct Player-command source are listed in SourceFiles. Existing inventory is ownership guidance only.","Treat this content family as grouped variants. Document only its unique, costly, persistent, destructive, authority, or undiscoverable interactions separately.","Do not enumerate ordinary content variants or reveal locations and solutions.","Confirm each distinct mechanic is represented by a detailed capability or canonical-topic row; sample ordinary variants for self-explanatory feedback.","","Explicit exclusion for ordinary content variants; unique mechanics are separate rows."
"IGD-SYS-mobiles-unique","SystemBoundary","Mobiles:Unique","Current source boundary: Mobiles:Unique","Player","ActiveBySource","Varies by item use, speech, movement, combat, crafting, quest, vendor, region, or command.","Source-defined capability family; current source does not prove live-world placement.","","Data/Scripts/Mobiles/Unique/BaneOfAnarchy.cs;Data/Scripts/Mobiles/Unique/BaneOfInsanity.cs;Data/Scripts/Mobiles/Unique/BaneOfWantoness.cs;Data/Scripts/Mobiles/Unique/BaronAlmric.cs;Data/Scripts/Mobiles/Unique/CodexGargoyles.cs;Data/Scripts/Mobiles/Unique/Exodus.cs;Data/Scripts/Mobiles/Unique/GrayDragon.cs;Data/Scripts/Mobiles/Unique/KhumashGor.cs;Data/Scripts/Mobiles/Unique/Mangar.cs;Data/Scripts/Mobiles/Unique/RuneGuardian.cs;Data/Scripts/Mobiles/Unique/SerpentOfChaos.cs;Data/Scripts/Mobiles/Unique/SerpentOfOrder.cs","5 post-baseline commit(s); latest examples: a7a1b8d4 2026-06-08 fix: free unique mobile pooled enumerables | ae7b15c7 2026-06-28 Revert ""Merge branch 'SAR' into main"" | fa4f169e 2023-12-22 Automatic Standardizing of Code Formatting","Context-sensitive labels, messages, journals, books, or gumps vary within the family.","RuntimeUnknown","IntentionalDiscovery","NoDocumentationNeeded","ContextualFeedback","P4","Low for ordinary item or creature variants governed by a documented shared mechanic.","20 current source file(s) grouped by current path; first 12 plus every direct Player-command source are listed in SourceFiles. Existing inventory is ownership guidance only.","Treat this content family as grouped variants. Document only its unique, costly, persistent, destructive, authority, or undiscoverable interactions separately.","Do not enumerate ordinary content variants or reveal locations and solutions.","Confirm each distinct mechanic is represented by a detailed capability or canonical-topic row; sample ordinary variants for self-explanatory feedback.","","Explicit exclusion for ordinary content variants; unique mechanics are separate rows."
"IGD-SYS-mobiles-unusual","SystemBoundary","Mobiles:Unusual","Current source boundary: Mobiles:Unusual","Player","ActiveBySource","Varies by item use, speech, movement, combat, crafting, quest, vendor, region, or command.","Source-defined capability family; current source does not prove live-world placement.","","Data/Scripts/Mobiles/Unusual/Beholder.cs;Data/Scripts/Mobiles/Unusual/BloodGodTentacles.cs;Data/Scripts/Mobiles/Unusual/Cronosaurus.cs;Data/Scripts/Mobiles/Unusual/ElderGazer.cs;Data/Scripts/Mobiles/Unusual/EyeOfTheDeep.cs;Data/Scripts/Mobiles/Unusual/FloatingEye.cs;Data/Scripts/Mobiles/Unusual/Gazer.cs;Data/Scripts/Mobiles/Unusual/GorgonRiding.cs;Data/Scripts/Mobiles/Unusual/HeadlessOne.cs;Data/Scripts/Mobiles/Unusual/HookHorror.cs;Data/Scripts/Mobiles/Unusual/Kuthulu.cs;Data/Scripts/Mobiles/Unusual/Roper.cs","4 post-baseline commit(s); latest examples: ae7b15c7 2026-06-28 Revert ""Merge branch 'SAR' into main"" | e8a86b1e 2026-06-08 fix: free unusual mobile pooled enumerables | fa4f169e 2023-12-22 Automatic Standardizing of Code Formatting","Context-sensitive labels, messages, journals, books, or gumps vary within the family.","RuntimeUnknown","IntentionalDiscovery","NoDocumentationNeeded","ContextualFeedback","P4","Low for ordinary item or creature variants governed by a documented shared mechanic.","21 current source file(s) grouped by current path; first 12 plus every direct Player-command source are listed in SourceFiles. Existing inventory is ownership guidance only.","Treat this content family as grouped variants. Document only its unique, costly, persistent, destructive, authority, or undiscoverable interactions separately.","Do not enumerate ordinary content variants or reveal locations and solutions.","Confirm each distinct mechanic is represented by a detailed capability or canonical-topic row; sample ordinary variants for self-explanatory feedback.","","Explicit exclusion for ordinary content variants; unique mechanics are separate rows."
"IGD-SYS-quests-assassin","SystemBoundary","Quests:Assassin","Current source boundary: Quests:Assassin","Player","ActiveBySource","Speak to a quest giver, use a quest item, or follow quest-journal feedback.","Source-defined capability family; current source does not prove live-world placement.","","Data/Scripts/Quests/Assassin/AssassinBox.cs;Data/Scripts/Quests/Assassin/AssassinFunctions.cs;Data/Scripts/Quests/Assassin/PoisonFood.cs;Data/Scripts/Quests/Assassin/PoisonLiquid.cs","1 post-baseline commit(s); latest examples: fa4f169e 2023-12-22 Automatic Standardizing of Code Formatting","Context-sensitive labels, messages, journals, books, or gumps vary within the family.","RuntimeUnknown","IntentionalDiscovery","KeepAsIs","QuestJournal","P4","Low when the journal states objectives and failure or consumption risks before commitment.","4 current source file(s) grouped by current path; first 12 plus every direct Player-command source are listed in SourceFiles. Existing inventory is ownership guidance only.","Preserve quest-led discovery; document only controls, irreversible choices, and failure risks that the journal does not make clear.","Keep locations, answers, passwords, and surprises in journals, books, and NPC clues.","Sample quest start, progress, failure, and completion states for a clear next clue without revealing the solution.","","Boundary census row. Detailed rows carry incorporation work."
"IGD-SYS-quests-bards-tale","SystemBoundary","Quests:Bards Tale","Current source boundary: Quests:Bards Tale","Player","ActiveBySource","Speak to a quest giver, use a quest item, or follow quest-journal feedback.","Source-defined capability family; current source does not prove live-world placement.","","Data/Scripts/Quests/Bards Tale/MangarsRewards.cs","No post-baseline change found in current files for this bucket.","Context-sensitive labels, messages, journals, books, or gumps vary within the family.","RuntimeUnknown","IntentionalDiscovery","KeepAsIs","QuestJournal","P4","Low when the journal states objectives and failure or consumption risks before commitment.","1 current source file(s) grouped by current path; first 12 plus every direct Player-command source are listed in SourceFiles. Existing inventory is ownership guidance only.","Preserve quest-led discovery; document only controls, irreversible choices, and failure risks that the journal does not make clear.","Keep locations, answers, passwords, and surprises in journals, books, and NPC clues.","Sample quest start, progress, failure, and completion states for a clear next clue without revealing the solution.","","Boundary census row. Detailed rows carry incorporation work."
"IGD-SYS-quests-codex","SystemBoundary","Quests:Codex","Current source boundary: Quests:Codex","Player","ActiveBySource","Speak to a quest giver, use a quest item, or follow quest-journal feedback.","Source-defined capability family; current source does not prove live-world placement.","","Data/Scripts/Quests/Codex/ApproachVoid.cs;Data/Scripts/Quests/Codex/CodexWisdom.cs;Data/Scripts/Quests/Codex/CubeOnCorpse.cs;Data/Scripts/Quests/Codex/DoorCodex.cs;Data/Scripts/Quests/Codex/VortexCube.cs","1 post-baseline commit(s); latest examples: fa4f169e 2023-12-22 Automatic Standardizing of Code Formatting","Context-sensitive labels, messages, journals, books, or gumps vary within the family.","RuntimeUnknown","IntentionalDiscovery","KeepAsIs","QuestJournal","P4","Low when the journal states objectives and failure or consumption risks before commitment.","5 current source file(s) grouped by current path; first 12 plus every direct Player-command source are listed in SourceFiles. Existing inventory is ownership guidance only.","Preserve quest-led discovery; document only controls, irreversible choices, and failure risks that the journal does not make clear.","Keep locations, answers, passwords, and surprises in journals, books, and NPC clues.","Sample quest start, progress, failure, and completion states for a clear next clue without revealing the solution.","","Boundary census row. Detailed rows carry incorporation work."
"IGD-SYS-quests-epic","SystemBoundary","Quests:Epic","Current source boundary: Quests:Epic","Player","ActiveBySource","Speak to a quest giver, use a quest item, or follow quest-journal feedback.","Source-defined capability family; current source does not prove live-world placement.","","Data/Scripts/Quests/Epic/CourierMail.cs;Data/Scripts/Quests/Epic/Gumps/EpicGump.cs","4 post-baseline commit(s); latest examples: b101e80f 2026-03-01 Merged in many test shard changes and brought in line with live shard | e4b11f8d 2025-10-30 Moved GUMPs to their own folders | fa4f169e 2023-12-22 Automatic Standardizing of Code Formatting","Context-sensitive labels, messages, journals, books, or gumps vary within the family.","RuntimeUnknown","IntentionalDiscovery","KeepAsIs","QuestJournal","P4","Low when the journal states objectives and failure or consumption risks before commitment.","2 current source file(s) grouped by current path; first 12 plus every direct Player-command source are listed in SourceFiles. Existing inventory is ownership guidance only.","Preserve quest-led discovery; document only controls, irreversible choices, and failure risks that the journal does not make clear.","Keep locations, answers, passwords, and surprises in journals, books, and NPC clues.","Sample quest start, progress, failure, and completion states for a clear next clue without revealing the solution.","","Boundary census row. Detailed rows carry incorporation work."
"IGD-SYS-quests-fishing","SystemBoundary","Quests:Fishing","Current source boundary: Quests:Fishing","Player","ActiveBySource","Speak to a quest giver, use a quest item, or follow quest-journal feedback.","Source-defined capability family; current source does not prove live-world placement.","","Data/Scripts/Quests/Fishing/FishingQuestBoard.cs;Data/Scripts/Quests/Fishing/FishingQuestFunctions.cs","2 post-baseline commit(s); latest examples: 365c4a54 2024-03-18 TestServer Merged into Main | fa4f169e 2023-12-22 Automatic Standardizing of Code Formatting","Context-sensitive labels, messages, journals, books, or gumps vary within the family.","RuntimeUnknown","IntentionalDiscovery","KeepAsIs","QuestJournal","P4","Low when the journal states objectives and failure or consumption risks before commitment.","2 current source file(s) grouped by current path; first 12 plus every direct Player-command source are listed in SourceFiles. Existing inventory is ownership guidance only.","Preserve quest-led discovery; document only controls, irreversible choices, and failure risks that the journal does not make clear.","Keep locations, answers, passwords, and surprises in journals, books, and NPC clues.","Sample quest start, progress, failure, and completion states for a clear next clue without revealing the solution.","","Boundary census row. Detailed rows carry incorporation work."
"IGD-SYS-quests-frankenstein","SystemBoundary","Quests:Frankenstein","Current source boundary: Quests:Frankenstein","Player","ActiveBySource","Speak to a quest giver, use a quest item, or follow quest-journal feedback.","Source-defined capability family; current source does not prove live-world placement.","","Data/Scripts/Quests/Frankenstein/EmbalmingFluid.cs;Data/Scripts/Quests/Frankenstein/FrankenArmLeft.cs;Data/Scripts/Quests/Frankenstein/FrankenArmRight.cs;Data/Scripts/Quests/Frankenstein/FrankenBrain.cs;Data/Scripts/Quests/Frankenstein/FrankenFighter.cs;Data/Scripts/Quests/Frankenstein/FrankenHead.cs;Data/Scripts/Quests/Frankenstein/FrankenItem.cs;Data/Scripts/Quests/Frankenstein/FrankenJournal.cs;Data/Scripts/Quests/Frankenstein/FrankenJournalInBox.cs;Data/Scripts/Quests/Frankenstein/FrankenLegLeft.cs;Data/Scripts/Quests/Frankenstein/FrankenLegRight.cs;Data/Scripts/Quests/Frankenstein/FrankenPorter.cs","5 post-baseline commit(s); latest examples: c67146c8 2026-06-08 fix: free quest pooled enumerables | fa4f169e 2023-12-22 Automatic Standardizing of Code Formatting | fe294cce 2026-06-14 fix: harden runtime hook source queue","Context-sensitive labels, messages, journals, books, or gumps vary within the family.","RuntimeUnknown","IntentionalDiscovery","KeepAsIs","QuestJournal","P4","Low when the journal states objectives and failure or consumption risks before commitment.","15 current source file(s) grouped by current path; first 12 plus every direct Player-command source are listed in SourceFiles. Existing inventory is ownership guidance only.","Preserve quest-led discovery; document only controls, irreversible choices, and failure risks that the journal does not make clear.","Keep locations, answers, passwords, and surprises in journals, books, and NPC clues.","Sample quest start, progress, failure, and completion states for a clear next clue without revealing the solution.","","Boundary census row. Detailed rows carry incorporation work."
"IGD-SYS-quests-golems","SystemBoundary","Quests:Golems","Current source boundary: Quests:Golems","Player","ActiveBySource","Speak to a quest giver, use a quest item, or follow quest-journal feedback.","Source-defined capability family; current source does not prove live-world placement.","","Data/Scripts/Quests/Golems/BottleOil.cs;Data/Scripts/Quests/Golems/GolemFighter.cs;Data/Scripts/Quests/Golems/GolemManual.cs;Data/Scripts/Quests/Golems/GolemPorter.cs;Data/Scripts/Quests/Golems/GolemPorterItem.cs","2 post-baseline commit(s); latest examples: 1afd1288 2026-08-09 Merge SAR branch into Live | fa4f169e 2023-12-22 Automatic Standardizing of Code Formatting","Context-sensitive labels, messages, journals, books, or gumps vary within the family.","RuntimeUnknown","IntentionalDiscovery","KeepAsIs","QuestJournal","P4","Low when the journal states objectives and failure or consumption risks before commitment.","5 current source file(s) grouped by current path; first 12 plus every direct Player-command source are listed in SourceFiles. Existing inventory is ownership guidance only.","Preserve quest-led discovery; document only controls, irreversible choices, and failure risks that the journal does not make clear.","Keep locations, answers, passwords, and surprises in journals, books, and NPC clues.","Sample quest start, progress, failure, and completion states for a clear next clue without revealing the solution.","","Boundary census row. Detailed rows carry incorporation work."
"IGD-SYS-quests-gygaxstatue-cs","SystemBoundary","Quests:GygaxStatue.cs","Current source boundary: Quests:GygaxStatue.cs","Player","ActiveBySource","Speak to a quest giver, use a quest item, or follow quest-journal feedback.","Source-defined capability family; current source does not prove live-world placement.","","Data/Scripts/Quests/GygaxStatue.cs","1 post-baseline commit(s); latest examples: fa4f169e 2023-12-22 Automatic Standardizing of Code Formatting","Context-sensitive labels, messages, journals, books, or gumps vary within the family.","RuntimeUnknown","IntentionalDiscovery","KeepAsIs","QuestJournal","P4","Low when the journal states objectives and failure or consumption risks before commitment.","1 current source file(s) grouped by current path; first 12 plus every direct Player-command source are listed in SourceFiles. Existing inventory is ownership guidance only.","Preserve quest-led discovery; document only controls, irreversible choices, and failure risks that the journal does not make clear.","Keep locations, answers, passwords, and surprises in journals, books, and NPC clues.","Sample quest start, progress, failure, and completion states for a clear next clue without revealing the solution.","","Boundary census row. Detailed rows carry incorporation work."
"IGD-SYS-quests-helpmessage-cs","SystemBoundary","Quests:HelpMessage.cs","Current source boundary: Quests:HelpMessage.cs","Player","ActiveBySource","Speak to a quest giver, use a quest item, or follow quest-journal feedback.","Source-defined capability family; current source does not prove live-world placement.","","Data/Scripts/Quests/HelpMessage.cs","1 post-baseline commit(s); latest examples: fa4f169e 2023-12-22 Automatic Standardizing of Code Formatting","Context-sensitive labels, messages, journals, books, or gumps vary within the family.","RuntimeUnknown","IntentionalDiscovery","KeepAsIs","QuestJournal","P4","Low when the journal states objectives and failure or consumption risks before commitment.","1 current source file(s) grouped by current path; first 12 plus every direct Player-command source are listed in SourceFiles. Existing inventory is ownership guidance only.","Preserve quest-led discovery; document only controls, irreversible choices, and failure risks that the journal does not make clear.","Keep locations, answers, passwords, and surprises in journals, books, and NPC clues.","Sample quest start, progress, failure, and completion states for a clear next clue without revealing the solution.","","Boundary census row. Detailed rows carry incorporation work."
"IGD-SYS-quests-hoard","SystemBoundary","Quests:Hoard","Current source boundary: Quests:Hoard","Player","ActiveBySource","Speak to a quest giver, use a quest item, or follow quest-journal feedback.","Source-defined capability family; current source does not prove live-world placement.","","Data/Scripts/Quests/Hoard/HoardPile.cs;Data/Scripts/Quests/Hoard/HoardSpawner.cs","4 post-baseline commit(s); latest examples: ae7b15c7 2026-06-28 Revert ""Merge branch 'SAR' into main"" | c67146c8 2026-06-08 fix: free quest pooled enumerables | fa4f169e 2023-12-22 Automatic Standardizing of Code Formatting","Context-sensitive labels, messages, journals, books, or gumps vary within the family.","RuntimeUnknown","IntentionalDiscovery","KeepAsIs","QuestJournal","P4","Low when the journal states objectives and failure or consumption risks before commitment.","2 current source file(s) grouped by current path; first 12 plus every direct Player-command source are listed in SourceFiles. Existing inventory is ownership guidance only.","Preserve quest-led discovery; document only controls, irreversible choices, and failure risks that the journal does not make clear.","Keep locations, answers, passwords, and surprises in journals, books, and NPC clues.","Sample quest start, progress, failure, and completion states for a clear next clue without revealing the solution.","","Boundary census row. Detailed rows carry incorporation work."
"IGD-SYS-quests-jester","SystemBoundary","Quests:Jester","Current source boundary: Quests:Jester","Player","ActiveBySource","Speak to a quest giver, use a quest item, or follow quest-journal feedback.","Source-defined capability family; current source does not prove live-world placement.","","Data/Scripts/Quests/Jester/JokeBook.cs","2 post-baseline commit(s); latest examples: 1afd1288 2026-08-09 Merge SAR branch into Live | fa4f169e 2023-12-22 Automatic Standardizing of Code Formatting","Context-sensitive labels, messages, journals, books, or gumps vary within the family.","RuntimeUnknown","IntentionalDiscovery","KeepAsIs","QuestJournal","P4","Low when the journal states objectives and failure or consumption risks before commitment.","1 current source file(s) grouped by current path; first 12 plus every direct Player-command source are listed in SourceFiles. Existing inventory is ownership guidance only.","Preserve quest-led discovery; document only controls, irreversible choices, and failure risks that the journal does not make clear.","Keep locations, answers, passwords, and surprises in journals, books, and NPC clues.","Sample quest start, progress, failure, and completion states for a clear next clue without revealing the solution.","","Boundary census row. Detailed rows carry incorporation work."
"IGD-SYS-quests-magic-pools","SystemBoundary","Quests:Magic Pools","Current source boundary: Quests:Magic Pools","Player","ActiveBySource","Speak to a quest giver, use a quest item, or follow quest-journal feedback.","Source-defined capability family; current source does not prove live-world placement.","","Data/Scripts/Quests/Magic Pools/MagicPool.cs","2 post-baseline commit(s); latest examples: b45a6614 2023-12-13 Update MagicPool.cs | fa4f169e 2023-12-22 Automatic Standardizing of Code Formatting","Context-sensitive labels, messages, journals, books, or gumps vary within the family.","RuntimeUnknown","IntentionalDiscovery","KeepAsIs","QuestJournal","P4","Low when the journal states objectives and failure or consumption risks before commitment.","1 current source file(s) grouped by current path; first 12 plus every direct Player-command source are listed in SourceFiles. Existing inventory is ownership guidance only.","Preserve quest-led discovery; document only controls, irreversible choices, and failure risks that the journal does not make clear.","Keep locations, answers, passwords, and surprises in journals, books, and NPC clues.","Sample quest start, progress, failure, and completion states for a clear next clue without revealing the solution.","","Boundary census row. Detailed rows carry incorporation work."
"IGD-SYS-quests-major","SystemBoundary","Quests:Major","Current source boundary: Quests:Major","Player","ActiveBySource","Speak to a quest giver, use a quest item, or follow quest-journal feedback.","Source-defined capability family; current source does not prove live-world placement.","","Data/Scripts/Quests/Major/QuestTake.cs;Data/Scripts/Quests/Major/QuestTome.cs","7 post-baseline commit(s); latest examples: b101e80f 2026-03-01 Merged in many test shard changes and brought in line with live shard | bbf80680 2026-03-01 Fix null reference in [control command release | fa4f169e 2023-12-22 Automatic Standardizing of Code Formatting","Context-sensitive labels, messages, journals, books, or gumps vary within the family.","RuntimeUnknown","IntentionalDiscovery","KeepAsIs","QuestJournal","P4","Low when the journal states objectives and failure or consumption risks before commitment.","2 current source file(s) grouped by current path; first 12 plus every direct Player-command source are listed in SourceFiles. Existing inventory is ownership guidance only.","Preserve quest-led discovery; document only controls, irreversible choices, and failure risks that the journal does not make clear.","Keep locations, answers, passwords, and surprises in journals, books, and NPC clues.","Sample quest start, progress, failure, and completion states for a clear next clue without revealing the solution.","","Boundary census row. Detailed rows carry incorporation work."
"IGD-SYS-quests-museum","SystemBoundary","Quests:Museum","Current source boundary: Quests:Museum","Player","ActiveBySource","Speak to a quest giver, use a quest item, or follow quest-journal feedback.","Source-defined capability family; current source does not prove live-world placement.","","Data/Scripts/Quests/Museum/Gumps/MuseumBookGump.cs;Data/Scripts/Quests/Museum/Museum.cs;Data/Scripts/Quests/Museum/MuseumBook.cs","5 post-baseline commit(s); latest examples: e4b11f8d 2025-10-30 Moved GUMPs to their own folders | ee17dad6 2025-08-23 Update MuseumBook.cs | fa4f169e 2023-12-22 Automatic Standardizing of Code Formatting","Context-sensitive labels, messages, journals, books, or gumps vary within the family.","RuntimeUnknown","IntentionalDiscovery","KeepAsIs","QuestJournal","P4","Low when the journal states objectives and failure or consumption risks before commitment.","3 current source file(s) grouped by current path; first 12 plus every direct Player-command source are listed in SourceFiles. Existing inventory is ownership guidance only.","Preserve quest-led discovery; document only controls, irreversible choices, and failure risks that the journal does not make clear.","Keep locations, answers, passwords, and surprises in journals, books, and NPC clues.","Sample quest start, progress, failure, and completion states for a clear next clue without revealing the solution.","","Boundary census row. Detailed rows carry incorporation work."
"IGD-SYS-quests-noticeclue-cs","SystemBoundary","Quests:NoticeClue.cs","Current source boundary: Quests:NoticeClue.cs","Player","ActiveBySource","Speak to a quest giver, use a quest item, or follow quest-journal feedback.","Source-defined capability family; current source does not prove live-world placement.","","Data/Scripts/Quests/NoticeClue.cs","1 post-baseline commit(s); latest examples: fa4f169e 2023-12-22 Automatic Standardizing of Code Formatting","Context-sensitive labels, messages, journals, books, or gumps vary within the family.","RuntimeUnknown","IntentionalDiscovery","KeepAsIs","QuestJournal","P4","Low when the journal states objectives and failure or consumption risks before commitment.","1 current source file(s) grouped by current path; first 12 plus every direct Player-command source are listed in SourceFiles. Existing inventory is ownership guidance only.","Preserve quest-led discovery; document only controls, irreversible choices, and failure risks that the journal does not make clear.","Keep locations, answers, passwords, and surprises in journals, books, and NPC clues.","Sample quest start, progress, failure, and completion states for a clear next clue without revealing the solution.","","Boundary census row. Detailed rows carry incorporation work."
"IGD-SYS-quests-pagan","SystemBoundary","Quests:Pagan","Current source boundary: Quests:Pagan","Player","ActiveBySource","Speak to a quest giver, use a quest item, or follow quest-journal feedback.","Source-defined capability family; current source does not prove live-world placement.","","Data/Scripts/Quests/Pagan/ApproachObsidian.cs;Data/Scripts/Quests/Pagan/ObeliskOnCorpse.cs;Data/Scripts/Quests/Pagan/ObeliskTip.cs;Data/Scripts/Quests/Pagan/ObsidianGate.cs;Data/Scripts/Quests/Pagan/PaganArtifact.cs;Data/Scripts/Quests/Pagan/PaganBase.cs;Data/Scripts/Quests/Pagan/PaganBaseEmpty.cs","3 post-baseline commit(s); latest examples: 1afd1288 2026-08-09 Merge SAR branch into Live | 365c4a54 2024-03-18 TestServer Merged into Main | fa4f169e 2023-12-22 Automatic Standardizing of Code Formatting","Context-sensitive labels, messages, journals, books, or gumps vary within the family.","RuntimeUnknown","IntentionalDiscovery","KeepAsIs","QuestJournal","P4","Low when the journal states objectives and failure or consumption risks before commitment.","7 current source file(s) grouped by current path; first 12 plus every direct Player-command source are listed in SourceFiles. Existing inventory is ownership guidance only.","Preserve quest-led discovery; document only controls, irreversible choices, and failure risks that the journal does not make clear.","Keep locations, answers, passwords, and surprises in journals, books, and NPC clues.","Sample quest start, progress, failure, and completion states for a clear next clue without revealing the solution.","","Boundary census row. Detailed rows carry incorporation work."
"IGD-SYS-quests-prisoners","SystemBoundary","Quests:Prisoners","Current source boundary: Quests:Prisoners","Player","ActiveBySource","Speak to a quest giver, use a quest item, or follow quest-journal feedback.","Source-defined capability family; current source does not prove live-world placement.","","Data/Scripts/Quests/Prisoners/Prisoner.cs","2 post-baseline commit(s); latest examples: 1afd1288 2026-08-09 Merge SAR branch into Live | fa4f169e 2023-12-22 Automatic Standardizing of Code Formatting","Context-sensitive labels, messages, journals, books, or gumps vary within the family.","RuntimeUnknown","IntentionalDiscovery","KeepAsIs","QuestJournal","P4","Low when the journal states objectives and failure or consumption risks before commitment.","1 current source file(s) grouped by current path; first 12 plus every direct Player-command source are listed in SourceFiles. Existing inventory is ownership guidance only.","Preserve quest-led discovery; document only controls, irreversible choices, and failure risks that the journal does not make clear.","Keep locations, answers, passwords, and surprises in journals, books, and NPC clues.","Sample quest start, progress, failure, and completion states for a clear next clue without revealing the solution.","","Boundary census row. Detailed rows carry incorporation work."
"IGD-SYS-quests-questchests-cs","SystemBoundary","Quests:QuestChests.cs","Current source boundary: Quests:QuestChests.cs","Player","ActiveBySource","Speak to a quest giver, use a quest item, or follow quest-journal feedback.","Source-defined capability family; current source does not prove live-world placement.","","Data/Scripts/Quests/QuestChests.cs","2 post-baseline commit(s); latest examples: 1afd1288 2026-08-09 Merge SAR branch into Live | fa4f169e 2023-12-22 Automatic Standardizing of Code Formatting","Context-sensitive labels, messages, journals, books, or gumps vary within the family.","RuntimeUnknown","IntentionalDiscovery","KeepAsIs","QuestJournal","P4","Low when the journal states objectives and failure or consumption risks before commitment.","1 current source file(s) grouped by current path; first 12 plus every direct Player-command source are listed in SourceFiles. Existing inventory is ownership guidance only.","Preserve quest-led discovery; document only controls, irreversible choices, and failure risks that the journal does not make clear.","Keep locations, answers, passwords, and surprises in journals, books, and NPC clues.","Sample quest start, progress, failure, and completion states for a clear next clue without revealing the solution.","","Boundary census row. Detailed rows carry incorporation work."
"IGD-SYS-quests-questglow-cs","SystemBoundary","Quests:QuestGlow.cs","Current source boundary: Quests:QuestGlow.cs","Player","ActiveBySource","Speak to a quest giver, use a quest item, or follow quest-journal feedback.","Source-defined capability family; current source does not prove live-world placement.","","Data/Scripts/Quests/QuestGlow.cs","1 post-baseline commit(s); latest examples: fa4f169e 2023-12-22 Automatic Standardizing of Code Formatting","Context-sensitive labels, messages, journals, books, or gumps vary within the family.","RuntimeUnknown","IntentionalDiscovery","KeepAsIs","QuestJournal","P4","Low when the journal states objectives and failure or consumption risks before commitment.","1 current source file(s) grouped by current path; first 12 plus every direct Player-command source are listed in SourceFiles. Existing inventory is ownership guidance only.","Preserve quest-led discovery; document only controls, irreversible choices, and failure risks that the journal does not make clear.","Keep locations, answers, passwords, and surprises in journals, books, and NPC clues.","Sample quest start, progress, failure, and completion states for a clear next clue without revealing the solution.","","Boundary census row. Detailed rows carry incorporation work."
"IGD-SYS-quests-quests-cs","SystemBoundary","Quests:Quests.cs","Current source boundary: Quests:Quests.cs","Player","ActiveBySource","Speak to a quest giver, use a quest item, or follow quest-journal feedback.","Source-defined capability family; current source does not prove live-world placement.","quests","Data/Scripts/Quests/Quests.cs","1 post-baseline commit(s); latest examples: fa4f169e 2023-12-22 Automatic Standardizing of Code Formatting","Context-sensitive labels, messages, journals, books, or gumps vary within the family.","RuntimeUnknown","IntentionalDiscovery","KeepAsIs","QuestJournal","P4","Low when the journal states objectives and failure or consumption risks before commitment.","1 current source file(s) grouped by current path; first 12 plus every direct Player-command source are listed in SourceFiles. Existing inventory is ownership guidance only.","Preserve quest-led discovery; document only controls, irreversible choices, and failure risks that the journal does not make clear.","Keep locations, answers, passwords, and surprises in journals, books, and NPC clues.","Sample quest start, progress, failure, and completion states for a clear next clue without revealing the solution.","","Boundary census row. Detailed rows carry incorporation work."
"IGD-SYS-quests-queststories-cs","SystemBoundary","Quests:QuestStories.cs","Current source boundary: Quests:QuestStories.cs","Player","ActiveBySource","Speak to a quest giver, use a quest item, or follow quest-journal feedback.","Source-defined capability family; current source does not prove live-world placement.","","Data/Scripts/Quests/QuestStories.cs","1 post-baseline commit(s); latest examples: fa4f169e 2023-12-22 Automatic Standardizing of Code Formatting","Context-sensitive labels, messages, journals, books, or gumps vary within the family.","RuntimeUnknown","IntentionalDiscovery","KeepAsIs","QuestJournal","P4","Low when the journal states objectives and failure or consumption risks before commitment.","1 current source file(s) grouped by current path; first 12 plus every direct Player-command source are listed in SourceFiles. Existing inventory is ownership guidance only.","Preserve quest-led discovery; document only controls, irreversible choices, and failure risks that the journal does not make clear.","Keep locations, answers, passwords, and surprises in journals, books, and NPC clues.","Sample quest start, progress, failure, and completion states for a clear next clue without revealing the solution.","","Boundary census row. Detailed rows carry incorporation work."
"IGD-SYS-quests-questteleporter-cs","SystemBoundary","Quests:QuestTeleporter.cs","Current source boundary: Quests:QuestTeleporter.cs","Player","ActiveBySource","Speak to a quest giver, use a quest item, or follow quest-journal feedback.","Source-defined capability family; current source does not prove live-world placement.","","Data/Scripts/Quests/QuestTeleporter.cs","1 post-baseline commit(s); latest examples: fa4f169e 2023-12-22 Automatic Standardizing of Code Formatting","Context-sensitive labels, messages, journals, books, or gumps vary within the family.","RuntimeUnknown","IntentionalDiscovery","KeepAsIs","QuestJournal","P4","Low when the journal states objectives and failure or consumption risks before commitment.","1 current source file(s) grouped by current path; first 12 plus every direct Player-command source are listed in SourceFiles. Existing inventory is ownership guidance only.","Preserve quest-led discovery; document only controls, irreversible choices, and failure risks that the journal does not make clear.","Keep locations, answers, passwords, and surprises in journals, books, and NPC clues.","Sample quest start, progress, failure, and completion states for a clear next clue without revealing the solution.","","Boundary census row. Detailed rows carry incorporation work."
"IGD-SYS-quests-questtransporter-cs","SystemBoundary","Quests:QuestTransporter.cs","Current source boundary: Quests:QuestTransporter.cs","Player","ActiveBySource","Speak to a quest giver, use a quest item, or follow quest-journal feedback.","Source-defined capability family; current source does not prove live-world placement.","","Data/Scripts/Quests/QuestTransporter.cs","1 post-baseline commit(s); latest examples: fa4f169e 2023-12-22 Automatic Standardizing of Code Formatting","Context-sensitive labels, messages, journals, books, or gumps vary within the family.","RuntimeUnknown","IntentionalDiscovery","KeepAsIs","QuestJournal","P4","Low when the journal states objectives and failure or consumption risks before commitment.","1 current source file(s) grouped by current path; first 12 plus every direct Player-command source are listed in SourceFiles. Existing inventory is ownership guidance only.","Preserve quest-led discovery; document only controls, irreversible choices, and failure risks that the journal does not make clear.","Keep locations, answers, passwords, and surprises in journals, books, and NPC clues.","Sample quest start, progress, failure, and completion states for a clear next clue without revealing the solution.","","Boundary census row. Detailed rows carry incorporation work."
"IGD-SYS-quests-robots","SystemBoundary","Quests:Robots","Current source boundary: Quests:Robots","Player","ActiveBySource","Speak to a quest giver, use a quest item, or follow quest-journal feedback.","Source-defined capability family; current source does not prove live-world placement.","","Data/Scripts/Quests/Robots/Robot.cs;Data/Scripts/Quests/Robots/RobotBatteries.cs;Data/Scripts/Quests/Robots/RobotBolt.cs;Data/Scripts/Quests/Robots/RobotCircuitBoard.cs;Data/Scripts/Quests/Robots/RobotEngineParts.cs;Data/Scripts/Quests/Robots/RobotGears.cs;Data/Scripts/Quests/Robots/RobotItem.cs;Data/Scripts/Quests/Robots/RobotOil.cs;Data/Scripts/Quests/Robots/RobotSchematics.cs;Data/Scripts/Quests/Robots/RobotSheetMetal.cs;Data/Scripts/Quests/Robots/RobotTransistors.cs","2 post-baseline commit(s); latest examples: 1afd1288 2026-08-09 Merge SAR branch into Live | fa4f169e 2023-12-22 Automatic Standardizing of Code Formatting","Context-sensitive labels, messages, journals, books, or gumps vary within the family.","RuntimeUnknown","IntentionalDiscovery","KeepAsIs","QuestJournal","P4","Low when the journal states objectives and failure or consumption risks before commitment.","11 current source file(s) grouped by current path; first 12 plus every direct Player-command source are listed in SourceFiles. Existing inventory is ownership guidance only.","Preserve quest-led discovery; document only controls, irreversible choices, and failure risks that the journal does not make clear.","Keep locations, answers, passwords, and surprises in journals, books, and NPC clues.","Sample quest start, progress, failure, and completion states for a clear next clue without revealing the solution.","","Boundary census row. Detailed rows carry incorporation work."
"IGD-SYS-quests-runes","SystemBoundary","Quests:Runes","Current source boundary: Quests:Runes","Player","ActiveBySource","Speak to a quest giver, use a quest item, or follow quest-journal feedback.","Source-defined capability family; current source does not prove live-world placement.","","Data/Scripts/Quests/Runes/RuneBox.cs;Data/Scripts/Quests/Runes/RunesBase.cs;Data/Scripts/Quests/Runes/RunesBaseEmpty.cs","1 post-baseline commit(s); latest examples: fa4f169e 2023-12-22 Automatic Standardizing of Code Formatting","Context-sensitive labels, messages, journals, books, or gumps vary within the family.","RuntimeUnknown","IntentionalDiscovery","KeepAsIs","QuestJournal","P4","Low when the journal states objectives and failure or consumption risks before commitment.","3 current source file(s) grouped by current path; first 12 plus every direct Player-command source are listed in SourceFiles. Existing inventory is ownership guidance only.","Preserve quest-led discovery; document only controls, irreversible choices, and failure risks that the journal does not make clear.","Keep locations, answers, passwords, and surprises in journals, books, and NPC clues.","Sample quest start, progress, failure, and completion states for a clear next clue without revealing the solution.","","Boundary census row. Detailed rows carry incorporation work."
"IGD-SYS-quests-scrollclue-cs","SystemBoundary","Quests:ScrollClue.cs","Current source boundary: Quests:ScrollClue.cs","Player","ActiveBySource","Speak to a quest giver, use a quest item, or follow quest-journal feedback.","Source-defined capability family; current source does not prove live-world placement.","","Data/Scripts/Quests/ScrollClue.cs","1 post-baseline commit(s); latest examples: fa4f169e 2023-12-22 Automatic Standardizing of Code Formatting","Context-sensitive labels, messages, journals, books, or gumps vary within the family.","RuntimeUnknown","IntentionalDiscovery","KeepAsIs","QuestJournal","P4","Low when the journal states objectives and failure or consumption risks before commitment.","1 current source file(s) grouped by current path; first 12 plus every direct Player-command source are listed in SourceFiles. Existing inventory is ownership guidance only.","Preserve quest-led discovery; document only controls, irreversible choices, and failure risks that the journal does not make clear.","Keep locations, answers, passwords, and surprises in journals, books, and NPC clues.","Sample quest start, progress, failure, and completion states for a clear next clue without revealing the solution.","","Boundary census row. Detailed rows carry incorporation work."
"IGD-SYS-quests-search","SystemBoundary","Quests:Search","Current source boundary: Quests:Search","Player","ActiveBySource","Speak to a quest giver, use a quest item, or follow quest-journal feedback.","Source-defined capability family; current source does not prove live-world placement.","","Data/Scripts/Quests/Search/SearchBase.cs;Data/Scripts/Quests/Search/SearchBoard.cs;Data/Scripts/Quests/Search/SearchBook.cs;Data/Scripts/Quests/Search/SearchPage.cs","5 post-baseline commit(s); latest examples: c67146c8 2026-06-08 fix: free quest pooled enumerables | fa4f169e 2023-12-22 Automatic Standardizing of Code Formatting | fe294cce 2026-06-14 fix: harden runtime hook source queue","Context-sensitive labels, messages, journals, books, or gumps vary within the family.","RuntimeUnknown","IntentionalDiscovery","KeepAsIs","QuestJournal","P4","Low when the journal states objectives and failure or consumption risks before commitment.","4 current source file(s) grouped by current path; first 12 plus every direct Player-command source are listed in SourceFiles. Existing inventory is ownership guidance only.","Preserve quest-led discovery; document only controls, irreversible choices, and failure risks that the journal does not make clear.","Keep locations, answers, passwords, and surprises in journals, books, and NPC clues.","Sample quest start, progress, failure, and completion states for a clear next clue without revealing the solution.","","Boundary census row. Detailed rows carry incorporation work."
"IGD-SYS-quests-serpents","SystemBoundary","Quests:Serpents","Current source boundary: Quests:Serpents","Player","ActiveBySource","Speak to a quest giver, use a quest item, or follow quest-journal feedback.","Source-defined capability family; current source does not prove live-world placement.","","Data/Scripts/Quests/Serpents/BaneBase.cs;Data/Scripts/Quests/Serpents/BaneBaseEmpty.cs;Data/Scripts/Quests/Serpents/BlackrockSerpents.cs;Data/Scripts/Quests/Serpents/LanternOfDiscipline.cs;Data/Scripts/Quests/Serpents/OrbOfLogic.cs;Data/Scripts/Quests/Serpents/ScalesOfEthicality.cs;Data/Scripts/Quests/Serpents/SerpentSpawners.cs","2 post-baseline commit(s); latest examples: 1afd1288 2026-08-09 Merge SAR branch into Live | fa4f169e 2023-12-22 Automatic Standardizing of Code Formatting","Context-sensitive labels, messages, journals, books, or gumps vary within the family.","RuntimeUnknown","IntentionalDiscovery","KeepAsIs","QuestJournal","P4","Low when the journal states objectives and failure or consumption risks before commitment.","7 current source file(s) grouped by current path; first 12 plus every direct Player-command source are listed in SourceFiles. Existing inventory is ownership guidance only.","Preserve quest-led discovery; document only controls, irreversible choices, and failure risks that the journal does not make clear.","Keep locations, answers, passwords, and surprises in journals, books, and NPC clues.","Sample quest start, progress, failure, and completion states for a clear next clue without revealing the solution.","","Boundary census row. Detailed rows carry incorporation work."
"IGD-SYS-quests-shadowlords","SystemBoundary","Quests:Shadowlords","Current source boundary: Quests:Shadowlords","Player","ActiveBySource","Speak to a quest giver, use a quest item, or follow quest-journal feedback.","Source-defined capability family; current source does not prove live-world placement.","","Data/Scripts/Quests/Shadowlords/BalinorTeleporter.cs;Data/Scripts/Quests/Shadowlords/BellOfCourage.cs;Data/Scripts/Quests/Shadowlords/BookOfTruth.cs;Data/Scripts/Quests/Shadowlords/CandleOfLove.cs;Data/Scripts/Quests/Shadowlords/FlamesBase.cs;Data/Scripts/Quests/Shadowlords/FlamesBaseEmpty.cs;Data/Scripts/Quests/Shadowlords/GemImmortality.cs;Data/Scripts/Quests/Shadowlords/ShardOfCowardice.cs;Data/Scripts/Quests/Shadowlords/ShardOfFalsehood.cs;Data/Scripts/Quests/Shadowlords/ShardOfHatred.cs","4 post-baseline commit(s); latest examples: ae7b15c7 2026-06-28 Revert ""Merge branch 'SAR' into main"" | c67146c8 2026-06-08 fix: free quest pooled enumerables | fa4f169e 2023-12-22 Automatic Standardizing of Code Formatting","Context-sensitive labels, messages, journals, books, or gumps vary within the family.","RuntimeUnknown","IntentionalDiscovery","KeepAsIs","QuestJournal","P4","Low when the journal states objectives and failure or consumption risks before commitment.","10 current source file(s) grouped by current path; first 12 plus every direct Player-command source are listed in SourceFiles. Existing inventory is ownership guidance only.","Preserve quest-led discovery; document only controls, irreversible choices, and failure risks that the journal does not make clear.","Keep locations, answers, passwords, and surprises in journals, books, and NPC clues.","Sample quest start, progress, failure, and completion states for a clear next clue without revealing the solution.","","Boundary census row. Detailed rows carry incorporation work."
"IGD-SYS-quests-somerandomnote-cs","SystemBoundary","Quests:SomeRandomNote.cs","Current source boundary: Quests:SomeRandomNote.cs","Player","ActiveBySource","Speak to a quest giver, use a quest item, or follow quest-journal feedback.","Source-defined capability family; current source does not prove live-world placement.","","Data/Scripts/Quests/SomeRandomNote.cs","2 post-baseline commit(s); latest examples: 1afd1288 2026-08-09 Merge SAR branch into Live | fa4f169e 2023-12-22 Automatic Standardizing of Code Formatting","Context-sensitive labels, messages, journals, books, or gumps vary within the family.","RuntimeUnknown","IntentionalDiscovery","KeepAsIs","QuestJournal","P4","Low when the journal states objectives and failure or consumption risks before commitment.","1 current source file(s) grouped by current path; first 12 plus every direct Player-command source are listed in SourceFiles. Existing inventory is ownership guidance only.","Preserve quest-led discovery; document only controls, irreversible choices, and failure risks that the journal does not make clear.","Keep locations, answers, passwords, and surprises in journals, books, and NPC clues.","Sample quest start, progress, failure, and completion states for a clear next clue without revealing the solution.","","Boundary census row. Detailed rows carry incorporation work."
"IGD-SYS-quests-standard","SystemBoundary","Quests:Standard","Current source boundary: Quests:Standard","Player","ActiveBySource","Speak to a quest giver, use a quest item, or follow quest-journal feedback.","Source-defined capability family; current source does not prove live-world placement.","","Data/Scripts/Quests/Standard/StandardQuestBoard.cs;Data/Scripts/Quests/Standard/StandardQuestFunctions.cs","2 post-baseline commit(s); latest examples: 365c4a54 2024-03-18 TestServer Merged into Main | fa4f169e 2023-12-22 Automatic Standardizing of Code Formatting","Context-sensitive labels, messages, journals, books, or gumps vary within the family.","RuntimeUnknown","IntentionalDiscovery","KeepAsIs","QuestJournal","P4","Low when the journal states objectives and failure or consumption risks before commitment.","2 current source file(s) grouped by current path; first 12 plus every direct Player-command source are listed in SourceFiles. Existing inventory is ownership guidance only.","Preserve quest-led discovery; document only controls, irreversible choices, and failure risks that the journal does not make clear.","Keep locations, answers, passwords, and surprises in journals, books, and NPC clues.","Sample quest start, progress, failure, and completion states for a clear next clue without revealing the solution.","","Boundary census row. Detailed rows carry incorporation work."
"IGD-SYS-quests-summon","SystemBoundary","Quests:Summon","Current source boundary: Quests:Summon","Player","ActiveBySource","Speak to a quest giver, use a quest item, or follow quest-journal feedback.","Source-defined capability family; current source does not prove live-world placement.","","Data/Scripts/Quests/Summon/SummonCarriers.cs;Data/Scripts/Quests/Summon/SummonChest.cs;Data/Scripts/Quests/Summon/SummonItems.cs;Data/Scripts/Quests/Summon/SummonPrison.cs;Data/Scripts/Quests/Summon/SummonTutorial.cs","9 post-baseline commit(s); latest examples: c67146c8 2026-06-08 fix: free quest pooled enumerables | de3d7682 2024-02-14 Invasion Updates | fa4f169e 2023-12-22 Automatic Standardizing of Code Formatting","Context-sensitive labels, messages, journals, books, or gumps vary within the family.","RuntimeUnknown","IntentionalDiscovery","KeepAsIs","QuestJournal","P4","Low when the journal states objectives and failure or consumption risks before commitment.","5 current source file(s) grouped by current path; first 12 plus every direct Player-command source are listed in SourceFiles. Existing inventory is ownership guidance only.","Preserve quest-led discovery; document only controls, irreversible choices, and failure risks that the journal does not make clear.","Keep locations, answers, passwords, and surprises in journals, books, and NPC clues.","Sample quest start, progress, failure, and completion states for a clear next clue without revealing the solution.","","Boundary census row. Detailed rows carry incorporation work."
"IGD-SYS-quests-thief","SystemBoundary","Quests:Thief","Current source boundary: Quests:Thief","Player","ActiveBySource","Speak to a quest giver, use a quest item, or follow quest-journal feedback.","Source-defined capability family; current source does not prove live-world placement.","","Data/Scripts/Quests/Thief/Coffer.cs;Data/Scripts/Quests/Thief/HayCrate.cs;Data/Scripts/Quests/Thief/HollowStump.cs;Data/Scripts/Quests/Thief/StealBag.cs;Data/Scripts/Quests/Thief/StealBase.cs;Data/Scripts/Quests/Thief/StealBaseEmpty.cs;Data/Scripts/Quests/Thief/StealBox.cs;Data/Scripts/Quests/Thief/StealMetalBox.cs;Data/Scripts/Quests/Thief/ThiefNote.cs","5 post-baseline commit(s); latest examples: ae7b15c7 2026-06-28 Revert ""Merge branch 'SAR' into main"" | c67146c8 2026-06-08 fix: free quest pooled enumerables | fa4f169e 2023-12-22 Automatic Standardizing of Code Formatting","Context-sensitive labels, messages, journals, books, or gumps vary within the family.","RuntimeUnknown","IntentionalDiscovery","KeepAsIs","QuestJournal","P4","Low when the journal states objectives and failure or consumption risks before commitment.","9 current source file(s) grouped by current path; first 12 plus every direct Player-command source are listed in SourceFiles. Existing inventory is ownership guidance only.","Preserve quest-led discovery; document only controls, irreversible choices, and failure risks that the journal does not make clear.","Keep locations, answers, passwords, and surprises in journals, books, and NPC clues.","Sample quest start, progress, failure, and completion states for a clear next clue without revealing the solution.","","Boundary census row. Detailed rows carry incorporation work."
"IGD-SYS-quests-triggertile-cs","SystemBoundary","Quests:TriggerTile.cs","Current source boundary: Quests:TriggerTile.cs","Player","ActiveBySource","Speak to a quest giver, use a quest item, or follow quest-journal feedback.","Source-defined capability family; current source does not prove live-world placement.","","Data/Scripts/Quests/TriggerTile.cs","4 post-baseline commit(s); latest examples: ae7b15c7 2026-06-28 Revert ""Merge branch 'SAR' into main"" | fa4f169e 2023-12-22 Automatic Standardizing of Code Formatting | fe294cce 2026-06-14 fix: harden runtime hook source queue","Context-sensitive labels, messages, journals, books, or gumps vary within the family.","RuntimeUnknown","IntentionalDiscovery","KeepAsIs","QuestJournal","P4","Low when the journal states objectives and failure or consumption risks before commitment.","1 current source file(s) grouped by current path; first 12 plus every direct Player-command source are listed in SourceFiles. Existing inventory is ownership guidance only.","Preserve quest-led discovery; document only controls, irreversible choices, and failure risks that the journal does not make clear.","Keep locations, answers, passwords, and surprises in journals, books, and NPC clues.","Sample quest start, progress, failure, and completion states for a clear next clue without revealing the solution.","","Boundary census row. Detailed rows carry incorporation work."
"IGD-SYS-quests-underworld","SystemBoundary","Quests:Underworld","Current source boundary: Quests:Underworld","Player","ActiveBySource","Speak to a quest giver, use a quest item, or follow quest-journal feedback.","Source-defined capability family; current source does not prove live-world placement.","","Data/Scripts/Quests/Underworld/RuneStoneGate.cs;Data/Scripts/Quests/Underworld/SkullOfBaron Almric.cs;Data/Scripts/Quests/Underworld/UnderworldTeleporter.cs","4 post-baseline commit(s); latest examples: ae7b15c7 2026-06-28 Revert ""Merge branch 'SAR' into main"" | c67146c8 2026-06-08 fix: free quest pooled enumerables | fa4f169e 2023-12-22 Automatic Standardizing of Code Formatting","Context-sensitive labels, messages, journals, books, or gumps vary within the family.","RuntimeUnknown","IntentionalDiscovery","KeepAsIs","QuestJournal","P4","Low when the journal states objectives and failure or consumption risks before commitment.","3 current source file(s) grouped by current path; first 12 plus every direct Player-command source are listed in SourceFiles. Existing inventory is ownership guidance only.","Preserve quest-led discovery; document only controls, irreversible choices, and failure risks that the journal does not make clear.","Keep locations, answers, passwords, and surprises in journals, books, and NPC clues.","Sample quest start, progress, failure, and completion states for a clear next clue without revealing the solution.","","Boundary census row. Detailed rows carry incorporation work."
"IGD-SYS-servercore","SystemBoundary","ServerCore","Current source boundary: ServerCore","InternalOrStaff","ActiveBySource","No intended direct player entry path, except separately audited shared framework surfaces.","Source-defined capability family; current source does not prove live-world placement.","","Data/System/Source/AggressorInfo.cs;Data/System/Source/AssemblyInfo.cs;Data/System/Source/Attributes.cs;Data/System/Source/BaseVendor.cs;Data/System/Source/Body.cs;Data/System/Source/ClientVersion.cs;Data/System/Source/Commands.cs;Data/System/Source/ContextMenus/ContextMenu.cs;Data/System/Source/ContextMenus/ContextMenuEntry.cs;Data/System/Source/ContextMenus/OpenBackpackEntry.cs;Data/System/Source/ContextMenus/PaperdollEntry.cs;Data/System/Source/Diagnostics/BaseProfile.cs","12 post-baseline commit(s); latest examples: f1c0008d 2026-04-12 fix: harden crash restart and add admin crash command | fa4f169e 2023-12-22 Automatic Standardizing of Code Formatting | fff8b728 2026-04-11 fix: harden map pooled enumerator lifecycle","Context-sensitive labels, messages, journals, books, or gumps vary within the family.","RuntimeUnknown","NotApplicable","NoDocumentationNeeded","ContextualFeedback","P4","None for player documentation: internal infrastructure, staff tooling, or framework behavior.","120 current source file(s) grouped by current path; first 12 plus every direct Player-command source are listed in SourceFiles. Existing inventory is ownership guidance only.","Exclude internal implementation and staff controls from player documentation; retain separate rows for any real player-facing capability built on the framework.","Do not enumerate ordinary content variants or reveal locations and solutions.","Confirm each distinct mechanic is represented by a detailed capability or canonical-topic row; sample ordinary variants for self-explanatory feedback.","","Explicit exclusion: staff-only or internal infrastructure."
"IGD-SYS-system-chat","SystemBoundary","System:Chat","Current source boundary: System:Chat","Mixed","ActiveBySource","Varies by item use, speech, movement, combat, crafting, quest, vendor, region, or command.","Source-defined capability family; current source does not prove live-world placement.","","Data/Scripts/System/Chat/Channels/Alliance.cs;Data/Scripts/System/Chat/Channels/Channel.cs;Data/Scripts/System/Chat/Channels/Faction.cs;Data/Scripts/System/Chat/Channels/Guild.cs;Data/Scripts/System/Chat/Channels/Irc.cs;Data/Scripts/System/Chat/Channels/Multi.cs;Data/Scripts/System/Chat/Channels/Public.cs;Data/Scripts/System/Chat/Channels/Staff.cs;Data/Scripts/System/Chat/Commands/All.cs;Data/Scripts/System/Chat/Commands/Friends.cs;Data/Scripts/System/Chat/Commands/HelpContents.cs;Data/Scripts/System/Chat/Commands/Mail.cs","5 post-baseline commit(s); latest examples: ae7b15c7 2026-06-28 Revert ""Merge branch 'SAR' into main"" | df26a75b 2026-06-09 fix: guard chat hooks | fa4f169e 2023-12-22 Automatic Standardizing of Code Formatting","Context-sensitive labels, messages, journals, books, or gumps vary within the family.","RuntimeUnknown","Partial","NoDocumentationNeeded","ContextualFeedback","P4","Low: ordinary variants are learned through their shared mechanic or direct feedback.","63 current source file(s) grouped by current path; first 12 plus every direct Player-command source are listed in SourceFiles. Existing inventory is ownership guidance only.","Keep variants grouped under their shared mechanic. Add a separate capability row only when controls, rules, cost, persistence, or discovery warrant it.","Do not enumerate ordinary content variants or reveal locations and solutions.","Confirm each distinct mechanic is represented by a detailed capability or canonical-topic row; sample ordinary variants for self-explanatory feedback.","","Boundary census row. Detailed rows carry incorporation work."
"IGD-SYS-system-commands","SystemBoundary","System:Commands","Current source boundary: System:Commands","PlayerOrMixed","ActiveBySource","Varies by item use, speech, movement, combat, crafting, quest, vendor, region, or command.","Source-defined capability family; current source does not prove live-world placement.","afk;ancient;archclose1;archclose2;archclose3;archclose4;archspell1;archspell2;archspell3;archspell4;archtool1;archtool2;archtool3;archtool4;autoattack;bandother;bandself;barbaric;bardclose1;bardclose2;bardsong1;bardsong2;bardtool1;bardtool2;corpse;corpseclear;deathclose1;deathclose2;deathspell1;deathspell2;deathtool1;deathtool2;e;elementclose1;elementclose2;elementspell1;elementspell2;elementtool1;elementtool2;emote;evil;HelpInfo;holyclose1;holyclose2;holyspell1;holyspell2;holytool1;holytool2;knightclose1;knightclose2;knightspell1;knightspell2;knighttool1;knighttool2;loot;mageclose1;mageclose2;mageclose3;mageclose4;magespell1;magespell2;magespell3;magespell4;magetool1;magetool2;magetool3;magetool4;magicgate;monkclose1;monkclose2;monkspell1;monkspell2;monktool1;monktool2;music;musical;necroclose1;necroclose2;necrospell1;necrospell2;necrotool1;necrotool2;oriental;poisons;private;quickbar;regbar;regclose;sheathe;skill;skilllist;SkillName;spellhue;wealth","Data/Scripts/System/Commands/Add.cs;Data/Scripts/System/Commands/AddonGenerator.cs;Data/Scripts/System/Commands/AddToBank.cs;Data/Scripts/System/Commands/AddTrap.cs;Data/Scripts/System/Commands/AreaLog.cs;Data/Scripts/System/Commands/Attributes.cs;Data/Scripts/System/Commands/Batch.cs;Data/Scripts/System/Commands/BodyValues.cs;Data/Scripts/System/Commands/BoundingBoxPicker.cs;Data/Scripts/System/Commands/Commands/BaseCommand.cs;Data/Scripts/System/Commands/Commands/Commands.cs;Data/Scripts/System/Commands/Commands/Interface.cs;Data/Scripts/System/Commands/HelpInfo.cs;Data/Scripts/System/Commands/Player/Afk.cs;Data/Scripts/System/Commands/Player/AutoAttack.cs;Data/Scripts/System/Commands/Player/AutoSheatheWeapon.cs;Data/Scripts/System/Commands/Player/BandSelf.cs;Data/Scripts/System/Commands/Player/ClassicPoisoning.cs;Data/Scripts/System/Commands/Player/CorpseSearch.cs;Data/Scripts/System/Commands/Player/Emote.cs;Data/Scripts/System/Commands/Player/Loot.cs;Data/Scripts/System/Commands/Player/MoonSearch.cs;Data/Scripts/System/Commands/Player/MusicPlayer.cs;Data/Scripts/System/Commands/Player/MusicPlaylist.cs;Data/Scripts/System/Commands/Player/PlayBarbaric.cs;Data/Scripts/System/Commands/Player/PlayEvil.cs;Data/Scripts/System/Commands/Player/PlayOriental.cs;Data/Scripts/System/Commands/Player/PrivateTime.cs;Data/Scripts/System/Commands/Player/QuickBar.cs;Data/Scripts/System/Commands/Player/RegBar.cs;Data/Scripts/System/Commands/Player/SkillListing.cs;Data/Scripts/System/Commands/Player/SkillName.cs;Data/Scripts/System/Commands/Player/Skills.cs;Data/Scripts/System/Commands/Player/SpellBarsCommands.cs;Data/Scripts/System/Commands/Player/SpellBarsDisplay.cs;Data/Scripts/System/Commands/Player/SpellBarsManage.cs;Data/Scripts/System/Commands/Player/SpellHue.cs;Data/Scripts/System/Commands/Player/WealthBar.cs","25 post-baseline commit(s); latest examples: f1c0008d 2026-04-12 fix: harden crash restart and add admin crash command | fa4f169e 2023-12-22 Automatic Standardizing of Code Formatting | fca1df8d 2025-11-06 Update Skills.cs","Context-sensitive labels, messages, journals, books, or gumps vary within the family.","RuntimeUnknown","Partial","RefreshExisting","Help","P2","Medium: a direct Player-access command is undiscoverable unless listed or taught at its point of need.","99 current source file(s) grouped by current path; first 12 plus every direct Player-command source are listed in SourceFiles. Existing inventory is ownership guidance only.","Reconcile the Player-access commands in this bucket with the Help command list and system-specific teaching.","Do not enumerate ordinary content variants or reveal locations and solutions.","An ordinary player can discover each command, syntax, prerequisites, and safe outcome entirely in game.","","Boundary row promoted because current source registers Player-access commands."
"IGD-SYS-system-gumps","SystemBoundary","System:Gumps","Current source boundary: System:Gumps","Mixed","ActiveBySource","Varies by item use, speech, movement, combat, crafting, quest, vendor, region, or command.","Source-defined capability family; current source does not prove live-world placement.","","Data/Scripts/System/Gumps/AddGump.cs;Data/Scripts/System/Gumps/BanDurationGump.cs;Data/Scripts/System/Gumps/BaseConfirmGump.cs;Data/Scripts/System/Gumps/BaseGridGump.cs;Data/Scripts/System/Gumps/BaseImageTileButtonsGump.cs;Data/Scripts/System/Gumps/CategorizedAddGump.cs;Data/Scripts/System/Gumps/ClientGump.cs;Data/Scripts/System/Gumps/ClueGump.cs;Data/Scripts/System/Gumps/ConfirmBreakCrystalGump.cs;Data/Scripts/System/Gumps/ConfirmHouseResize.cs;Data/Scripts/System/Gumps/ConfirmReleaseGump.cs;Data/Scripts/System/Gumps/Go/ChildNode.cs","6 post-baseline commit(s); latest examples: ae7b15c7 2026-06-28 Revert ""Merge branch 'SAR' into main"" | b8d0dbe5 2026-06-09 fix: guard report murderer death hook | fa4f169e 2023-12-22 Automatic Standardizing of Code Formatting","Context-sensitive labels, messages, journals, books, or gumps vary within the family.","RuntimeUnknown","Partial","NoDocumentationNeeded","ContextualFeedback","P4","Low: ordinary variants are learned through their shared mechanic or direct feedback.","87 current source file(s) grouped by current path; first 12 plus every direct Player-command source are listed in SourceFiles. Existing inventory is ownership guidance only.","Keep variants grouped under their shared mechanic. Add a separate capability row only when controls, rules, cost, persistence, or discovery warrant it.","Do not enumerate ordinary content variants or reveal locations and solutions.","Confirm each distinct mechanic is represented by a detailed capability or canonical-topic row; sample ordinary variants for self-explanatory feedback.","","Boundary census row. Detailed rows carry incorporation work."
"IGD-SYS-system-help","SystemBoundary","System:Help","Current source boundary: System:Help","Mixed","ActiveBySource","Varies by item use, speech, movement, combat, crafting, quest, vendor, region, or command.","Source-defined capability family; current source does not prove live-world placement.","","Data/Scripts/System/Help/Gumps/HelpGump.cs;Data/Scripts/System/Help/Gumps/PagePromptGump.cs;Data/Scripts/System/Help/Gumps/PageQueueGump.cs;Data/Scripts/System/Help/Gumps/PageResponseGump.cs;Data/Scripts/System/Help/Gumps/SpeechLogGump.cs;Data/Scripts/System/Help/PagePrompt.cs;Data/Scripts/System/Help/PageQueue.cs;Data/Scripts/System/Help/ServerSettings.cs;Data/Scripts/System/Help/SpeechLog.cs;Data/Scripts/System/Help/StuckMenu.cs","7 post-baseline commit(s); latest examples: b101e80f 2026-03-01 Merged in many test shard changes and brought in line with live shard | e4b11f8d 2025-10-30 Moved GUMPs to their own folders | fa4f169e 2023-12-22 Automatic Standardizing of Code Formatting","Context-sensitive labels, messages, journals, books, or gumps vary within the family.","RuntimeUnknown","Partial","NoDocumentationNeeded","ContextualFeedback","P4","Low: ordinary variants are learned through their shared mechanic or direct feedback.","10 current source file(s) grouped by current path; first 12 plus every direct Player-command source are listed in SourceFiles. Existing inventory is ownership guidance only.","Keep variants grouped under their shared mechanic. Add a separate capability row only when controls, rules, cost, persistence, or discovery warrant it.","Do not enumerate ordinary content variants or reveal locations and solutions.","Confirm each distinct mechanic is represented by a detailed capability or canonical-topic row; sample ordinary variants for self-explanatory feedback.","","Boundary census row. Detailed rows carry incorporation work."
"IGD-SYS-system-misc","SystemBoundary","System:Misc","Current source boundary: System:Misc","PlayerOrMixed","ActiveBySource","Varies by item use, speech, movement, combat, crafting, quest, vendor, region, or command.","Source-defined capability family; current source does not prove live-world placement.","MOTD;Password;status;TCCorpses;TCResurrect;TCSupplies","Data/Scripts/System/Misc/Accounts.cs;Data/Scripts/System/Misc/Animations.cs;Data/Scripts/System/Misc/AOS.cs;Data/Scripts/System/Misc/AttackMessage.cs;Data/Scripts/System/Misc/AutoRestart.cs;Data/Scripts/System/Misc/AutoSave.cs;Data/Scripts/System/Misc/Broadcast.cs;Data/Scripts/System/Misc/Broadcasts.cs;Data/Scripts/System/Misc/BuffIcons.cs;Data/Scripts/System/Misc/Build.cs;Data/Scripts/System/Misc/Captcha.cs;Data/Scripts/System/Misc/CharacterCreation.cs;Data/Scripts/System/Misc/MOTD.cs;Data/Scripts/System/Misc/Players.cs;Data/Scripts/System/Misc/TestCenter.cs","63 post-baseline commit(s); latest examples: f1c0008d 2026-04-12 fix: harden crash restart and add admin crash command | fa4f169e 2023-12-22 Automatic Standardizing of Code Formatting | fe294cce 2026-06-14 fix: harden runtime hook source queue","Context-sensitive labels, messages, journals, books, or gumps vary within the family.","RuntimeUnknown","Partial","RefreshExisting","Help","P2","Medium: a direct Player-access command is undiscoverable unless listed or taught at its point of need.","77 current source file(s) grouped by current path; first 12 plus every direct Player-command source are listed in SourceFiles. Existing inventory is ownership guidance only.","Reconcile the Player-access commands in this bucket with the Help command list and system-specific teaching.","Do not enumerate ordinary content variants or reveal locations and solutions.","An ordinary player can discover each command, syntax, prerequisites, and safe outcome entirely in game.","","Boundary row promoted because current source registers Player-access commands."
"IGD-SYS-system-obsolete","SystemBoundary","System:Obsolete","Current source boundary: System:Obsolete","PlayerOrMixed","ActiveBySource","No intended direct player entry path, except separately audited shared framework surfaces.","Source-defined capability family; current source does not prove live-world placement.","PrivateChar;PublicChar","Data/Scripts/System/Obsolete/GardenTool.cs;Data/Scripts/System/Obsolete/Herbalism.cs;Data/Scripts/System/Obsolete/HerbalistCauldron.cs;Data/Scripts/System/Obsolete/MixingCauldron.cs;Data/Scripts/System/Obsolete/Obsolete.cs;Data/Scripts/System/Obsolete/Pegasus.cs;Data/Scripts/System/Obsolete/PlantHerbalism.cs;Data/Scripts/System/Obsolete/Sphinx.cs;Data/Scripts/System/Obsolete/SurgeonsKnife.cs","9 post-baseline commit(s); latest examples: bf961c5e 2026-04-15 refactor: extract ChampionSpawn system from Obsolete | fa4f169e 2023-12-22 Automatic Standardizing of Code Formatting | fe294cce 2026-06-14 fix: harden runtime hook source queue","Context-sensitive labels, messages, journals, books, or gumps vary within the family.","RuntimeUnknown","Partial","RefreshExisting","Help","P2","Medium: a direct Player-access command is undiscoverable unless listed or taught at its point of need.","9 current source file(s) grouped by current path; first 12 plus every direct Player-command source are listed in SourceFiles. Existing inventory is ownership guidance only.","Reconcile the Player-access commands in this bucket with the Help command list and system-specific teaching.","Do not enumerate ordinary content variants or reveal locations and solutions.","An ordinary player can discover each command, syntax, prerequisites, and safe outcome entirely in game.","","Boundary row promoted because current source registers Player-access commands."
"IGD-SYS-system-regions","SystemBoundary","System:Regions","Current source boundary: System:Regions","Mixed","ActiveBySource","Varies by item use, speech, movement, combat, crafting, quest, vendor, region, or command.","Source-defined capability family; current source does not prove live-world placement.","","Data/Scripts/System/Regions/BardDungeonRegion.cs;Data/Scripts/System/Regions/BardTownRegion.cs;Data/Scripts/System/Regions/BargeDeadRegion.cs;Data/Scripts/System/Regions/BaseRegion.cs;Data/Scripts/System/Regions/CaveRegion.cs;Data/Scripts/System/Regions/CrashRegion.cs;Data/Scripts/System/Regions/DawnRegion.cs;Data/Scripts/System/Regions/DeadRegion.cs;Data/Scripts/System/Regions/DungeonHomeRegion.cs;Data/Scripts/System/Regions/DungeonRegion.cs;Data/Scripts/System/Regions/GargoyleRegion.cs;Data/Scripts/System/Regions/GuardedRegion.cs","13 post-baseline commit(s); latest examples: bbf80680 2026-03-01 Fix null reference in [control command release | fa4f169e 2023-12-22 Automatic Standardizing of Code Formatting | fe294cce 2026-06-14 fix: harden runtime hook source queue","Context-sensitive labels, messages, journals, books, or gumps vary within the family.","RuntimeUnknown","Partial","NoDocumentationNeeded","ContextualFeedback","P4","Low: ordinary variants are learned through their shared mechanic or direct feedback.","39 current source file(s) grouped by current path; first 12 plus every direct Player-command source are listed in SourceFiles. Existing inventory is ownership guidance only.","Keep variants grouped under their shared mechanic. Add a separate capability row only when controls, rules, cost, persistence, or discovery warrant it.","Do not enumerate ordinary content variants or reveal locations and solutions.","Confirm each distinct mechanic is represented by a detailed capability or canonical-topic row; sample ordinary variants for self-explanatory feedback.","","Boundary census row. Detailed rows carry incorporation work."
"IGD-SYS-system-skills","SystemBoundary","System:Skills","Current source boundary: System:Skills","PlayerOrMixed","ActiveBySource","Varies by item use, speech, movement, combat, crafting, quest, vendor, region, or command.","Source-defined capability family; current source does not prove live-world placement.","abilitynames;SAD;Set1;Set2;Set3;Set4;Set5;SetFifthAbility;SetFourthAbility;SetPrimaryAbility;SetSecondaryAbility;SetThirdAbility;SpecialAttacksDisplay;StopTame;StopTaming","Data/Scripts/System/Skills/Anatomy.cs;Data/Scripts/System/Skills/ArmsLore.cs;Data/Scripts/System/Skills/Begging.cs;Data/Scripts/System/Skills/Discordance.cs;Data/Scripts/System/Skills/Druidism.cs;Data/Scripts/System/Skills/Forensics.cs;Data/Scripts/System/Skills/Hiding.cs;Data/Scripts/System/Skills/Inscribe.cs;Data/Scripts/System/Skills/ItemIdentification.cs;Data/Scripts/System/Skills/Meditation.cs;Data/Scripts/System/Skills/Peacemaking.cs;Data/Scripts/System/Skills/Poisoning.cs;Data/Scripts/System/Skills/TamingLoopController.cs;Data/Scripts/System/Skills/Weapon Abilities/Gumps/SpecialAttackGump.cs;Data/Scripts/System/Skills/Weapon Abilities/SpecialAttackCommands.cs;Data/Scripts/System/Skills/Weapon Abilities/SpecialAttacksDisplay.cs","16 post-baseline commit(s); latest examples: e4b11f8d 2025-10-30 Moved GUMPs to their own folders | fa4f169e 2023-12-22 Automatic Standardizing of Code Formatting | fe294cce 2026-06-14 fix: harden runtime hook source queue","Context-sensitive labels, messages, journals, books, or gumps vary within the family.","RuntimeUnknown","Partial","RefreshExisting","Help","P2","Medium: a direct Player-access command is undiscoverable unless listed or taught at its point of need.","87 current source file(s) grouped by current path; first 12 plus every direct Player-command source are listed in SourceFiles. Existing inventory is ownership guidance only.","Reconcile the Player-access commands in this bucket with the Help command list and system-specific teaching.","Do not enumerate ordinary content variants or reveal locations and solutions.","An ordinary player can discover each command, syntax, prerequisites, and safe outcome entirely in game.","","Boundary row promoted because current source registers Player-access commands."
"IGD-SYS-trades-apiculture","SystemBoundary","Trades:Apiculture","Current source boundary: Trades:Apiculture","Player","ActiveBySource","Use a trade tool, resource, work surface, harvesting target, or crafting gump.","Source-defined capability family; current source does not prove live-world placement.","","Data/Scripts/Trades/Apiculture/BeeHiveAddon.cs;Data/Scripts/Trades/Apiculture/BeeHiveHelp.cs;Data/Scripts/Trades/Apiculture/beehivehelper.cs;Data/Scripts/Trades/Apiculture/Craft/CandleReligious.cs;Data/Scripts/Trades/Apiculture/Craft/ColorCandleLong.cs;Data/Scripts/Trades/Apiculture/Craft/ColorCandleShort.cs;Data/Scripts/Trades/Apiculture/Craft/JarsOfWax.cs;Data/Scripts/Trades/Apiculture/Craft/PaintCanvas.cs;Data/Scripts/Trades/Apiculture/Craft/WaxPaintings.cs;Data/Scripts/Trades/Apiculture/Craft/WaxSculptors.cs;Data/Scripts/Trades/Apiculture/DefWaxCrafting.cs;Data/Scripts/Trades/Apiculture/Gumps/BeeHiveGumps.cs","4 post-baseline commit(s); latest examples: 38b43458 2026-04-11 Housekeeping | e4b11f8d 2025-10-30 Moved GUMPs to their own folders | fa4f169e 2023-12-22 Automatic Standardizing of Code Formatting","Context-sensitive labels, messages, journals, books, or gumps vary within the family.","RuntimeUnknown","Partial","Incorporate","LibraryReference","P3","Medium: progression, materials, queues, and expensive craft decisions can be unclear.","18 current source file(s) grouped by current path; first 12 plus every direct Player-command source are listed in SourceFiles. Existing inventory is ownership guidance only.","Teach the shared trade loop, required tools, risk or consumption points, and where contextual help appears.","Do not publish rare recipes or hidden resource locations unless the existing system already teaches them.","A new user can start, stop, and safely repeat the shared trade loop using in-game information.","","Boundary census row. Detailed rows carry incorporation work."
"IGD-SYS-trades-bulk-orders","SystemBoundary","Trades:Bulk Orders","Current source boundary: Trades:Bulk Orders","Player","ActiveBySource","Use a trade tool, resource, work surface, harvesting target, or crafting gump.","Source-defined capability family; current source does not prove live-world placement.","","Data/Scripts/Trades/Bulk Orders/Books/BOBFilter.cs;Data/Scripts/Trades/Bulk Orders/Books/BOBLargeEntry.cs;Data/Scripts/Trades/Bulk Orders/Books/BOBLargeSubEntry.cs;Data/Scripts/Trades/Bulk Orders/Books/BOBSmallEntry.cs;Data/Scripts/Trades/Bulk Orders/Books/BODType.cs;Data/Scripts/Trades/Bulk Orders/Books/BulkOrderBook.cs;Data/Scripts/Trades/Bulk Orders/Books/Gumps/BOBFilterGump.cs;Data/Scripts/Trades/Bulk Orders/Books/Gumps/BOBGump.cs;Data/Scripts/Trades/Bulk Orders/Books/Gumps/BODBuyGump.cs;Data/Scripts/Trades/Bulk Orders/BulkMaterialType.cs;Data/Scripts/Trades/Bulk Orders/Gumps/LargeBODAcceptGump.cs;Data/Scripts/Trades/Bulk Orders/Gumps/LargeBODGump.cs","7 post-baseline commit(s); latest examples: ae7b15c7 2026-06-28 Revert ""Merge branch 'SAR' into main"" | e4b11f8d 2025-10-30 Moved GUMPs to their own folders | fa4f169e 2023-12-22 Automatic Standardizing of Code Formatting","Context-sensitive labels, messages, journals, books, or gumps vary within the family.","RuntimeUnknown","Partial","Incorporate","LibraryReference","P3","Medium: progression, materials, queues, and expensive craft decisions can be unclear.","25 current source file(s) grouped by current path; first 12 plus every direct Player-command source are listed in SourceFiles. Existing inventory is ownership guidance only.","Teach the shared trade loop, required tools, risk or consumption points, and where contextual help appears.","Do not publish rare recipes or hidden resource locations unless the existing system already teaches them.","A new user can start, stop, and safely repeat the shared trade loop using in-game information.","","Boundary census row. Detailed rows carry incorporation work."
"IGD-SYS-trades-core","SystemBoundary","Trades:Core","Current source boundary: Trades:Core","InternalOrStaff","ActiveBySource","No intended direct player entry path, except separately audited shared framework surfaces.","Source-defined capability family; current source does not prove live-world placement.","","Data/Scripts/Trades/Core/CraftContext.cs;Data/Scripts/Trades/Core/CraftGroup.cs;Data/Scripts/Trades/Core/CraftGroupCol.cs;Data/Scripts/Trades/Core/CraftItem.cs;Data/Scripts/Trades/Core/CraftItemCol.cs;Data/Scripts/Trades/Core/CraftItemIDAttribute.cs;Data/Scripts/Trades/Core/CraftRes.cs;Data/Scripts/Trades/Core/CraftResCol.cs;Data/Scripts/Trades/Core/CraftSkill.cs;Data/Scripts/Trades/Core/CraftSkillCol.cs;Data/Scripts/Trades/Core/CraftSubRes.cs;Data/Scripts/Trades/Core/CraftSubResCol.cs","22 post-baseline commit(s); latest examples: ea14d0d8 2025-10-29 Revert ""Add search term functionality to CraftContext"" | fa4f169e 2023-12-22 Automatic Standardizing of Code Formatting | fb8f9808 2026-06-24 fix: repair crafting container selection","Context-sensitive labels, messages, journals, books, or gumps vary within the family.","RuntimeUnknown","NotApplicable","NoDocumentationNeeded","ContextualFeedback","P4","None for player documentation: internal infrastructure, staff tooling, or framework behavior.","23 current source file(s) grouped by current path; first 12 plus every direct Player-command source are listed in SourceFiles. Existing inventory is ownership guidance only.","Exclude internal implementation and staff controls from player documentation; retain separate rows for any real player-facing capability built on the framework.","Do not enumerate ordinary content variants or reveal locations and solutions.","Confirm each distinct mechanic is represented by a detailed capability or canonical-topic row; sample ordinary variants for self-explanatory feedback.","","Explicit exclusion: staff-only or internal infrastructure."
"IGD-SYS-trades-crafting","SystemBoundary","Trades:Crafting","Current source boundary: Trades:Crafting","Player","ActiveBySource","Use a trade tool, resource, work surface, harvesting target, or crafting gump.","Source-defined capability family; current source does not prove live-world placement.","","Data/Scripts/Trades/Crafting/DefAlchemy.cs;Data/Scripts/Trades/Crafting/DefBlacksmithy.cs;Data/Scripts/Trades/Crafting/DefBowFletching.cs;Data/Scripts/Trades/Crafting/DefCarpentry.cs;Data/Scripts/Trades/Crafting/DefCartography.cs;Data/Scripts/Trades/Crafting/DefCooking.cs;Data/Scripts/Trades/Crafting/DefDruidism.cs;Data/Scripts/Trades/Crafting/DefGlassblowing.cs;Data/Scripts/Trades/Crafting/DefGodCrafting.cs;Data/Scripts/Trades/Crafting/DefInscription.cs;Data/Scripts/Trades/Crafting/DefMasonry.cs;Data/Scripts/Trades/Crafting/DefShelves.cs","2 post-baseline commit(s); latest examples: 365c4a54 2024-03-18 TestServer Merged into Main | fa4f169e 2023-12-22 Automatic Standardizing of Code Formatting","Context-sensitive labels, messages, journals, books, or gumps vary within the family.","RuntimeUnknown","Partial","Incorporate","LibraryReference","P3","Medium: progression, materials, queues, and expensive craft decisions can be unclear.","17 current source file(s) grouped by current path; first 12 plus every direct Player-command source are listed in SourceFiles. Existing inventory is ownership guidance only.","Teach the shared trade loop, required tools, risk or consumption points, and where contextual help appears.","Do not publish rare recipes or hidden resource locations unless the existing system already teaches them.","A new user can start, stop, and safely repeat the shared trade loop using in-game information.","","Boundary census row. Detailed rows carry incorporation work."
"IGD-SYS-trades-gardening","SystemBoundary","Trades:Gardening","Current source boundary: Trades:Gardening","Player","ActiveBySource","Use a trade tool, resource, work surface, harvesting target, or crafting gump.","Source-defined capability family; current source does not prove live-world placement.","","Data/Scripts/Trades/Gardening/Gumps/EmptyTheBowlGump.cs;Data/Scripts/Trades/Gardening/Gumps/MainPlantGump.cs;Data/Scripts/Trades/Gardening/Gumps/ReproductionGump.cs;Data/Scripts/Trades/Gardening/Gumps/SetToDecorativeGump.cs;Data/Scripts/Trades/Gardening/MiscItems/FertileDirt.cs;Data/Scripts/Trades/Gardening/MiscItems/GreenThorns.cs;Data/Scripts/Trades/Gardening/MiscItems/OrangePetals.cs;Data/Scripts/Trades/Gardening/MiscItems/RedLeaves.cs;Data/Scripts/Trades/Gardening/Network/DisplayHelpTopic.cs;Data/Scripts/Trades/Gardening/PlantBowl.cs;Data/Scripts/Trades/Gardening/PlantHue.cs;Data/Scripts/Trades/Gardening/PlantItem.cs","6 post-baseline commit(s); latest examples: ae7b15c7 2026-06-28 Revert ""Merge branch 'SAR' into main"" | e4b11f8d 2025-10-30 Moved GUMPs to their own folders | fa4f169e 2023-12-22 Automatic Standardizing of Code Formatting","Context-sensitive labels, messages, journals, books, or gumps vary within the family.","RuntimeUnknown","Partial","Incorporate","LibraryReference","P3","Medium: progression, materials, queues, and expensive craft decisions can be unclear.","18 current source file(s) grouped by current path; first 12 plus every direct Player-command source are listed in SourceFiles. Existing inventory is ownership guidance only.","Teach the shared trade loop, required tools, risk or consumption points, and where contextual help appears.","Do not publish rare recipes or hidden resource locations unless the existing system already teaches them.","A new user can start, stop, and safely repeat the shared trade loop using in-game information.","","Boundary census row. Detailed rows carry incorporation work."
"IGD-SYS-trades-grave-robbing","SystemBoundary","Trades:Grave Robbing","Current source boundary: Trades:Grave Robbing","Player","ActiveBySource","Use a trade tool, resource, work surface, harvesting target, or crafting gump.","Source-defined capability family; current source does not prove live-world placement.","","Data/Scripts/Trades/Grave Robbing/Bones.cs;Data/Scripts/Trades/Grave Robbing/GraveRobbing.cs;Data/Scripts/Trades/Grave Robbing/GraveShovel.cs","1 post-baseline commit(s); latest examples: fa4f169e 2023-12-22 Automatic Standardizing of Code Formatting","Context-sensitive labels, messages, journals, books, or gumps vary within the family.","RuntimeUnknown","Partial","Incorporate","LibraryReference","P3","Medium: progression, materials, queues, and expensive craft decisions can be unclear.","3 current source file(s) grouped by current path; first 12 plus every direct Player-command source are listed in SourceFiles. Existing inventory is ownership guidance only.","Teach the shared trade loop, required tools, risk or consumption points, and where contextual help appears.","Do not publish rare recipes or hidden resource locations unless the existing system already teaches them.","A new user can start, stop, and safely repeat the shared trade loop using in-game information.","","Boundary census row. Detailed rows carry incorporation work."
"IGD-SYS-trades-guild","SystemBoundary","Trades:Guild","Current source boundary: Trades:Guild","Player","ActiveBySource","Use a trade tool, resource, work surface, harvesting target, or crafting gump.","Source-defined capability family; current source does not prove live-world placement.","","Data/Scripts/Trades/Guild/AttributeHandler.cs;Data/Scripts/Trades/Guild/EnhancementStoneProcess.cs;Data/Scripts/Trades/Guild/GuildCarpentry.cs;Data/Scripts/Trades/Guild/GuildFletching.cs;Data/Scripts/Trades/Guild/GuildHammer.cs;Data/Scripts/Trades/Guild/GuildSewing.cs;Data/Scripts/Trades/Guild/GuildTinkering.cs;Data/Scripts/Trades/Guild/Gumps/EnhancementGump.cs","10 post-baseline commit(s); latest examples: ae7b15c7 2026-06-28 Revert ""Merge branch 'SAR' into main"" | e4b11f8d 2025-10-30 Moved GUMPs to their own folders | fa4f169e 2023-12-22 Automatic Standardizing of Code Formatting","Context-sensitive labels, messages, journals, books, or gumps vary within the family.","RuntimeUnknown","Partial","Incorporate","LibraryReference","P3","Medium: progression, materials, queues, and expensive craft decisions can be unclear.","8 current source file(s) grouped by current path; first 12 plus every direct Player-command source are listed in SourceFiles. Existing inventory is ownership guidance only.","Teach the shared trade loop, required tools, risk or consumption points, and where contextual help appears.","Do not publish rare recipes or hidden resource locations unless the existing system already teaches them.","A new user can start, stop, and safely repeat the shared trade loop using in-game information.","","Boundary census row. Detailed rows carry incorporation work."
"IGD-SYS-trades-harvest","SystemBoundary","Trades:Harvest","Current source boundary: Trades:Harvest","Player","ActiveBySource","Use a trade tool, resource, work surface, harvesting target, or crafting gump.","Source-defined capability family; current source does not prove live-world placement.","StopHarvest","Data/Scripts/Trades/Harvest/BonusHarvestResource.cs;Data/Scripts/Trades/Harvest/Fishing.cs;Data/Scripts/Trades/Harvest/HarvestBank.cs;Data/Scripts/Trades/Harvest/HarvestDefinition.cs;Data/Scripts/Trades/Harvest/HarvestLoopController.cs;Data/Scripts/Trades/Harvest/HarvestResource.cs;Data/Scripts/Trades/Harvest/HarvestSoundTimer.cs;Data/Scripts/Trades/Harvest/HarvestSystem.cs;Data/Scripts/Trades/Harvest/HarvestTarget.cs;Data/Scripts/Trades/Harvest/HarvestTimer.cs;Data/Scripts/Trades/Harvest/HarvestVein.cs;Data/Scripts/Trades/Harvest/Lumberjacking.cs","4 post-baseline commit(s); latest examples: 365c4a54 2024-03-18 TestServer Merged into Main | df1751ea 2026-06-27 feat: add auto-loop harvesting | fa4f169e 2023-12-22 Automatic Standardizing of Code Formatting","Context-sensitive labels, messages, journals, books, or gumps vary within the family.","RuntimeUnknown","Partial","Incorporate","LibraryReference","P3","Medium: progression, materials, queues, and expensive craft decisions can be unclear.","13 current source file(s) grouped by current path; first 12 plus every direct Player-command source are listed in SourceFiles. Existing inventory is ownership guidance only.","Teach the shared trade loop, required tools, risk or consumption points, and where contextual help appears.","Do not publish rare recipes or hidden resource locations unless the existing system already teaches them.","A new user can start, stop, and safely repeat the shared trade loop using in-game information.","","Boundary census row. Detailed rows carry incorporation work."
"IGD-SYS-trades-librarian","SystemBoundary","Trades:Librarian","Current source boundary: Trades:Librarian","Player","ActiveBySource","Use a trade tool, resource, work surface, harvesting target, or crafting gump.","Source-defined capability family; current source does not prove live-world placement.","","Data/Scripts/Trades/Librarian/Librarian.cs;Data/Scripts/Trades/Librarian/LibraryScrolls.cs;Data/Scripts/Trades/Librarian/Monocle.cs","1 post-baseline commit(s); latest examples: fa4f169e 2023-12-22 Automatic Standardizing of Code Formatting","Context-sensitive labels, messages, journals, books, or gumps vary within the family.","RuntimeUnknown","Partial","Incorporate","LibraryReference","P3","Medium: progression, materials, queues, and expensive craft decisions can be unclear.","3 current source file(s) grouped by current path; first 12 plus every direct Player-command source are listed in SourceFiles. Existing inventory is ownership guidance only.","Teach the shared trade loop, required tools, risk or consumption points, and where contextual help appears.","Do not publish rare recipes or hidden resource locations unless the existing system already teaches them.","A new user can start, stop, and safely repeat the shared trade loop using in-game information.","","Boundary census row. Detailed rows carry incorporation work."
"IGD-SYS-trades-runics","SystemBoundary","Trades:Runics","Current source boundary: Trades:Runics","Player","ActiveBySource","Use a trade tool, resource, work surface, harvesting target, or crafting gump.","Source-defined capability family; current source does not prove live-world placement.","","Data/Scripts/Trades/Runics/BaseRunicFletcherTools.cs;Data/Scripts/Trades/Runics/BaseRunicHammer.cs;Data/Scripts/Trades/Runics/BaseRunicSaw.cs;Data/Scripts/Trades/Runics/BaseRunicSewingKit.cs;Data/Scripts/Trades/Runics/BaseRunicTinkerTools.cs","No post-baseline change found in current files for this bucket.","Context-sensitive labels, messages, journals, books, or gumps vary within the family.","RuntimeUnknown","Partial","Incorporate","LibraryReference","P3","Medium: progression, materials, queues, and expensive craft decisions can be unclear.","5 current source file(s) grouped by current path; first 12 plus every direct Player-command source are listed in SourceFiles. Existing inventory is ownership guidance only.","Teach the shared trade loop, required tools, risk or consumption points, and where contextual help appears.","Do not publish rare recipes or hidden resource locations unless the existing system already teaches them.","A new user can start, stop, and safely repeat the shared trade loop using in-game information.","","Boundary census row. Detailed rows carry incorporation work."
"IGD-SYS-trades-shoppes","SystemBoundary","Trades:Shoppes","Current source boundary: Trades:Shoppes","Player","ActiveBySource","Use a trade tool, resource, work surface, harvesting target, or crafting gump.","Source-defined capability family; current source does not prove live-world placement.","","Data/Scripts/Trades/Shoppes/AlchemistShoppe.cs;Data/Scripts/Trades/Shoppes/BakerShoppe.cs;Data/Scripts/Trades/Shoppes/BaseShoppe.cs;Data/Scripts/Trades/Shoppes/BlacksmithShoppe.cs;Data/Scripts/Trades/Shoppes/BowyerShoppe.cs;Data/Scripts/Trades/Shoppes/CarpentryShoppe.cs;Data/Scripts/Trades/Shoppes/CartographyShoppe.cs;Data/Scripts/Trades/Shoppes/Customers.cs;Data/Scripts/Trades/Shoppes/HerbalistShoppe.cs;Data/Scripts/Trades/Shoppes/LibrarianShoppe.cs;Data/Scripts/Trades/Shoppes/MerchantCrate.cs;Data/Scripts/Trades/Shoppes/MorticianShoppe.cs","2 post-baseline commit(s); latest examples: 365c4a54 2024-03-18 TestServer Merged into Main | fa4f169e 2023-12-22 Automatic Standardizing of Code Formatting","Context-sensitive labels, messages, journals, books, or gumps vary within the family.","RuntimeUnknown","Partial","Incorporate","LibraryReference","P3","Medium: progression, materials, queues, and expensive craft decisions can be unclear.","14 current source file(s) grouped by current path; first 12 plus every direct Player-command source are listed in SourceFiles. Existing inventory is ownership guidance only.","Teach the shared trade loop, required tools, risk or consumption points, and where contextual help appears.","Do not publish rare recipes or hidden resource locations unless the existing system already teaches them.","A new user can start, stop, and safely repeat the shared trade loop using in-game information.","","Boundary census row. Detailed rows carry incorporation work."
"IGD-SYS-trades-stone","SystemBoundary","Trades:Stone","Current source boundary: Trades:Stone","Player","ActiveBySource","Use a trade tool, resource, work surface, harvesting target, or crafting gump.","Source-defined capability family; current source does not prove live-world placement.","","Data/Scripts/Trades/Stone/Assemblies.cs;Data/Scripts/Trades/Stone/BaseStatue.cs;Data/Scripts/Trades/Stone/BaseStatueDeed.cs;Data/Scripts/Trades/Stone/Furniture.cs;Data/Scripts/Trades/Stone/Gravestones.cs;Data/Scripts/Trades/Stone/Statues.cs","2 post-baseline commit(s); latest examples: 1afd1288 2026-08-09 Merge SAR branch into Live | fa4f169e 2023-12-22 Automatic Standardizing of Code Formatting","Context-sensitive labels, messages, journals, books, or gumps vary within the family.","RuntimeUnknown","Partial","Incorporate","LibraryReference","P3","Medium: progression, materials, queues, and expensive craft decisions can be unclear.","6 current source file(s) grouped by current path; first 12 plus every direct Player-command source are listed in SourceFiles. Existing inventory is ownership guidance only.","Teach the shared trade loop, required tools, risk or consumption points, and where contextual help appears.","Do not publish rare recipes or hidden resource locations unless the existing system already teaches them.","A new user can start, stop, and safely repeat the shared trade loop using in-game information.","","Boundary census row. Detailed rows carry incorporation work."
"IGD-SYS-trades-taxidermy","SystemBoundary","Trades:Taxidermy","Current source boundary: Trades:Taxidermy","Player","ActiveBySource","Use a trade tool, resource, work surface, harvesting target, or crafting gump.","Source-defined capability family; current source does not prove live-world placement.","","Data/Scripts/Trades/Taxidermy/MagicSkulls.cs;Data/Scripts/Trades/Taxidermy/MountedTrophyHead.cs;Data/Scripts/Trades/Taxidermy/MountingBase.cs;Data/Scripts/Trades/Taxidermy/StuffedBear.cs;Data/Scripts/Trades/Taxidermy/StuffingBasket.cs;Data/Scripts/Trades/Taxidermy/TrophyBase.cs","3 post-baseline commit(s); latest examples: 1afd1288 2026-08-09 Merge SAR branch into Live | 365c4a54 2024-03-18 TestServer Merged into Main | fa4f169e 2023-12-22 Automatic Standardizing of Code Formatting","Context-sensitive labels, messages, journals, books, or gumps vary within the family.","RuntimeUnknown","Partial","Incorporate","LibraryReference","P3","Medium: progression, materials, queues, and expensive craft decisions can be unclear.","6 current source file(s) grouped by current path; first 12 plus every direct Player-command source are listed in SourceFiles. Existing inventory is ownership guidance only.","Teach the shared trade loop, required tools, risk or consumption points, and where contextual help appears.","Do not publish rare recipes or hidden resource locations unless the existing system already teaches them.","A new user can start, stop, and safely repeat the shared trade loop using in-game information.","","Boundary census row. Detailed rows carry incorporation work."
"IGD-CAP-disabled-turn-combat-test-center","Capability","Configuration:Gates","Disabled turn-based combat and Test Center player controls","Player","DisabledByConfig","No player entry should be advertised while the checked-in gates are disabled.","Checked-in configuration disables turn-based combat; Test Center defaults off in current settings source.","","Data/Scripts/System/Misc/Settings.cs;Data/TurnBasedCombat/TurnBasedCombat.cfg","No post-baseline change found in current files for this bucket.","Any legacy or external references are research evidence only.","Disabled","NotApplicable","NoDocumentationNeeded","Help","P4","Low while disabled; misleading Help would become a medium-risk availability error.","Current filesystem and named symbols reviewed by the audit generator.","Do not add player instructions while disabled. If enabled later, require a dedicated source and staging documentation pass before release.","Not applicable.","Confirm gates are disabled and no reachable Help page advertises unavailable controls; repeat the audit before enabling.","","Explicit exclusion: current checked-in gates disable the feature."
"IGD-CAP-government-authority-economy","Capability","Custom:Government System","Player government founding, authority, elections, treasury, maintenance, conflict, and destructive actions","Player","ActiveBySource","Use government stones, deeds, city structures, vendors, regions, and the dedicated help gump.","System types and help gump are source-defined; live city objects, treasury state, and placement require staging.","","Data/Scripts/Custom/Government System;Data/Scripts/Custom/Government System/Gumps/GovHelpGump.cs","24 post-baseline commit(s); latest examples: eb288fdf 2024-01-09 Work-around Allowing Staff to Replace Improperly Deleted Cities | fa4f169e 2023-12-22 Automatic Standardizing of Code Formatting | fe294cce 2026-06-14 fix: harden runtime hook source queue","Dedicated multi-page government help gump plus contextual gumps and messages.","RuntimeUnknown","Stale","RefreshExisting","SystemHelpGump","P1","High: persistent towns, treasury funds, maintenance, elections, bans, wars, permissions, and disbanding can cause material loss.","Current filesystem and named symbols reviewed by the audit generator.","Source-review every help page and place current costs, authority, persistence, maintenance, elections, conflict, and destructive confirmations before secondary detail.","Government rules are not secrets; do not expose staff-only controls.","Use disposable staging towns to exercise founding through save/restart, election, treasury, authority, conflict, and disband paths.","docs/wiki/Government_System.md;docs/wiki/Player_Government_System_Guide.md",""
"IGD-CAP-dynamic-lore-library-unlocks","Capability","Custom:LoreBooks","Dynamic lore catalog, physical discoveries, and Personal Library unlocks","Player","ActiveBySource","Discover or read a cataloged lore book, then open the Personal Library.","58 XML records and 29 static entries are checked in; live book placement and existing unlock state require staging.","MyLibrary","Data/Scripts/Custom/LoreBooks/LoreBookCatalog.cs;Data/Scripts/Custom/LoreBooks/LoreBooks.xml;Data/Scripts/System/Commands/Player/MyLibrary.cs","1 post-baseline commit(s); latest examples: 5b59e2da 2026-06-20 feat: add dynamic lore book catalog","Physical lore books and unlocked Personal Library entries.","RuntimeUnknown","Complete","KeepAsIs","LoreBook","P4","Low: the established surface matches the shard tradition and preserves discovery.","Current filesystem and named symbols reviewed by the audit generator.","Keep catalog IDs unique, preserve unlock semantics, and add new lore through the same physical-book-to-Library path.","Do not globally list undiscovered lore or placement.","Acquire representative books normally, verify one-time unlock, Library visibility, duplicate handling, and save/restart persistence.","",""
"IGD-CAP-character-level-service","Capability","Custom:Progression","Character Level persistent progression and player service commands","Player","ActiveBySource","Use the registered service commands or encounter Character Level feedback while progressing.","Current runtime-visible source defines the service; live configuration and existing-character state require staging.","","Data/Scripts/Custom/Progression/CharacterLevel/CharacterLevelCommands.cs;Data/Scripts/Custom/Progression/CharacterLevel/CharacterLevelService.cs","2 post-baseline commit(s); latest examples: 1afd1288 2026-08-09 Merge SAR branch into Live | 623c30d0 2026-06-13 refactor: move character level scripts","Command feedback and progression messages; no complete persistent in-game reference was found.","RuntimeUnknown","Missing","Incorporate","LibraryReference","P1","High: persistent progression, rewards, caps, and service actions affect long-lived characters.","Current filesystem and named symbols reviewed by the audit generator.","Explain activation, progression sources, caps, rewards, commands, persistence, respec or recovery behavior, and interactions with older characters.","Do not publish hidden reward locations or encounter solutions.","Use fresh and existing staging characters through gain, cap, command, save/restart, and invalid-state paths.","docs/wiki/Character_Level_Recon_Report.md",""
"IGD-CAP-random-encounters-monster-nests","Capability","Custom:PvE","Random Encounters and Monster Nests discovery, danger, persistence, and cleanup","Player","ActiveBySource","Encounter the systems through exploration and contextual world clues.","Engines, definitions, and checked-in configuration are present; actual live spawn coverage and cleanup state require staging.","","Data/Scripts/Custom/PvE/MonsterNests/MonsterNest.cs;Data/Scripts/Custom/PvE/MonsterNests/MonsterNestEntity.cs;Data/Scripts/Custom/PvE/RandomEncounters/EncounterEngine.cs;Data/Scripts/Custom/PvE/RandomEncounters/RandomEncounters.xml","4 post-baseline commit(s); latest examples: 50163cd6 2026-06-13 refactor: move clone offline workspace | 6f4df4cc 2026-06-13 refactor: move random encounters workspace | 87a2b18b 2026-06-13 refactor: move monster nests workspace","World clues, encounter feedback, loot, and external wiki research; no complete in-game mechanics reference is required.","RuntimeUnknown","IntentionalDiscovery","RefreshExisting","LoreBook","P3","Medium: players should recognize danger, persistence, and clue paths without receiving spawn or reward spoilers.","Current filesystem and named symbols reviewed by the audit generator.","Add or verify non-spoiling lore and contextual warnings for how encounters appear, persist, escalate, and safely conclude.","Hide spawn coordinates, trigger solutions, exact compositions, and reward tables.","Find representative encounters through ordinary play, verify clue/warning/cleanup feedback, and confirm no prose reveals exact solutions.","docs/wiki/Random_Encounter_Engine.md;docs/wiki/Monster_Nest_System.md",""
"IGD-CAP-boss-taming-restrictions","Capability","Mobiles:Bosses","Boss and prison-scaled creature taming restrictions","Player","ActiveBySource","Attempt Animal Taming on boss-class or prison-scaled creatures and receive failure feedback.","Representative boss and shared prison scaling source are runtime-visible; live spawn availability is not asserted.","","Data/Scripts/Custom/Mobiles/Dragons/DarkDragonAvatar.cs;Data/Scripts/Custom/Mobiles/Dragons/DragonHydra.cs;Data/Scripts/Quests/Summon/SummonPrison.cs","No post-baseline change found in current files for this bucket.","Animal Taming failure feedback; no durable rule summary was found.","RuntimeUnknown","Partial","RefreshExisting","ContextualFeedback","P2","Medium: players may spend substantial time preparing for a tame that the system intentionally forbids.","Current filesystem and named symbols reviewed by the audit generator.","Ensure the taming attempt gives a clear non-spoiling reason or category rule; optionally mention boss-class exclusions in the taming Library reference.","Do not enumerate every boss or reveal spawn locations.","Attempt taming on representative boss, scaled prison, ordinary wild, and existing previously tamed creatures; confirm feedback and compatibility.","",""
"IGD-CAP-direct-player-command-discovery","Capability","System:Commands","Complete direct Player command discovery and syntax","Player","ActiveBySource","Open Help or encounter system-specific teaching before using a direct Player-access command.","Direct command registrations are source-defined; the audit census lists them by owning source boundary.","abilitynames;afk;ancient;archclose1;archclose2;archclose3;archclose4;archspell1;archspell2;archspell3;archspell4;archtool1;archtool2;archtool3;archtool4;autoattack;bandother;bandself;barbaric;bardclose1;bardclose2;bardsong1;bardsong2;bardtool1;bardtool2;bcblack;bctransparent;bcwhite;BondInfo;BroadcastKills;Challenge;CheckPoints;ChoosePvP;ClearDeck;corpse;corpseclear;CTFChallenge;DeathBall;deathclose1;deathclose2;Deathmatch;deathspell1;deathspell2;deathtool1;deathtool2;e;elementclose1;elementclose2;elementspell1;elementspell2;elementtool1;elementtool2;emote;EndTurn;EscapeCombat;evil;GovHelp;HelpInfo;holyclose1;holyclose2;holyspell1;holyspell2;holytool1;holytool2;Hunger;itemexp;ixp;KingOfTheHill;knightclose1;knightclose2;knightspell1;knightspell2;knighttool1;knighttool2;LMSChallenge;loot;mageclose1;mageclose2;mageclose3;mageclose4;magespell1;magespell2;magespell3;magespell4;magetool1;magetool2;magetool3;magetool4;magicgate;mex;mhgr;monkclose1;monkclose2;monkspell1;monkspell2;monktool1;monktool2;MOTD;MoveBox;MoveVendor;music;musical;myhunger;necroclose1;necroclose2;necrospell1;necrospell2;necrotool1;necrotool2;oriental;Password;Point;PointsLanguage;poisons;private;PrivateChar;PublicChar;QuestLog;QuestPoints;QuestRanking;quests;quickbar;regbar;regclose;SAD;search;SeeKills;Set1;Set2;Set3;Set4;Set5;SetFifthAbility;SetFourthAbility;SetPrimaryAbility;SetSecondaryAbility;SetThirdAbility;sheathe;skill;skilllist;SkillName;SpecialAttacksDisplay;spellhue;status;StopHarvest;StopTame;StopTaming;taf;TCCorpses;TCResurrect;TCSupplies;TeamDeathBall;TeamDeathmatch;TeamKotH;TeamLMSChallenge;Thirst;TopPlayers;Vote;wealth;WhatIsIt","Data/Scripts/System/Help/Gumps/HelpGump.cs","25 post-baseline commit(s); latest examples: f1c0008d 2026-04-12 fix: harden crash restart and add admin crash command | fa4f169e 2023-12-22 Automatic Standardizing of Code Formatting | fca1df8d 2025-11-06 Update Skills.cs","Help command/reference pages and contextual system gumps.","SourceDefined","Stale","RefreshExisting","Help","P1","High: undiscoverable commands include persistent settings, automated actions, service controls, and stop paths.","Current filesystem and named symbols reviewed by the audit generator.","Rebuild the in-game command reference from the current direct Player registration census, grouping aliases and routing dense systems to their own help.","List commands and safe effects; omit secret output content.","Every direct Player command is discoverable in game with syntax, prerequisites, persistent effects, error behavior, and stop or undo path.","docs/wiki/In_Game_Command_List.md",""
"IGD-CAP-onboarding-help-guide-library","Capability","System:Help","New-player onboarding, Help, Guide to Adventure, and Personal Library routing","Player","ActiveBySource","Open Help, use the Personal Library command, speak to the shard greeter, or acquire and read the Guide to Adventure.","Help and Library are source-defined. Guide acquisition text and greeter/vendor placement require staging confirmation because no world save is present.","MyLibrary","Data/Scripts/Items/Books/DynamicBook.cs;Data/Scripts/Mobiles/Civilized/ShardGreeter.cs;Data/Scripts/System/Commands/Player/MyLibrary.cs;Data/Scripts/System/Help/Gumps/HelpGump.cs","7 post-baseline commit(s); latest examples: b101e80f 2026-03-01 Merged in many test shard changes and brought in line with live shard | e4b11f8d 2025-10-30 Moved GUMPs to their own folders | fa4f169e 2023-12-22 Automatic Standardizing of Code Formatting","Help gump, Guide to Adventure book, Personal Library, shard greeter dialogue/gump.","RuntimeUnknown","Stale","RefreshExisting","Help","P1","High: the authoritative onboarding path appears to make acquisition assumptions that current source alone does not prove.","Current filesystem and named symbols reviewed by the audit generator.","Reconcile how a fresh player reaches Help, the Guide, the Library, basic commands, and deeper references. Correct only after owner staging confirms actual stock or placement.","Onboarding is not secret; do not reveal unrelated world discoveries.","A fresh ordinary character can find and traverse every onboarding surface without staff intervention or an external wiki.","docs/wiki/Confictura_Introduction.md;docs/wiki/Guide_To_Adventure_Book.md;docs/wiki/World_Basics_Commands.md",""
"IGD-CAP-town-crier-privacy-bridge","Capability","System:Help","Town Crier private speech and external publication boundary","Player","ActiveBySource","Use Town Crier chat or the documented private speech form and receive contextual delivery feedback.","Help and bridge source define behavior; live NPC placement and webhook delivery require owner staging.","","Data/Scripts/System/Help/Gumps/HelpGump.cs;Data/Scripts/System/Misc/Talk.cs","7 post-baseline commit(s); latest examples: b101e80f 2026-03-01 Merged in many test shard changes and brought in line with live shard | e4b11f8d 2025-10-30 Moved GUMPs to their own folders | fa4f169e 2023-12-22 Automatic Standardizing of Code Formatting","Help privacy text, Town Crier dialogue, and contextual feedback.","RuntimeUnknown","Partial","RefreshExisting","Help","P1","High: players need an accurate boundary between local/private speech and externally published content.","Current filesystem and named symbols reviewed by the audit generator.","State exactly which Town Crier interactions can leave the game, how to use private/local speech, what content is sanitized, and what delivery feedback means.","No spoiler restriction; do not expose webhook or staff configuration.","On staging, exercise public, private, offline, rejected, and delivered cases with a test endpoint and ordinary player account.","",""
"IGD-CAP-race-creature-character-options","Capability","System:Misc","Race and creature-character creation or transformation options","Player","RuntimeUnknown","Create a character, use a race token, or use an established creature transformation path.","Settings and transformation types are checked in; the enabled creation menu and live acquisition paths require staging.","","Data/Scripts/System/Misc/Settings.cs;Info/settings.xml","63 post-baseline commit(s); latest examples: f1c0008d 2026-04-12 fix: harden crash restart and add admin crash command | fa4f169e 2023-12-22 Automatic Standardizing of Code Formatting | fe294cce 2026-06-14 fix: harden runtime hook source queue","Character creation/options, race token feedback, transformation books or items, and Library references.","RuntimeUnknown","Partial","RefreshExisting","LibraryReference","P2","Medium to high: identity and persistent character choices need clear permanence, restrictions, and recovery rules.","Current filesystem and named symbols reviewed by the audit generator.","Explain available choices, permanence, eligibility, equipment/body implications, and recovery or reversal without exposing staff-only configuration.","Do not reveal hidden transformation acquisition locations.","Exercise each enabled option on disposable staging characters, including save/restart and invalid/repeat use.","docs/wiki/Race_Token_System.md;docs/wiki/Creature_Transformation_Guide.md",""
"IGD-CAP-dungeon-difficulty-help","Capability","System:Regions","Dungeon difficulty levels and region feedback","Player","ActiveBySource","Enter affected dungeon regions or read the current Help difficulty explanation.","Region and Help source are checked in; current live region loading and exact placement require staging.","","Data/Scripts/System/Help/Gumps/HelpGump.cs;Data/System/XML/Regions.xml","13 post-baseline commit(s); latest examples: bbf80680 2026-03-01 Fix null reference in [control command release | fa4f169e 2023-12-22 Automatic Standardizing of Code Formatting | fe294cce 2026-06-14 fix: harden runtime hook source queue","Help difficulty text and contextual region behavior.","RuntimeUnknown","Stale","RefreshExisting","Help","P2","Medium to high: stale danger tiers can lead to avoidable death and loss.","Current filesystem and named symbols reviewed by the audit generator.","Reconcile every displayed difficulty name and consequence with current Regions.xml and source behavior; route secrets to world clues.","Describe danger tiers, not exact monster or treasure placements.","Enter representative regions at each difficulty and compare displayed help, entry feedback, and actual modifiers.","",""
"IGD-CAP-auto-loop-taming","Capability","System:Skills","Auto-loop animal taming and explicit stop controls","Player","ActiveBySource","Use Animal Taming on a target; stop through the registered taming stop command or interruption behavior.","Skill and command source are runtime-visible; live shard configuration is not required for registration.","StopTame;StopTaming","Data/Scripts/System/Skills/Taming.cs;Data/Scripts/System/Skills/TamingLoopController.cs","16 post-baseline commit(s); latest examples: e4b11f8d 2025-10-30 Moved GUMPs to their own folders | fa4f169e 2023-12-22 Automatic Standardizing of Code Formatting | fe294cce 2026-06-14 fix: harden runtime hook source queue","Skill targeting and contextual messages; no durable in-game reference was found.","SourceDefined","Missing","Incorporate","Help","P1","High: an automated repeated action needs an obvious stop path, interruption rules, and failure feedback.","Current filesystem and named symbols reviewed by the audit generator.","Teach how looping starts, how to stop it, and what movement, range, target state, success, failure, death, or logout does.","No spoiler restriction; do not publish hidden creature locations.","Start and stop the loop as an ordinary player and verify all interruption and invalid-target messages.","",""
"IGD-CAP-searching-hiding-stealth","Capability","System:Skills","Searching, Hiding, Stealth, reveal tools, and detection interactions","Player","ActiveBySource","Use Search, Hiding, Stealth, Tracking, Reveal, or specialized detection items and abilities.","Skill and item behavior is runtime-visible; item acquisition and live availability require staging.","","Data/Scripts/System/Skills/Hiding.cs;Data/Scripts/System/Skills/Searching.cs;Data/Scripts/System/Skills/Stealth.cs","16 post-baseline commit(s); latest examples: e4b11f8d 2025-10-30 Moved GUMPs to their own folders | fa4f169e 2023-12-22 Automatic Standardizing of Code Formatting | fe294cce 2026-06-14 fix: harden runtime hook source queue","Skill feedback and scattered item/ability messages; no complete in-game mechanics reference was found.","RuntimeUnknown","Partial","Incorporate","LibraryReference","P2","Medium: layered detection, armor restrictions, ranges, and consumable tools are difficult to infer and can affect PvP or item loss.","Current filesystem and named symbols reviewed by the audit generator.","Add a concise mechanics reference for ordinary search, hiding/stealth restrictions, reveal interactions, tracking, and specialized detection tools.","Explain mechanics and tool categories without publishing hidden locations or encounter solutions.","Use ordinary and edge-case skill values, armor, ranges, tools, and abilities in staging; compare every claim to current source.","docs/wiki/Search_System.md;docs/wiki/Searching_Hiding_Stealth.md",""
"IGD-CAP-crafting-queue-batch-containers-search","Capability","Trades:Core","Crafting search, batch amount, queue, source/destination containers, and cancellation","Player","ActiveBySource","Open a supported craft gump and use search, batch, queue, and container controls.","Craft gumps and controllers are runtime-visible; individual recipes and tools are grouped under the shared mechanic.","","Data/Scripts/Trades/Core/Gumps/CraftBatchStatusGump.cs;Data/Scripts/Trades/Core/Gumps/CraftGump.cs;Data/Scripts/Trades/Core/Gumps/CraftGumpItem.cs;Data/Scripts/Trades/Core/Gumps/CraftQueueGump.cs","22 post-baseline commit(s); latest examples: ea14d0d8 2025-10-29 Revert ""Add search term functionality to CraftContext"" | fa4f169e 2023-12-22 Automatic Standardizing of Code Formatting | fb8f9808 2026-06-24 fix: repair crafting container selection","Craft gump labels and status gumps provide contextual feedback but no complete durable reference.","SourceDefined","Partial","Incorporate","SystemHelpGump","P1","High: batch and queue operations consume materials and persistent container choices can produce costly mistakes.","Current filesystem and named symbols reviewed by the audit generator.","Add point-of-use help covering search, quantity limits, queue order, material consumption, source/destination selection, house containers, cancellation, failure, and persistence.","Do not enumerate secret or rare recipes.","Craft inexpensive samples through search, batch, queue, container, cancel, failure, close/reopen, logout, and insufficient-material paths.","docs/wiki/Crafting_Core.md;docs/wiki/Crafting_Queue_Design.md;docs/wiki/Crafting_QoL_Roadmap.md;docs/wiki/Standard_Crafting.md",""
"IGD-CAP-auto-loop-harvesting","Capability","Trades:Harvest","Auto-loop harvesting, captcha/failure behavior, and stop control","Player","ActiveBySource","Use an eligible harvesting tool or weapon on a resource target; stop with the registered command or interruption path.","Harvest tools, controller, and command are runtime-visible; resource placement remains live-world dependent.","StopHarvest","Data/Scripts/Items/Trades/Harvest Tools/BaseHarvestTool.cs;Data/Scripts/Trades/Harvest/HarvestLoopController.cs;Data/Scripts/Trades/Harvest/HarvestSystem.cs","4 post-baseline commit(s); latest examples: 365c4a54 2024-03-18 TestServer Merged into Main | df1751ea 2026-06-27 feat: add auto-loop harvesting | fa4f169e 2023-12-22 Automatic Standardizing of Code Formatting","Tool targeting, captcha or failure feedback, and status messages; no durable reference was found.","RuntimeUnknown","Missing","Incorporate","Help","P1","High: repeated resource actions, anti-automation checks, and explicit stop behavior must be clear.","Current filesystem and named symbols reviewed by the audit generator.","Teach eligible tools, how looping begins and ends, stop syntax, resource depletion, range/movement, captcha, logout, death, and failure behavior.","Explain resource categories, not rare node locations.","Exercise every start, stop, interruption, captcha, depletion, and invalid-target state on disposable staging resources.","",""
"IGD-DOC-docs-wiki-animal-shape-stones-md","CanonicalTopic","CanonicalWiki:Combat, Magic, And Character Progression","Animal Shape Stones","Player","RuntimeUnknown","External topic identifies a candidate player capability; the listed in-game surface and owning source determine actual entry.","External wiki does not prove acquisition or placement; current source paths are retained as research evidence.","","Data/Scripts/Custom/AnimalSystem/ShapeShiftStones/;Data/Scripts/Custom/AnimalSystem/ShapeShiftStones/DragonShapeChangeStone-body.cs;Data/Scripts/Custom/AnimalSystem/ShapeShiftStones/FaeryShapeChangeStone.cs;Data/Scripts/Custom/AnimalSystem/ShapeShiftStones/FelinusShapeChangeStone.cs;Data/Scripts/Custom/AnimalSystem/ShapeShiftStones/RatShapeChangeStone.cs;Data/Scripts/Custom/AnimalSystem/ShapeShiftStones/WolvenShapeChangeStone.cs;Data/Scripts/Scripts.csproj","Reviewed against current source and the historical synchronization point through the owning system rows.","Classified from current Help, Library, books, NPC, system-gump, quest, and feedback sources; staging remains required for reachability.","RuntimeUnknown","Partial","Incorporate","LibraryReference","P3","Medium: the external reference describes a substantial player capability that is not yet proven reachable in game.","Current source paths from the canonical documentation truth table were revalidated against the filesystem.","Adapt the source-verified essentials from Animal Shape Stones into the shard's established in-game teaching surfaces.","Explain entry, controls, rules, risks, and clue paths; omit locations, solutions, passwords, and surprises.","An ordinary player can reach the recommended surface and perform the documented capability without using the external wiki.","docs/wiki/Animal_Shape_Stones.md","The wiki is research evidence only and does not count as in-game coverage."
"IGD-DOC-docs-wiki-barbaric-play-style-md","CanonicalTopic","CanonicalWiki:Combat, Magic, And Character Progression","Barbaric Play Style","Player","RuntimeUnknown","External topic identifies a candidate player capability; the listed in-game surface and owning source determine actual entry.","External wiki does not prove acquisition or placement; current source paths are retained as research evidence.","","Data/Scripts/Items/Special/BarbaricSatchel.cs;Data/Scripts/Mobiles/Base/PlayerMobile.cs;Data/Scripts/Mobiles/Base/PlayerSettings.cs;Data/Scripts/Scripts.csproj;Data/Scripts/System/Commands/Player/PlayBarbaric.cs;Data/Scripts/System/Help/Gumps/HelpGump.cs;Data/Scripts/System/Misc/Players.cs;Data/System/Source/Skills.cs","Reviewed against current source and the historical synchronization point through the owning system rows.","Classified from current Help, Library, books, NPC, system-gump, quest, and feedback sources; staging remains required for reachability.","RuntimeUnknown","Partial","Incorporate","LibraryReference","P3","Medium: the external reference describes a substantial player capability that is not yet proven reachable in game.","Current source paths from the canonical documentation truth table were revalidated against the filesystem.","Adapt the source-verified essentials from Barbaric Play Style into the shard's established in-game teaching surfaces.","Explain entry, controls, rules, risks, and clue paths; omit locations, solutions, passwords, and surprises.","An ordinary player can reach the recommended surface and perform the documented capability without using the external wiki.","docs/wiki/Barbaric_Play_Style.md","The wiki is research evidence only and does not count as in-game coverage."
"IGD-DOC-docs-wiki-bard-song-magic-md","CanonicalTopic","CanonicalWiki:Combat, Magic, And Character Progression","Bard Song Magic","Player","RuntimeUnknown","External topic identifies a candidate player capability; the listed in-game surface and owning source determine actual entry.","External wiki does not prove acquisition or placement; current source paths are retained as research evidence.","","Data/Scripts/Magic/Bard/Spells/","Reviewed against current source and the historical synchronization point through the owning system rows.","Classified from current Help, Library, books, NPC, system-gump, quest, and feedback sources; staging remains required for reachability.","RuntimeUnknown","Partial","Incorporate","LibraryReference","P3","Medium: the external reference describes a substantial player capability that is not yet proven reachable in game.","Current source paths from the canonical documentation truth table were revalidated against the filesystem.","Adapt the source-verified essentials from Bard Song Magic into the shard's established in-game teaching surfaces.","Explain entry, controls, rules, risks, and clue paths; omit locations, solutions, passwords, and surprises.","An ordinary player can reach the recommended surface and perform the documented capability without using the external wiki.","docs/wiki/Bard_Song_Magic.md","The wiki is research evidence only and does not count as in-game coverage."
"IGD-DOC-docs-wiki-bushido-md","CanonicalTopic","CanonicalWiki:Combat, Magic, And Character Progression","Bushido","Player","RuntimeUnknown","External topic identifies a candidate player capability; the listed in-game surface and owning source determine actual entry.","External wiki does not prove acquisition or placement; current source paths are retained as research evidence.","","Data/Scripts/Magic/Bushido/","Reviewed against current source and the historical synchronization point through the owning system rows.","Classified from current Help, Library, books, NPC, system-gump, quest, and feedback sources; staging remains required for reachability.","RuntimeUnknown","Partial","Incorporate","LibraryReference","P3","Medium: the external reference describes a substantial player capability that is not yet proven reachable in game.","Current source paths from the canonical documentation truth table were revalidated against the filesystem.","Adapt the source-verified essentials from Bushido into the shard's established in-game teaching surfaces.","Explain entry, controls, rules, risks, and clue paths; omit locations, solutions, passwords, and surprises.","An ordinary player can reach the recommended surface and perform the documented capability without using the external wiki.","docs/wiki/Bushido.md","The wiki is research evidence only and does not count as in-game coverage."
"IGD-DOC-docs-wiki-creature-transformation-guide-md","CanonicalTopic","CanonicalWiki:Combat, Magic, And Character Progression","Creature Transformation Guide","Player","RuntimeUnknown","External topic identifies a candidate player capability; the listed in-game surface and owning source determine actual entry.","External wiki does not prove acquisition or placement; current source paths are retained as research evidence.","","Data/Scripts/Mobiles/Races/BaseRace.cs;Data/Scripts/Mobiles/Races/RacePotions.cs;Data/Scripts/Scripts.csproj;Data/Scripts/System/Commands/Player/CreatureHelp.cs;Data/Scripts/System/Help/Gumps/HelpGump.cs;Data/Scripts/System/Misc/Settings.cs;Data/System/Source/Mobile.cs","Reviewed against current source and the historical synchronization point through the owning system rows.","Classified from current Help, Library, books, NPC, system-gump, quest, and feedback sources; staging remains required for reachability.","RuntimeUnknown","Partial","Incorporate","LibraryReference","P3","Medium: the external reference describes a substantial player capability that is not yet proven reachable in game.","Current source paths from the canonical documentation truth table were revalidated against the filesystem.","Adapt the source-verified essentials from Creature Transformation Guide into the shard's established in-game teaching surfaces.","Explain entry, controls, rules, risks, and clue paths; omit locations, solutions, passwords, and surprises.","An ordinary player can reach the recommended surface and perform the documented capability without using the external wiki.","docs/wiki/Creature_Transformation_Guide.md","The wiki is research evidence only and does not count as in-game coverage."
"IGD-DOC-docs-wiki-death-knight-magic-md","CanonicalTopic","CanonicalWiki:Combat, Magic, And Character Progression","Death Knight Magic","Player","RuntimeUnknown","External topic identifies a candidate player capability; the listed in-game surface and owning source determine actual entry.","External wiki does not prove acquisition or placement; current source paths are retained as research evidence.","","","Reviewed against current source and the historical synchronization point through the owning system rows.","Classified from current Help, Library, books, NPC, system-gump, quest, and feedback sources; staging remains required for reachability.","RuntimeUnknown","Partial","Incorporate","LibraryReference","P3","Medium: the external reference describes a substantial player capability that is not yet proven reachable in game.","Canonical external topic retained as a candidate; no current source path is asserted.","Adapt the source-verified essentials from Death Knight Magic into the shard's established in-game teaching surfaces.","Explain entry, controls, rules, risks, and clue paths; omit locations, solutions, passwords, and surprises.","An ordinary player can reach the recommended surface and perform the documented capability without using the external wiki.","docs/wiki/Death_Knight_Magic.md","The wiki is research evidence only and does not count as in-game coverage."
"IGD-DOC-docs-wiki-druidism-md","CanonicalTopic","CanonicalWiki:Combat, Magic, And Character Progression","Druidism","Player","RuntimeUnknown","External topic identifies a candidate player capability; the listed in-game surface and owning source determine actual entry.","External wiki does not prove acquisition or placement; current source paths are retained as research evidence.","","","Reviewed against current source and the historical synchronization point through the owning system rows.","Classified from current Help, Library, books, NPC, system-gump, quest, and feedback sources; staging remains required for reachability.","RuntimeUnknown","Partial","Incorporate","LibraryReference","P3","Medium: the external reference describes a substantial player capability that is not yet proven reachable in game.","Canonical external topic retained as a candidate; no current source path is asserted.","Adapt the source-verified essentials from Druidism into the shard's established in-game teaching surfaces.","Explain entry, controls, rules, risks, and clue paths; omit locations, solutions, passwords, and surprises.","An ordinary player can reach the recommended surface and perform the documented capability without using the external wiki.","docs/wiki/Druidism.md","The wiki is research evidence only and does not count as in-game coverage."
"IGD-DOC-docs-wiki-elementalism-md","CanonicalTopic","CanonicalWiki:Combat, Magic, And Character Progression","Elementalism","Player","RuntimeUnknown","External topic identifies a candidate player capability; the listed in-game surface and owning source determine actual entry.","External wiki does not prove acquisition or placement; current source paths are retained as research evidence.","","","Reviewed against current source and the historical synchronization point through the owning system rows.","Classified from current Help, Library, books, NPC, system-gump, quest, and feedback sources; staging remains required for reachability.","RuntimeUnknown","Partial","Incorporate","LibraryReference","P3","Medium: the external reference describes a substantial player capability that is not yet proven reachable in game.","Canonical external topic retained as a candidate; no current source path is asserted.","Adapt the source-verified essentials from Elementalism into the shard's established in-game teaching surfaces.","Explain entry, controls, rules, risks, and clue paths; omit locations, solutions, passwords, and surprises.","An ordinary player can reach the recommended surface and perform the documented capability without using the external wiki.","docs/wiki/Elementalism.md","The wiki is research evidence only and does not count as in-game coverage."
"IGD-DOC-docs-wiki-enchantments-md","CanonicalTopic","CanonicalWiki:Combat, Magic, And Character Progression","Enchantments","Player","RuntimeUnknown","External topic identifies a candidate player capability; the listed in-game surface and owning source determine actual entry.","External wiki does not prove acquisition or placement; current source paths are retained as research evidence.","","","Reviewed against current source and the historical synchronization point through the owning system rows.","Classified from current Help, Library, books, NPC, system-gump, quest, and feedback sources; staging remains required for reachability.","RuntimeUnknown","Partial","Incorporate","LibraryReference","P3","Medium: the external reference describes a substantial player capability that is not yet proven reachable in game.","Canonical external topic retained as a candidate; no current source path is asserted.","Adapt the source-verified essentials from Enchantments into the shard's established in-game teaching surfaces.","Explain entry, controls, rules, risks, and clue paths; omit locations, solutions, passwords, and surprises.","An ordinary player can reach the recommended surface and perform the documented capability without using the external wiki.","docs/wiki/Enchantments.md","The wiki is research evidence only and does not count as in-game coverage."
"IGD-DOC-docs-wiki-holy-man-magic-md","CanonicalTopic","CanonicalWiki:Combat, Magic, And Character Progression","Holy Man Magic","Player","RuntimeUnknown","External topic identifies a candidate player capability; the listed in-game surface and owning source determine actual entry.","External wiki does not prove acquisition or placement; current source paths are retained as research evidence.","","","Reviewed against current source and the historical synchronization point through the owning system rows.","Classified from current Help, Library, books, NPC, system-gump, quest, and feedback sources; staging remains required for reachability.","RuntimeUnknown","Partial","Incorporate","LibraryReference","P3","Medium: the external reference describes a substantial player capability that is not yet proven reachable in game.","Canonical external topic retained as a candidate; no current source path is asserted.","Adapt the source-verified essentials from Holy Man Magic into the shard's established in-game teaching surfaces.","Explain entry, controls, rules, risks, and clue paths; omit locations, solutions, passwords, and surprises.","An ordinary player can reach the recommended surface and perform the documented capability without using the external wiki.","docs/wiki/Holy_Man_Magic.md","The wiki is research evidence only and does not count as in-game coverage."
"IGD-DOC-docs-wiki-jedi-magic-md","CanonicalTopic","CanonicalWiki:Combat, Magic, And Character Progression","Jedi Magic","Player","RuntimeUnknown","External topic identifies a candidate player capability; the listed in-game surface and owning source determine actual entry.","External wiki does not prove acquisition or placement; current source paths are retained as research evidence.","","","Reviewed against current source and the historical synchronization point through the owning system rows.","Classified from current Help, Library, books, NPC, system-gump, quest, and feedback sources; staging remains required for reachability.","RuntimeUnknown","Partial","Incorporate","LibraryReference","P3","Medium: the external reference describes a substantial player capability that is not yet proven reachable in game.","Canonical external topic retained as a candidate; no current source path is asserted.","Adapt the source-verified essentials from Jedi Magic into the shard's established in-game teaching surfaces.","Explain entry, controls, rules, risks, and clue paths; omit locations, solutions, passwords, and surprises.","An ordinary player can reach the recommended surface and perform the documented capability without using the external wiki.","docs/wiki/Jedi_Magic.md","The wiki is research evidence only and does not count as in-game coverage."
"IGD-DOC-docs-wiki-jester-magic-md","CanonicalTopic","CanonicalWiki:Combat, Magic, And Character Progression","Jester Magic","Player","RuntimeUnknown","External topic identifies a candidate player capability; the listed in-game surface and owning source determine actual entry.","External wiki does not prove acquisition or placement; current source paths are retained as research evidence.","","","Reviewed against current source and the historical synchronization point through the owning system rows.","Classified from current Help, Library, books, NPC, system-gump, quest, and feedback sources; staging remains required for reachability.","RuntimeUnknown","Partial","Incorporate","LibraryReference","P3","Medium: the external reference describes a substantial player capability that is not yet proven reachable in game.","Canonical external topic retained as a candidate; no current source path is asserted.","Adapt the source-verified essentials from Jester Magic into the shard's established in-game teaching surfaces.","Explain entry, controls, rules, risks, and clue paths; omit locations, solutions, passwords, and surprises.","An ordinary player can reach the recommended surface and perform the documented capability without using the external wiki.","docs/wiki/Jester_Magic.md","The wiki is research evidence only and does not count as in-game coverage."
"IGD-DOC-docs-wiki-knight-chivalry-md","CanonicalTopic","CanonicalWiki:Combat, Magic, And Character Progression","Knight Chivalry","Player","RuntimeUnknown","External topic identifies a candidate player capability; the listed in-game surface and owning source determine actual entry.","External wiki does not prove acquisition or placement; current source paths are retained as research evidence.","","Data/Scripts/Magic/Knight/","Reviewed against current source and the historical synchronization point through the owning system rows.","Classified from current Help, Library, books, NPC, system-gump, quest, and feedback sources; staging remains required for reachability.","RuntimeUnknown","Partial","Incorporate","LibraryReference","P3","Medium: the external reference describes a substantial player capability that is not yet proven reachable in game.","Current source paths from the canonical documentation truth table were revalidated against the filesystem.","Adapt the source-verified essentials from Knight Chivalry into the shard's established in-game teaching surfaces.","Explain entry, controls, rules, risks, and clue paths; omit locations, solutions, passwords, and surprises.","An ordinary player can reach the recommended surface and perform the documented capability without using the external wiki.","docs/wiki/Knight_Chivalry.md","The wiki is research evidence only and does not count as in-game coverage."
"IGD-DOC-docs-wiki-mage-spellcasting-tips-md","CanonicalTopic","CanonicalWiki:Combat, Magic, And Character Progression","Mage Spellcasting Tips","Player","RuntimeUnknown","External topic identifies a candidate player capability; the listed in-game surface and owning source determine actual entry.","External wiki does not prove acquisition or placement; current source paths are retained as research evidence.","","Data/Scripts/Items/Wands/;Data/Scripts/Items/Wands/BaseMagicStaff.cs;Data/Scripts/Magic/Base/ForgetfulGem.cs;Data/Scripts/Magic/Base/Spell.cs;Data/Scripts/Magic/Magery/Magery 1st/CreateFood.cs;Data/Scripts/Magic/Magery/Magery 2nd/RemoveTrap.cs;Data/Scripts/Magic/Magery/Magery 3rd/Telekinesis.cs;Data/Scripts/Magic/Magery/Magery 6th/Reveal.cs;Data/Scripts/Mobiles/Base/PlayerMobile.cs;Data/Scripts/Mobiles/Civilized/Vendors/Mage.cs;Data/Scripts/System/Commands/Player/MyChat.cs;Data/Scripts/System/Commands/Player/SpellBarsCommands.cs;Data/Scripts/System/Commands/Player/SpellBarsDisplay.cs;Data/Scripts/System/Commands/Player/SpellBarsFunctions.cs;Data/Scripts/System/Commands/Player/SpellBarsManage.cs;Data/Scripts/System/Help/Gumps/HelpGump.cs;Data/Scripts/System/Misc/Talk.cs","Reviewed against current source and the historical synchronization point through the owning system rows.","Classified from current Help, Library, books, NPC, system-gump, quest, and feedback sources; staging remains required for reachability.","RuntimeUnknown","Partial","Incorporate","LibraryReference","P3","Medium: the external reference describes a substantial player capability that is not yet proven reachable in game.","Current source paths from the canonical documentation truth table were revalidated against the filesystem.","Adapt the source-verified essentials from Mage Spellcasting Tips into the shard's established in-game teaching surfaces.","Explain entry, controls, rules, risks, and clue paths; omit locations, solutions, passwords, and surprises.","An ordinary player can reach the recommended surface and perform the documented capability without using the external wiki.","docs/wiki/Mage_Spellcasting_Tips.md","The wiki is research evidence only and does not count as in-game coverage."
"IGD-DOC-docs-wiki-magery-spell-color-setting-md","CanonicalTopic","CanonicalWiki:Combat, Magic, And Character Progression","Magery Spell Color Setting","Player","RuntimeUnknown","External topic identifies a candidate player capability; the listed in-game surface and owning source determine actual entry.","External wiki does not prove acquisition or placement; current source paths are retained as research evidence.","","Data/Scripts/Items/Magical/SoulOrb.cs;Data/Scripts/Items/Traps/;Data/Scripts/Magic/Magery/;Data/Scripts/Magic/Research/;Data/Scripts/Mobiles/Base/PlayerMobile.cs;Data/Scripts/Mobiles/Base/PlayerSettings.cs;Data/Scripts/System/Commands/Player/SpellHue.cs;Data/Scripts/System/Help/Gumps/HelpGump.cs;Data/Scripts/System/Misc/Broadcast.cs;Data/Scripts/System/Obsolete/Obsolete.cs","Reviewed against current source and the historical synchronization point through the owning system rows.","Classified from current Help, Library, books, NPC, system-gump, quest, and feedback sources; staging remains required for reachability.","SourceDefined","Complete","KeepAsIs","Help","P4","Low: current source defines an established reachable teaching surface; staging still confirms placement and wording.","Current source paths from the canonical documentation truth table were revalidated against the filesystem.","Retain the established in-game teaching and recheck it when the owning mechanic changes.","Explain entry, controls, rules, risks, and clue paths; omit locations, solutions, passwords, and surprises.","Reach the existing surface as an ordinary player and confirm it still matches current behavior.","docs/wiki/Magery_Spell_Color_Setting.md","The wiki is research evidence only and does not count as in-game coverage."
"IGD-DOC-docs-wiki-magery-spell-system-md","CanonicalTopic","CanonicalWiki:Combat, Magic, And Character Progression","Magery Spell System","Player","RuntimeUnknown","External topic identifies a candidate player capability; the listed in-game surface and owning source determine actual entry.","External wiki does not prove acquisition or placement; current source paths are retained as research evidence.","","Data/Scripts/Magic/Base/Initializer.cs;Data/Scripts/Magic/Base/Spell.cs;Data/Scripts/Magic/Base/SpellHelper.cs;Data/Scripts/Magic/Magery/;Data/Scripts/Magic/Magery/Magery 1st/;Data/Scripts/Magic/Magery/MagerySpell.cs;Data/Scripts/Magic/Magery/Scrolls/First Circle/;Data/Scripts/Magic/Magery/Scrolls/SpellScroll.cs;Data/Scripts/Magic/Magery/Spellbook.cs","Reviewed against current source and the historical synchronization point through the owning system rows.","Classified from current Help, Library, books, NPC, system-gump, quest, and feedback sources; staging remains required for reachability.","RuntimeUnknown","Partial","Incorporate","LibraryReference","P3","Medium: the external reference describes a substantial player capability that is not yet proven reachable in game.","Current source paths from the canonical documentation truth table were revalidated against the filesystem.","Adapt the source-verified essentials from Magery Spell System into the shard's established in-game teaching surfaces.","Explain entry, controls, rules, risks, and clue paths; omit locations, solutions, passwords, and surprises.","An ordinary player can reach the recommended surface and perform the documented capability without using the external wiki.","docs/wiki/Magery_Spell_System.md","The wiki is research evidence only and does not count as in-game coverage."
"IGD-DOC-docs-wiki-magic-toolbars-guide-md","CanonicalTopic","CanonicalWiki:Combat, Magic, And Character Progression","Magic Toolbars Guide","Player","RuntimeUnknown","External topic identifies a candidate player capability; the listed in-game surface and owning source determine actual entry.","External wiki does not prove acquisition or placement; current source paths are retained as research evidence.","","Data/Scripts/Magic/Research/ResearchFunctions.cs;Data/Scripts/Mobiles/Base/PlayerMobile.cs;Data/Scripts/Scripts.csproj;Data/Scripts/System/Commands/Player/SpellBarsCommands.cs;Data/Scripts/System/Commands/Player/SpellBarsDisplay.cs;Data/Scripts/System/Commands/Player/SpellBarsFunctions.cs;Data/Scripts/System/Commands/Player/SpellBarsManage.cs;Data/Scripts/System/Help/Gumps/HelpGump.cs","Reviewed against current source and the historical synchronization point through the owning system rows.","Classified from current Help, Library, books, NPC, system-gump, quest, and feedback sources; staging remains required for reachability.","SourceDefined","Complete","KeepAsIs","Help","P4","Low: current source defines an established reachable teaching surface; staging still confirms placement and wording.","Current source paths from the canonical documentation truth table were revalidated against the filesystem.","Retain the established in-game teaching and recheck it when the owning mechanic changes.","Explain entry, controls, rules, risks, and clue paths; omit locations, solutions, passwords, and surprises.","Reach the existing surface as an ordinary player and confirm it still matches current behavior.","docs/wiki/Magic_Toolbars_Guide.md","The wiki is research evidence only and does not count as in-game coverage."
"IGD-DOC-docs-wiki-misc-magic-spells-md","CanonicalTopic","CanonicalWiki:Combat, Magic, And Character Progression","Misc Magic Spells","Player","RuntimeUnknown","External topic identifies a candidate player capability; the listed in-game surface and owning source determine actual entry.","External wiki does not prove acquisition or placement; current source paths are retained as research evidence.","","Data/Scripts/Custom/ThirdParty/OmniAI/OmniAI Magery.cs;Data/Scripts/Items/Magical/Artifacts/Artifact_GandalfsStaff.cs;Data/Scripts/Items/Magical/Artifacts/Artifact_StaffofSnakes.cs;Data/Scripts/Items/Magical/HydraTooth.cs;Data/Scripts/Magic/Misc/;Data/Scripts/Magic/Misc/AttackSpells.cs;Data/Scripts/Magic/Misc/BaseMagicObject.cs;Data/Scripts/Magic/Misc/IdentifySpell.cs;Data/Scripts/Magic/Misc/MagicalSpell.cs;Data/Scripts/Magic/Misc/MagicCastingItems.cs;Data/Scripts/Magic/Misc/MagicObjectTarget.cs;Data/Scripts/Magic/Misc/RuneMagic.cs;Data/Scripts/Magic/Misc/SummonDragonSpell.cs;Data/Scripts/Magic/Misc/SummonSkeleton.cs;Data/Scripts/Magic/Misc/SummonSnakesSpell.cs;Data/Scripts/Magic/Misc/ThorLightningSpell.cs;Data/Scripts/Magic/Misc/TravelSpell.cs;Data/Scripts/Mobiles/Base/Behavior.cs;Data/Scripts/System/Gumps/RunebookGump.cs","Reviewed against current source and the historical synchronization point through the owning system rows.","Classified from current Help, Library, books, NPC, system-gump, quest, and feedback sources; staging remains required for reachability.","RuntimeUnknown","Partial","Incorporate","LibraryReference","P3","Medium: the external reference describes a substantial player capability that is not yet proven reachable in game.","Current source paths from the canonical documentation truth table were revalidated against the filesystem.","Adapt the source-verified essentials from Misc Magic Spells into the shard's established in-game teaching surfaces.","Explain entry, controls, rules, risks, and clue paths; omit locations, solutions, passwords, and surprises.","An ordinary player can reach the recommended surface and perform the documented capability without using the external wiki.","docs/wiki/Misc_Magic_Spells.md","The wiki is research evidence only and does not count as in-game coverage."
"IGD-DOC-docs-wiki-mystic-magic-md","CanonicalTopic","CanonicalWiki:Combat, Magic, And Character Progression","Mystic Magic","Player","RuntimeUnknown","External topic identifies a candidate player capability; the listed in-game surface and owning source determine actual entry.","External wiki does not prove acquisition or placement; current source paths are retained as research evidence.","","","Reviewed against current source and the historical synchronization point through the owning system rows.","Classified from current Help, Library, books, NPC, system-gump, quest, and feedback sources; staging remains required for reachability.","RuntimeUnknown","Partial","Incorporate","LibraryReference","P3","Medium: the external reference describes a substantial player capability that is not yet proven reachable in game.","Canonical external topic retained as a candidate; no current source path is asserted.","Adapt the source-verified essentials from Mystic Magic into the shard's established in-game teaching surfaces.","Explain entry, controls, rules, risks, and clue paths; omit locations, solutions, passwords, and surprises.","An ordinary player can reach the recommended surface and perform the documented capability without using the external wiki.","docs/wiki/Mystic_Magic.md","The wiki is research evidence only and does not count as in-game coverage."
"IGD-DOC-docs-wiki-necromancy-md","CanonicalTopic","CanonicalWiki:Combat, Magic, And Character Progression","Necromancy","Player","RuntimeUnknown","External topic identifies a candidate player capability; the listed in-game surface and owning source determine actual entry.","External wiki does not prove acquisition or placement; current source paths are retained as research evidence.","","Data/Scripts/Magic/Necromancy","Reviewed against current source and the historical synchronization point through the owning system rows.","Classified from current Help, Library, books, NPC, system-gump, quest, and feedback sources; staging remains required for reachability.","RuntimeUnknown","Partial","Incorporate","LibraryReference","P3","Medium: the external reference describes a substantial player capability that is not yet proven reachable in game.","Current source paths from the canonical documentation truth table were revalidated against the filesystem.","Adapt the source-verified essentials from Necromancy into the shard's established in-game teaching surfaces.","Explain entry, controls, rules, risks, and clue paths; omit locations, solutions, passwords, and surprises.","An ordinary player can reach the recommended surface and perform the documented capability without using the external wiki.","docs/wiki/Necromancy.md","The wiki is research evidence only and does not count as in-game coverage."
"IGD-DOC-docs-wiki-ninjitsu-md","CanonicalTopic","CanonicalWiki:Combat, Magic, And Character Progression","Ninjitsu","Player","RuntimeUnknown","External topic identifies a candidate player capability; the listed in-game surface and owning source determine actual entry.","External wiki does not prove acquisition or placement; current source paths are retained as research evidence.","","","Reviewed against current source and the historical synchronization point through the owning system rows.","Classified from current Help, Library, books, NPC, system-gump, quest, and feedback sources; staging remains required for reachability.","RuntimeUnknown","Partial","Incorporate","LibraryReference","P3","Medium: the external reference describes a substantial player capability that is not yet proven reachable in game.","Canonical external topic retained as a candidate; no current source path is asserted.","Adapt the source-verified essentials from Ninjitsu into the shard's established in-game teaching surfaces.","Explain entry, controls, rules, risks, and clue paths; omit locations, solutions, passwords, and surprises.","An ordinary player can reach the recommended surface and perform the documented capability without using the external wiki.","docs/wiki/Ninjitsu.md","The wiki is research evidence only and does not count as in-game coverage."
"IGD-DOC-docs-wiki-npc-mage-advice-md","CanonicalTopic","CanonicalWiki:Combat, Magic, And Character Progression","NPC Mage Advice","Player","RuntimeUnknown","External topic identifies a candidate player capability; the listed in-game surface and owning source determine actual entry.","External wiki does not prove acquisition or placement; current source paths are retained as research evidence.","","Data/Scripts/Items/Wands/BaseMagicStaff.cs;Data/Scripts/Mobiles/Civilized/Vendors/Mage.cs;Data/Scripts/System/Commands/Player/MyChat.cs;Data/Scripts/System/Commands/Player/SpellBarsCommands.cs;Data/Scripts/System/Commands/Player/SpellBarsDisplay.cs;Data/Scripts/System/Commands/Player/SpellBarsFunctions.cs;Data/Scripts/System/Commands/Player/SpellBarsManage.cs;Data/Scripts/System/Misc/Talk.cs","Reviewed against current source and the historical synchronization point through the owning system rows.","Classified from current Help, Library, books, NPC, system-gump, quest, and feedback sources; staging remains required for reachability.","SourceDefined","Complete","KeepAsIs","NPCSpeech","P4","Low: current source defines an established reachable teaching surface; staging still confirms placement and wording.","Current source paths from the canonical documentation truth table were revalidated against the filesystem.","Retain the established in-game teaching and recheck it when the owning mechanic changes.","Explain entry, controls, rules, risks, and clue paths; omit locations, solutions, passwords, and surprises.","Reach the existing surface as an ordinary player and confirm it still matches current behavior.","docs/wiki/NPC_Mage_Advice.md","The wiki is research evidence only and does not count as in-game coverage."
"IGD-DOC-docs-wiki-race-token-system-md","CanonicalTopic","CanonicalWiki:Combat, Magic, And Character Progression","Race Token System","Player","RuntimeUnknown","External topic identifies a candidate player capability; the listed in-game surface and owning source determine actual entry.","External wiki does not prove acquisition or placement; current source paths are retained as research evidence.","","Data/Scripts/Mobiles/Base/PlayerMobile.cs;Data/Scripts/Mobiles/Races/BaseRace.cs;Data/Scripts/Mobiles/Races/NPCRace.cs;Data/Scripts/Mobiles/Races/RacePotions.cs;Data/Scripts/Scripts.csproj;Data/Scripts/System/Commands/Player/CreatureHelp.cs;Data/Scripts/System/Help/Gumps/HelpGump.cs;Data/Scripts/System/Misc/Settings.cs;Data/System/Source/Mobile.cs","Reviewed against current source and the historical synchronization point through the owning system rows.","Classified from current Help, Library, books, NPC, system-gump, quest, and feedback sources; staging remains required for reachability.","RuntimeUnknown","Partial","Incorporate","LibraryReference","P3","Medium: the external reference describes a substantial player capability that is not yet proven reachable in game.","Current source paths from the canonical documentation truth table were revalidated against the filesystem.","Adapt the source-verified essentials from Race Token System into the shard's established in-game teaching surfaces.","Explain entry, controls, rules, risks, and clue paths; omit locations, solutions, passwords, and surprises.","An ordinary player can reach the recommended surface and perform the documented capability without using the external wiki.","docs/wiki/Race_Token_System.md","The wiki is research evidence only and does not count as in-game coverage."
"IGD-DOC-docs-wiki-research-magic-md","CanonicalTopic","CanonicalWiki:Combat, Magic, And Character Progression","Research Magic","Player","RuntimeUnknown","External topic identifies a candidate player capability; the listed in-game surface and owning source determine actual entry.","External wiki does not prove acquisition or placement; current source paths are retained as research evidence.","","","Reviewed against current source and the historical synchronization point through the owning system rows.","Classified from current Help, Library, books, NPC, system-gump, quest, and feedback sources; staging remains required for reachability.","RuntimeUnknown","Partial","Incorporate","LibraryReference","P3","Medium: the external reference describes a substantial player capability that is not yet proven reachable in game.","Canonical external topic retained as a candidate; no current source path is asserted.","Adapt the source-verified essentials from Research Magic into the shard's established in-game teaching surfaces.","Explain entry, controls, rules, risks, and clue paths; omit locations, solutions, passwords, and surprises.","An ordinary player can reach the recommended surface and perform the documented capability without using the external wiki.","docs/wiki/Research_Magic.md","The wiki is research evidence only and does not count as in-game coverage."
"IGD-DOC-docs-wiki-searching-hiding-stealth-md","CanonicalTopic","CanonicalWiki:Combat, Magic, And Character Progression","Searching, Hiding, and Stealth","Player","RuntimeUnknown","External topic identifies a candidate player capability; the listed in-game surface and owning source determine actual entry.","External wiki does not prove acquisition or placement; current source paths are retained as research evidence.","","Data/Scripts/Custom/XMLSpawner/XmlSpawnerSkillCheck.cs;Data/Scripts/Items/Containers/DungeonChest.cs;Data/Scripts/Items/Containers/HiddenChest.cs;Data/Scripts/Items/Doors/BaseDoor.cs;Data/Scripts/Items/Magical/Artifacts/Minor/GemOfSeeing.cs;Data/Scripts/Items/Misc/Bodies/Corpses/Corpse.cs;Data/Scripts/Items/Trades/Ninjitsu/SmokeBomb.cs;Data/Scripts/Magic/Jedi/JediSpell.cs;Data/Scripts/Magic/Jedi/Spells/MindsEye.cs;Data/Scripts/Magic/Magery/Magery 6th/Reveal.cs;Data/Scripts/Magic/Ninjitsu/Backstab.cs;Data/Scripts/Magic/Shinobi/Spells/EagleEye.cs;Data/Scripts/Mobiles/Base/BaseCreature.cs;Data/Scripts/Mobiles/Base/Behavior.cs;Data/Scripts/Mobiles/Base/PlayerMobile.cs;Data/Scripts/System/Commands/Skills.cs;Data/Scripts/System/Misc/CurrentExpansion.cs;Data/Scripts/System/Skills/Hiding.cs;Data/Scripts/System/Skills/Searching.cs;Data/Scripts/System/Skills/SkillCheck.cs;Data/Scripts/System/Skills/Stealth.cs;Data/Scripts/System/Skills/Tracking.cs;Data/System/Source/Mobile.cs;Info/settings.xml","Reviewed against current source and the historical synchronization point through the owning system rows.","Classified from current Help, Library, books, NPC, system-gump, quest, and feedback sources; staging remains required for reachability.","RuntimeUnknown","Partial","Incorporate","LibraryReference","P3","Medium: the external reference describes a substantial player capability that is not yet proven reachable in game.","Current source paths from the canonical documentation truth table were revalidated against the filesystem.","Adapt the source-verified essentials from Searching, Hiding, and Stealth into the shard's established in-game teaching surfaces.","Explain entry, controls, rules, risks, and clue paths; omit locations, solutions, passwords, and surprises.","An ordinary player can reach the recommended surface and perform the documented capability without using the external wiki.","docs/wiki/Searching_Hiding_Stealth.md","The wiki is research evidence only and does not count as in-game coverage."
"IGD-DOC-docs-wiki-shinobi-magic-md","CanonicalTopic","CanonicalWiki:Combat, Magic, And Character Progression","Shinobi Magic","Player","RuntimeUnknown","External topic identifies a candidate player capability; the listed in-game surface and owning source determine actual entry.","External wiki does not prove acquisition or placement; current source paths are retained as research evidence.","","","Reviewed against current source and the historical synchronization point through the owning system rows.","Classified from current Help, Library, books, NPC, system-gump, quest, and feedback sources; staging remains required for reachability.","RuntimeUnknown","Partial","Incorporate","LibraryReference","P3","Medium: the external reference describes a substantial player capability that is not yet proven reachable in game.","Canonical external topic retained as a candidate; no current source path is asserted.","Adapt the source-verified essentials from Shinobi Magic into the shard's established in-game teaching surfaces.","Explain entry, controls, rules, risks, and clue paths; omit locations, solutions, passwords, and surprises.","An ordinary player can reach the recommended surface and perform the documented capability without using the external wiki.","docs/wiki/Shinobi_Magic.md","The wiki is research evidence only and does not count as in-game coverage."
"IGD-DOC-docs-wiki-skill-stone-md","CanonicalTopic","CanonicalWiki:Combat, Magic, And Character Progression","Skill Stone","Player","RuntimeUnknown","External topic identifies a candidate player capability; the listed in-game surface and owning source determine actual entry.","External wiki does not prove acquisition or placement; current source paths are retained as research evidence.","","Data/Scripts/Custom/Skill Stone/SkillStone.cs;Data/Scripts/Scripts.csproj","Reviewed against current source and the historical synchronization point through the owning system rows.","Classified from current Help, Library, books, NPC, system-gump, quest, and feedback sources; staging remains required for reachability.","RuntimeUnknown","Partial","Incorporate","LibraryReference","P3","Medium: the external reference describes a substantial player capability that is not yet proven reachable in game.","Current source paths from the canonical documentation truth table were revalidated against the filesystem.","Adapt the source-verified essentials from Skill Stone into the shard's established in-game teaching surfaces.","Explain entry, controls, rules, risks, and clue paths; omit locations, solutions, passwords, and surprises.","An ordinary player can reach the recommended surface and perform the documented capability without using the external wiki.","docs/wiki/skill-stone.md","The wiki is research evidence only and does not count as in-game coverage."
"IGD-DOC-docs-wiki-syth-magic-md","CanonicalTopic","CanonicalWiki:Combat, Magic, And Character Progression","Syth Magic","Player","RuntimeUnknown","External topic identifies a candidate player capability; the listed in-game surface and owning source determine actual entry.","External wiki does not prove acquisition or placement; current source paths are retained as research evidence.","","","Reviewed against current source and the historical synchronization point through the owning system rows.","Classified from current Help, Library, books, NPC, system-gump, quest, and feedback sources; staging remains required for reachability.","RuntimeUnknown","Partial","Incorporate","LibraryReference","P3","Medium: the external reference describes a substantial player capability that is not yet proven reachable in game.","Canonical external topic retained as a candidate; no current source path is asserted.","Adapt the source-verified essentials from Syth Magic into the shard's established in-game teaching surfaces.","Explain entry, controls, rules, risks, and clue paths; omit locations, solutions, passwords, and surprises.","An ordinary player can reach the recommended surface and perform the documented capability without using the external wiki.","docs/wiki/Syth_Magic.md","The wiki is research evidence only and does not count as in-game coverage."
"IGD-DOC-docs-wiki-the-one-ring-md","CanonicalTopic","CanonicalWiki:Combat, Magic, And Character Progression","The One Ring","Player","RuntimeUnknown","External topic identifies a candidate player capability; the listed in-game surface and owning source determine actual entry.","External wiki does not prove acquisition or placement; current source paths are retained as research evidence.","","Data/Scripts/Custom/LOTR - The One Ring/RingWraith.cs;Data/Scripts/Custom/LOTR - The One Ring/TheOneRing.cs;Data/Scripts/Scripts.csproj","Reviewed against current source and the historical synchronization point through the owning system rows.","Classified from current Help, Library, books, NPC, system-gump, quest, and feedback sources; staging remains required for reachability.","RuntimeUnknown","IntentionalDiscovery","KeepAsIs","LoreBook","P4","Low if current clues and contextual warnings remain reachable.","Current source paths from the canonical documentation truth table were revalidated against the filesystem.","Preserve discovery-led teaching; add only non-spoiling safety or control clarification if staging finds a dead-end.","Explain entry, controls, rules, risks, and clue paths; omit locations, solutions, passwords, and surprises.","Follow the clue path as an ordinary player without outside knowledge and confirm the next step and danger are legible.","docs/wiki/The_One_Ring.md","The wiki is research evidence only and does not count as in-game coverage."
"IGD-DOC-docs-wiki-turn-based-combat-md","CanonicalTopic","CanonicalWiki:Combat, Magic, And Character Progression","Turn-Based Combat","Player","RuntimeUnknown","External topic identifies a candidate player capability; the listed in-game surface and owning source determine actual entry.","External wiki does not prove acquisition or placement; current source paths are retained as research evidence.","","Data/TurnBasedCombat/TurnActions.csv;Data/TurnBasedCombat/TurnAI.csv;Data/TurnBasedCombat/TurnBasedCombat.cfg;Data/TurnBasedCombat/TurnEffects.csv","Reviewed against current source and the historical synchronization point through the owning system rows.","Classified from current Help, Library, books, NPC, system-gump, quest, and feedback sources; staging remains required for reachability.","RuntimeUnknown","NotApplicable","NoDocumentationNeeded","Help","P4","Low while the checked-in configuration remains disabled; advertising unavailable controls would create confusion.","Current source paths from the canonical documentation truth table were revalidated against the filesystem.","Do not incorporate player instructions while disabled. Require a fresh source, configuration, and staging documentation pass before enabling.","Not applicable.","Confirm the checked-in gate is disabled and no reachable in-game surface advertises unavailable controls.","docs/wiki/Turn_Based_Combat.md","Explicit exclusion: disabled by checked-in configuration."
"IGD-DOC-docs-wiki-witchcraft-md","CanonicalTopic","CanonicalWiki:Combat, Magic, And Character Progression","Witchcraft","Player","RuntimeUnknown","External topic identifies a candidate player capability; the listed in-game surface and owning source determine actual entry.","External wiki does not prove acquisition or placement; current source paths are retained as research evidence.","","","Reviewed against current source and the historical synchronization point through the owning system rows.","Classified from current Help, Library, books, NPC, system-gump, quest, and feedback sources; staging remains required for reachability.","RuntimeUnknown","Partial","Incorporate","LibraryReference","P3","Medium: the external reference describes a substantial player capability that is not yet proven reachable in game.","Canonical external topic retained as a candidate; no current source path is asserted.","Adapt the source-verified essentials from Witchcraft into the shard's established in-game teaching surfaces.","Explain entry, controls, rules, risks, and clue paths; omit locations, solutions, passwords, and surprises.","An ordinary player can reach the recommended surface and perform the documented capability without using the external wiki.","docs/wiki/Witchcraft.md","The wiki is research evidence only and does not count as in-game coverage."
"IGD-DOC-docs-wiki-animal-trainer-stable-claim-md","CanonicalTopic","CanonicalWiki:Crafting, Harvesting, Trades, And Economy","Animal Trainer Stable/Claim","Player","RuntimeUnknown","External topic identifies a candidate player capability; the listed in-game surface and owning source determine actual entry.","External wiki does not prove acquisition or placement; current source paths are retained as research evidence.","","Data/Scripts/Mobiles/Base/BaseCreature.cs;Data/Scripts/Mobiles/Base/PlayerMobile.cs;Data/Scripts/Mobiles/Civilized/Vendors/AnimalTrainer.cs;Data/Scripts/Mobiles/Civilized/Vendors/GypsyAnimalTrainer.cs;Data/Scripts/System/Misc/Settings.cs;Data/System/Source/Mobile.cs","Reviewed against current source and the historical synchronization point through the owning system rows.","Classified from current Help, Library, books, NPC, system-gump, quest, and feedback sources; staging remains required for reachability.","SourceDefined","Complete","KeepAsIs","NPCSpeech","P4","Low: current source defines an established reachable teaching surface; staging still confirms placement and wording.","Current source paths from the canonical documentation truth table were revalidated against the filesystem.","Retain the established in-game teaching and recheck it when the owning mechanic changes.","Explain entry, controls, rules, risks, and clue paths; omit locations, solutions, passwords, and surprises.","Reach the existing surface as an ordinary player and confirm it still matches current behavior.","docs/wiki/Animal_Trainer_Stable_Claim.md","The wiki is research evidence only and does not count as in-game coverage."
"IGD-DOC-docs-wiki-apiculture-beekeeping-md","CanonicalTopic","CanonicalWiki:Crafting, Harvesting, Trades, And Economy","Apiculture (Beekeeping)","Player","RuntimeUnknown","External topic identifies a candidate player capability; the listed in-game surface and owning source determine actual entry.","External wiki does not prove acquisition or placement; current source paths are retained as research evidence.","","Data/Scripts/Items/Misc/Beeswax.cs;Data/Scripts/Mobiles/Base/StoreSalesList.cs;Data/Scripts/Mobiles/Civilized/Vendors/Beekeeper.cs;Data/Scripts/Scripts.csproj;Data/Scripts/Trades/Apiculture/BeeHiveAddon.cs;Data/Scripts/Trades/Apiculture/BeeHiveHelp.cs;Data/Scripts/Trades/Apiculture/beehivehelper.cs;Data/Scripts/Trades/Apiculture/Craft/CandleReligious.cs;Data/Scripts/Trades/Apiculture/Craft/ColorCandleLong.cs;Data/Scripts/Trades/Apiculture/Craft/ColorCandleShort.cs;Data/Scripts/Trades/Apiculture/Craft/JarsOfWax.cs;Data/Scripts/Trades/Apiculture/Craft/PaintCanvas.cs;Data/Scripts/Trades/Apiculture/Craft/WaxPaintings.cs;Data/Scripts/Trades/Apiculture/Craft/WaxSculptors.cs;Data/Scripts/Trades/Apiculture/DefWaxCrafting.cs;Data/Scripts/Trades/Apiculture/Gumps/BeeHiveGumps.cs;Data/Scripts/Trades/Apiculture/Items/HiveTool.cs;Data/Scripts/Trades/Apiculture/Items/LargeWaxPot.cs;Data/Scripts/Trades/Apiculture/Items/RawBeeswax.cs;Data/Scripts/Trades/Apiculture/Items/Slumgum.cs;Data/Scripts/Trades/Apiculture/Items/SmallWaxPot.cs;Data/Scripts/Trades/Apiculture/WaxCrafting.cs","Reviewed against current source and the historical synchronization point through the owning system rows.","Classified from current Help, Library, books, NPC, system-gump, quest, and feedback sources; staging remains required for reachability.","SourceDefined","Complete","KeepAsIs","SystemHelpGump","P4","Low: the system exposes dedicated source-defined help at the point of use.","Current source paths from the canonical documentation truth table were revalidated against the filesystem.","Keep the dedicated help gump synchronized with later mechanics changes.","Explain entry, controls, rules, risks, and clue paths; omit locations, solutions, passwords, and surprises.","Open the system help from its normal entry path and verify every page and navigation control.","docs/wiki/Apiculture_Beekeeping.md","The wiki is research evidence only and does not count as in-game coverage."
"IGD-DOC-docs-wiki-banker-speech-commands-md","CanonicalTopic","CanonicalWiki:Crafting, Harvesting, Trades, And Economy","Banker Speech Commands","Player","RuntimeUnknown","External topic identifies a candidate player capability; the listed in-game surface and owning source determine actual entry.","External wiki does not prove acquisition or placement; current source paths are retained as research evidence.","","Data/Scripts/Items/Misc/BankCheck.cs;Data/Scripts/Mobiles/Civilized/Vendors/Banker.cs;Data/Scripts/Mobiles/Civilized/Vendors/GypsyBanker.cs;Data/Scripts/System/Misc/ContextMenu.cs;Data/System/Source/Items/Containers.cs;Data/System/Source/Mobile.cs","Reviewed against current source and the historical synchronization point through the owning system rows.","Classified from current Help, Library, books, NPC, system-gump, quest, and feedback sources; staging remains required for reachability.","SourceDefined","Complete","KeepAsIs","NPCSpeech","P4","Low: current source defines an established reachable teaching surface; staging still confirms placement and wording.","Current source paths from the canonical documentation truth table were revalidated against the filesystem.","Retain the established in-game teaching and recheck it when the owning mechanic changes.","Explain entry, controls, rules, risks, and clue paths; omit locations, solutions, passwords, and surprises.","Reach the existing surface as an ordinary player and confirm it still matches current behavior.","docs/wiki/Banker_Speech_Commands.md","The wiki is research evidence only and does not count as in-game coverage."
"IGD-DOC-docs-wiki-book-publisher-md","CanonicalTopic","CanonicalWiki:Crafting, Harvesting, Trades, And Economy","Book Publisher","Player","RuntimeUnknown","External topic identifies a candidate player capability; the listed in-game surface and owning source determine actual entry.","External wiki does not prove acquisition or placement; current source paths are retained as research evidence.","","Data/Scripts/Custom/Book Publisher [2.0]/BookBuyInfo.cs;Data/Scripts/Custom/Book Publisher [2.0]/PublishedBook.cs;Data/Scripts/Custom/Book Publisher [2.0]/Publisher.cs;Data/Scripts/Custom/Book Publisher [2.0]/SBPublisher.cs;Data/Scripts/Custom/Book Publisher [2.0]/XmlBook.cs","Reviewed against current source and the historical synchronization point through the owning system rows.","Classified from current Help, Library, books, NPC, system-gump, quest, and feedback sources; staging remains required for reachability.","RuntimeUnknown","Partial","Incorporate","LibraryReference","P2","Medium to high: materials, property, batch actions, and vendor transactions can cause meaningful loss.","Current source paths from the canonical documentation truth table were revalidated against the filesystem.","Teach entry tools, material consumption, batch or queue controls, persistent selections, stop paths, and irreversible or costly actions.","Explain entry, controls, rules, risks, and clue paths; omit locations, solutions, passwords, and surprises.","An ordinary player can reach the recommended surface and perform the documented capability without using the external wiki.","docs/wiki/Book_Publisher.md","The wiki is research evidence only and does not count as in-game coverage."
"IGD-DOC-docs-wiki-bulk-order-system-md","CanonicalTopic","CanonicalWiki:Crafting, Harvesting, Trades, And Economy","Bulk Order System","Player","RuntimeUnknown","External topic identifies a candidate player capability; the listed in-game surface and owning source determine actual entry.","External wiki does not prove acquisition or placement; current source paths are retained as research evidence.","","","Reviewed against current source and the historical synchronization point through the owning system rows.","Classified from current Help, Library, books, NPC, system-gump, quest, and feedback sources; staging remains required for reachability.","RuntimeUnknown","Partial","Incorporate","LibraryReference","P2","Medium to high: materials, property, batch actions, and vendor transactions can cause meaningful loss.","Canonical external topic retained as a candidate; no current source path is asserted.","Teach entry tools, material consumption, batch or queue controls, persistent selections, stop paths, and irreversible or costly actions.","Explain entry, controls, rules, risks, and clue paths; omit locations, solutions, passwords, and surprises.","An ordinary player can reach the recommended surface and perform the documented capability without using the external wiki.","docs/wiki/Bulk_Order_System.md","The wiki is research evidence only and does not count as in-game coverage."
"IGD-DOC-docs-wiki-crafting-core-md","CanonicalTopic","CanonicalWiki:Crafting, Harvesting, Trades, And Economy","Crafting Core","Player","RuntimeUnknown","External topic identifies a candidate player capability; the listed in-game surface and owning source determine actual entry.","External wiki does not prove acquisition or placement; current source paths are retained as research evidence.","","Data/Scripts/Items/Trades/Tools/BaseTool.cs;Data/Scripts/Trades/Core/CraftContext.cs;Data/Scripts/Trades/Core/CraftItem.cs;Data/Scripts/Trades/Core/CraftSystem.cs;Data/Scripts/Trades/Core/CustomCraft.cs;Data/Scripts/Trades/Core/Enhance.cs;Data/Scripts/Trades/Core/Gumps/CraftGump.cs;Data/Scripts/Trades/Core/Gumps/CraftGumpItem.cs;Data/Scripts/Trades/Core/Gumps/QueryMakersMarkGump.cs;Data/Scripts/Trades/Core/Recipes.cs;Data/Scripts/Trades/Core/Repair.cs;Data/Scripts/Trades/Core/Resmelt.cs","Reviewed against current source and the historical synchronization point through the owning system rows.","Classified from current Help, Library, books, NPC, system-gump, quest, and feedback sources; staging remains required for reachability.","RuntimeUnknown","Partial","Incorporate","LibraryReference","P2","Medium to high: materials, property, batch actions, and vendor transactions can cause meaningful loss.","Current source paths from the canonical documentation truth table were revalidated against the filesystem.","Teach entry tools, material consumption, batch or queue controls, persistent selections, stop paths, and irreversible or costly actions.","Explain entry, controls, rules, risks, and clue paths; omit locations, solutions, passwords, and surprises.","An ordinary player can reach the recommended surface and perform the documented capability without using the external wiki.","docs/wiki/Crafting_Core.md","The wiki is research evidence only and does not count as in-game coverage."
"IGD-DOC-docs-wiki-crafting-qol-roadmap-md","CanonicalTopic","CanonicalWiki:Crafting, Harvesting, Trades, And Economy","Crafting QoL Roadmap","Player","RuntimeUnknown","External topic identifies a candidate player capability; the listed in-game surface and owning source determine actual entry.","External wiki does not prove acquisition or placement; current source paths are retained as research evidence.","","Data/Scripts/Items/Trades/Tools/BaseTool.cs;Data/Scripts/Trades/Core/CraftContext.cs;Data/Scripts/Trades/Core/CraftItem.cs;Data/Scripts/Trades/Core/CraftSystem.cs;Data/Scripts/Trades/Core/Enhance.cs;Data/Scripts/Trades/Core/Gumps/CraftGump.cs;Data/Scripts/Trades/Core/Gumps/CraftGumpItem.cs;Data/Scripts/Trades/Core/Gumps/QueryMakersMarkGump.cs;Data/Scripts/Trades/Core/Repair.cs;Data/Scripts/Trades/Core/Resmelt.cs","Reviewed against current source and the historical synchronization point through the owning system rows.","Classified from current Help, Library, books, NPC, system-gump, quest, and feedback sources; staging remains required for reachability.","RuntimeUnknown","Partial","Incorporate","LibraryReference","P2","Medium to high: materials, property, batch actions, and vendor transactions can cause meaningful loss.","Current source paths from the canonical documentation truth table were revalidated against the filesystem.","Teach entry tools, material consumption, batch or queue controls, persistent selections, stop paths, and irreversible or costly actions.","Explain entry, controls, rules, risks, and clue paths; omit locations, solutions, passwords, and surprises.","An ordinary player can reach the recommended surface and perform the documented capability without using the external wiki.","docs/wiki/Crafting_QoL_Roadmap.md","The wiki is research evidence only and does not count as in-game coverage."
"IGD-DOC-docs-wiki-crafting-queue-design-md","CanonicalTopic","CanonicalWiki:Crafting, Harvesting, Trades, And Economy","Crafting Queue Design","Player","RuntimeUnknown","External topic identifies a candidate player capability; the listed in-game surface and owning source determine actual entry.","External wiki does not prove acquisition or placement; current source paths are retained as research evidence.","","","Reviewed against current source and the historical synchronization point through the owning system rows.","Classified from current Help, Library, books, NPC, system-gump, quest, and feedback sources; staging remains required for reachability.","RuntimeUnknown","Partial","Incorporate","LibraryReference","P2","Medium to high: materials, property, batch actions, and vendor transactions can cause meaningful loss.","Canonical external topic retained as a candidate; no current source path is asserted.","Teach entry tools, material consumption, batch or queue controls, persistent selections, stop paths, and irreversible or costly actions.","Explain entry, controls, rules, risks, and clue paths; omit locations, solutions, passwords, and surprises.","An ordinary player can reach the recommended surface and perform the documented capability without using the external wiki.","docs/wiki/Crafting_Queue_Design.md","The wiki is research evidence only and does not count as in-game coverage."
"IGD-DOC-docs-wiki-farmable-crops-system-md","CanonicalTopic","CanonicalWiki:Crafting, Harvesting, Trades, And Economy","Farmable Crops System","Player","RuntimeUnknown","External topic identifies a candidate player capability; the listed in-game surface and owning source determine actual entry.","External wiki does not prove acquisition or placement; current source paths are retained as research evidence.","","Data/Scripts/Items/Farming/;Data/Scripts/Items/Farming/FarmableCabbage.cs;Data/Scripts/Items/Farming/FarmableCarrot.cs;Data/Scripts/Items/Farming/FarmableCorn.cs;Data/Scripts/Items/Farming/FarmableCotton.cs;Data/Scripts/Items/Farming/FarmableCrop.cs;Data/Scripts/Items/Farming/FarmableFlax.cs;Data/Scripts/Items/Farming/FarmableLettuce.cs;Data/Scripts/Items/Farming/FarmableOnion.cs;Data/Scripts/Items/Farming/FarmablePumpkin.cs;Data/Scripts/Items/Farming/FarmableTomato.cs;Data/Scripts/Items/Farming/FarmableTurnip.cs;Data/Scripts/Items/Farming/FarmableWatermelon.cs;Data/Scripts/Items/Farming/FarmableWheat.cs;Data/Scripts/Items/Trades/Resources/Reagents/Farm/FarmableGarlic.cs;Data/Scripts/Items/Trades/Resources/Reagents/Farm/FarmableGinseng.cs;Data/Scripts/Items/Trades/Resources/Reagents/Farm/FarmableMandrakeRoot.cs;Data/Scripts/Items/Trades/Resources/Reagents/Farm/FarmableNightshade.cs","Reviewed against current source and the historical synchronization point through the owning system rows.","Classified from current Help, Library, books, NPC, system-gump, quest, and feedback sources; staging remains required for reachability.","RuntimeUnknown","Partial","Incorporate","LibraryReference","P2","Medium to high: materials, property, batch actions, and vendor transactions can cause meaningful loss.","Current source paths from the canonical documentation truth table were revalidated against the filesystem.","Teach entry tools, material consumption, batch or queue controls, persistent selections, stop paths, and irreversible or costly actions.","Explain entry, controls, rules, risks, and clue paths; omit locations, solutions, passwords, and surprises.","An ordinary player can reach the recommended surface and perform the documented capability without using the external wiki.","docs/wiki/Farmable_Crops_System.md","The wiki is research evidence only and does not count as in-game coverage."
"IGD-DOC-docs-wiki-flip-deed-md","CanonicalTopic","CanonicalWiki:Crafting, Harvesting, Trades, And Economy","Flip Deed","Player","RuntimeUnknown","External topic identifies a candidate player capability; the listed in-game surface and owning source determine actual entry.","External wiki does not prove acquisition or placement; current source paths are retained as research evidence.","","Data/Scripts/Items/Construction/Addons/BaseAddonDeed.cs;Data/Scripts/Items/Houses/InteriorDecorator.cs;Data/Scripts/Items/Houses/TentsEast.cs;Data/Scripts/Items/Misc/FlipableAttribute.cs;Data/Scripts/Items/Relics/DDRelicBearRugs.cs;Data/Scripts/System/Help/Gumps/HelpGump.cs;Data/Scripts/Trades/Stone/BaseStatueDeed.cs","Reviewed against current source and the historical synchronization point through the owning system rows.","Classified from current Help, Library, books, NPC, system-gump, quest, and feedback sources; staging remains required for reachability.","RuntimeUnknown","Partial","Incorporate","LibraryReference","P2","Medium to high: materials, property, batch actions, and vendor transactions can cause meaningful loss.","Current source paths from the canonical documentation truth table were revalidated against the filesystem.","Teach entry tools, material consumption, batch or queue controls, persistent selections, stop paths, and irreversible or costly actions.","Explain entry, controls, rules, risks, and clue paths; omit locations, solutions, passwords, and surprises.","An ordinary player can reach the recommended surface and perform the documented capability without using the external wiki.","docs/wiki/Flip_Deed.md","The wiki is research evidence only and does not count as in-game coverage."
"IGD-DOC-docs-wiki-gardening-system-md","CanonicalTopic","CanonicalWiki:Crafting, Harvesting, Trades, And Economy","Gardening System","Player","RuntimeUnknown","External topic identifies a candidate player capability; the listed in-game surface and owning source determine actual entry.","External wiki does not prove acquisition or placement; current source paths are retained as research evidence.","","Data/Scripts/Scripts.csproj;Data/Scripts/Trades/Gardening/Gumps/;Data/Scripts/Trades/Gardening/Gumps/EmptyTheBowlGump.cs;Data/Scripts/Trades/Gardening/Gumps/MainPlantGump.cs;Data/Scripts/Trades/Gardening/Gumps/ReproductionGump.cs;Data/Scripts/Trades/Gardening/Gumps/SetToDecorativeGump.cs;Data/Scripts/Trades/Gardening/MiscItems/FertileDirt.cs;Data/Scripts/Trades/Gardening/MiscItems/GreenThorns.cs;Data/Scripts/Trades/Gardening/MiscItems/OrangePetals.cs;Data/Scripts/Trades/Gardening/MiscItems/RedLeaves.cs;Data/Scripts/Trades/Gardening/Network/DisplayHelpTopic.cs;Data/Scripts/Trades/Gardening/PlantBowl.cs;Data/Scripts/Trades/Gardening/PlantHue.cs;Data/Scripts/Trades/Gardening/PlantItem.cs;Data/Scripts/Trades/Gardening/PlantPourTarget.cs;Data/Scripts/Trades/Gardening/PlantResources.cs;Data/Scripts/Trades/Gardening/PlantSystem.cs;Data/Scripts/Trades/Gardening/PlantType.cs;Data/Scripts/Trades/Gardening/PollinateTarget.cs;Data/Scripts/Trades/Gardening/Seed.cs","Reviewed against current source and the historical synchronization point through the owning system rows.","Classified from current Help, Library, books, NPC, system-gump, quest, and feedback sources; staging remains required for reachability.","SourceDefined","Complete","KeepAsIs","SystemHelpGump","P4","Low: the system exposes dedicated source-defined help at the point of use.","Current source paths from the canonical documentation truth table were revalidated against the filesystem.","Keep the dedicated help gump synchronized with later mechanics changes.","Explain entry, controls, rules, risks, and clue paths; omit locations, solutions, passwords, and surprises.","Open the system help from its normal entry path and verify every page and navigation control.","docs/wiki/Gardening_System.md","The wiki is research evidence only and does not count as in-game coverage."
"IGD-DOC-docs-wiki-grave-robbing-trade-md","CanonicalTopic","CanonicalWiki:Crafting, Harvesting, Trades, And Economy","Grave Robbing Trade","Player","RuntimeUnknown","External topic identifies a candidate player capability; the listed in-game surface and owning source determine actual entry.","External wiki does not prove acquisition or placement; current source paths are retained as research evidence.","","Data/Scripts/Items/Containers/GraveChest.cs;Data/Scripts/Items/Trades/Harvest Tools/BaseHarvestTool.cs;Data/Scripts/Trades/Crafting/DefTinkering.cs;Data/Scripts/Trades/Grave Robbing/Bones.cs;Data/Scripts/Trades/Grave Robbing/GraveRobbing.cs;Data/Scripts/Trades/Grave Robbing/GraveShovel.cs;Data/Scripts/Trades/Harvest/HarvestBank.cs;Data/Scripts/Trades/Harvest/HarvestDefinition.cs;Data/Scripts/Trades/Harvest/HarvestSystem.cs","Reviewed against current source and the historical synchronization point through the owning system rows.","Classified from current Help, Library, books, NPC, system-gump, quest, and feedback sources; staging remains required for reachability.","RuntimeUnknown","Partial","Incorporate","LibraryReference","P2","Medium to high: materials, property, batch actions, and vendor transactions can cause meaningful loss.","Current source paths from the canonical documentation truth table were revalidated against the filesystem.","Teach entry tools, material consumption, batch or queue controls, persistent selections, stop paths, and irreversible or costly actions.","Explain entry, controls, rules, risks, and clue paths; omit locations, solutions, passwords, and surprises.","An ordinary player can reach the recommended surface and perform the documented capability without using the external wiki.","docs/wiki/Grave_Robbing_Trade.md","The wiki is research evidence only and does not count as in-game coverage."
"IGD-DOC-docs-wiki-harvest-resource-system-md","CanonicalTopic","CanonicalWiki:Crafting, Harvesting, Trades, And Economy","Harvest Resource System","Player","RuntimeUnknown","External topic identifies a candidate player capability; the listed in-game surface and owning source determine actual entry.","External wiki does not prove acquisition or placement; current source paths are retained as research evidence.","","Data/Scripts/Items/Trades/Harvest Tools/BaseHarvestTool.cs;Data/Scripts/Trades/Harvest/BonusHarvestResource.cs;Data/Scripts/Trades/Harvest/HarvestBank.cs;Data/Scripts/Trades/Harvest/HarvestDefinition.cs;Data/Scripts/Trades/Harvest/HarvestResource.cs;Data/Scripts/Trades/Harvest/HarvestSoundTimer.cs;Data/Scripts/Trades/Harvest/HarvestSystem.cs;Data/Scripts/Trades/Harvest/HarvestTarget.cs;Data/Scripts/Trades/Harvest/HarvestTimer.cs;Data/Scripts/Trades/Harvest/HarvestVein.cs","Reviewed against current source and the historical synchronization point through the owning system rows.","Classified from current Help, Library, books, NPC, system-gump, quest, and feedback sources; staging remains required for reachability.","RuntimeUnknown","Partial","Incorporate","LibraryReference","P2","Medium to high: materials, property, batch actions, and vendor transactions can cause meaningful loss.","Current source paths from the canonical documentation truth table were revalidated against the filesystem.","Teach entry tools, material consumption, batch or queue controls, persistent selections, stop paths, and irreversible or costly actions.","Explain entry, controls, rules, risks, and clue paths; omit locations, solutions, passwords, and surprises.","An ordinary player can reach the recommended surface and perform the documented capability without using the external wiki.","docs/wiki/Harvest_Resource_System.md","The wiki is research evidence only and does not count as in-game coverage."
"IGD-DOC-docs-wiki-homestead-system-md","CanonicalTopic","CanonicalWiki:Crafting, Harvesting, Trades, And Economy","Homestead System","Player","RuntimeUnknown","External topic identifies a candidate player capability; the listed in-game surface and owning source determine actual entry.","External wiki does not prove acquisition or placement; current source paths are retained as research evidence.","","","Reviewed against current source and the historical synchronization point through the owning system rows.","Classified from current Help, Library, books, NPC, system-gump, quest, and feedback sources; staging remains required for reachability.","RuntimeUnknown","Partial","Incorporate","LibraryReference","P2","Medium to high: materials, property, batch actions, and vendor transactions can cause meaningful loss.","Canonical external topic retained as a candidate; no current source path is asserted.","Teach entry tools, material consumption, batch or queue controls, persistent selections, stop paths, and irreversible or costly actions.","Explain entry, controls, rules, risks, and clue paths; omit locations, solutions, passwords, and surprises.","An ordinary player can reach the recommended surface and perform the documented capability without using the external wiki.","docs/wiki/Homestead_System.md","The wiki is research evidence only and does not count as in-game coverage."
"IGD-DOC-docs-wiki-librarian-trade-md","CanonicalTopic","CanonicalWiki:Crafting, Harvesting, Trades, And Economy","Librarian Trade","Player","RuntimeUnknown","External topic identifies a candidate player capability; the listed in-game surface and owning source determine actual entry.","External wiki does not prove acquisition or placement; current source paths are retained as research evidence.","","Data/Scripts/Items/Unknown/UnknownScroll.cs;Data/Scripts/Trades/Harvest/HarvestBank.cs;Data/Scripts/Trades/Harvest/HarvestDefinition.cs;Data/Scripts/Trades/Harvest/HarvestSystem.cs;Data/Scripts/Trades/Librarian/Librarian.cs;Data/Scripts/Trades/Librarian/LibraryScrolls.cs;Data/Scripts/Trades/Librarian/Monocle.cs","Reviewed against current source and the historical synchronization point through the owning system rows.","Classified from current Help, Library, books, NPC, system-gump, quest, and feedback sources; staging remains required for reachability.","RuntimeUnknown","Partial","Incorporate","LibraryReference","P2","Medium to high: materials, property, batch actions, and vendor transactions can cause meaningful loss.","Current source paths from the canonical documentation truth table were revalidated against the filesystem.","Teach entry tools, material consumption, batch or queue controls, persistent selections, stop paths, and irreversible or costly actions.","Explain entry, controls, rules, risks, and clue paths; omit locations, solutions, passwords, and surprises.","An ordinary player can reach the recommended surface and perform the documented capability without using the external wiki.","docs/wiki/Librarian_Trade.md","The wiki is research evidence only and does not count as in-game coverage."
"IGD-DOC-docs-wiki-real-estate-broker-appraisal-md","CanonicalTopic","CanonicalWiki:Crafting, Harvesting, Trades, And Economy","Real Estate Broker Appraisal","Player","RuntimeUnknown","External topic identifies a candidate player capability; the listed in-game surface and owning source determine actual entry.","External wiki does not prove acquisition or placement; current source paths are retained as research evidence.","","Data/Scripts/Items/Houses/Deeds.cs;Data/Scripts/Items/Houses/SmallTents.cs;Data/Scripts/Mobiles/Base/StoreSalesList.cs;Data/Scripts/Mobiles/Civilized/Vendors/RealEstateBroker.cs;Data/Scripts/System/Misc/AOS.cs","Reviewed against current source and the historical synchronization point through the owning system rows.","Classified from current Help, Library, books, NPC, system-gump, quest, and feedback sources; staging remains required for reachability.","SourceDefined","Complete","KeepAsIs","NPCSpeech","P4","Low: current source defines an established reachable teaching surface; staging still confirms placement and wording.","Current source paths from the canonical documentation truth table were revalidated against the filesystem.","Retain the established in-game teaching and recheck it when the owning mechanic changes.","Explain entry, controls, rules, risks, and clue paths; omit locations, solutions, passwords, and surprises.","Reach the existing surface as an ordinary player and confirm it still matches current behavior.","docs/wiki/Real_Estate_Broker_Appraisal.md","The wiki is research evidence only and does not count as in-game coverage."
"IGD-DOC-docs-wiki-relic-items-md","CanonicalTopic","CanonicalWiki:Crafting, Harvesting, Trades, And Economy","Relic Items","Player","RuntimeUnknown","External topic identifies a candidate player capability; the listed in-game surface and owning source determine actual entry.","External wiki does not prove acquisition or placement; current source paths are retained as research evidence.","","Data/Scripts/Items/Relics/;Data/Scripts/Items/Relics/DDIdItems.cs;Data/Scripts/Items/Relics/DDRelicAlchemy.cs;Data/Scripts/Items/Relics/DDRelicArmor.cs;Data/Scripts/Items/Relics/DDRelicArts.cs;Data/Scripts/Items/Relics/DDRelicBanner.cs;Data/Scripts/Items/Relics/DDRelicBearRugs.cs;Data/Scripts/Items/Relics/DDRelicBook.cs;Data/Scripts/Items/Relics/DDRelicCloth.cs;Data/Scripts/Items/Relics/DDRelicCoins.cs;Data/Scripts/Items/Relics/DDRelicDrink.cs;Data/Scripts/Items/Relics/DDRelicFur.cs;Data/Scripts/Items/Relics/DDRelicGem.cs;Data/Scripts/Items/Relics/DDRelicGrave.cs;Data/Scripts/Items/Relics/DDRelicInstrument.cs;Data/Scripts/Items/Relics/DDRelicJewels.cs;Data/Scripts/Items/Relics/DDRelicLeather.cs;Data/Scripts/Items/Relics/DDRelicLight.cs;Data/Scripts/Items/Relics/DDRelicMoney.cs;Data/Scripts/Items/Relics/DDRelicOrbs.cs;Data/Scripts/Items/Relics/DDRelicPainting.cs;Data/Scripts/Items/Relics/DDRelicReagent.cs;Data/Scripts/Items/Relics/DDRelicRug.cs;Data/Scripts/Items/Relics/DDRelicScrolls.cs;Data/Scripts/Items/Relics/DDRelicStatue.cs;Data/Scripts/Items/Relics/DDRelicTablet.cs;Data/Scripts/Items/Relics/DDRelicVase.cs;Data/Scripts/Items/Relics/DDRelicWeapon.cs","Reviewed against current source and the historical synchronization point through the owning system rows.","Classified from current Help, Library, books, NPC, system-gump, quest, and feedback sources; staging remains required for reachability.","RuntimeUnknown","Partial","Incorporate","LibraryReference","P2","Medium to high: materials, property, batch actions, and vendor transactions can cause meaningful loss.","Current source paths from the canonical documentation truth table were revalidated against the filesystem.","Teach entry tools, material consumption, batch or queue controls, persistent selections, stop paths, and irreversible or costly actions.","Explain entry, controls, rules, risks, and clue paths; omit locations, solutions, passwords, and surprises.","An ordinary player can reach the recommended surface and perform the documented capability without using the external wiki.","docs/wiki/Relic_Items.md","The wiki is research evidence only and does not count as in-game coverage."
"IGD-DOC-docs-wiki-runic-tools-crafting-md","CanonicalTopic","CanonicalWiki:Crafting, Harvesting, Trades, And Economy","Runic Tools Crafting","Player","RuntimeUnknown","External topic identifies a candidate player capability; the listed in-game surface and owning source determine actual entry.","External wiki does not prove acquisition or placement; current source paths are retained as research evidence.","","Data/Scripts/Items/Armor/BaseArmor.cs;Data/Scripts/Items/Trades/Tools/BaseRunicTool.cs;Data/Scripts/Items/Trades/Tools/BaseTool.cs;Data/Scripts/Items/Trades/Tools/RunicDovetailSaw.cs;Data/Scripts/Items/Trades/Tools/RunicHammer.cs;Data/Scripts/Items/Trades/Tools/RunicSewingKit.cs;Data/Scripts/Items/Weapons/BaseWeapon.cs;Data/Scripts/System/Misc/ResourceInfo.cs;Data/Scripts/Trades/Bulk Orders/Rewards.cs;Data/Scripts/Trades/Runics/BaseRunicFletcherTools.cs;Data/Scripts/Trades/Runics/BaseRunicHammer.cs;Data/Scripts/Trades/Runics/BaseRunicSaw.cs;Data/Scripts/Trades/Runics/BaseRunicSewingKit.cs;Data/Scripts/Trades/Runics/BaseRunicTinkerTools.cs","Reviewed against current source and the historical synchronization point through the owning system rows.","Classified from current Help, Library, books, NPC, system-gump, quest, and feedback sources; staging remains required for reachability.","RuntimeUnknown","Partial","Incorporate","LibraryReference","P2","Medium to high: materials, property, batch actions, and vendor transactions can cause meaningful loss.","Current source paths from the canonical documentation truth table were revalidated against the filesystem.","Teach entry tools, material consumption, batch or queue controls, persistent selections, stop paths, and irreversible or costly actions.","Explain entry, controls, rules, risks, and clue paths; omit locations, solutions, passwords, and surprises.","An ordinary player can reach the recommended surface and perform the documented capability without using the external wiki.","docs/wiki/Runic_Tools_Crafting.md","The wiki is research evidence only and does not count as in-game coverage."
"IGD-DOC-docs-wiki-shoppes-vendors-md","CanonicalTopic","CanonicalWiki:Crafting, Harvesting, Trades, And Economy","Shoppes Vendors","Player","RuntimeUnknown","External topic identifies a candidate player capability; the listed in-game surface and owning source determine actual entry.","External wiki does not prove acquisition or placement; current source paths are retained as research evidence.","","Data/Scripts/Mobiles/Base/BaseVendor.cs;Data/Scripts/Mobiles/Base/StoreSalesList.cs;Data/Scripts/Scripts.csproj;Data/Scripts/Trades/Shoppes/AlchemistShoppe.cs;Data/Scripts/Trades/Shoppes/BakerShoppe.cs;Data/Scripts/Trades/Shoppes/BaseShoppe.cs;Data/Scripts/Trades/Shoppes/BlacksmithShoppe.cs;Data/Scripts/Trades/Shoppes/BowyerShoppe.cs;Data/Scripts/Trades/Shoppes/CarpentryShoppe.cs;Data/Scripts/Trades/Shoppes/CartographyShoppe.cs;Data/Scripts/Trades/Shoppes/Customers.cs;Data/Scripts/Trades/Shoppes/HerbalistShoppe.cs;Data/Scripts/Trades/Shoppes/LibrarianShoppe.cs;Data/Scripts/Trades/Shoppes/MerchantCrate.cs;Data/Scripts/Trades/Shoppes/MorticianShoppe.cs;Data/Scripts/Trades/Shoppes/TailorShoppe.cs;Data/Scripts/Trades/Shoppes/TinkerShoppe.cs","Reviewed against current source and the historical synchronization point through the owning system rows.","Classified from current Help, Library, books, NPC, system-gump, quest, and feedback sources; staging remains required for reachability.","RuntimeUnknown","Partial","Incorporate","LibraryReference","P2","Medium to high: materials, property, batch actions, and vendor transactions can cause meaningful loss.","Current source paths from the canonical documentation truth table were revalidated against the filesystem.","Teach entry tools, material consumption, batch or queue controls, persistent selections, stop paths, and irreversible or costly actions.","Explain entry, controls, rules, risks, and clue paths; omit locations, solutions, passwords, and surprises.","An ordinary player can reach the recommended surface and perform the documented capability without using the external wiki.","docs/wiki/Shoppes_Vendors.md","The wiki is research evidence only and does not count as in-game coverage."
"IGD-DOC-docs-wiki-standard-crafting-md","CanonicalTopic","CanonicalWiki:Crafting, Harvesting, Trades, And Economy","Standard Crafting","Player","RuntimeUnknown","External topic identifies a candidate player capability; the listed in-game surface and owning source determine actual entry.","External wiki does not prove acquisition or placement; current source paths are retained as research evidence.","","Data/Scripts/Items/Trades/Tools/BaseTool.cs;Data/Scripts/Items/Trades/Tools/Blowpipe.cs;Data/Scripts/Items/Trades/Tools/FletcherTools.cs;Data/Scripts/Items/Trades/Tools/MalletAndChisel.cs;Data/Scripts/Items/Trades/Tools/MapmakersPen.cs;Data/Scripts/Items/Trades/Tools/MortarPestle.cs;Data/Scripts/Items/Trades/Tools/Saw.cs;Data/Scripts/Items/Trades/Tools/ScribesPen.cs;Data/Scripts/Items/Trades/Tools/SewingKit.cs;Data/Scripts/Items/Trades/Tools/Skillet.cs;Data/Scripts/Items/Trades/Tools/SmithHammer.cs;Data/Scripts/Items/Trades/Tools/TinkerTools.cs;Data/Scripts/Trades/Crafting/DefAlchemy.cs;Data/Scripts/Trades/Crafting/DefBlacksmithy.cs;Data/Scripts/Trades/Crafting/DefBowFletching.cs;Data/Scripts/Trades/Crafting/DefCarpentry.cs;Data/Scripts/Trades/Crafting/DefCartography.cs;Data/Scripts/Trades/Crafting/DefCooking.cs;Data/Scripts/Trades/Crafting/DefGlassblowing.cs;Data/Scripts/Trades/Crafting/DefInscription.cs;Data/Scripts/Trades/Crafting/DefMasonry.cs;Data/Scripts/Trades/Crafting/DefTailoring.cs;Data/Scripts/Trades/Crafting/DefTinkering.cs;Data/Scripts/Trades/Runics/BaseRunicFletcherTools.cs;Data/Scripts/Trades/Runics/BaseRunicHammer.cs;Data/Scripts/Trades/Runics/BaseRunicSaw.cs;Data/Scripts/Trades/Runics/BaseRunicSewingKit.cs;Data/Scripts/Trades/Runics/BaseRunicTinkerTools.cs","Reviewed against current source and the historical synchronization point through the owning system rows.","Classified from current Help, Library, books, NPC, system-gump, quest, and feedback sources; staging remains required for reachability.","RuntimeUnknown","Partial","Incorporate","LibraryReference","P2","Medium to high: materials, property, batch actions, and vendor transactions can cause meaningful loss.","Current source paths from the canonical documentation truth table were revalidated against the filesystem.","Teach entry tools, material consumption, batch or queue controls, persistent selections, stop paths, and irreversible or costly actions.","Explain entry, controls, rules, risks, and clue paths; omit locations, solutions, passwords, and surprises.","An ordinary player can reach the recommended surface and perform the documented capability without using the external wiki.","docs/wiki/Standard_Crafting.md","The wiki is research evidence only and does not count as in-game coverage."
"IGD-DOC-docs-wiki-stonecrafting-md","CanonicalTopic","CanonicalWiki:Crafting, Harvesting, Trades, And Economy","Stonecrafting","Player","RuntimeUnknown","External topic identifies a candidate player capability; the listed in-game surface and owning source determine actual entry.","External wiki does not prove acquisition or placement; current source paths are retained as research evidence.","","Data/Scripts/Items/Trades/Resources/Masonry/Granite.cs;Data/Scripts/Items/Trades/Specialized/MasonryBook.cs;Data/Scripts/Items/Trades/Specialized/StoneMiningBook.cs;Data/Scripts/Items/Trades/Tools/MalletAndChisel.cs;Data/Scripts/Mobiles/Civilized/Vendors/StoneCrafter.cs;Data/Scripts/Scripts.csproj;Data/Scripts/Trades/Crafting/DefMasonry.cs;Data/Scripts/Trades/Stone/Assemblies.cs;Data/Scripts/Trades/Stone/BaseStatue.cs;Data/Scripts/Trades/Stone/BaseStatueDeed.cs;Data/Scripts/Trades/Stone/Furniture.cs;Data/Scripts/Trades/Stone/Gravestones.cs;Data/Scripts/Trades/Stone/Statues.cs","Reviewed against current source and the historical synchronization point through the owning system rows.","Classified from current Help, Library, books, NPC, system-gump, quest, and feedback sources; staging remains required for reachability.","RuntimeUnknown","Partial","Incorporate","LibraryReference","P2","Medium to high: materials, property, batch actions, and vendor transactions can cause meaningful loss.","Current source paths from the canonical documentation truth table were revalidated against the filesystem.","Teach entry tools, material consumption, batch or queue controls, persistent selections, stop paths, and irreversible or costly actions.","Explain entry, controls, rules, risks, and clue paths; omit locations, solutions, passwords, and surprises.","An ordinary player can reach the recommended surface and perform the documented capability without using the external wiki.","docs/wiki/Stonecrafting.md","The wiki is research evidence only and does not count as in-game coverage."
"IGD-DOC-docs-wiki-taxidermy-md","CanonicalTopic","CanonicalWiki:Crafting, Harvesting, Trades, And Economy","Taxidermy","Player","RuntimeUnknown","External topic identifies a candidate player capability; the listed in-game surface and owning source determine actual entry.","External wiki does not prove acquisition or placement; current source paths are retained as research evidence.","","Data/Scripts/Items/Misc/Bodies/Corpses/Corpse.cs;Data/Scripts/Items/Trades/Carpenter Items/TaxidermyKit.cs;Data/Scripts/Mobiles/Base/DropRelic.cs;Data/Scripts/Trades/Taxidermy/MagicSkulls.cs;Data/Scripts/Trades/Taxidermy/MountedTrophyHead.cs;Data/Scripts/Trades/Taxidermy/MountingBase.cs;Data/Scripts/Trades/Taxidermy/StuffedBear.cs;Data/Scripts/Trades/Taxidermy/StuffingBasket.cs;Data/Scripts/Trades/Taxidermy/TrophyBase.cs","Reviewed against current source and the historical synchronization point through the owning system rows.","Classified from current Help, Library, books, NPC, system-gump, quest, and feedback sources; staging remains required for reachability.","RuntimeUnknown","Partial","Incorporate","LibraryReference","P2","Medium to high: materials, property, batch actions, and vendor transactions can cause meaningful loss.","Current source paths from the canonical documentation truth table were revalidated against the filesystem.","Teach entry tools, material consumption, batch or queue controls, persistent selections, stop paths, and irreversible or costly actions.","Explain entry, controls, rules, risks, and clue paths; omit locations, solutions, passwords, and surprises.","An ordinary player can reach the recommended surface and perform the documented capability without using the external wiki.","docs/wiki/Taxidermy.md","The wiki is research evidence only and does not count as in-game coverage."
"IGD-DOC-docs-wiki-technology-items-md","CanonicalTopic","CanonicalWiki:Crafting, Harvesting, Trades, And Economy","Technology Items","Player","RuntimeUnknown","External topic identifies a candidate player capability; the listed in-game surface and owning source determine actual entry.","External wiki does not prove acquisition or placement; current source paths are retained as research evidence.","","Data/Scripts/Items/Technology/;Data/Scripts/Items/Technology/AlienEgg.cs;Data/Scripts/Items/Technology/BaseKilrathi.cs;Data/Scripts/Items/Technology/Chainsaw.cs;Data/Scripts/Items/Technology/ComputerDatabase.cs;Data/Scripts/Items/Technology/DataPad.cs;Data/Scripts/Items/Technology/DoubleLaserSword.cs;Data/Scripts/Items/Technology/DuctTape.cs;Data/Scripts/Items/Technology/FirstAidKit.cs;Data/Scripts/Items/Technology/KilrathiGun.cs;Data/Scripts/Items/Technology/KilrathiHeavyGun.cs;Data/Scripts/Items/Technology/Krystal.cs;Data/Scripts/Items/Technology/Landmine.cs;Data/Scripts/Items/Technology/LightSword.cs;Data/Scripts/Items/Technology/MaterialLiquifier.cs;Data/Scripts/Items/Technology/MedicalRecord.cs;Data/Scripts/Items/Technology/PlasmaGrenade.cs;Data/Scripts/Items/Technology/PlasmaTorch.cs;Data/Scripts/Items/Technology/PortableSmelter.cs;Data/Scripts/Items/Technology/RomulanAle.cs;Data/Scripts/Items/Technology/SpaceDyes.cs;Data/Scripts/Items/Technology/SpaceJunk.cs;Data/Scripts/Items/Technology/ThermalDetonator.cs","Reviewed against current source and the historical synchronization point through the owning system rows.","Classified from current Help, Library, books, NPC, system-gump, quest, and feedback sources; staging remains required for reachability.","RuntimeUnknown","Partial","Incorporate","LibraryReference","P2","Medium to high: materials, property, batch actions, and vendor transactions can cause meaningful loss.","Current source paths from the canonical documentation truth table were revalidated against the filesystem.","Teach entry tools, material consumption, batch or queue controls, persistent selections, stop paths, and irreversible or costly actions.","Explain entry, controls, rules, risks, and clue paths; omit locations, solutions, passwords, and surprises.","An ordinary player can reach the recommended surface and perform the documented capability without using the external wiki.","docs/wiki/Technology_Items.md","The wiki is research evidence only and does not count as in-game coverage."
"IGD-DOC-docs-wiki-trade-guild-enhancements-md","CanonicalTopic","CanonicalWiki:Crafting, Harvesting, Trades, And Economy","Trade Guild Enhancements","Player","RuntimeUnknown","External topic identifies a candidate player capability; the listed in-game surface and owning source determine actual entry.","External wiki does not prove acquisition or placement; current source paths are retained as research evidence.","","Data/Scripts/Mobiles/Base/StoreSalesList.cs;Data/Scripts/Scripts.csproj;Data/Scripts/Trades/Guild/AttributeHandler.cs;Data/Scripts/Trades/Guild/EnhancementStoneProcess.cs;Data/Scripts/Trades/Guild/GuildCarpentry.cs;Data/Scripts/Trades/Guild/GuildFletching.cs;Data/Scripts/Trades/Guild/GuildHammer.cs;Data/Scripts/Trades/Guild/GuildSewing.cs;Data/Scripts/Trades/Guild/GuildTinkering.cs;Data/Scripts/Trades/Guild/Gumps/EnhancementGump.cs","Reviewed against current source and the historical synchronization point through the owning system rows.","Classified from current Help, Library, books, NPC, system-gump, quest, and feedback sources; staging remains required for reachability.","RuntimeUnknown","Partial","Incorporate","LibraryReference","P2","Medium to high: materials, property, batch actions, and vendor transactions can cause meaningful loss.","Current source paths from the canonical documentation truth table were revalidated against the filesystem.","Teach entry tools, material consumption, batch or queue controls, persistent selections, stop paths, and irreversible or costly actions.","Explain entry, controls, rules, risks, and clue paths; omit locations, solutions, passwords, and surprises.","An ordinary player can reach the recommended surface and perform the documented capability without using the external wiki.","docs/wiki/Trade_Guild_Enhancements.md","The wiki is research evidence only and does not count as in-game coverage."
"IGD-DOC-docs-wiki-vendor-core-system-md","CanonicalTopic","CanonicalWiki:Crafting, Harvesting, Trades, And Economy","Vendor Core System","Player","RuntimeUnknown","External topic identifies a candidate player capability; the listed in-game surface and owning source determine actual entry.","External wiki does not prove acquisition or placement; current source paths are retained as research evidence.","","Data/Scripts/Mobiles/Base/AnimalBuy.cs;Data/Scripts/Mobiles/Base/BaseVendor.cs;Data/Scripts/Mobiles/Base/BeverageBuy.cs;Data/Scripts/Mobiles/Base/GenericBuy.cs;Data/Scripts/Mobiles/Base/GenericSell.cs;Data/Scripts/Mobiles/Base/PresetMapBuy.cs;Data/Scripts/Mobiles/Base/StoreSalesList.cs;Data/Scripts/System/Commands/Commands/Commands.cs;Data/System/Source/BaseVendor.cs;Data/System/Source/Network/PacketHandlers.cs;Data/System/Source/Network/Packets.cs","Reviewed against current source and the historical synchronization point through the owning system rows.","Classified from current Help, Library, books, NPC, system-gump, quest, and feedback sources; staging remains required for reachability.","RuntimeUnknown","Partial","Incorporate","LibraryReference","P2","Medium to high: materials, property, batch actions, and vendor transactions can cause meaningful loss.","Current source paths from the canonical documentation truth table were revalidated against the filesystem.","Teach entry tools, material consumption, batch or queue controls, persistent selections, stop paths, and irreversible or costly actions.","Explain entry, controls, rules, risks, and clue paths; omit locations, solutions, passwords, and surprises.","An ordinary player can reach the recommended surface and perform the documented capability without using the external wiki.","docs/wiki/Vendor_Core_System.md","The wiki is research evidence only and does not count as in-game coverage."
"IGD-DOC-docs-wiki-auto-sheath-md","CanonicalTopic","CanonicalWiki:Player Commands And Account Tools","Auto Sheath","Player","RuntimeUnknown","External topic identifies a candidate player capability; the listed in-game surface and owning source determine actual entry.","External wiki does not prove acquisition or placement; current source paths are retained as research evidence.","","Data/Scripts/System/Commands/Player/AutoSheatheWeapon.cs","Reviewed against current source and the historical synchronization point through the owning system rows.","Classified from current Help, Library, books, NPC, system-gump, quest, and feedback sources; staging remains required for reachability.","SourceDefined","Complete","KeepAsIs","Help","P4","Low: current source defines an established reachable teaching surface; staging still confirms placement and wording.","Current source paths from the canonical documentation truth table were revalidated against the filesystem.","Retain the established in-game teaching and recheck it when the owning mechanic changes.","Command documentation is not a spoiler; omit only hidden content revealed by its output.","Reach the existing surface as an ordinary player and confirm it still matches current behavior.","docs/wiki/Auto_Sheath.md","The wiki is research evidence only and does not count as in-game coverage."
"IGD-DOC-docs-wiki-boat-navigation-control-md","CanonicalTopic","CanonicalWiki:Player Commands And Account Tools","Boat Navigation Control","Player","RuntimeUnknown","External topic identifies a candidate player capability; the listed in-game surface and owning source determine actual entry.","External wiki does not prove acquisition or placement; current source paths are retained as research evidence.","","Data/Scripts/Custom/BoatNavigationTotem/BoatNavigationTotam.cs;Data/Scripts/Items/Boats/BaseBoat.cs;Data/Scripts/Items/Boats/Plank.cs","Reviewed against current source and the historical synchronization point through the owning system rows.","Classified from current Help, Library, books, NPC, system-gump, quest, and feedback sources; staging remains required for reachability.","RuntimeUnknown","Missing","Incorporate","Help","P2","Medium to high: commands and account controls are otherwise undiscoverable and may alter persistent settings or behavior.","Current source paths from the canonical documentation truth table were revalidated against the filesystem.","Add command name, syntax, prerequisites, persistent effects, stop or undo path, and failure feedback to Help or the owning system help.","Command documentation is not a spoiler; omit only hidden content revealed by its output.","An ordinary player can reach the recommended surface and perform the documented capability without using the external wiki.","docs/wiki/boat-navigation-control.md","The wiki is research evidence only and does not count as in-game coverage."
"IGD-DOC-docs-wiki-bond-info-command-md","CanonicalTopic","CanonicalWiki:Player Commands And Account Tools","Bond Info Command","Player","RuntimeUnknown","External topic identifies a candidate player capability; the listed in-game surface and owning source determine actual entry.","External wiki does not prove acquisition or placement; current source paths are retained as research evidence.","","","Reviewed against current source and the historical synchronization point through the owning system rows.","Classified from current Help, Library, books, NPC, system-gump, quest, and feedback sources; staging remains required for reachability.","RuntimeUnknown","Missing","Incorporate","Help","P2","Medium to high: commands and account controls are otherwise undiscoverable and may alter persistent settings or behavior.","Canonical external topic retained as a candidate; no current source path is asserted.","Add command name, syntax, prerequisites, persistent effects, stop or undo path, and failure feedback to Help or the owning system help.","Command documentation is not a spoiler; omit only hidden content revealed by its output.","An ordinary player can reach the recommended surface and perform the documented capability without using the external wiki.","docs/wiki/bond-info-command.md","The wiki is research evidence only and does not count as in-game coverage."
"IGD-DOC-docs-wiki-character-level-recon-report-md","CanonicalTopic","CanonicalWiki:Player Commands And Account Tools","Character Level Recon Report","Player","RuntimeUnknown","External topic identifies a candidate player capability; the listed in-game surface and owning source determine actual entry.","External wiki does not prove acquisition or placement; current source paths are retained as research evidence.","","","Reviewed against current source and the historical synchronization point through the owning system rows.","Classified from current Help, Library, books, NPC, system-gump, quest, and feedback sources; staging remains required for reachability.","RuntimeUnknown","Missing","Incorporate","Help","P2","Medium to high: commands and account controls are otherwise undiscoverable and may alter persistent settings or behavior.","Canonical external topic retained as a candidate; no current source path is asserted.","Add command name, syntax, prerequisites, persistent effects, stop or undo path, and failure feedback to Help or the owning system help.","Command documentation is not a spoiler; omit only hidden content revealed by its output.","An ordinary player can reach the recommended surface and perform the documented capability without using the external wiki.","docs/wiki/Character_Level_Recon_Report.md","The wiki is research evidence only and does not count as in-game coverage."
"IGD-DOC-docs-wiki-chat-system-md","CanonicalTopic","CanonicalWiki:Player Commands And Account Tools","Chat System","Player","RuntimeUnknown","External topic identifies a candidate player capability; the listed in-game surface and owning source determine actual entry.","External wiki does not prove acquisition or placement; current source paths are retained as research evidence.","","Data/Scripts/System/Chat","Reviewed against current source and the historical synchronization point through the owning system rows.","Classified from current Help, Library, books, NPC, system-gump, quest, and feedback sources; staging remains required for reachability.","RuntimeUnknown","Missing","Incorporate","Help","P2","Medium to high: commands and account controls are otherwise undiscoverable and may alter persistent settings or behavior.","Current source paths from the canonical documentation truth table were revalidated against the filesystem.","Add command name, syntax, prerequisites, persistent effects, stop or undo path, and failure feedback to Help or the owning system help.","Command documentation is not a spoiler; omit only hidden content revealed by its output.","An ordinary player can reach the recommended surface and perform the documented capability without using the external wiki.","docs/wiki/Chat_System.md","The wiki is research evidence only and does not count as in-game coverage."
"IGD-DOC-docs-wiki-clear-deck-command-md","CanonicalTopic","CanonicalWiki:Player Commands And Account Tools","Clear Deck Command","Player","RuntimeUnknown","External topic identifies a candidate player capability; the listed in-game surface and owning source determine actual entry.","External wiki does not prove acquisition or placement; current source paths are retained as research evidence.","","","Reviewed against current source and the historical synchronization point through the owning system rows.","Classified from current Help, Library, books, NPC, system-gump, quest, and feedback sources; staging remains required for reachability.","RuntimeUnknown","Missing","Incorporate","Help","P2","Medium to high: commands and account controls are otherwise undiscoverable and may alter persistent settings or behavior.","Canonical external topic retained as a candidate; no current source path is asserted.","Add command name, syntax, prerequisites, persistent effects, stop or undo path, and failure feedback to Help or the owning system help.","Command documentation is not a spoiler; omit only hidden content revealed by its output.","An ordinary player can reach the recommended surface and perform the documented capability without using the external wiki.","docs/wiki/Clear_Deck_Command.md","The wiki is research evidence only and does not count as in-game coverage."
"IGD-DOC-docs-wiki-custom-title-feature-md","CanonicalTopic","CanonicalWiki:Player Commands And Account Tools","Custom Title Feature","Player","RuntimeUnknown","External topic identifies a candidate player capability; the listed in-game surface and owning source determine actual entry.","External wiki does not prove acquisition or placement; current source paths are retained as research evidence.","","Data/Scripts/Mobiles/Base/PlayerMobile.cs;Data/Scripts/System/Help/Gumps/HelpGump.cs;Data/Scripts/System/Help/ServerSettings.cs;Data/Scripts/System/Misc/Naming.cs;Data/Scripts/System/Misc/Settings.cs;Data/Scripts/System/Misc/Titles.cs;Data/System/Source/Mobile.cs","Reviewed against current source and the historical synchronization point through the owning system rows.","Classified from current Help, Library, books, NPC, system-gump, quest, and feedback sources; staging remains required for reachability.","RuntimeUnknown","Missing","Incorporate","Help","P2","Medium to high: commands and account controls are otherwise undiscoverable and may alter persistent settings or behavior.","Current source paths from the canonical documentation truth table were revalidated against the filesystem.","Add command name, syntax, prerequisites, persistent effects, stop or undo path, and failure feedback to Help or the owning system help.","Command documentation is not a spoiler; omit only hidden content revealed by its output.","An ordinary player can reach the recommended surface and perform the documented capability without using the external wiki.","docs/wiki/Custom_Title_Feature.md","The wiki is research evidence only and does not count as in-game coverage."
"IGD-DOC-docs-wiki-help-request-system-md","CanonicalTopic","CanonicalWiki:Player Commands And Account Tools","Help Request System","Player","RuntimeUnknown","External topic identifies a candidate player capability; the listed in-game surface and owning source determine actual entry.","External wiki does not prove acquisition or placement; current source paths are retained as research evidence.","","Data/Scripts/System/Help;Data/Scripts/System/Help/Gumps/HelpGump.cs;Data/Scripts/System/Help/Gumps/PagePromptGump.cs;Data/Scripts/System/Help/Gumps/PageQueueGump.cs;Data/Scripts/System/Help/Gumps/PageResponseGump.cs;Data/Scripts/System/Help/Gumps/SpeechLogGump.cs;Data/Scripts/System/Help/PagePrompt.cs;Data/Scripts/System/Help/PageQueue.cs;Data/Scripts/System/Help/SpeechLog.cs;Data/Scripts/System/Help/StuckMenu.cs;Data/System/Source/EventSink.cs;Data/System/Source/Network/PacketHandlers.cs","Reviewed against current source and the historical synchronization point through the owning system rows.","Classified from current Help, Library, books, NPC, system-gump, quest, and feedback sources; staging remains required for reachability.","SourceDefined","Complete","KeepAsIs","Help","P4","Low: current source defines an established reachable teaching surface; staging still confirms placement and wording.","Current source paths from the canonical documentation truth table were revalidated against the filesystem.","Retain the established in-game teaching and recheck it when the owning mechanic changes.","Command documentation is not a spoiler; omit only hidden content revealed by its output.","Reach the existing surface as an ordinary player and confirm it still matches current behavior.","docs/wiki/Help_Request_System.md","The wiki is research evidence only and does not count as in-game coverage."
"IGD-DOC-docs-wiki-in-game-command-list-md","CanonicalTopic","CanonicalWiki:Player Commands And Account Tools","In-Game Command List","Player","RuntimeUnknown","External topic identifies a candidate player capability; the listed in-game surface and owning source determine actual entry.","External wiki does not prove acquisition or placement; current source paths are retained as research evidence.","","Data/Scripts/Custom/ClearDeckCommand/ClearDeckCommand.cs;Data/Scripts/Quests/Quests.cs;Data/Scripts/System/Commands/Handlers.cs;Data/Scripts/System/Commands/Player/Afk.cs;Data/Scripts/System/Commands/Player/BandSelf.cs;Data/Scripts/System/Commands/Player/Emote.cs;Data/Scripts/System/Commands/Player/Loot.cs;Data/Scripts/System/Commands/Player/SkillListing.cs;Data/Scripts/System/Commands/Player/SpellBarsManage.cs;Data/Scripts/System/Help/Gumps/HelpGump.cs;Data/Scripts/System/Misc/Accounts.cs;Data/Scripts/System/Misc/MOTD.cs;Data/Scripts/System/Misc/Statistics.cs;Data/Scripts/System/Skills/Weapon Abilities/AbilityBook.cs;Data/Scripts/System/Skills/Weapon Abilities/SpecialAttackCommands.cs;Data/System/Source/Commands.cs","Reviewed against current source and the historical synchronization point through the owning system rows.","Classified from current Help, Library, books, NPC, system-gump, quest, and feedback sources; staging remains required for reachability.","RuntimeUnknown","Stale","RefreshExisting","Help","P1","High: an established authoritative surface can actively mislead players when its acquisition, commands, costs, or rules drift.","Current source paths from the canonical documentation truth table were revalidated against the filesystem.","Source-review and refresh the existing in-game surface, preserving its established visual and narrative conventions.","Command documentation is not a spoiler; omit only hidden content revealed by its output.","Exercise the entire entry and navigation path on staging and compare each behavior claim with current source and configuration.","docs/wiki/In_Game_Command_List.md","The wiki is research evidence only and does not count as in-game coverage."
"IGD-DOC-docs-wiki-offline-skill-training-md","CanonicalTopic","CanonicalWiki:Player Commands And Account Tools","Offline Skill Training","Player","RuntimeUnknown","External topic identifies a candidate player capability; the listed in-game surface and owning source determine actual entry.","External wiki does not prove acquisition or placement; current source paths are retained as research evidence.","","Data/Scripts/Custom/Offline Skill Training/Items/AdvancedStudyBooks.cs;Data/Scripts/Custom/Offline Skill Training/Items/LegendaryStudyBooks.cs;Data/Scripts/Custom/Offline Skill Training/Items/RandomStudyBooks.cs;Data/Scripts/Custom/Offline Skill Training/Items/StandardStudyBooks.cs;Data/Scripts/Custom/Offline Skill Training/Items/StudyBook.cs;Data/Scripts/Custom/Offline Skill Training/Vendors/SBStudyBookbinder.cs;Data/Scripts/Custom/Offline Skill Training/Vendors/StudyBookbinder.cs;Data/Scripts/System/Skills/SkillCheck.cs","Reviewed against current source and the historical synchronization point through the owning system rows.","Classified from current Help, Library, books, NPC, system-gump, quest, and feedback sources; staging remains required for reachability.","RuntimeUnknown","Missing","Incorporate","Help","P2","Medium to high: commands and account controls are otherwise undiscoverable and may alter persistent settings or behavior.","Current source paths from the canonical documentation truth table were revalidated against the filesystem.","Add command name, syntax, prerequisites, persistent effects, stop or undo path, and failure feedback to Help or the owning system help.","Command documentation is not a spoiler; omit only hidden content revealed by its output.","An ordinary player can reach the recommended surface and perform the documented capability without using the external wiki.","docs/wiki/offline-skill-training.md","The wiki is research evidence only and does not count as in-game coverage."
"IGD-DOC-docs-wiki-point-command-md","CanonicalTopic","CanonicalWiki:Player Commands And Account Tools","Point Command","Player","RuntimeUnknown","External topic identifies a candidate player capability; the listed in-game surface and owning source determine actual entry.","External wiki does not prove acquisition or placement; current source paths are retained as research evidence.","","Data/Scripts/Custom/Point Command [2.0]/Point.cs","Reviewed against current source and the historical synchronization point through the owning system rows.","Classified from current Help, Library, books, NPC, system-gump, quest, and feedback sources; staging remains required for reachability.","RuntimeUnknown","Missing","Incorporate","Help","P2","Medium to high: commands and account controls are otherwise undiscoverable and may alter persistent settings or behavior.","Current source paths from the canonical documentation truth table were revalidated against the filesystem.","Add command name, syntax, prerequisites, persistent effects, stop or undo path, and failure feedback to Help or the owning system help.","Command documentation is not a spoiler; omit only hidden content revealed by its output.","An ordinary player can reach the recommended surface and perform the documented capability without using the external wiki.","docs/wiki/point-command.md","The wiki is research evidence only and does not count as in-game coverage."
"IGD-DOC-docs-wiki-pvp-consent-system-md","CanonicalTopic","CanonicalWiki:Player Commands And Account Tools","PvP Consent System","Player","RuntimeUnknown","External topic identifies a candidate player capability; the listed in-game surface and owning source determine actual entry.","External wiki does not prove acquisition or placement; current source paths are retained as research evidence.","","Data/Scripts/Custom/PvPConsent/GoddessOfProtection.cs;Data/Scripts/Custom/PvPConsent/Gumps/PKNONPKGUMP.cs;Data/Scripts/Custom/PvPConsent/NONPKEventMoongate.cs;Data/Scripts/Custom/PvPConsent/NONPKSword.cs;Data/Scripts/Custom/PvPConsent/PKSword.cs;Data/Scripts/Mobiles/Base/PlayerMobile.cs;Data/Scripts/System/Misc/Notoriety.cs;Data/Scripts/System/Regions/BaseRegion.cs","Reviewed against current source and the historical synchronization point through the owning system rows.","Classified from current Help, Library, books, NPC, system-gump, quest, and feedback sources; staging remains required for reachability.","RuntimeUnknown","Missing","Incorporate","Help","P1","High: combat consent, harmful and beneficial eligibility, persistence, region exceptions, and event gates can cause meaningful loss or conflict.","Current source paths from the canonical documentation truth table were revalidated against the filesystem.","Add an authoritative in-game rules page covering opt-in or opt-out controls, persistence, restrictions, region and event behavior, feedback, and recovery.","PvP authority and consent rules are not secrets; omit staff-only controls.","Use two ordinary staging accounts through hostile, beneficial, region, event, logout, save/restart, and invalid-state paths.","docs/wiki/PvP_Consent_System.md","Required incorporation: PvP and authority rules must be reachable in game."
"IGD-DOC-docs-wiki-skill-lists-md","CanonicalTopic","CanonicalWiki:Player Commands And Account Tools","Skill Lists","Player","RuntimeUnknown","External topic identifies a candidate player capability; the listed in-game surface and owning source determine actual entry.","External wiki does not prove acquisition or placement; current source paths are retained as research evidence.","","Data/Scripts/Mobiles/Base/BaseCreature.cs;Data/Scripts/Mobiles/Base/PlayerMobile.cs;Data/Scripts/Scripts.csproj;Data/Scripts/System/Commands/Player/QuickBar.cs;Data/Scripts/System/Commands/Player/SkillListing.cs;Data/Scripts/System/Help/Gumps/HelpGump.cs","Reviewed against current source and the historical synchronization point through the owning system rows.","Classified from current Help, Library, books, NPC, system-gump, quest, and feedback sources; staging remains required for reachability.","SourceDefined","Complete","KeepAsIs","LibraryReference","P4","Low: current source defines an established reachable teaching surface; staging still confirms placement and wording.","Current source paths from the canonical documentation truth table were revalidated against the filesystem.","Retain the established in-game teaching and recheck it when the owning mechanic changes.","Command documentation is not a spoiler; omit only hidden content revealed by its output.","Reach the existing surface as an ordinary player and confirm it still matches current behavior.","docs/wiki/Skill_Lists.md","The wiki is research evidence only and does not count as in-game coverage."
"IGD-DOC-docs-wiki-tell-a-friend-md","CanonicalTopic","CanonicalWiki:Player Commands And Account Tools","Tell A Friend Referral","Player","RuntimeUnknown","External topic identifies a candidate player capability; the listed in-game surface and owning source determine actual entry.","External wiki does not prove acquisition or placement; current source paths are retained as research evidence.","","Data/Scripts/Custom/TellAFriend/Rewards/StatBall.cs;Data/Scripts/Custom/TellAFriend/TellAFriend.cs","Reviewed against current source and the historical synchronization point through the owning system rows.","Classified from current Help, Library, books, NPC, system-gump, quest, and feedback sources; staging remains required for reachability.","RuntimeUnknown","Missing","Incorporate","Help","P2","Medium to high: commands and account controls are otherwise undiscoverable and may alter persistent settings or behavior.","Current source paths from the canonical documentation truth table were revalidated against the filesystem.","Add command name, syntax, prerequisites, persistent effects, stop or undo path, and failure feedback to Help or the owning system help.","Command documentation is not a spoiler; omit only hidden content revealed by its output.","An ordinary player can reach the recommended surface and perform the documented capability without using the external wiki.","docs/wiki/tell-a-friend.md","The wiki is research evidence only and does not count as in-game coverage."
"IGD-DOC-docs-wiki-voting-rewards-md","CanonicalTopic","CanonicalWiki:Player Commands And Account Tools","Voting Rewards","Player","RuntimeUnknown","External topic identifies a candidate player capability; the listed in-game surface and owning source determine actual entry.","External wiki does not prove acquisition or placement; current source paths are retained as research evidence.","","Data/Scripts/Custom/Voting;Data/Scripts/Custom/Voting/VoteCommand.cs;Data/Scripts/Custom/Voting/VoteConfig.cs;Data/Scripts/Custom/Voting/VoteEvents.cs;Data/Scripts/Custom/Voting/VoteHelper.cs;Data/Scripts/Custom/Voting/VoteItem.cs;Data/Scripts/Custom/Voting/VoteSite.cs;Data/Scripts/Custom/Voting/VoteStatus.cs;Data/Scripts/Custom/Voting/VoteStone.cs;Data/Scripts/Scripts.csproj","Reviewed against current source and the historical synchronization point through the owning system rows.","Classified from current Help, Library, books, NPC, system-gump, quest, and feedback sources; staging remains required for reachability.","RuntimeUnknown","Missing","Incorporate","Help","P2","Medium to high: commands and account controls are otherwise undiscoverable and may alter persistent settings or behavior.","Current source paths from the canonical documentation truth table were revalidated against the filesystem.","Add command name, syntax, prerequisites, persistent effects, stop or undo path, and failure feedback to Help or the owning system help.","Command documentation is not a spoiler; omit only hidden content revealed by its output.","An ordinary player can reach the recommended surface and perform the documented capability without using the external wiki.","docs/wiki/Voting_Rewards.md","The wiki is research evidence only and does not count as in-game coverage."
"IGD-DOC-docs-wiki-access-level-stone-md","CanonicalTopic","CanonicalWiki:Staff And Administration","Access Level Stone","InternalOrStaff","RuntimeUnknown","External topic identifies a candidate player capability; the listed in-game surface and owning source determine actual entry.","External wiki does not prove acquisition or placement; current source paths are retained as research evidence.","","Data/Scripts/Custom/Access Level Stone [2.0]/AccessLevelStone.cs","Reviewed against current source and the historical synchronization point through the owning system rows.","Classified from current Help, Library, books, NPC, system-gump, quest, and feedback sources; staging remains required for reachability.","RuntimeUnknown","NotApplicable","NoDocumentationNeeded","ContextualFeedback","P4","None for player documentation: the canonical topic is staff-only or implementation-facing.","Current source paths from the canonical documentation truth table were revalidated against the filesystem.","Exclude this staff or technical reference from the player documentation backlog; audit any separate player-visible behavior under its own capability row.","Not applicable.","Confirm the topic exposes no intended Player-access entry path; if one exists, create a separate player capability row.","docs/wiki/Access_Level_Stone.md","Explicit exclusion: staff-only or technical documentation."
"IGD-DOC-docs-wiki-change-season-command-md","CanonicalTopic","CanonicalWiki:Staff And Administration","Change Season Command","InternalOrStaff","RuntimeUnknown","External topic identifies a candidate player capability; the listed in-game surface and owning source determine actual entry.","External wiki does not prove acquisition or placement; current source paths are retained as research evidence.","","","Reviewed against current source and the historical synchronization point through the owning system rows.","Classified from current Help, Library, books, NPC, system-gump, quest, and feedback sources; staging remains required for reachability.","RuntimeUnknown","NotApplicable","NoDocumentationNeeded","ContextualFeedback","P4","None for player documentation: the canonical topic is staff-only or implementation-facing.","Canonical external topic retained as a candidate; no current source path is asserted.","Exclude this staff or technical reference from the player documentation backlog; audit any separate player-visible behavior under its own capability row.","Not applicable.","Confirm the topic exposes no intended Player-access entry path; if one exists, create a separate player capability row.","docs/wiki/Change_Season_Command.md","Explicit exclusion: staff-only or technical documentation."
"IGD-DOC-docs-wiki-character-swap-md","CanonicalTopic","CanonicalWiki:Staff And Administration","Character Swap","InternalOrStaff","RuntimeUnknown","External topic identifies a candidate player capability; the listed in-game surface and owning source determine actual entry.","External wiki does not prove acquisition or placement; current source paths are retained as research evidence.","","","Reviewed against current source and the historical synchronization point through the owning system rows.","Classified from current Help, Library, books, NPC, system-gump, quest, and feedback sources; staging remains required for reachability.","RuntimeUnknown","NotApplicable","NoDocumentationNeeded","ContextualFeedback","P4","None for player documentation: the canonical topic is staff-only or implementation-facing.","Canonical external topic retained as a candidate; no current source path is asserted.","Exclude this staff or technical reference from the player documentation backlog; audit any separate player-visible behavior under its own capability row.","Not applicable.","Confirm the topic exposes no intended Player-access entry path; if one exists, create a separate player capability row.","docs/wiki/Character_Swap.md","Explicit exclusion: staff-only or technical documentation."
"IGD-DOC-docs-wiki-gm-hiding-stone-md","CanonicalTopic","CanonicalWiki:Staff And Administration","GM Hiding Stone","InternalOrStaff","RuntimeUnknown","External topic identifies a candidate player capability; the listed in-game surface and owning source determine actual entry.","External wiki does not prove acquisition or placement; current source paths are retained as research evidence.","","Data/Scripts/Custom/CEO's GM Hiding Stone [2.0]/gmhidingstone.cs;Data/Scripts/Scripts.csproj","Reviewed against current source and the historical synchronization point through the owning system rows.","Classified from current Help, Library, books, NPC, system-gump, quest, and feedback sources; staging remains required for reachability.","RuntimeUnknown","NotApplicable","NoDocumentationNeeded","ContextualFeedback","P4","None for player documentation: the canonical topic is staff-only or implementation-facing.","Current source paths from the canonical documentation truth table were revalidated against the filesystem.","Exclude this staff or technical reference from the player documentation backlog; audit any separate player-visible behavior under its own capability row.","Not applicable.","Confirm the topic exposes no intended Player-access entry path; if one exists, create a separate player capability row.","docs/wiki/GM_Hiding_Stone.md","Explicit exclusion: staff-only or technical documentation."
"IGD-DOC-docs-wiki-lore-book-catalog-md","CanonicalTopic","CanonicalWiki:Staff And Administration","Lore Book Catalog","InternalOrStaff","RuntimeUnknown","External topic identifies a candidate player capability; the listed in-game surface and owning source determine actual entry.","External wiki does not prove acquisition or placement; current source paths are retained as research evidence.","","Data/Scripts/Custom/LoreBooks/LoreBooks.xml","Reviewed against current source and the historical synchronization point through the owning system rows.","Classified from current Help, Library, books, NPC, system-gump, quest, and feedback sources; staging remains required for reachability.","RuntimeUnknown","NotApplicable","NoDocumentationNeeded","ContextualFeedback","P4","None for player documentation: the canonical topic is staff-only or implementation-facing.","Current source paths from the canonical documentation truth table were revalidated against the filesystem.","Exclude this staff or technical reference from the player documentation backlog; audit any separate player-visible behavior under its own capability row.","Not applicable.","Confirm the topic exposes no intended Player-access entry path; if one exists, create a separate player capability row.","docs/wiki/Lore_Book_Catalog.md","Explicit exclusion: staff-only or technical documentation."
"IGD-DOC-docs-wiki-npc-control-commands-md","CanonicalTopic","CanonicalWiki:Staff And Administration","NPC Control Commands","InternalOrStaff","RuntimeUnknown","External topic identifies a candidate player capability; the listed in-game surface and owning source determine actual entry.","External wiki does not prove acquisition or placement; current source paths are retained as research evidence.","","Data/Scripts/Scripts.csproj","Reviewed against current source and the historical synchronization point through the owning system rows.","Classified from current Help, Library, books, NPC, system-gump, quest, and feedback sources; staging remains required for reachability.","RuntimeUnknown","NotApplicable","NoDocumentationNeeded","ContextualFeedback","P4","None for player documentation: the canonical topic is staff-only or implementation-facing.","Current source paths from the canonical documentation truth table were revalidated against the filesystem.","Exclude this staff or technical reference from the player documentation backlog; audit any separate player-visible behavior under its own capability row.","Not applicable.","Confirm the topic exposes no intended Player-access entry path; if one exists, create a separate player capability row.","docs/wiki/NPC_Control_Commands.md","Explicit exclusion: staff-only or technical documentation."
"IGD-DOC-docs-wiki-pandoras-gift-box-md","CanonicalTopic","CanonicalWiki:Staff And Administration","Pandora's Gift Box","InternalOrStaff","RuntimeUnknown","External topic identifies a candidate player capability; the listed in-game surface and owning source determine actual entry.","External wiki does not prove acquisition or placement; current source paths are retained as research evidence.","","Data/Scripts/Custom/PandorasGiftBox/PandorasGiftBox.cs","Reviewed against current source and the historical synchronization point through the owning system rows.","Classified from current Help, Library, books, NPC, system-gump, quest, and feedback sources; staging remains required for reachability.","RuntimeUnknown","NotApplicable","NoDocumentationNeeded","ContextualFeedback","P4","None for player documentation: the canonical topic is staff-only or implementation-facing.","Current source paths from the canonical documentation truth table were revalidated against the filesystem.","Exclude this staff or technical reference from the player documentation backlog; audit any separate player-visible behavior under its own capability row.","Not applicable.","Confirm the topic exposes no intended Player-access entry path; if one exists, create a separate player capability row.","docs/wiki/Pandoras_Gift_Box.md","Explicit exclusion: staff-only or technical documentation."
"IGD-DOC-docs-wiki-staff-toolbar-md","CanonicalTopic","CanonicalWiki:Staff And Administration","Staff Toolbar","InternalOrStaff","RuntimeUnknown","External topic identifies a candidate player capability; the listed in-game surface and owning source determine actual entry.","External wiki does not prove acquisition or placement; current source paths are retained as research evidence.","","Data/Scripts/Custom/ThirdParty/Staff Toolbar [2.0]/Toolbar.cs;Data/Scripts/Scripts.csproj","Reviewed against current source and the historical synchronization point through the owning system rows.","Classified from current Help, Library, books, NPC, system-gump, quest, and feedback sources; staging remains required for reachability.","RuntimeUnknown","NotApplicable","NoDocumentationNeeded","ContextualFeedback","P4","None for player documentation: the canonical topic is staff-only or implementation-facing.","Current source paths from the canonical documentation truth table were revalidated against the filesystem.","Exclude this staff or technical reference from the player documentation backlog; audit any separate player-visible behavior under its own capability row.","Not applicable.","Confirm the topic exposes no intended Player-access entry path; if one exists, create a separate player capability row.","docs/wiki/Staff_Toolbar.md","Explicit exclusion: staff-only or technical documentation."
"IGD-DOC-docs-wiki-static-gump-tool-md","CanonicalTopic","CanonicalWiki:Staff And Administration","Static Gump Tool","InternalOrStaff","RuntimeUnknown","External topic identifies a candidate player capability; the listed in-game surface and owning source determine actual entry.","External wiki does not prove acquisition or placement; current source paths are retained as research evidence.","","Data/Scripts/Custom/StaffTools/StaticGumpTool/","Reviewed against current source and the historical synchronization point through the owning system rows.","Classified from current Help, Library, books, NPC, system-gump, quest, and feedback sources; staging remains required for reachability.","RuntimeUnknown","NotApplicable","NoDocumentationNeeded","ContextualFeedback","P4","None for player documentation: the canonical topic is staff-only or implementation-facing.","Current source paths from the canonical documentation truth table were revalidated against the filesystem.","Exclude this staff or technical reference from the player documentation backlog; audit any separate player-visible behavior under its own capability row.","Not applicable.","Confirm the topic exposes no intended Player-access entry path; if one exists, create a separate player capability row.","docs/wiki/Static_Gump_Tool.md","Explicit exclusion: staff-only or technical documentation."
"IGD-DOC-docs-wiki-test-center-md","CanonicalTopic","CanonicalWiki:Staff And Administration","Test Center","InternalOrStaff","RuntimeUnknown","External topic identifies a candidate player capability; the listed in-game surface and owning source determine actual entry.","External wiki does not prove acquisition or placement; current source paths are retained as research evidence.","","Data/Scripts/System/Help/Gumps/HelpGump.cs;Data/Scripts/System/Help/StuckMenu.cs;Data/Scripts/System/Misc/CharacterCreation.cs;Data/Scripts/System/Misc/Settings.cs;Data/Scripts/System/Misc/TestCenter.cs;Info/settings.xml","Reviewed against current source and the historical synchronization point through the owning system rows.","Classified from current Help, Library, books, NPC, system-gump, quest, and feedback sources; staging remains required for reachability.","RuntimeUnknown","NotApplicable","NoDocumentationNeeded","ContextualFeedback","P4","None for player documentation: the canonical topic is staff-only or implementation-facing.","Current source paths from the canonical documentation truth table were revalidated against the filesystem.","Exclude this staff or technical reference from the player documentation backlog; audit any separate player-visible behavior under its own capability row.","Not applicable.","Confirm the topic exposes no intended Player-access entry path; if one exists, create a separate player capability row.","docs/wiki/Test_Center.md","Explicit exclusion: staff-only or technical documentation."
"IGD-DOC-docs-wiki-town-crier-discord-md","CanonicalTopic","CanonicalWiki:Staff And Administration","Town Crier Discord Bridge","InternalOrStaff","RuntimeUnknown","External topic identifies a candidate player capability; the listed in-game surface and owning source determine actual entry.","External wiki does not prove acquisition or placement; current source paths are retained as research evidence.","","Data/Scripts/Custom/Integrations/Discord/TownCrierDiscord.cs;Data/Scripts/Items/Traps/KillerTile.cs;Data/Scripts/Mobiles/Civilized/TownHerald.cs;Data/Scripts/System/Misc/Logs.cs;Data/Scripts/System/Regions/MoonCore.cs","Reviewed against current source and the historical synchronization point through the owning system rows.","Classified from current Help, Library, books, NPC, system-gump, quest, and feedback sources; staging remains required for reachability.","RuntimeUnknown","NotApplicable","NoDocumentationNeeded","ContextualFeedback","P4","None for player documentation: the canonical topic is staff-only or implementation-facing.","Current source paths from the canonical documentation truth table were revalidated against the filesystem.","Exclude this staff or technical reference from the player documentation backlog; audit any separate player-visible behavior under its own capability row.","Not applicable.","Confirm the topic exposes no intended Player-access entry path; if one exists, create a separate player capability row.","docs/wiki/Town_Crier_Discord.md","Explicit exclusion: staff-only or technical documentation."
"IGD-DOC-docs-wiki-xml-spawner-enhancements-md","CanonicalTopic","CanonicalWiki:Staff And Administration","XML Spawner Enhancements","InternalOrStaff","RuntimeUnknown","External topic identifies a candidate player capability; the listed in-game surface and owning source determine actual entry.","External wiki does not prove acquisition or placement; current source paths are retained as research evidence.","","Data/Scripts/Custom/XMLSpawner/XmlSpawner2.cs","Reviewed against current source and the historical synchronization point through the owning system rows.","Classified from current Help, Library, books, NPC, system-gump, quest, and feedback sources; staging remains required for reachability.","RuntimeUnknown","NotApplicable","NoDocumentationNeeded","ContextualFeedback","P4","None for player documentation: the canonical topic is staff-only or implementation-facing.","Current source paths from the canonical documentation truth table were revalidated against the filesystem.","Exclude this staff or technical reference from the player documentation backlog; audit any separate player-visible behavior under its own capability row.","Not applicable.","Confirm the topic exposes no intended Player-access entry path; if one exists, create a separate player capability row.","docs/wiki/XML_Spawner_Enhancements.md","Explicit exclusion: staff-only or technical documentation."
"IGD-DOC-docs-wiki-confictura-introduction-md","CanonicalTopic","CanonicalWiki:Start Here","Confictura Introduction","Player","RuntimeUnknown","External topic identifies a candidate player capability; the listed in-game surface and owning source determine actual entry.","External wiki does not prove acquisition or placement; current source paths are retained as research evidence.","","Data/Scripts/Custom;Data/Scripts/Custom/Progression/CharacterLevel/CharacterLevelService.cs","Reviewed against current source and the historical synchronization point through the owning system rows.","Classified from current Help, Library, books, NPC, system-gump, quest, and feedback sources; staging remains required for reachability.","RuntimeUnknown","Stale","RefreshExisting","Help","P1","High: onboarding errors affect every new player and can hide basic controls or point to unavailable acquisition paths.","Current source paths from the canonical documentation truth table were revalidated against the filesystem.","Reconcile onboarding text, command syntax, guide-book acquisition, Help navigation, and Library discovery with current source and staging placement.","Explain entry, controls, rules, risks, and clue paths; omit locations, solutions, passwords, and surprises.","A fresh ordinary character can complete the start-here path using only reachable in-game surfaces.","docs/wiki/Confictura_Introduction.md","The wiki is research evidence only and does not count as in-game coverage."
"IGD-DOC-docs-wiki-guide-to-adventure-book-md","CanonicalTopic","CanonicalWiki:Start Here","Guide To Adventure Book","Player","RuntimeUnknown","External topic identifies a candidate player capability; the listed in-game surface and owning source determine actual entry.","External wiki does not prove acquisition or placement; current source paths are retained as research evidence.","","Data/Scripts/Items/Books/DynamicBook.cs;Data/Scripts/Items/Containers/GypsyShelf.cs;Data/Scripts/Mobiles/Base/StoreSalesList.cs;Data/Scripts/Mobiles/Civilized/Guilds/LibrarianGuildmaster.cs;Data/Scripts/System/Commands/Player/Basics.cs;Data/Scripts/System/Commands/Player/MyLibrary.cs;Data/Scripts/System/Help/Gumps/HelpGump.cs","Reviewed against current source and the historical synchronization point through the owning system rows.","Classified from current Help, Library, books, NPC, system-gump, quest, and feedback sources; staging remains required for reachability.","RuntimeUnknown","Stale","RefreshExisting","Help","P1","High: an established authoritative surface can actively mislead players when its acquisition, commands, costs, or rules drift.","Current source paths from the canonical documentation truth table were revalidated against the filesystem.","Source-review and refresh the existing in-game surface, preserving its established visual and narrative conventions.","Explain entry, controls, rules, risks, and clue paths; omit locations, solutions, passwords, and surprises.","Exercise the entire entry and navigation path on staging and compare each behavior claim with current source and configuration.","docs/wiki/Guide_To_Adventure_Book.md","The wiki is research evidence only and does not count as in-game coverage."
"IGD-DOC-docs-wiki-world-basics-commands-md","CanonicalTopic","CanonicalWiki:Start Here","World Basics And Commands","Player","RuntimeUnknown","External topic identifies a candidate player capability; the listed in-game surface and owning source determine actual entry.","External wiki does not prove acquisition or placement; current source paths are retained as research evidence.","","Data/Scripts/Items/Books/DynamicBook.cs;Data/Scripts/Mobiles/Base/BaseCreature.cs;Data/Scripts/System/Commands/Handlers.cs;Data/Scripts/System/Commands/Player/Basics.cs;Data/Scripts/System/Commands/Player/MyLibrary.cs;Data/Scripts/System/Help/Gumps/HelpGump.cs;Data/Scripts/System/Misc/World.cs;Data/System/Source/Commands.cs","Reviewed against current source and the historical synchronization point through the owning system rows.","Classified from current Help, Library, books, NPC, system-gump, quest, and feedback sources; staging remains required for reachability.","RuntimeUnknown","Stale","RefreshExisting","Help","P1","High: an established authoritative surface can actively mislead players when its acquisition, commands, costs, or rules drift.","Current source paths from the canonical documentation truth table were revalidated against the filesystem.","Source-review and refresh the existing in-game surface, preserving its established visual and narrative conventions.","Explain entry, controls, rules, risks, and clue paths; omit locations, solutions, passwords, and surprises.","Exercise the entire entry and navigation path on staging and compare each behavior claim with current source and configuration.","docs/wiki/World_Basics_Commands.md","The wiki is research evidence only and does not count as in-game coverage."
"IGD-DOC-docs-wiki-ai-overhaul-audit-md","CanonicalTopic","CanonicalWiki:Technical And Engine Reference","AI Overhaul Audit","InternalOrStaff","RuntimeUnknown","External topic identifies a candidate player capability; the listed in-game surface and owning source determine actual entry.","External wiki does not prove acquisition or placement; current source paths are retained as research evidence.","","Data/Scripts/Custom/PvE/CloneOfflinePlayerCharacters/CharacterClone.cs;Data/Scripts/Custom/PvE/RandomEncounters/EncounterEngine.cs;Data/Scripts/Custom/PvE/RandomEncounters/Import.cs;Data/Scripts/Custom/ThirdParty/OmniAI/AITester.cs;Data/Scripts/Custom/ThirdParty/OmniAI/OmniAI Core.cs;Data/Scripts/Custom/ThirdParty/OmniAI/OmniAI Shared.cs;Data/Scripts/Custom/XMLSpawner;Data/Scripts/Magic/Death Knight/DevilPact.cs;Data/Scripts/Magic/Druidism/Effects/TreefellowSpell.cs;Data/Scripts/Magic/Elementalism/Mobiles/ElementalFiendAir.cs;Data/Scripts/Magic/Elementalism/Mobiles/ElementalFiendEarth.cs;Data/Scripts/Magic/Elementalism/Mobiles/ElementalFiendFire.cs;Data/Scripts/Magic/Elementalism/Mobiles/ElementalFiendWater.cs;Data/Scripts/Magic/Elementalism/Mobiles/ElementalSpiritAir.cs;Data/Scripts/Magic/Elementalism/Mobiles/ElementalSpiritEarth.cs;Data/Scripts/Magic/Elementalism/Mobiles/ElementalSpiritFire.cs;Data/Scripts/Magic/Elementalism/Mobiles/ElementalSpiritWater.cs;Data/Scripts/Magic/Enchantments/Mobiles/DevilPactMagic.cs;Data/Scripts/Magic/Jester/Spells/Clowns.cs;Data/Scripts/Magic/Misc/SummonDragonSpell.cs;Data/Scripts/Magic/Misc/SummonSkeleton.cs;Data/Scripts/Magic/Misc/SummonSnakesSpell.cs;Data/Scripts/Magic/Ninjitsu/MirrorImage.cs;Data/Scripts/Mobiles/Base/BaseCreature.cs;Data/Scripts/Mobiles/Base/BaseHealer.cs;Data/Scripts/Mobiles/Base/BaseNPC.cs;Data/Scripts/Mobiles/Base/BasePerson.cs;Data/Scripts/Mobiles/Base/BaseVendor.cs;Data/Scripts/Mobiles/Base/Behavior.cs;Data/Scripts/Mobiles/Civilized/Citizens/Citizens.cs;Data/Scripts/Mobiles/Civilized/Vendors/Banker.cs;Data/Scripts/Mobiles/Civilized/Vendors/Mage.cs;Data/Scripts/Mobiles/Humanoids/Aliens/Jedi.cs;Data/Scripts/Mobiles/Humanoids/Aliens/Syth.cs;Data/Scripts/Mobiles/Humanoids/Humans/Adventurers.cs;Data/Scripts/Mobiles/Mystical/DarkWisp.cs;Data/Scripts/Mobiles/Mystical/Wisp.cs;Data/Scripts/Mobiles/Summoned/BladeSpirits.cs;Data/Scripts/Mobiles/Summoned/DeathVortex.cs;Data/Scripts/Mobiles/Summoned/EnergyVortex.cs;Data/Scripts/Mobiles/Summoned/GasCloud.cs;Data/Scripts/Mobiles/Summoned/Swarm.cs;Data/Scripts/Mobiles/Unique/RuneGuardian.cs;Data/Scripts/System/Obsolete;Data/Scripts/System/Regions/BaseRegion.cs;Data/System/Source/Region.cs;Data/System/Source/Sector.cs","Reviewed against current source and the historical synchronization point through the owning system rows.","Classified from current Help, Library, books, NPC, system-gump, quest, and feedback sources; staging remains required for reachability.","RuntimeUnknown","NotApplicable","NoDocumentationNeeded","ContextualFeedback","P4","None for player documentation: the canonical topic is staff-only or implementation-facing.","Current source paths from the canonical documentation truth table were revalidated against the filesystem.","Exclude this staff or technical reference from the player documentation backlog; audit any separate player-visible behavior under its own capability row.","Not applicable.","Confirm the topic exposes no intended Player-access entry path; if one exists, create a separate player capability row.","docs/wiki/AI_OVERHAUL_AUDIT.md","Explicit exclusion: staff-only or technical documentation."
"IGD-DOC-docs-wiki-base-spell-framework-md","CanonicalTopic","CanonicalWiki:Technical And Engine Reference","Base Spell Framework","InternalOrStaff","RuntimeUnknown","External topic identifies a candidate player capability; the listed in-game surface and owning source determine actual entry.","External wiki does not prove acquisition or placement; current source paths are retained as research evidence.","","Data/Scripts/Magic/Base/DisturbType.cs;Data/Scripts/Magic/Base/Initializer.cs;Data/Scripts/Magic/Base/Reagent.cs;Data/Scripts/Magic/Base/SpecialMove.cs;Data/Scripts/Magic/Base/Spell.cs;Data/Scripts/Magic/Base/SpellBooks.cs;Data/Scripts/Magic/Base/SpellCircle.cs;Data/Scripts/Magic/Base/SpellHelper.cs;Data/Scripts/Magic/Base/SpellInfo.cs;Data/Scripts/Magic/Base/SpellRegistry.cs;Data/Scripts/Magic/Base/SpellState.cs;Data/Scripts/Magic/Base/UnsummonTimer.cs","Reviewed against current source and the historical synchronization point through the owning system rows.","Classified from current Help, Library, books, NPC, system-gump, quest, and feedback sources; staging remains required for reachability.","RuntimeUnknown","NotApplicable","NoDocumentationNeeded","ContextualFeedback","P4","None for player documentation: the canonical topic is staff-only or implementation-facing.","Current source paths from the canonical documentation truth table were revalidated against the filesystem.","Exclude this staff or technical reference from the player documentation backlog; audit any separate player-visible behavior under its own capability row.","Not applicable.","Confirm the topic exposes no intended Player-access entry path; if one exists, create a separate player capability row.","docs/wiki/Base_Spell_Framework.md","Explicit exclusion: staff-only or technical documentation."
"IGD-DOC-docs-wiki-boat-core-mechanics-md","CanonicalTopic","CanonicalWiki:Technical And Engine Reference","Boat Core Mechanics","InternalOrStaff","RuntimeUnknown","External topic identifies a candidate player capability; the listed in-game surface and owning source determine actual entry.","External wiki does not prove acquisition or placement; current source paths are retained as research evidence.","","Data/Scripts/Items/Boats/BaseBoat.cs","Reviewed against current source and the historical synchronization point through the owning system rows.","Classified from current Help, Library, books, NPC, system-gump, quest, and feedback sources; staging remains required for reachability.","RuntimeUnknown","NotApplicable","NoDocumentationNeeded","ContextualFeedback","P4","None for player documentation: the canonical topic is staff-only or implementation-facing.","Current source paths from the canonical documentation truth table were revalidated against the filesystem.","Exclude this staff or technical reference from the player documentation backlog; audit any separate player-visible behavior under its own capability row.","Not applicable.","Confirm the topic exposes no intended Player-access entry path; if one exists, create a separate player capability row.","docs/wiki/Boat_Core_Mechanics.md","Explicit exclusion: staff-only or technical documentation."
"IGD-DOC-docs-wiki-clone-offline-player-characters-md","CanonicalTopic","CanonicalWiki:Technical And Engine Reference","Clone Offline Player Characters","InternalOrStaff","RuntimeUnknown","External topic identifies a candidate player capability; the listed in-game surface and owning source determine actual entry.","External wiki does not prove acquisition or placement; current source paths are retained as research evidence.","","Data/Scripts/Custom/NPC Control/CloneCommands.cs;Data/Scripts/Custom/NPC Control/StaffCommands/CloneMe.cs;Data/Scripts/Custom/PvE/CloneOfflinePlayerCharacters/BackpackClone.cs;Data/Scripts/Custom/PvE/CloneOfflinePlayerCharacters/CharacterClone.cs;Data/Scripts/Custom/PvE/CloneOfflinePlayerCharacters/CheckClonesCommand.cs;Data/Scripts/Custom/PvE/CloneOfflinePlayerCharacters/CloneOfflinePlayerCharacters.cs;Data/Scripts/Custom/PvE/CloneOfflinePlayerCharacters/CloneThings.cs;Data/Scripts/Custom/PvE/CloneOfflinePlayerCharacters/EtherealMountClone.cs;Data/Scripts/Custom/PvE/CloneOfflinePlayerCharacters/MountClone.cs;Data/Scripts/Mobiles/Base/Behavior.cs;Data/Scripts/Scripts.csproj;Data/Scripts/System/Misc/Logs.cs;Data/Scripts/System/Skills/Stealing.cs","Reviewed against current source and the historical synchronization point through the owning system rows.","Classified from current Help, Library, books, NPC, system-gump, quest, and feedback sources; staging remains required for reachability.","RuntimeUnknown","NotApplicable","NoDocumentationNeeded","ContextualFeedback","P4","None for player documentation: the canonical topic is staff-only or implementation-facing.","Current source paths from the canonical documentation truth table were revalidated against the filesystem.","Exclude this staff or technical reference from the player documentation backlog; audit any separate player-visible behavior under its own capability row.","Not applicable.","Confirm the topic exposes no intended Player-access entry path; if one exists, create a separate player capability row.","docs/wiki/Clone_Offline_Player_Characters.md","Explicit exclusion: staff-only or technical documentation."
"IGD-DOC-docs-wiki-coding-gumps-md","CanonicalTopic","CanonicalWiki:Technical And Engine Reference","Coding Gumps","InternalOrStaff","RuntimeUnknown","External topic identifies a candidate player capability; the listed in-game surface and owning source determine actual entry.","External wiki does not prove acquisition or placement; current source paths are retained as research evidence.","","Data/Scripts/System/Gumps/AddGump.cs;Data/Scripts/System/Gumps/BaseGridGump.cs;Data/Scripts/Trades/Core/Gumps/CraftGump.cs;Data/Scripts/Trades/Guild/Gumps/EnhancementGump.cs;Data/System/Source/Gumps/Gump.cs;Data/System/Source/Mobile.cs;Data/System/Source/Network/PacketHandlers.cs","Reviewed against current source and the historical synchronization point through the owning system rows.","Classified from current Help, Library, books, NPC, system-gump, quest, and feedback sources; staging remains required for reachability.","RuntimeUnknown","NotApplicable","NoDocumentationNeeded","ContextualFeedback","P4","None for player documentation: the canonical topic is staff-only or implementation-facing.","Current source paths from the canonical documentation truth table were revalidated against the filesystem.","Exclude this staff or technical reference from the player documentation backlog; audit any separate player-visible behavior under its own capability row.","Not applicable.","Confirm the topic exposes no intended Player-access entry path; if one exists, create a separate player capability row.","docs/wiki/Coding_Gumps.md","Explicit exclusion: staff-only or technical documentation."
"IGD-DOC-docs-wiki-command-utilities-md","CanonicalTopic","CanonicalWiki:Technical And Engine Reference","Command Utilities","InternalOrStaff","RuntimeUnknown","External topic identifies a candidate player capability; the listed in-game surface and owning source determine actual entry.","External wiki does not prove acquisition or placement; current source paths are retained as research evidence.","","Data/Scripts/System/Commands;Data/System/Source/Commands.cs","Reviewed against current source and the historical synchronization point through the owning system rows.","Classified from current Help, Library, books, NPC, system-gump, quest, and feedback sources; staging remains required for reachability.","RuntimeUnknown","NotApplicable","NoDocumentationNeeded","ContextualFeedback","P4","None for player documentation: the canonical topic is staff-only or implementation-facing.","Current source paths from the canonical documentation truth table were revalidated against the filesystem.","Exclude this staff or technical reference from the player documentation backlog; audit any separate player-visible behavior under its own capability row.","Not applicable.","Confirm the topic exposes no intended Player-access entry path; if one exists, create a separate player capability row.","docs/wiki/Command_Utilities.md","Explicit exclusion: staff-only or technical documentation."
"IGD-DOC-docs-wiki-creature-ai-core-md","CanonicalTopic","CanonicalWiki:Technical And Engine Reference","Creature AI Core","InternalOrStaff","RuntimeUnknown","External topic identifies a candidate player capability; the listed in-game surface and owning source determine actual entry.","External wiki does not prove acquisition or placement; current source paths are retained as research evidence.","","Data/Scripts/Custom/Combat/AIOverhaul/AITacticalTargeting.cs;Data/Scripts/Mobiles/Base/BaseCreature.cs;Data/Scripts/Mobiles/Base/Behavior.cs;Data/Scripts/Scripts.csproj","Reviewed against current source and the historical synchronization point through the owning system rows.","Classified from current Help, Library, books, NPC, system-gump, quest, and feedback sources; staging remains required for reachability.","RuntimeUnknown","NotApplicable","NoDocumentationNeeded","ContextualFeedback","P4","None for player documentation: the canonical topic is staff-only or implementation-facing.","Current source paths from the canonical documentation truth table were revalidated against the filesystem.","Exclude this staff or technical reference from the player documentation backlog; audit any separate player-visible behavior under its own capability row.","Not applicable.","Confirm the topic exposes no intended Player-access entry path; if one exists, create a separate player capability row.","docs/wiki/Creature_AI_Core.md","Explicit exclusion: staff-only or technical documentation."
"IGD-DOC-docs-wiki-gump-framework-md","CanonicalTopic","CanonicalWiki:Technical And Engine Reference","Gump Framework","InternalOrStaff","RuntimeUnknown","External topic identifies a candidate player capability; the listed in-game surface and owning source determine actual entry.","External wiki does not prove acquisition or placement; current source paths are retained as research evidence.","","Data/Scripts/System/Gumps;Data/System/Source/Gumps;Data/System/Source/Network/PacketHandlers.cs","Reviewed against current source and the historical synchronization point through the owning system rows.","Classified from current Help, Library, books, NPC, system-gump, quest, and feedback sources; staging remains required for reachability.","RuntimeUnknown","NotApplicable","NoDocumentationNeeded","ContextualFeedback","P4","None for player documentation: the canonical topic is staff-only or implementation-facing.","Current source paths from the canonical documentation truth table were revalidated against the filesystem.","Exclude this staff or technical reference from the player documentation backlog; audit any separate player-visible behavior under its own capability row.","Not applicable.","Confirm the topic exposes no intended Player-access entry path; if one exists, create a separate player capability row.","docs/wiki/Gump_Framework.md","Explicit exclusion: staff-only or technical documentation."
"IGD-DOC-docs-wiki-misc-core-systems-md","CanonicalTopic","CanonicalWiki:Technical And Engine Reference","Misc Core Systems","InternalOrStaff","RuntimeUnknown","External topic identifies a candidate player capability; the listed in-game surface and owning source determine actual entry.","External wiki does not prove acquisition or placement; current source paths are retained as research evidence.","","Data/Scripts/System/Misc/AutoRestart.cs;Data/Scripts/System/Misc/AutoSave.cs;Data/Scripts/System/Misc/CrashGuard.cs;Data/Scripts/System/Misc/Settings.cs;Data/Scripts/Trades/Gardening/PlantSystem.cs;Data/System/Source/Main.cs;Data/System/Source/World.cs","Reviewed against current source and the historical synchronization point through the owning system rows.","Classified from current Help, Library, books, NPC, system-gump, quest, and feedback sources; staging remains required for reachability.","RuntimeUnknown","NotApplicable","NoDocumentationNeeded","ContextualFeedback","P4","None for player documentation: the canonical topic is staff-only or implementation-facing.","Current source paths from the canonical documentation truth table were revalidated against the filesystem.","Exclude this staff or technical reference from the player documentation backlog; audit any separate player-visible behavior under its own capability row.","Not applicable.","Confirm the topic exposes no intended Player-access entry path; if one exists, create a separate player capability row.","docs/wiki/Misc_Core_Systems.md","Explicit exclusion: staff-only or technical documentation."
"IGD-DOC-docs-wiki-obsolete-script-collection-md","CanonicalTopic","CanonicalWiki:Technical And Engine Reference","Obsolete Script Collection","InternalOrStaff","RuntimeUnknown","External topic identifies a candidate player capability; the listed in-game surface and owning source determine actual entry.","External wiki does not prove acquisition or placement; current source paths are retained as research evidence.","","Data/Scripts/Scripts.csproj;Data/Scripts/System/Obsolete/","Reviewed against current source and the historical synchronization point through the owning system rows.","Classified from current Help, Library, books, NPC, system-gump, quest, and feedback sources; staging remains required for reachability.","RuntimeUnknown","NotApplicable","NoDocumentationNeeded","ContextualFeedback","P4","None for player documentation: the canonical topic is staff-only or implementation-facing.","Current source paths from the canonical documentation truth table were revalidated against the filesystem.","Exclude this staff or technical reference from the player documentation backlog; audit any separate player-visible behavior under its own capability row.","Not applicable.","Confirm the topic exposes no intended Player-access entry path; if one exists, create a separate player capability row.","docs/wiki/Obsolete_Script_Collection.md","Explicit exclusion: staff-only or technical documentation."
"IGD-DOC-docs-wiki-omniai-md","CanonicalTopic","CanonicalWiki:Technical And Engine Reference","OmniAI","InternalOrStaff","RuntimeUnknown","External topic identifies a candidate player capability; the listed in-game surface and owning source determine actual entry.","External wiki does not prove acquisition or placement; current source paths are retained as research evidence.","","Data/Scripts/Custom/ThirdParty/OmniAI/AITester.cs;Data/Scripts/Custom/ThirdParty/OmniAI/OmniAI Bushido.cs;Data/Scripts/Custom/ThirdParty/OmniAI/OmniAI Core.cs;Data/Scripts/Custom/ThirdParty/OmniAI/OmniAI Knightship.cs;Data/Scripts/Custom/ThirdParty/OmniAI/OmniAI Magery.cs;Data/Scripts/Custom/ThirdParty/OmniAI/OmniAI Necromancy.cs;Data/Scripts/Custom/ThirdParty/OmniAI/OmniAI Ninjitsu.cs;Data/Scripts/Custom/ThirdParty/OmniAI/OmniAI Shared.cs","Reviewed against current source and the historical synchronization point through the owning system rows.","Classified from current Help, Library, books, NPC, system-gump, quest, and feedback sources; staging remains required for reachability.","RuntimeUnknown","NotApplicable","NoDocumentationNeeded","ContextualFeedback","P4","None for player documentation: the canonical topic is staff-only or implementation-facing.","Current source paths from the canonical documentation truth table were revalidated against the filesystem.","Exclude this staff or technical reference from the player documentation backlog; audit any separate player-visible behavior under its own capability row.","Not applicable.","Confirm the topic exposes no intended Player-access entry path; if one exists, create a separate player capability row.","docs/wiki/OmniAI.md","Explicit exclusion: staff-only or technical documentation."
"IGD-DOC-docs-wiki-player-mobile-core-md","CanonicalTopic","CanonicalWiki:Technical And Engine Reference","Player Mobile Core","InternalOrStaff","RuntimeUnknown","External topic identifies a candidate player capability; the listed in-game surface and owning source determine actual entry.","External wiki does not prove acquisition or placement; current source paths are retained as research evidence.","","Data/Scripts/Mobiles/Base/BaseCreature.cs;Data/Scripts/Mobiles/Base/PlayerMobile.cs;Data/Scripts/Mobiles/Base/PlayerSettings.cs;Data/Scripts/System/Commands/Player/;Data/Scripts/System/Commands/Player/AutoSheatheWeapon.cs;Data/Scripts/System/Commands/Player/ClassicPoisoning.cs;Data/Scripts/System/Commands/Player/QuickBar.cs;Data/Scripts/System/Commands/Player/SkillListing.cs;Data/Scripts/System/Commands/Player/SpellBarsFunctions.cs","Reviewed against current source and the historical synchronization point through the owning system rows.","Classified from current Help, Library, books, NPC, system-gump, quest, and feedback sources; staging remains required for reachability.","RuntimeUnknown","NotApplicable","NoDocumentationNeeded","ContextualFeedback","P4","None for player documentation: the canonical topic is staff-only or implementation-facing.","Current source paths from the canonical documentation truth table were revalidated against the filesystem.","Exclude this staff or technical reference from the player documentation backlog; audit any separate player-visible behavior under its own capability row.","Not applicable.","Confirm the topic exposes no intended Player-access entry path; if one exists, create a separate player capability row.","docs/wiki/Player_Mobile_Core.md","Explicit exclusion: staff-only or technical documentation."
"IGD-DOC-docs-wiki-player-range-sensitive-mod-md","CanonicalTopic","CanonicalWiki:Technical And Engine Reference","Player Range Sensitive Deactivation","InternalOrStaff","RuntimeUnknown","External topic identifies a candidate player capability; the listed in-game surface and owning source determine actual entry.","External wiki does not prove acquisition or placement; current source paths are retained as research evidence.","","Data/Scripts/Custom/Player Range Sensitive Mod/setdeactivation.cs","Reviewed against current source and the historical synchronization point through the owning system rows.","Classified from current Help, Library, books, NPC, system-gump, quest, and feedback sources; staging remains required for reachability.","RuntimeUnknown","NotApplicable","NoDocumentationNeeded","ContextualFeedback","P4","None for player documentation: the canonical topic is staff-only or implementation-facing.","Current source paths from the canonical documentation truth table were revalidated against the filesystem.","Exclude this staff or technical reference from the player documentation backlog; audit any separate player-visible behavior under its own capability row.","Not applicable.","Confirm the topic exposes no intended Player-access entry path; if one exists, create a separate player capability row.","docs/wiki/player-range-sensitive-mod.md","Explicit exclusion: staff-only or technical documentation."
"IGD-DOC-docs-wiki-search-system-md","CanonicalTopic","CanonicalWiki:Technical And Engine Reference","Search System","InternalOrStaff","RuntimeUnknown","External topic identifies a candidate player capability; the listed in-game surface and owning source determine actual entry.","External wiki does not prove acquisition or placement; current source paths are retained as research evidence.","","Data/Scripts/Custom/PvE/RandomEncounters/SpawnFinder.cs;Data/Scripts/Custom/Searches;Data/Scripts/Custom/Searches/BaseEntry.cs;Data/Scripts/Custom/Searches/CircleSearch.cs;Data/Scripts/Custom/Searches/Commands.cs;Data/Scripts/Custom/Searches/Helpers.cs;Data/Scripts/Custom/Searches/LineSearch.cs;Data/Scripts/Custom/Searches/OctantSearch.cs;Data/Scripts/Custom/Searches/Searches.cs;Data/Scripts/Custom/Searches/SpiralSearch.cs;Data/Scripts/Custom/Searches/Types.cs;Data/Scripts/Scripts.csproj","Reviewed against current source and the historical synchronization point through the owning system rows.","Classified from current Help, Library, books, NPC, system-gump, quest, and feedback sources; staging remains required for reachability.","RuntimeUnknown","NotApplicable","NoDocumentationNeeded","ContextualFeedback","P4","None for player documentation: the canonical topic is staff-only or implementation-facing.","Current source paths from the canonical documentation truth table were revalidated against the filesystem.","Exclude this staff or technical reference from the player documentation backlog; audit any separate player-visible behavior under its own capability row.","Not applicable.","Confirm the topic exposes no intended Player-access entry path; if one exists, create a separate player capability row.","docs/wiki/Search_System.md","Explicit exclusion: staff-only or technical documentation."
"IGD-DOC-docs-wiki-skill-scripts-md","CanonicalTopic","CanonicalWiki:Technical And Engine Reference","Skill Scripts","InternalOrStaff","RuntimeUnknown","External topic identifies a candidate player capability; the listed in-game surface and owning source determine actual entry.","External wiki does not prove acquisition or placement; current source paths are retained as research evidence.","","Data/Scripts/System/Skills/;Data/Scripts/System/Skills/Anatomy.cs;Data/Scripts/System/Skills/ArmsLore.cs;Data/Scripts/System/Skills/Begging.cs;Data/Scripts/System/Skills/Discordance.cs;Data/Scripts/System/Skills/Druidism.cs;Data/Scripts/System/Skills/Forensics.cs;Data/Scripts/System/Skills/Hiding.cs;Data/Scripts/System/Skills/Inscribe.cs;Data/Scripts/System/Skills/ItemIdentification.cs;Data/Scripts/System/Skills/Meditation.cs;Data/Scripts/System/Skills/Peacemaking.cs;Data/Scripts/System/Skills/Poisoning.cs;Data/Scripts/System/Skills/Provocation.cs;Data/Scripts/System/Skills/Psychology.cs;Data/Scripts/System/Skills/RemoveTrap.cs;Data/Scripts/System/Skills/Searching.cs;Data/Scripts/System/Skills/SkillCheck.cs;Data/Scripts/System/Skills/Snooping.cs;Data/Scripts/System/Skills/Spiritualism.cs;Data/Scripts/System/Skills/Stealing.cs;Data/Scripts/System/Skills/Stealth.cs;Data/Scripts/System/Skills/Taming.cs;Data/Scripts/System/Skills/Tasting.cs;Data/Scripts/System/Skills/Tracking.cs;Data/Scripts/System/Skills/Weapon Abilities/;Data/System/Source/Skills.cs","Reviewed against current source and the historical synchronization point through the owning system rows.","Classified from current Help, Library, books, NPC, system-gump, quest, and feedback sources; staging remains required for reachability.","RuntimeUnknown","NotApplicable","NoDocumentationNeeded","ContextualFeedback","P4","None for player documentation: the canonical topic is staff-only or implementation-facing.","Current source paths from the canonical documentation truth table were revalidated against the filesystem.","Exclude this staff or technical reference from the player documentation backlog; audit any separate player-visible behavior under its own capability row.","Not applicable.","Confirm the topic exposes no intended Player-access entry path; if one exists, create a separate player capability row.","docs/wiki/Skill_Scripts.md","Explicit exclusion: staff-only or technical documentation."
"IGD-DOC-docs-wiki-champion-spawns-md","CanonicalTopic","CanonicalWiki:World And Gameplay Systems","Champion Spawns","Player","RuntimeUnknown","External topic identifies a candidate player capability; the listed in-game surface and owning source determine actual entry.","External wiki does not prove acquisition or placement; current source paths are retained as research evidence.","","","Reviewed against current source and the historical synchronization point through the owning system rows.","Classified from current Help, Library, books, NPC, system-gump, quest, and feedback sources; staging remains required for reachability.","RuntimeUnknown","IntentionalDiscovery","KeepAsIs","LoreBook","P4","Low if current clues and contextual warnings remain reachable.","Canonical external topic retained as a candidate; no current source path is asserted.","Preserve discovery-led teaching; add only non-spoiling safety or control clarification if staging finds a dead-end.","Explain entry, controls, rules, risks, and clue paths; omit locations, solutions, passwords, and surprises.","Follow the clue path as an ordinary player without outside knowledge and confirm the next step and danger are legible.","docs/wiki/Champion_Spawns.md","The wiki is research evidence only and does not count as in-game coverage."
"IGD-DOC-docs-wiki-goliath-monsters-md","CanonicalTopic","CanonicalWiki:World And Gameplay Systems","Goliath Monsters","Player","RuntimeUnknown","External topic identifies a candidate player capability; the listed in-game surface and owning source determine actual entry.","External wiki does not prove acquisition or placement; current source paths are retained as research evidence.","","Data/Scripts/Mobiles/Goliaths/","Reviewed against current source and the historical synchronization point through the owning system rows.","Classified from current Help, Library, books, NPC, system-gump, quest, and feedback sources; staging remains required for reachability.","RuntimeUnknown","IntentionalDiscovery","KeepAsIs","LoreBook","P4","Low if current clues and contextual warnings remain reachable.","Current source paths from the canonical documentation truth table were revalidated against the filesystem.","Preserve discovery-led teaching; add only non-spoiling safety or control clarification if staging finds a dead-end.","Explain entry, controls, rules, risks, and clue paths; omit locations, solutions, passwords, and surprises.","Follow the clue path as an ordinary player without outside knowledge and confirm the next step and danger are legible.","docs/wiki/Goliath_Monsters.md","The wiki is research evidence only and does not count as in-game coverage."
"IGD-DOC-docs-wiki-government-system-md","CanonicalTopic","CanonicalWiki:World And Gameplay Systems","Government System","Player","RuntimeUnknown","External topic identifies a candidate player capability; the listed in-game surface and owning source determine actual entry.","External wiki does not prove acquisition or placement; current source paths are retained as research evidence.","","","Reviewed against current source and the historical synchronization point through the owning system rows.","Classified from current Help, Library, books, NPC, system-gump, quest, and feedback sources; staging remains required for reachability.","RuntimeUnknown","Stale","RefreshExisting","SystemHelpGump","P1","High: an established authoritative surface can actively mislead players when its acquisition, commands, costs, or rules drift.","Canonical external topic retained as a candidate; no current source path is asserted.","Source-review and refresh the existing in-game surface, preserving its established visual and narrative conventions.","Explain entry, controls, rules, risks, and clue paths; omit locations, solutions, passwords, and surprises.","Exercise the entire entry and navigation path on staging and compare each behavior claim with current source and configuration.","docs/wiki/Government_System.md","The wiki is research evidence only and does not count as in-game coverage."
"IGD-DOC-docs-wiki-housing-system-md","CanonicalTopic","CanonicalWiki:World And Gameplay Systems","Housing System","Player","RuntimeUnknown","External topic identifies a candidate player capability; the listed in-game surface and owning source determine actual entry.","External wiki does not prove acquisition or placement; current source paths are retained as research evidence.","","Data/Scripts/Items/Houses/BaseHouse.cs;Data/Scripts/Items/Houses/Deeds.cs;Data/Scripts/Items/Houses/HouseFoundation.cs;Data/Scripts/Items/Houses/HousePlacement.cs;Data/Scripts/Items/Houses/HousePlacementTool.cs;Data/Scripts/Items/Houses/Houses.cs;Data/Scripts/Items/Houses/HouseSign.cs;Data/Scripts/Items/Houses/InteriorDecorator.cs;Data/Scripts/Items/Houses/MovingCrate.cs;Data/Scripts/Items/Houses/NewHouses.cs;Data/Scripts/Items/Houses/SmallTents.cs;Data/Scripts/System/Gumps/ConfirmHouseResize.cs;Data/Scripts/System/Gumps/HouseDemolishGump.cs;Data/Scripts/System/Gumps/HouseGump.cs;Data/Scripts/System/Gumps/HouseGumpAOS.cs;Data/Scripts/System/Gumps/SetSecureLevelGump.cs;Data/Scripts/System/Regions/HouseRegion.cs","Reviewed against current source and the historical synchronization point through the owning system rows.","Classified from current Help, Library, books, NPC, system-gump, quest, and feedback sources; staging remains required for reachability.","RuntimeUnknown","IntentionalDiscovery","RefreshExisting","LoreBook","P3","Medium: the system should be discoverable through clues while its danger, commitments, and controls remain clear.","Current source paths from the canonical documentation truth table were revalidated against the filesystem.","Use lore, NPC hints, journals, or contextual warnings to teach the clue path and meaningful risks without publishing the solution.","Explain entry, controls, rules, risks, and clue paths; omit locations, solutions, passwords, and surprises.","An ordinary player can reach the recommended surface and perform the documented capability without using the external wiki.","docs/wiki/Housing_System.md","The wiki is research evidence only and does not count as in-game coverage."
"IGD-DOC-docs-wiki-invasion-system-md","CanonicalTopic","CanonicalWiki:World And Gameplay Systems","Invasion System","Player","RuntimeUnknown","External topic identifies a candidate player capability; the listed in-game surface and owning source determine actual entry.","External wiki does not prove acquisition or placement; current source paths are retained as research evidence.","","Data/Scripts/Custom/Invasion System/Lodor/;Data/Scripts/Custom/Invasion System/SerpentIsland/;Data/Scripts/Custom/Invasion System/Sosaria/;Data/Scripts/Custom/Invasion System/Underworld/","Reviewed against current source and the historical synchronization point through the owning system rows.","Classified from current Help, Library, books, NPC, system-gump, quest, and feedback sources; staging remains required for reachability.","RuntimeUnknown","IntentionalDiscovery","RefreshExisting","LoreBook","P3","Medium: the system should be discoverable through clues while its danger, commitments, and controls remain clear.","Current source paths from the canonical documentation truth table were revalidated against the filesystem.","Use lore, NPC hints, journals, or contextual warnings to teach the clue path and meaningful risks without publishing the solution.","Explain entry, controls, rules, risks, and clue paths; omit locations, solutions, passwords, and surprises.","An ordinary player can reach the recommended surface and perform the documented capability without using the external wiki.","docs/wiki/Invasion_System.md","The wiki is research evidence only and does not count as in-game coverage."
"IGD-DOC-docs-wiki-monster-nest-system-md","CanonicalTopic","CanonicalWiki:World And Gameplay Systems","Monster Nest System","Player","RuntimeUnknown","External topic identifies a candidate player capability; the listed in-game surface and owning source determine actual entry.","External wiki does not prove acquisition or placement; current source paths are retained as research evidence.","","Data/Scripts/Custom/PvE/MonsterNests/MonsterNest.cs;Data/Scripts/Custom/PvE/MonsterNests/MonsterNestEntity.cs;Data/Scripts/Custom/PvE/MonsterNests/MonsterNestLoot.cs;Data/Scripts/Custom/PvE/MonsterNests/Types/LizardmanNest.cs;Data/Scripts/Custom/PvE/MonsterNests/Types/RatmanNest.cs;Data/Scripts/Custom/PvE/MonsterNests/Types/UndeadNest.cs;Data/Scripts/Scripts.csproj","Reviewed against current source and the historical synchronization point through the owning system rows.","Classified from current Help, Library, books, NPC, system-gump, quest, and feedback sources; staging remains required for reachability.","RuntimeUnknown","IntentionalDiscovery","KeepAsIs","LoreBook","P4","Low if current clues and contextual warnings remain reachable.","Current source paths from the canonical documentation truth table were revalidated against the filesystem.","Preserve discovery-led teaching; add only non-spoiling safety or control clarification if staging finds a dead-end.","Explain entry, controls, rules, risks, and clue paths; omit locations, solutions, passwords, and surprises.","Follow the clue path as an ordinary player without outside knowledge and confirm the next step and danger are legible.","docs/wiki/Monster_Nest_System.md","The wiki is research evidence only and does not count as in-game coverage."
"IGD-DOC-docs-wiki-npc-shipwright-sailing-guide-md","CanonicalTopic","CanonicalWiki:World And Gameplay Systems","NPC Shipwright Sailing Guide","Player","RuntimeUnknown","External topic identifies a candidate player capability; the listed in-game surface and owning source determine actual entry.","External wiki does not prove acquisition or placement; current source paths are retained as research evidence.","","Data/Scripts/Items/Boats/BaseBoat.cs;Data/Scripts/Items/Boats/BaseBoatDeed.cs;Data/Scripts/Items/Boats/BaseDockedBoat.cs;Data/Scripts/Items/Boats/DockingLantern.cs;Data/Scripts/Items/Boats/Gumps/TillerManGump.cs;Data/Scripts/Items/Boats/TillerMan.cs;Data/Scripts/Mobiles/Base/StoreSalesList.cs;Data/Scripts/Mobiles/Civilized/Vendors/DrunkenPirate.cs;Data/Scripts/Mobiles/Civilized/Vendors/Shipwright.cs;Data/Scripts/System/Commands/Player/MyChat.cs;Data/Scripts/System/Misc/Talk.cs","Reviewed against current source and the historical synchronization point through the owning system rows.","Classified from current Help, Library, books, NPC, system-gump, quest, and feedback sources; staging remains required for reachability.","SourceDefined","Complete","KeepAsIs","NPCSpeech","P4","Low: current source defines an established reachable teaching surface; staging still confirms placement and wording.","Current source paths from the canonical documentation truth table were revalidated against the filesystem.","Retain the established in-game teaching and recheck it when the owning mechanic changes.","Explain entry, controls, rules, risks, and clue paths; omit locations, solutions, passwords, and surprises.","Reach the existing surface as an ordinary player and confirm it still matches current behavior.","docs/wiki/NPC_Shipwright_Sailing_Guide.md","The wiki is research evidence only and does not count as in-game coverage."
"IGD-DOC-docs-wiki-player-government-system-guide-md","CanonicalTopic","CanonicalWiki:World And Gameplay Systems","Player Government System Guide","Player","RuntimeUnknown","External topic identifies a candidate player capability; the listed in-game surface and owning source determine actual entry.","External wiki does not prove acquisition or placement; current source paths are retained as research evidence.","","Data/Scripts/Custom/Government System/Commands/GovHelp.cs;Data/Scripts/Custom/Government System/Gumps/CityWarningGump.cs;Data/Scripts/Custom/Government System/Gumps/GovHelpGump.cs;Data/Scripts/Custom/Government System/Items/Stones/CityManagementStone.cs;Data/Scripts/Custom/Government System/Items/Stones/CityVotingStone.cs;Data/Scripts/Custom/Government System/PlayerGovernmentSystem.cs;Data/Scripts/Custom/Government System/Regions/PlayerCityRegion.cs","Reviewed against current source and the historical synchronization point through the owning system rows.","Classified from current Help, Library, books, NPC, system-gump, quest, and feedback sources; staging remains required for reachability.","RuntimeUnknown","Stale","RefreshExisting","SystemHelpGump","P1","High: an established authoritative surface can actively mislead players when its acquisition, commands, costs, or rules drift.","Current source paths from the canonical documentation truth table were revalidated against the filesystem.","Source-review and refresh the existing in-game surface, preserving its established visual and narrative conventions.","Explain entry, controls, rules, risks, and clue paths; omit locations, solutions, passwords, and surprises.","Exercise the entire entry and navigation path on staging and compare each behavior claim with current source and configuration.","docs/wiki/Player_Government_System_Guide.md","The wiki is research evidence only and does not count as in-game coverage."
"IGD-DOC-docs-wiki-quest-framework-md","CanonicalTopic","CanonicalWiki:World And Gameplay Systems","Quest Framework","Player","RuntimeUnknown","External topic identifies a candidate player capability; the listed in-game surface and owning source determine actual entry.","External wiki does not prove acquisition or placement; current source paths are retained as research evidence.","","Data/Scripts/Quests/;Data/Scripts/System/Obsolete/Obsolete.cs","Reviewed against current source and the historical synchronization point through the owning system rows.","Classified from current Help, Library, books, NPC, system-gump, quest, and feedback sources; staging remains required for reachability.","RuntimeUnknown","IntentionalDiscovery","RefreshExisting","LoreBook","P3","Medium: the system should be discoverable through clues while its danger, commitments, and controls remain clear.","Current source paths from the canonical documentation truth table were revalidated against the filesystem.","Use lore, NPC hints, journals, or contextual warnings to teach the clue path and meaningful risks without publishing the solution.","Explain entry, controls, rules, risks, and clue paths; omit locations, solutions, passwords, and surprises.","An ordinary player can reach the recommended surface and perform the documented capability without using the external wiki.","docs/wiki/Quest_Framework.md","The wiki is research evidence only and does not count as in-game coverage."
"IGD-DOC-docs-wiki-random-encounter-engine-md","CanonicalTopic","CanonicalWiki:World And Gameplay Systems","Random Encounter Engine","Player","RuntimeUnknown","External topic identifies a candidate player capability; the listed in-game surface and owning source determine actual entry.","External wiki does not prove acquisition or placement; current source paths are retained as research evidence.","","Data/Scripts/Custom/Progression/CharacterLevel/CharacterLevelService.cs;Data/Scripts/Custom/PvE/RandomEncounters/Commands.cs;Data/Scripts/Custom/PvE/RandomEncounters/EncounterEngine.cs;Data/Scripts/Custom/PvE/RandomEncounters/Helpers.cs;Data/Scripts/Custom/PvE/RandomEncounters/RandomEncounters.xml;Data/Scripts/Custom/PvE/RandomEncounters/Records.cs;Data/Scripts/Custom/PvE/RandomEncounters/SpawnFinder.cs;Data/Scripts/Custom/PvE/RandomEncounters/Timers.cs","Reviewed against current source and the historical synchronization point through the owning system rows.","Classified from current Help, Library, books, NPC, system-gump, quest, and feedback sources; staging remains required for reachability.","RuntimeUnknown","IntentionalDiscovery","KeepAsIs","LoreBook","P4","Low if current clues and contextual warnings remain reachable.","Current source paths from the canonical documentation truth table were revalidated against the filesystem.","Preserve discovery-led teaching; add only non-spoiling safety or control clarification if staging finds a dead-end.","Explain entry, controls, rules, risks, and clue paths; omit locations, solutions, passwords, and surprises.","Follow the clue path as an ordinary player without outside knowledge and confirm the next step and danger are legible.","docs/wiki/Random_Encounter_Engine.md","The wiki is research evidence only and does not count as in-game coverage."
"IGD-DOC-docs-wiki-ranger-survival-training-md","CanonicalTopic","CanonicalWiki:World And Gameplay Systems","Ranger Survival Training","Player","RuntimeUnknown","External topic identifies a candidate player capability; the listed in-game surface and owning source determine actual entry.","External wiki does not prove acquisition or placement; current source paths are retained as research evidence.","","Data/Scripts/Items/Doors/PublicDoor.cs;Data/Scripts/Items/Explorers/Bedroll.cs;Data/Scripts/Items/Explorers/BedrolledOut.cs;Data/Scripts/Items/Explorers/CamperTent.cs;Data/Scripts/Items/Explorers/Campfire.cs;Data/Scripts/Items/Explorers/Kindling.cs;Data/Scripts/Items/Explorers/SmallTent.cs;Data/Scripts/Items/Traps/HiddenTrap.cs;Data/Scripts/Items/Traps/SetTrap.cs;Data/Scripts/Items/Traps/TrapKit.cs;Data/Scripts/Mobiles/Base/StoreSalesList.cs;Data/Scripts/Mobiles/Civilized/Vendors/Ranger.cs;Data/Scripts/System/Misc/Talk.cs","Reviewed against current source and the historical synchronization point through the owning system rows.","Classified from current Help, Library, books, NPC, system-gump, quest, and feedback sources; staging remains required for reachability.","SourceDefined","Complete","KeepAsIs","NPCSpeech","P4","Low: current source defines an established reachable teaching surface; staging still confirms placement and wording.","Current source paths from the canonical documentation truth table were revalidated against the filesystem.","Retain the established in-game teaching and recheck it when the owning mechanic changes.","Explain entry, controls, rules, risks, and clue paths; omit locations, solutions, passwords, and surprises.","Reach the existing surface as an ordinary player and confirm it still matches current behavior.","docs/wiki/Ranger_Survival_Training.md","The wiki is research evidence only and does not count as in-game coverage."
"IGD-DOC-docs-wiki-region-system-md","CanonicalTopic","CanonicalWiki:World And Gameplay Systems","Region System","Player","RuntimeUnknown","External topic identifies a candidate player capability; the listed in-game surface and owning source determine actual entry.","External wiki does not prove acquisition or placement; current source paths are retained as research evidence.","","Data/Scripts/System/Regions/BaseRegion.cs;Data/Scripts/System/Regions/GuardedRegion.cs;Data/Scripts/System/Regions/HouseRegion.cs;Data/Scripts/System/Regions/RegionMusic.cs;Data/Scripts/System/Regions/Spawning/SpawnDefinition.cs;Data/Scripts/System/Regions/Spawning/SpawnEntry.cs;Data/Scripts/System/Regions/Spawning/SpawnPersistence.cs;Data/System/Source/Map.cs;Data/System/Source/Region.cs;Data/System/Source/Sector.cs","Reviewed against current source and the historical synchronization point through the owning system rows.","Classified from current Help, Library, books, NPC, system-gump, quest, and feedback sources; staging remains required for reachability.","RuntimeUnknown","IntentionalDiscovery","RefreshExisting","LoreBook","P3","Medium: the system should be discoverable through clues while its danger, commitments, and controls remain clear.","Current source paths from the canonical documentation truth table were revalidated against the filesystem.","Use lore, NPC hints, journals, or contextual warnings to teach the clue path and meaningful risks without publishing the solution.","Explain entry, controls, rules, risks, and clue paths; omit locations, solutions, passwords, and surprises.","An ordinary player can reach the recommended surface and perform the documented capability without using the external wiki.","docs/wiki/Region_System.md","The wiki is research evidence only and does not count as in-game coverage."
"IGD-DOC-docs-wiki-shipwright-sailing-tutorial-md","CanonicalTopic","CanonicalWiki:World And Gameplay Systems","Shipwright Sailing Tutorial","Player","RuntimeUnknown","External topic identifies a candidate player capability; the listed in-game surface and owning source determine actual entry.","External wiki does not prove acquisition or placement; current source paths are retained as research evidence.","","Data/Scripts/Custom/BoatNavigationTotem/BoatNavigationTotam.cs;Data/Scripts/Items/Boats/BaseBoat.cs;Data/Scripts/Items/Boats/BaseBoatDeed.cs;Data/Scripts/Items/Boats/BaseDockedBoat.cs;Data/Scripts/Items/Boats/BoatStain.cs;Data/Scripts/Items/Boats/DockingLantern.cs;Data/Scripts/Items/Boats/Gumps/ConfirmDryDockGump.cs;Data/Scripts/Items/Boats/Gumps/TillerManGump.cs;Data/Scripts/Items/Boats/TillerMan.cs;Data/Scripts/Items/Misc/Dyes/DyeTub.cs;Data/Scripts/Mobiles/Base/StoreSalesList.cs;Data/Scripts/Mobiles/Civilized/Vendors/DrunkenPirate.cs;Data/Scripts/Mobiles/Civilized/Vendors/Shipwright.cs;Data/Scripts/System/Commands/Player/MyChat.cs;Data/Scripts/System/Misc/Talk.cs","Reviewed against current source and the historical synchronization point through the owning system rows.","Classified from current Help, Library, books, NPC, system-gump, quest, and feedback sources; staging remains required for reachability.","RuntimeUnknown","IntentionalDiscovery","RefreshExisting","LoreBook","P3","Medium: the system should be discoverable through clues while its danger, commitments, and controls remain clear.","Current source paths from the canonical documentation truth table were revalidated against the filesystem.","Use lore, NPC hints, journals, or contextual warnings to teach the clue path and meaningful risks without publishing the solution.","Explain entry, controls, rules, risks, and clue paths; omit locations, solutions, passwords, and surprises.","An ordinary player can reach the recommended surface and perform the documented capability without using the external wiki.","docs/wiki/Shipwright_Sailing_Tutorial.md","The wiki is research evidence only and does not count as in-game coverage."
"IGD-HIST-post-baseline-removed-renamed","HistoricalDrift","HistoricalDrift","Post-baseline changed paths absent from current HEAD","Mixed","Historical","No current player entry path is asserted.","Absent from the current filesystem; paths may have been renamed, removed, reverted, generated, or deleted.","","","320 non-current path(s) observed in post-baseline history; all are listed in Notes.","None counted from historical-only paths.","RuntimeUnknown","NotApplicable","NoDocumentationNeeded","ContextualFeedback","P4","Avoids advertising removed or reverted work as a current feature.","git log --name-only cbd03db1f1be73c2fa345ac6b4ee5abfa63ae840..6b447099977f81d66585e8401e3ef904be7da3d9 over runtime scripts and checked-in player data.","Retain historical drift as review evidence only; current capabilities must be supported by current files.","Not applicable.","Confirm every historical-only candidate is absent from current source or represented by its renamed/current owning-system row.","","Data/Scripts/.vs/Scripts/v17/.suo;Data/Scripts/.vs/Scripts/v17/DocumentLayout.json;Data/Scripts/.vs/Scripts/v17/fileList.bin;Data/Scripts/.vs/Scripts/v17/HierarchyCache.v1.txt;Data/Scripts/app.config;Data/Scripts/Custom/AIOverhaul/AGENTS.md;Data/Scripts/Custom/AIOverhaul/AI_HANDOFF.md;Data/Scripts/Custom/AIOverhaul/AI_PHASE3_PLAYER_TESTING.md;Data/Scripts/Custom/AIOverhaul/AI_PHASED_OVERHAUL_PLAN.md;Data/Scripts/Custom/AIOverhaul/AITacticalTargeting.cs;Data/Scripts/Custom/AnimalSystem/Commands/AnimalSpeed.cs;Data/Scripts/Custom/AnimalSystem/Wolf/WolfArms.cs;Data/Scripts/Custom/AnimalSystem/Wolf/WolfCap.cs;Data/Scripts/Custom/AnimalSystem/Wolf/WolfChest.cs;Data/Scripts/Custom/AnimalSystem/Wolf/WolfClaw.cs;Data/Scripts/Custom/AnimalSystem/Wolf/WolfGate.cs;Data/Scripts/Custom/AnimalSystem/Wolf/WolfGloves.cs;Data/Scripts/Custom/AnimalSystem/Wolf/WolfGorget.cs;Data/Scripts/Custom/AnimalSystem/Wolf/WolfGuise.cs;Data/Scripts/Custom/AnimalSystem/Wolf/WolfHueStone.cs;Data/Scripts/Custom/AnimalSystem/Wolf/WolfLegs.cs;Data/Scripts/Custom/AnimalSystem/Wolf/WolfsTooth.cs;Data/Scripts/Custom/Champions/Barracoon.cs;Data/Scripts/Custom/Champions/Ilhenir.cs;Data/Scripts/Custom/Champions/LordOaks.cs;Data/Scripts/Custom/Champions/Mephitis.cs;Data/Scripts/Custom/Champions/Mobiles/Kappa.cs;Data/Scripts/Custom/Champions/Mobiles/PestilentBandage.cs;Data/Scripts/Custom/Champions/Mobiles/PlagueBeast.cs;Data/Scripts/Custom/Champions/Mobiles/PlagueSpawn.cs;Data/Scripts/Custom/Champions/Mobiles/RaR/Adimarchus.cs;Data/Scripts/Custom/Champions/Mobiles/RaR/Bahamut.cs;Data/Scripts/Custom/Champions/Mobiles/RaR/Balar.cs;Data/Scripts/Custom/Champions/Mobiles/RaR/Brona.cs;Data/Scripts/Custom/Champions/Mobiles/RaR/Conan.cs;Data/Scripts/Custom/Champions/Mobiles/RaR/Demogorgon.cs;Data/Scripts/Custom/Champions/Mobiles/RaR/Elric.cs;Data/Scripts/Custom/Champions/Mobiles/RaR/GrimReaper.cs;Data/Scripts/Custom/Champions/Mobiles/RaR/Hercules.cs;Data/Scripts/Custom/Champions/Mobiles/RaR/KingArthur.cs;Data/Scripts/Custom/Champions/Mobiles/RaR/Kronos.cs;Data/Scripts/Custom/Champions/Mobiles/RaR/Lolth.cs;Data/Scripts/Custom/Champions/Mobiles/RaR/LordVerminaard.cs;Data/Scripts/Custom/Champions/Mobiles/RaR/Merlin.cs;Data/Scripts/Custom/Champions/Mobiles/RaR/Nosferatu.cs;Data/Scripts/Custom/Champions/Mobiles/RaR/Orcus.cs;Data/Scripts/Custom/Champions/Mobiles/RaR/RedSonja.cs;Data/Scripts/Custom/Champions/Mobiles/RaR/Saruman.cs;Data/Scripts/Custom/Champions/Mobiles/RaR/Talos.cs;Data/Scripts/Custom/Champions/Mobiles/RaR/Thor.cs;Data/Scripts/Custom/Champions/Mobiles/RaR/Tiamat.cs;Data/Scripts/Custom/Champions/Mobiles/RaR/Treebeard.cs;Data/Scripts/Custom/Champions/Mobiles/RaR/Vecna.cs;Data/Scripts/Custom/Champions/Mobiles/RaR/Volturnus.cs;Data/Scripts/Custom/Champions/Mobiles/RaR/Zeus.cs;Data/Scripts/Custom/Champions/Neira.cs;Data/Scripts/Custom/Champions/Rikktor.cs;Data/Scripts/Custom/Champions/Semidar.cs;Data/Scripts/Custom/Champions/Serado.cs;Data/Scripts/Custom/Champions/Twaulo.cs;Data/Scripts/Custom/CharacterLevel/CharacterLevelCommands.cs;Data/Scripts/Custom/CharacterLevel/CharacterLevelService.cs;Data/Scripts/Custom/CloneOfflinePlayerCharacters/BackpackClone.cs;Data/Scripts/Custom/CloneOfflinePlayerCharacters/CharacterClone.cs;Data/Scripts/Custom/CloneOfflinePlayerCharacters/CheckClonesCommand.cs;Data/Scripts/Custom/CloneOfflinePlayerCharacters/CloneOfflinePlayerCharacters.cs;Data/Scripts/Custom/CloneOfflinePlayerCharacters/CloneThings.cs;Data/Scripts/Custom/CloneOfflinePlayerCharacters/EtherealMountClone.cs;Data/Scripts/Custom/CloneOfflinePlayerCharacters/MountClone.cs;Data/Scripts/Custom/Combat/AIOverhaul/AGENTS.md;Data/Scripts/Custom/Combat/AIOverhaul/AI_HANDOFF.md;Data/Scripts/Custom/Combat/AIOverhaul/AI_PHASE3_PLAYER_TESTING.md;Data/Scripts/Custom/Combat/AIOverhaul/AI_PHASED_OVERHAUL_PLAN.md;Data/Scripts/Custom/GardenGolem/GardenGolemTestPlan.md;Data/Scripts/Custom/GardenGolem/Gumps/AGENTS.md;Data/Scripts/Custom/GardenGolem/Gumps/GolemCaretakerGump.cs;Data/Scripts/Custom/GardenGolem/Items/FreshGardenSoil.cs;Data/Scripts/Custom/GardenGolem/Items/GardenGolemCore.cs;Data/Scripts/Custom/GardenGolem/Mobiles/GardenGolem.cs;Data/Scripts/Custom/GardenGolem/Systems/GardenGolemPlanterState.cs;Data/Scripts/Custom/Government System/Gumps/AGENTS.md;Data/Scripts/Custom/Government System/Resourcebox/ResourceBoxGump.cs;Data/Scripts/Custom/Invasion System/Add Ins/Lord BlackThorn.cs;Data/Scripts/Custom/Invasion System/Add Ins/SubChamps/LichLordDaemonKing.cs.bak;Data/Scripts/Custom/Invasion System/Add Ins/SubChamps/Lord BlackThorn.cs;Data/Scripts/Custom/Invasion System/Gump/AGENTS.md;Data/Scripts/Custom/Mobiles/Dragons/BuffDragonTurtle.cs;Data/Scripts/Custom/Mobiles/Undead/HonorguardSouth.cs;Data/Scripts/Custom/MonsterNest/MonsterNest.cs;Data/Scripts/Custom/MonsterNest/MonsterNestEntity.cs;Data/Scripts/Custom/MonsterNest/MonsterNestLoot.cs;Data/Scripts/Custom/MonsterNest/Types/LizardmanNest.cs;Data/Scripts/Custom/MonsterNest/Types/RatmanNest.cs;Data/Scripts/Custom/MonsterNest/Types/UndeadNest.cs;Data/Scripts/Custom/Offline Skill Training/readme.txt;Data/Scripts/Custom/OmniAI/AITester.cs;Data/Scripts/Custom/OmniAI/OmniAI Bard.cs;Data/Scripts/Custom/OmniAI/OmniAI Bushido.cs;Data/Scripts/Custom/OmniAI/OmniAI Core.cs;Data/Scripts/Custom/OmniAI/OmniAI Elementalism.cs;Data/Scripts/Custom/OmniAI/OmniAI HolyMan.cs;Data/Scripts/Custom/OmniAI/OmniAI Knightship.cs;Data/Scripts/Custom/OmniAI/OmniAI Magery.cs;Data/Scripts/Custom/OmniAI/OmniAI Mystic.cs;Data/Scripts/Custom/OmniAI/OmniAI Necromancy.cs;Data/Scripts/Custom/OmniAI/OmniAI Ninjitsu.cs;Data/Scripts/Custom/OmniAI/OmniAI Research.cs;Data/Scripts/Custom/OmniAI/OmniAI Shared.cs;Data/Scripts/Custom/OmniAI/OmniAI Shinobi.cs;Data/Scripts/Custom/OmniAI/OmniAI Syth.cs;Data/Scripts/Custom/OrbRemoteServer/ExportMobiles.txt;Data/Scripts/Custom/OrbRemoteServer/UOArchitect/BuildDesignTarget Backup.txt;Data/Scripts/Custom/OzThothStaticGump/AGENTS.md;Data/Scripts/Custom/OzThothStaticGump/README.txt;Data/Scripts/Custom/OzThothStaticGump/Side Gumps/AddAnimation.cs;Data/Scripts/Custom/OzThothStaticGump/Side Gumps/AddArch.cs;Data/Scripts/Custom/OzThothStaticGump/Side Gumps/AddCooking.cs;Data/Scripts/Custom/OzThothStaticGump/Side Gumps/AddCustom.cs;Data/Scripts/Custom/OzThothStaticGump/Side Gumps/AddDeco.cs;Data/Scripts/Custom/OzThothStaticGump/Side Gumps/AddDungeon.cs;Data/Scripts/Custom/OzThothStaticGump/Side Gumps/addfence.cs;Data/Scripts/Custom/OzThothStaticGump/Side Gumps/addfloor.cs;Data/Scripts/Custom/OzThothStaticGump/Side Gumps/AddFurniture.cs;Data/Scripts/Custom/OzThothStaticGump/Side Gumps/AddGear.cs;Data/Scripts/Custom/OzThothStaticGump/Side Gumps/AddGround.cs;Data/Scripts/Custom/OzThothStaticGump/Side Gumps/AddLight.cs;Data/Scripts/Custom/OzThothStaticGump/Side Gumps/AddMisc.cs;Data/Scripts/Custom/OzThothStaticGump/Side Gumps/AddNature.cs;Data/Scripts/Custom/OzThothStaticGump/Side Gumps/addplants.cs;Data/Scripts/Custom/OzThothStaticGump/Side Gumps/addrock.cs;Data/Scripts/Custom/OzThothStaticGump/Side Gumps/addroof.cs;Data/Scripts/Custom/OzThothStaticGump/Side Gumps/AddSignPost.cs;Data/Scripts/Custom/OzThothStaticGump/Side Gumps/AddStairGump.cs;Data/Scripts/Custom/OzThothStaticGump/Side Gumps/AddWallGump.cs;Data/Scripts/Custom/OzThothStaticGump/Side Gumps/AGENTS.md;Data/Scripts/Custom/OzThothStaticGump/StaticGump(Alternative).cs;Data/Scripts/Custom/PvE/RandomEncounters/Cleaner.old;Data/Scripts/Custom/PvE/RandomEncounters/COPYING.txt;Data/Scripts/Custom/PvE/RandomEncounters/RandomEncounters.xml.orig;Data/Scripts/Custom/PvE/RandomEncounters/ReadMe.txt;Data/Scripts/Custom/PvE/RandomEncounters/SpawnFinder.old;Data/Scripts/Custom/PvPConsent/Gumps/AGENTS.md;Data/Scripts/Custom/PvPConsent/PKNONPKGUMP.cs;Data/Scripts/Custom/RandomEncounters/Cleaner.old;Data/Scripts/Custom/RandomEncounters/Commands.cs;Data/Scripts/Custom/RandomEncounters/COPYING.txt;Data/Scripts/Custom/RandomEncounters/Definitions.cs;Data/Scripts/Custom/RandomEncounters/EncounterEngine.cs;Data/Scripts/Custom/RandomEncounters/Helpers.cs;Data/Scripts/Custom/RandomEncounters/Import.cs;Data/Scripts/Custom/RandomEncounters/RandomEncounters.xml;Data/Scripts/Custom/RandomEncounters/RandomEncounters.xml.orig;Data/Scripts/Custom/RandomEncounters/ReadMe.txt;Data/Scripts/Custom/RandomEncounters/Records.cs;Data/Scripts/Custom/RandomEncounters/RedBlackTree.cs;Data/Scripts/Custom/RandomEncounters/SpawnFinder.cs;Data/Scripts/Custom/RandomEncounters/SpawnFinder.old;Data/Scripts/Custom/RandomEncounters/Timers.cs;Data/Scripts/Custom/RandomEncounters/XmlDateCount.cs;Data/Scripts/Custom/RandomEncounters/XmlLinePreservingDoc.cs;Data/Scripts/Custom/Staff Toolbar [2.0]/Toolbar.cs;Data/Scripts/Custom/StaffTools/StaticGumpTool/AGENTS.md;Data/Scripts/Custom/StaffTools/StaticGumpTool/README.txt;Data/Scripts/Custom/Vhaerun's CRL Homestead System [2.0]/Dracana's Winecrafting [2.0]/Gumps/AGENTS.md;Data/Scripts/Custom/Vhaerun's CRL Homestead System [2.0]/Vhaerun's CRL Cooking/Package Systems/HungerGump/AGENTS.md;Data/Scripts/Custom/Vhaerun's CRL Homestead System [2.0]/Vhaerun's CRL Crops/Gumps/AGENTS.md;Data/Scripts/Custom/XMLSpawner/Gumps/AGENTS.md;Data/Scripts/Custom/XMLSpawner/installation 2.2.txt;Data/Scripts/Custom/XMLSpawner/Instructions for importing maps.txt;Data/Scripts/Custom/XMLSpawner/XmlAttach/Gumps/AGENTS.md;Data/Scripts/Custom/XMLSpawner/XmlAttach/XmlGetAttachGump.cs;Data/Scripts/Custom/XMLSpawner/XmlExtras/Spawns/execution.txt;Data/Scripts/Custom/XMLSpawner/XmlExtras/Spawns/healer.txt;Data/Scripts/Custom/XMLSpawner/XmlExtras/Spawns/wall.txt;Data/Scripts/Custom/XMLSpawner/XmlExtras/Spawns/Welcome.txt;Data/Scripts/Custom/XMLSpawner/XmlExtras/XmlQuestNPC/Abbott.npc;Data/Scripts/Custom/XMLSpawner/XmlExtras/XmlQuestNPC/Costello.npc;Data/Scripts/Custom/XMLSpawner/XmlExtras/XmlQuestNPC/Dracondar.npc;Data/Scripts/Custom/XMLSpawner/XmlExtras/XmlQuestNPC/drake.npc;Data/Scripts/Custom/XMLSpawner/XmlExtras/XmlQuestNPC/echo.npc;Data/Scripts/Custom/XMLSpawner/XmlExtras/XmlQuestNPC/foolsgold.npc;Data/Scripts/Custom/XMLSpawner/XmlExtras/XmlQuestNPC/getonparent.npc;Data/Scripts/Custom/XMLSpawner/XmlExtras/XmlQuestNPC/harmon.npc;Data/Scripts/Custom/XMLSpawner/XmlExtras/XmlQuestNPC/harold.npc;Data/Scripts/Custom/XMLSpawner/XmlExtras/XmlQuestNPC/jeweler.npc;Data/Scripts/Custom/XMLSpawner/XmlExtras/XmlQuestNPC/jeweler2.npc;Data/Scripts/Custom/XMLSpawner/XmlExtras/XmlQuestNPC/Katar quest.npc;Data/Scripts/Custom/XMLSpawner/XmlExtras/XmlQuestNPC/keypad.npc;Data/Scripts/Custom/XMLSpawner/XmlExtras/XmlQuestNPC/samantha.npc;Data/Scripts/Custom/XMLSpawner/XmlExtras/XmlQuestNPC/simple.npc;Data/Scripts/Custom/XMLSpawner/XmlExtras/XmlQuestNPC/testnpc.npc;Data/Scripts/Custom/XMLSpawner/XmlExtras/XmlQuestNPC/timeofday.npc;Data/Scripts/Custom/XMLSpawner/XmlExtras/XmlQuestNPC/travelagent.npc;Data/Scripts/Custom/XMLSpawner/XmlExtras/XmlQuestNPC/winthrop.npc;Data/Scripts/Custom/XMLSpawner/XmlPoints PvP/ChallengeGames/CTFGump.cs;Data/Scripts/Custom/XMLSpawner/XmlPoints PvP/ChallengeGames/DeathBallGump.cs;Data/Scripts/Custom/XMLSpawner/XmlPoints PvP/ChallengeGames/DeathmatchGump.cs;Data/Scripts/Custom/XMLSpawner/XmlPoints PvP/ChallengeGames/KingOfTheHillGump.cs;Data/Scripts/Custom/XMLSpawner/XmlPoints PvP/ChallengeGames/LastManStandingGump.cs;Data/Scripts/Custom/XMLSpawner/XmlPoints PvP/ChallengeGames/TeamDeathballGump.cs;Data/Scripts/Custom/XMLSpawner/XmlPoints PvP/ChallengeGames/TeamDeathmatchGump.cs;Data/Scripts/Custom/XMLSpawner/XmlPoints PvP/ChallengeGames/TeamKotHGump.cs;Data/Scripts/Custom/XMLSpawner/XmlPoints PvP/ChallengeGames/TeamLMSGump.cs;Data/Scripts/Custom/XMLSpawner/XmlPoints PvP/PointsRewardGump.cs;Data/Scripts/Custom/XMLSpawner/XmlPoints PvP/xmlpoints.txt;Data/Scripts/Custom/XMLSpawner/XmlPropsGumps/AGENTS.md;Data/Scripts/Custom/XMLSpawner/XmlQuest/Gumps/AGENTS.md;Data/Scripts/Custom/XMLSpawner/XmlQuest/QuestLogGump.cs;Data/Scripts/Custom/XMLSpawner/XmlQuest/QuestRewardGump.cs;Data/Scripts/Custom/XMLSpawner/XmlQuest/XmlPlayerQuestGump.cs;Data/Scripts/Custom/XMLSpawner/XmlQuest/XmlQuestBookGump.cs;Data/Scripts/Custom/XMLSpawner/XmlQuest/XmlQuestGumps.cs;Data/Scripts/Custom/XMLSpawner/XmlQuest/XmlQuestHolderGumps.cs;Data/Scripts/Custom/XMLSpawner/XmlSpawnerGumps.cs;Data/Scripts/Custom/XMLSpawner/XmlUtils/Gumps/AGENTS.md;Data/Scripts/Custom/XMLSpawner/XmlUtils/XmlCategorizedAddGump.cs;Data/Scripts/Custom/XMLSpawner/XmlUtils/XmlPartialCategorizedAddGump.cs;Data/Scripts/Items/Boats/FindboatGump.cs;Data/Scripts/Items/Boats/Gumps/AGENTS.md;Data/Scripts/Items/Books/BulletinBoards/BoardGump.cs;Data/Scripts/Items/Books/BulletinBoards/Gumps/AGENTS.md;Data/Scripts/Items/Gifts/Gumps/AGENTS.md;Data/Scripts/Items/Houses/Monopoly/Gumps/AGENTS.md;Data/Scripts/Items/Houses/Monopoly/Gumps/Error Reporting/ErrorsGump.cs;Data/Scripts/Items/Houses/Monopoly/Gumps/Error Reporting/Gumps/AGENTS.md;Data/Scripts/Items/Houses/Monopoly/Gumps/TownHouse Gumps/AGENTS.md;Data/Scripts/Items/Houses/Remodeling/ConfirmRemoveGump.cs;Data/Scripts/Items/Houses/Remodeling/Gumps/AGENTS.md;Data/Scripts/Items/Houses/Remodeling/LawnGump.cs;Data/Scripts/Items/Houses/Remodeling/LawnSecurityGump.cs;Data/Scripts/Items/Houses/Remodeling/ShantyGump.cs;Data/Scripts/Items/Houses/Remodeling/ShantySecurityGump.cs;Data/Scripts/Items/Magical/Gifts/GiftGump.cs;Data/Scripts/Items/Magical/Gifts/Gumps/AGENTS.md;Data/Scripts/Items/Magical/God/Gumps/AGENTS.md;Data/Scripts/Items/Misc/Games/LiarsDice/CallBluffGump.cs;Data/Scripts/Items/Misc/Games/LiarsDice/ExitDiceGump.cs;Data/Scripts/Items/Misc/Games/LiarsDice/GameDiceGump.cs;Data/Scripts/Items/Misc/Games/LiarsDice/Gumps/AGENTS.md;Data/Scripts/Items/Misc/Games/LiarsDice/NewDiceGameGump.cs;Data/Scripts/Items/Misc/Games/LiarsDice/StatusDiceGump.cs;Data/Scripts/Items/Special/House Raffle/Gumps/AGENTS.md;Data/Scripts/Magic/Bard/Gumps/AGENTS.md;Data/Scripts/Magic/Bard/SongBookGump.cs;Data/Scripts/Magic/Death Knight/DeathKnightSpellBookGump.cs;Data/Scripts/Magic/Death Knight/Gumps/AGENTS.md;Data/Scripts/Magic/Elementalism/ElementalSpellbookGump.cs;Data/Scripts/Magic/Elementalism/Gumps/AGENTS.md;Data/Scripts/Magic/Holy Man/Gumps/AGENTS.md;Data/Scripts/Magic/Holy Man/HolyManSpellBookGump.cs;Data/Scripts/Magic/Jedi/Gumps/AGENTS.md;Data/Scripts/Magic/Jedi/JediSpellBookGump.cs;Data/Scripts/Magic/Mystic/Gumps/AGENTS.md;Data/Scripts/Magic/Mystic/MysticSpellBookGump.cs;Data/Scripts/Magic/Research/AncientSpellBookGump.cs;Data/Scripts/Magic/Research/Gumps/AGENTS.md;Data/Scripts/Magic/Research/ResearchBars.cs;Data/Scripts/Magic/Syth/Gumps/AGENTS.md;Data/Scripts/Magic/Syth/SythSpellBookGump.cs;Data/Scripts/obj/ARM64/Debug/.NETFramework,Version=v4.0.AssemblyAttributes.cs;Data/Scripts/obj/ARM64/Debug/DesignTimeResolveAssemblyReferencesInput.cache;Data/Scripts/obj/ARM64/Debug/Scripts.csproj.AssemblyReference.cache;Data/Scripts/obj/Debug/.NETFramework,Version=v4.0.AssemblyAttributes.cs;Data/Scripts/obj/Debug/DesignTimeResolveAssemblyReferencesInput.cache;Data/Scripts/obj/Debug/Scripts.csproj.AssemblyReference.cache;Data/Scripts/Quests/Epic/EpicGump.cs;Data/Scripts/Quests/Epic/Gumps/AGENTS.md;Data/Scripts/Quests/Museum/Gumps/AGENTS.md;Data/Scripts/Quests/Museum/MuseumBookGump.cs;Data/Scripts/Scripts.csproj;Data/Scripts/Scripts.csproj.user;Data/Scripts/System/Chat/Gumps/AGENTS.md;Data/Scripts/System/Commands/Adddoorgump.cs;Data/Scripts/System/Commands/AdminGump.cs;Data/Scripts/System/Commands/Gumps/AGENTS.md;Data/Scripts/System/Commands/Player/PartyGump.cs;Data/Scripts/System/Commands/Player/SkillsGump.cs;Data/Scripts/System/Commands/ScanGump.cs;Data/Scripts/System/Commands/TestingCommand.cs;Data/Scripts/System/Gumps/AGENTS.md;Data/Scripts/System/Help/HelpGump.cs;Data/Scripts/System/Help/PageQueueGump.cs;Data/Scripts/System/Help/SpeechLogGump.cs;Data/Scripts/System/Misc/Commands/WorldDecorationCommand.cs;Data/Scripts/System/Misc/Commands/WorldRebuildCommand.cs;Data/Scripts/System/Misc/DecorationConfigLoader.cs;Data/Scripts/System/Misc/WorldBuilding/DecorationConfigLoader.cs;Data/Scripts/System/Misc/WorldBuilding/DungeonChestBuilder.cs;Data/Scripts/System/Misc/WorldBuilding/FarmBuilder.cs;Data/Scripts/System/Misc/WorldBuilding/SearchQuestBuilder.cs;Data/Scripts/System/Misc/WorldBuilding/StealPedestalBuilder.cs;Data/Scripts/System/Misc/WorldBuilding/TeleporterBuilder.cs;Data/Scripts/System/Skills/Weapon Abilities/SpecialAttackGump.cs;Data/Scripts/Trades/Apiculture/BeeHiveGumps.cs;Data/Scripts/Trades/Bulk Orders/Books/BODBuyGump.cs;Data/Scripts/Trades/Core/CraftGump.cs;Data/Scripts/Trades/Core/CraftGumpItem.cs;Data/Scripts/Trades/Gardening/MainPlantGump.cs;Data/Spawns/AGENTS.md;Data/System/Source/.vs/ConficturaUO/v17/.suo;Data/System/Source/.vs/ConficturaUO/v17/DocumentLayout.json;Data/System/Source/.vs/Source.csproj.dtbcache.json;Data/System/Source/app.config;Data/System/Source/icon.ico;Data/System/Source/obj/ARM64/Debug/.NETFramework,Version=v4.0,Profile=Client.AssemblyAttributes.cs;Data/System/Source/obj/ARM64/Debug/DesignTimeResolveAssemblyReferencesInput.cache;Data/System/Source/obj/ARM64/Debug/Server.csproj.AssemblyReference.cache;Data/System/Source/obj/x86/Debug/.NETFramework,Version=v4.0,Profile=Client.AssemblyAttributes.cs;Data/System/Source/obj/x86/Debug/.NETFramework,Version=v4.0.AssemblyAttributes.cs;Data/System/Source/obj/x86/Debug/ConficturaServer.exe;Data/System/Source/obj/x86/Debug/ConficturaServer.pdb;Data/System/Source/obj/x86/Debug/DesignTimeResolveAssemblyReferences.cache;Data/System/Source/obj/x86/Debug/DesignTimeResolveAssemblyReferencesInput.cache;Data/System/Source/obj/x86/Debug/Server.csproj.AssemblyReference.cache;Data/System/Source/obj/x86/Debug/Server.csproj.CoreCompileInputs.cache;Data/System/Source/obj/x86/Debug/Server.csproj.FileListAbsolute.txt;Data/System/Source/obj/x86/Debug/Source.csproj.AssemblyReference.cache;Data/System/Source/README;Data/System/Source/Server.csproj;Data/System/Source/Server.csproj.user"
