"IntakeId","SourceBatchId","IntakeStatus","InterviewStatus","BehaviorToChange","System","ExpectedFiles","MustStayUnchanged","FenceResult","GateApprovalStatus","RequiredApproval","ReadyGoalCommand","SourceEditsMade","ReviewedAt","Notes"
"SOURCE-BATCH-INTAKE","SOURCE-BATCH-001","SourceBatchCommitted","InterviewComplete","Add stale/null/backpack guards to OilCloth interaction paths.","Items:Misc / OilCloth","Data/Scripts/Items/Misc/OilCloth.cs","Poison-charge reduction; firebomb conversion; oil cloth consumption semantics; localized messages; targeting flow; serialization layout and versioning; region/map behavior; economy/reward tuning; staff/access behavior; folder/namespace/type/package layout.","POST-BATCH-Y gate hits for OilCloth.cs=0; no gated approval crossed.","NotRequiredForNonGatedTarget","None beyond normal POST-BATCH-Y preflight.","/goal SOURCE-BATCH-001 OilCloth Guard Repair","Yes","2026-06-15T16:44:08.0818812-05:00","Implemented and closed in docs/codebase-audit/outputs/source-batch-001-oilcloth-guard-repair-closeout.md."
"SOURCE-BATCH-INTAKE","SOURCE-BATCH-002","SourceBatchCommitted","InterviewComplete","Add stale/null guards to OilCloth Dye and Scissor interaction paths.","Items:Misc / OilCloth","Data/Scripts/Items/Misc/OilCloth.cs","SOURCE-BATCH-001 OnDoubleClick/OnTarget behavior; poison-charge reduction; firebomb conversion; oil cloth consumption semantics; localized messages; targeting flow; serialization layout and versioning; region/map behavior; economy/reward tuning; staff/access behavior; folder/namespace/type/package layout.","POST-BATCH-Y gate hits for OilCloth.cs=0; active overlay OilCloth matches=0; no gated approval crossed.","NotRequiredForNonGatedTarget","None beyond normal POST-BATCH-Y preflight.","/goal SOURCE-BATCH-002 OilCloth Dye Scissor Guard Repair","Yes","2026-06-15T18:45:22.3593239-05:00","Implemented and closed in docs/codebase-audit/outputs/source-batch-002-oilcloth-dye-scissor-guard-repair-closeout.md."
"SOURCE-BATCH-INTAKE","SOURCE-BATCH-003","SourceBatchCommitted","InterviewComplete","Add stale/null/backpack guards to Firebomb interaction paths.","Items:Misc / Firebomb","Data/Scripts/Items/Misc/Firebomb.cs","Firebomb and FirebombField serialization; FirebombField transient/no-payload behavior; timer scheduling and callbacks; damage values; range; effects; messages; target range; targeting flow; item internalization; region/map behavior; economy/reward tuning; staff/access behavior; command access; folder/namespace/type layout; project files; XML/config/data files.","POST-BATCH-Y gate hits for Firebomb.cs=0; active overlay Firebomb matches=3 and all are SafeNoChange or IntentionalLegacy serializer rows; no gated approval crossed.","NotRequiredForNonGatedTarget","None beyond normal POST-BATCH-Y preflight.","/goal SOURCE-BATCH-003 Firebomb Interaction Guard Repair","Yes","2026-06-15T19:36:50.2500868-05:00","Implemented and closed in docs/codebase-audit/outputs/source-batch-003-firebomb-interaction-guard-repair-closeout.md."
"SOURCE-BATCH-INTAKE","SOURCE-BATCH-004","SourceBatchCommitted","InterviewComplete","Add stale/null/backpack guards to ArcaneGem interaction paths.","Items:Misc / ArcaneGem","Data/Scripts/Items/Misc/ArcaneGem.cs","Arcane charge math; DefaultArcaneHue; tailoring thresholds; item eligibility and resource restrictions; blessed-item behavior; messages; gem amount/delete semantics; serialization layout and versioning; region/map behavior; economy/reward tuning; staff/access behavior; folder/namespace/type/package layout; project files; XML/config/data files.","POST-BATCH-Y gate hits for ArcaneGem.cs=0; active overlay ArcaneGem matches=0; no gated approval crossed.","NotRequiredForNonGatedTarget","None beyond normal POST-BATCH-Y preflight.","/goal SOURCE-BATCH-004 ArcaneGem Interaction Guard Repair","Yes","2026-06-16T11:15:37.0000000-05:00","Implemented and closed in docs/codebase-audit/outputs/source-batch-004-arcanegem-interaction-guard-repair-closeout.md."
"SOURCE-BATCH-INTAKE","SOURCE-BATCH-005","SourceBatchCommitted","InterviewComplete","Add stale/null/backpack guards to PowerCrystal interaction paths.","Items:Misc / PowerCrystal","Data/Scripts/Items/Misc/PowerCrystal.cs","Golem porter target eligibility; charge cap; charge increment behavior; messages; sound/revealing behavior; InvalidateProperties call; crystal consumption; serialization layout and versioning; region/map behavior; economy/reward tuning; staff/access behavior; folder/namespace/type/package layout; project files; XML/config/data files.","POST-BATCH-Y gate hits for PowerCrystal.cs=0; active overlay PowerCrystal matches=0; no gated approval crossed.","NotRequiredForNonGatedTarget","None beyond normal POST-BATCH-Y preflight.","/goal SOURCE-BATCH-005 PowerCrystal Target Guard Repair","Yes","2026-06-16T11:22:52.2093583-05:00","Implemented and closed in docs/codebase-audit/outputs/source-batch-005-powercrystal-target-guard-repair-closeout.md."
"SOURCE-BATCH-INTAKE","SOURCE-BATCH-006","SourceBatchCommitted","InterviewComplete","Add stale/null/backpack guards to ClockworkAssembly OnDoubleClick before skill, follower, resource, or golem construction state is evaluated.","Items:Misc / ClockworkAssembly","Data/Scripts/Items/Misc/ClockworkAssembly.cs","Tinkering threshold; follower-slot requirement; scalar calculation; resource list and quantities; consume-order result messages; golem creation/control behavior; assembly deletion behavior; serialization layout and versioning; region/map behavior; economy/reward tuning; staff/access behavior; folder/namespace/type/package layout; project files; XML/config/data files.","POST-BATCH-Y gate hits for ClockworkAssembly.cs=0; active overlay ClockworkAssembly matches=0; no gated approval crossed.","NotRequiredForNonGatedTarget","None beyond normal POST-BATCH-Y preflight.","/goal SOURCE-BATCH-006 ClockworkAssembly Guard Repair","Yes","2026-06-16T11:29:34.9621783-05:00","Implemented and closed in docs/codebase-audit/outputs/source-batch-006-clockworkassembly-guard-repair-closeout.md."
"SOURCE-BATCH-INTAKE","SOURCE-BATCH-007","SourceBatchCommitted","InterviewComplete","Add stale/null/backpack guards to UnusualDyes OnDoubleClick and DyeTarget.OnTarget before dye/pigment target mutation or dye consumption.","Items:Misc / Dyes / UnusualDyes","Data/Scripts/Items/Misc/Dyes/UnusualDyes.cs","DyeColor persistence; randomized jar names and hues; DyeTub.Redyable behavior; BlackDyeTub rejection behavior; MagicPigment hue assignment behavior; RevealingAction; sound 0x23E; empty Jar return; dye Consume semantics; localized messages; target eligibility except stale/deleted/null safety; serialization layout and versioning; namespace/type/file layout; project files; XML/config/data files; staff/access behavior; economy/reward tuning; region/map behavior; reorganization state.","POST-BATCH-Y gate hits for UnusualDyes.cs=0; active overlay UnusualDyes matches=0; no gated approval crossed.","NotRequiredForNonGatedTarget","None beyond normal POST-BATCH-Y preflight.","/goal SOURCE-BATCH-007 UnusualDyes Target Guard Repair","Yes","2026-06-16T14:53:11.7853163-05:00","Implemented and closed in docs/codebase-audit/outputs/source-batch-007-unusualdyes-target-guard-repair-closeout.md."
"SOURCE-BATCH-INTAKE","SOURCE-BATCH-008","SourceBatchCommitted","InterviewComplete","Add stale/null/backpack guards to VelocityDeed OnDoubleClick and VelocityTargetx.OnTarget before deed or target mutation and deed deletion.","Items:Magical / VelocityDeed","Data/Scripts/Items/Magical/VelocityDeed.cs","BaseRanged-only target eligibility; +10 Velocity increment; existing success/failure messages; deed RootParent ownership rule; deed Delete semantics; serialization layout and versioning; namespace/type/file layout; project/config/data files.","POST-BATCH-Y gate hits for VelocityDeed.cs=0; active overlay VelocityDeed matches=0; no gated approval crossed.","NotRequiredForNonGatedTarget","None beyond normal POST-BATCH-Y preflight.","/goal SOURCE-BATCH-008 VelocityDeed Guard Repair","Yes","2026-06-16T18:08:44.8478282-05:00","Implemented and closed in docs/codebase-audit/outputs/source-batch-008-velocitydeed-guard-repair-closeout.md."
"SOURCE-BATCH-INTAKE","SOURCE-BATCH-009","SourceBatchCommitted","InterviewComplete","Add stale/null guard coverage to WeaponRenamingTool OnDoubleClick, TargetWeapon.OnTarget, Find(Mobile from), and InternalGump.OnResponse before mobile, NetState, tool, target weapon, relay, or backpack dereferences.","Items:Magical / WeaponRenamingTool","Data/Scripts/Items/Magical/WeaponRenamingTool.cs","RewardSystem.CheckIsUsableBy behavior; BaseWeapon target eligibility; InternalGump text entry flow; 64-character truncation; blank rename removal; localized messages; tool Delete behavior; IsRewardItem serialization; namespace/type/file layout; project/config/data files.","POST-BATCH-Y gate hits for WeaponRenamingTool.cs=0; active overlay WeaponRenamingTool matches=0; no gated approval crossed.","NotRequiredForNonGatedTarget","None beyond normal POST-BATCH-Y preflight.","/goal SOURCE-BATCH-009 WeaponRenamingTool Guard Repair","Yes","2026-06-16T18:14:26.8607304-05:00","Implemented and closed in docs/codebase-audit/outputs/source-batch-009-weaponrenamingtool-guard-repair-closeout.md."
"SOURCE-BATCH-INTAKE","SOURCE-BATCH-010","SourceBatchCommitted","InterviewComplete","Add stale/null guards to Scales OnDoubleClick and InternalTarget.OnTarget before source scales, mobile, target item root, or target item weight state dereferences.","Items:Misc / Scales","Data/Scripts/Items/Misc/Scales.cs","Target range; self-weigh rejection; RootParent awkward-location rule; movable-object rule; weight formatting; messages; serialization layout/versioning; namespace/type/file layout; project/config/data files.","POST-BATCH-Y gate hits for Scales.cs=0; active overlay Scales matches=0; no gated approval crossed.","NotRequiredForNonGatedTarget","None beyond normal POST-BATCH-Y preflight.","/goal SOURCE-BATCH-010 Scales Guard Repair","Yes","2026-06-16T18:18:35.5080479-05:00","Implemented and closed in docs/codebase-audit/outputs/source-batch-010-scales-guard-repair-closeout.md."
"SOURCE-BATCH-INTAKE","SOURCE-BATCH-011","SourceBatchCommitted","InterviewComplete","Add stale/null/backpack guards to MagicScissors OnDoubleClick and WearTarget.OnTarget before source scissors, mobile, target ownership, artifact policy, or transform state dereferences.","Items:Magical / MagicScissors","Data/Scripts/Items/Magical/MagicScissors.cs","Backpack-use message; target range; ownership rule; MyServerSettings.AlterArtifact policy; every item ID/layer/name transform; sound 0x248; success/failure messages; serialization layout/versioning; namespace/type/file layout; project/config/data files.","POST-BATCH-Y gate hits for MagicScissors.cs=0; active overlay MagicScissors matches=0; no gated approval crossed.","NotRequiredForNonGatedTarget","None beyond normal POST-BATCH-Y preflight.","/goal SOURCE-BATCH-011 MagicScissors Guard Repair","Yes","2026-06-16T18:22:39.1548451-05:00","Implemented and closed in docs/codebase-audit/outputs/source-batch-011-magicscissors-guard-repair-closeout.md."
"SOURCE-BATCH-INTAKE","SOURCE-BATCH-012","SourceBatchCommitted","InterviewComplete","Add stale/null/backpack guards to BalancingDeed OnDoubleClick and BalancingTarget.OnTarget before source deed, mobile, target ranged weapon, or deed deletion state dereferences.","Items:Magical / BalancingDeed","Data/Scripts/Items/Magical/BalancingDeed.cs","BaseRanged-only target eligibility; Balanced flag assignment; RootParent ownership rule; existing success/failure messages; deed Delete semantics; serialization layout/versioning; namespace/type/file layout; project/config/data files.","POST-BATCH-Y gate hits for BalancingDeed.cs=0; active overlay BalancingDeed matches=0; no gated approval crossed.","NotRequiredForNonGatedTarget","None beyond normal POST-BATCH-Y preflight.","/goal SOURCE-BATCH-012 BalancingDeed Guard Repair","Yes","2026-06-16T18:32:00.1198582-05:00","Implemented and closed in docs/codebase-audit/outputs/source-batch-012-balancingdeed-guard-repair-closeout.md."
"SOURCE-BATCH-INTAKE","SOURCE-BATCH-013","SourceBatchCommitted","InterviewComplete","Add stale/null/backpack guards to HydraTooth OnDoubleClick before mobile, DesignContext, backpack, spell construction, or Cast state is evaluated.","Items:Magical / HydraTooth","Data/Scripts/Items/Magical/HydraTooth.cs","DesignContext.Check behavior; backpack localized message 1042001; SummonSkeletonSpell construction; Cast behavior; item id/name/amount/stacking; serialization layout/versioning; namespace/type/file layout; project/config/data files.","POST-BATCH-Y gate hits for HydraTooth.cs=0; active overlay HydraTooth matches=0; no gated approval crossed.","NotRequiredForNonGatedTarget","None beyond normal POST-BATCH-Y preflight.","/goal SOURCE-BATCH-013 HydraTooth Guard Repair","Yes","2026-06-16T18:37:56.3208151-05:00","Implemented and closed in docs/codebase-audit/outputs/source-batch-013-hydratooth-guard-repair-closeout.md."
"SOURCE-BATCH-INTAKE","SOURCE-BATCH-014","SourceBatchCommitted","InterviewComplete","Add stale/null/backpack guards to MagicHammer OnDoubleClick and WearTarget.OnTarget before source hammer, mobile, target ownership, artifact policy, or transform state dereferences.","Items:Magical / MagicHammer","Data/Scripts/Items/Magical/MagicHammer.cs","Backpack-use message; target range; ownership rule; MyServerSettings.AlterArtifact policy; every item ID/name transform; weapon replacement/deletion behavior; sounds 0x541/0x233; success/failure messages; serialization layout/versioning; namespace/type/file layout; project/config/data files.","POST-BATCH-Y gate hits for MagicHammer.cs=0; active overlay MagicHammer matches=0; no gated approval crossed.","NotRequiredForNonGatedTarget","None beyond normal POST-BATCH-Y preflight.","/goal SOURCE-BATCH-014 MagicHammer Guard Repair","Yes","2026-06-16T18:43:10.0827741-05:00","Implemented and closed in docs/codebase-audit/outputs/source-batch-014-magichammer-guard-repair-closeout.md."
"SOURCE-BATCH-INTAKE","SOURCE-BATCH-015","SourceBatchCommitted","InterviewComplete","Add stale/null/backpack guards to BookofDead OnDoubleClick before mobile, skills, follower state, resource consumption, or corpse creation state is evaluated.","Items:Misc / BookofDead","Data/Scripts/Items/Misc/Bodies/LivingDead/BookofDead.cs","Backpack localized message 1042001; Necromancy threshold; Spiritualism scalar/siphon/empowerment math; follower requirement; resource types and quantities; ConsumeTotal result messages; corpse creation/control behavior; serialization layout/versioning; namespace/type/file layout; project/config/data files.","POST-BATCH-Y gate hits for BookofDead.cs=0; active overlay BookofDead matches=0; no gated approval crossed.","NotRequiredForNonGatedTarget","None beyond normal POST-BATCH-Y preflight.","/goal SOURCE-BATCH-015 BookofDead Guard Repair","Yes","2026-06-16T18:47:37.0216166-05:00","Implemented and closed in docs/codebase-audit/outputs/source-batch-015-bookofdead-guard-repair-closeout.md."
"SOURCE-BATCH-INTAKE","SOURCE-BATCH-016","SourceBatchCommitted","InterviewComplete","Add stale/null/backpack guards to MagicPigment OnDoubleClick and DyeTarget.OnTarget before source pigment, mobile, target ownership/backpack, or hue mutation state dereferences.","Items:Misc / Dyes / MagicPigment","Data/Scripts/Items/Misc/Dyes/MagicPigment.cs","Randomized pigment names; backpack-use message; target range; backpack-as-target rule; in-backpack paint rule; stackable/item ID exclusions; hue assignment including 0x2EF reset; RevealingAction; sound 0x23F; messages; serialization layout/versioning; namespace/type/file layout; project/config/data files.","POST-BATCH-Y gate hits for MagicPigment.cs=0; active overlay MagicPigment matches=0; no gated approval crossed.","NotRequiredForNonGatedTarget","None beyond normal POST-BATCH-Y preflight.","/goal SOURCE-BATCH-016 MagicPigment Guard Repair","Yes","2026-06-16T18:52:04.9029004-05:00","Implemented and closed in docs/codebase-audit/outputs/source-batch-016-magicpigment-guard-repair-closeout.md."
"SOURCE-BATCH-INTAKE","SOURCE-BATCH-017","SourceBatchCommitted","InterviewComplete","Add stale/null/backpack/gump-response guards to PromotionalToken OnDoubleClick and PromotionalTokenGump.OnResponse before mobile, NetState, token, bank box, reward creation, or token deletion state dereferences.","Items:Misc / PromotionalToken","Data/Scripts/Items/Misc/PromotionalToken.cs","OnDoubleClick pack message 1062334; PromotionalTokenGump layout/buttons/text; ButtonID 1 redemption path; CreateItemFor; BankBox.AddItem; TextDefinition.SendMessageTo; token Delete semantics; serialization layout/versioning; namespace/type/file layout; project/config/data files.","POST-BATCH-Y gate hits for PromotionalToken.cs=0; active overlay PromotionalToken matches=0; no gated approval crossed.","NotRequiredForNonGatedTarget","None beyond normal POST-BATCH-Y preflight.","/goal SOURCE-BATCH-017 PromotionalToken Guard Repair","Yes","2026-06-16T19:03:28.5856904-05:00","Implemented and closed in docs/codebase-audit/outputs/source-batch-017-promotionaltoken-guard-repair-closeout.md."
"SOURCE-BATCH-INTAKE","SOURCE-BATCH-018","SourceBatchCommitted","InterviewComplete","Add stale/null/backpack guards to MagicalDyes OnDoubleClick and DyeTarget.OnTarget before source dye, mobile, target backpack, hue mutation, Bottle return, or Consume state dereferences.","Items:Misc / Dyes / MagicalDyes","Data/Scripts/Items/Misc/Dyes/MagicalDyes.cs","Randomized dye names and hues; backpack-use message; target range; backpack-as-target rule; in-backpack dye rule; stackable/item ID exclusions; hue assignment including 0x2EF reset; RevealingAction; sound 0x23E; Bottle return; Consume semantics; messages; serialization layout/versioning; namespace/type/file layout; project/config/data files.","POST-BATCH-Y gate hits for MagicalDyes.cs=0; active overlay MagicalDyes matches=0; no gated approval crossed.","NotRequiredForNonGatedTarget","None beyond normal POST-BATCH-Y preflight.","/goal SOURCE-BATCH-018 MagicalDyes Guard Repair","Yes","2026-06-16T19:08:27.3028568-05:00","Implemented and closed in docs/codebase-audit/outputs/source-batch-018-magicaldyes-guard-repair-closeout.md."
"SOURCE-BATCH-INTAKE","SOURCE-BATCH-019","SourceBatchCommitted","InterviewComplete","Add stale/null/source-tub/target guards to AllDyeTubsArmor OnDoubleClick, DoPack, DoOut, and AllDyeTubsArmorTarget.OnTarget before mobile, tub, target item, or charge state dereferences.","Items:Misc / Dyes / AllDyeTubsArmor","Data/Scripts/Items/Misc/Dyes/AllDyeTubsArmor.cs","AllowPack behavior; target range; armor/shield eligibility; 100 gold cost behavior; charged tub deletion/charge decrement behavior; hue assignment; sound 0x23F; messages; serialization layout/versioning; namespace/type/file layout; project/config/data files.","POST-BATCH-Y gate hits for AllDyeTubsArmor.cs=0; active overlay AllDyeTubsArmor matches=0; no gated approval crossed.","NotRequiredForNonGatedTarget","None beyond normal POST-BATCH-Y preflight.","/goal SOURCE-BATCH-019 AllDyeTubsArmor Guard Repair","Yes","2026-06-16T19:13:19.7195952-05:00","Implemented and closed in docs/codebase-audit/outputs/source-batch-019-alldyetubsarmor-guard-repair-closeout.md."
"SOURCE-BATCH-INTAKE","SOURCE-BATCH-020","SourceBatchCommitted","InterviewComplete","Add stale/null/source-tub/target guards to AllDyeTubsWeapon OnDoubleClick, DoPack, DoOut, and AllDyeTubsWeaponTarget.OnTarget before mobile, tub, target item, or charge state dereferences.","Items:Misc / Dyes / AllDyeTubsWeapon","Data/Scripts/Items/Misc/Dyes/AllDyeTubsWeapon.cs","AllowPack behavior; target range; weapon eligibility; 100 gold cost behavior; charged tub deletion/charge decrement behavior; hue assignment; sound 0x23F; messages; serialization layout/versioning; namespace/type/file layout; project/config/data files.","POST-BATCH-Y gate hits for AllDyeTubsWeapon.cs=0; active overlay AllDyeTubsWeapon matches=0; no gated approval crossed.","NotRequiredForNonGatedTarget","None beyond normal POST-BATCH-Y preflight.","/goal SOURCE-BATCH-020 AllDyeTubsWeapon Guard Repair","Yes","2026-06-16T19:19:55.8367442-05:00","Implemented and closed in docs/codebase-audit/outputs/source-batch-020-alldyetubsweapon-guard-repair-closeout.md."
"SOURCE-BATCH-INTAKE","SOURCE-BATCH-021","SourceBatchCommitted","InterviewComplete","Add stale/null/source-tub/target guards to AllDyeTubsFurniture OnDoubleClick, DoPack, DoOut, and AllDyeTubsFurnitureTarget.OnTarget before mobile, tub, target item, or charge state dereferences.","Items:Misc / Dyes / AllDyeTubsFurniture","Data/Scripts/Items/Misc/Dyes/AllDyeTubsFurniture.cs","AllowPack behavior; target range; furniture eligibility; 100 gold cost behavior; charged tub deletion/charge decrement behavior; hue assignment; sound 0x23F; messages; serialization layout/versioning; namespace/type/file layout; project/config/data files.","POST-BATCH-Y gate hits for AllDyeTubsFurniture.cs=0; active overlay AllDyeTubsFurniture matches=0; no gated approval crossed.","NotRequiredForNonGatedTarget","None beyond normal POST-BATCH-Y preflight.","/goal SOURCE-BATCH-021 AllDyeTubsFurniture Guard Repair","Yes","2026-06-16T19:24:10.9554142-05:00","Implemented and closed in docs/codebase-audit/outputs/source-batch-021-alldyetubsfurniture-guard-repair-closeout.md."
"SOURCE-BATCH-INTAKE","SOURCE-BATCH-022","SourceBatchCommitted","InterviewComplete","Add stale/null/source-tub/target guards to AllDyeTubsBookRune OnDoubleClick, DoPack, DoOut, and AllDyeTubsBookRuneTarget.OnTarget before mobile, tub, target item, or charge state dereferences.","Items:Misc / Dyes / AllDyeTubsBookRune","Data/Scripts/Items/Misc/Dyes/AllDyeTubsBookRune.cs","AllowPack behavior; target range; Runebook eligibility; 100 gold cost behavior; charged tub deletion/charge decrement behavior; hue assignment; sound 0x23F; messages; serialization layout/versioning; namespace/type/file layout; project/config/data files.","POST-BATCH-Y gate hits for AllDyeTubsBookRune.cs=0; active overlay AllDyeTubsBookRune matches=0; no gated approval crossed.","NotRequiredForNonGatedTarget","None beyond normal POST-BATCH-Y preflight.","/goal SOURCE-BATCH-022 AllDyeTubsBookRune Guard Repair","Yes","2026-06-16T19:31:49.9389645-05:00","Implemented and closed in docs/codebase-audit/outputs/source-batch-022-alldyetubsbookrune-guard-repair-closeout.md."
"SOURCE-BATCH-INTAKE","SOURCE-BATCH-023","SourceBatchCommitted","InterviewComplete","Add stale/null/source-tub/target guards to AllDyeTubsBookSpell OnDoubleClick, DoPack, DoOut, and AllDyeTubsBookSpellTarget.OnTarget before mobile, tub, target item, or charge state dereferences.","Items:Misc / Dyes / AllDyeTubsBookSpell","Data/Scripts/Items/Misc/Dyes/AllDyeTubsBookSpell.cs","AllowPack behavior; target range; Spellbook eligibility; 100 gold cost behavior; charged tub deletion/charge decrement behavior; hue assignment; sound 0x23F; messages; serialization layout/versioning; namespace/type/file layout; project/config/data files.","POST-BATCH-Y gate hits for AllDyeTubsBookSpell.cs=0; active overlay AllDyeTubsBookSpell matches=0; no gated approval crossed.","NotRequiredForNonGatedTarget","None beyond normal POST-BATCH-Y preflight.","/goal SOURCE-BATCH-023 AllDyeTubsBookSpell Guard Repair","Yes","2026-06-16T19:35:56.9822424-05:00","Implemented and closed in docs/codebase-audit/outputs/source-batch-023-alldyetubsbookspell-guard-repair-closeout.md."
"SOURCE-BATCH-INTAKE","SOURCE-BATCH-024","SourceBatchCommitted","InterviewComplete","Add stale/null/source-tub/target guards to AllDyeTubsMountEthereal OnDoubleClick, DoPack, DoOut, and AllDyeTubsMountEtherealTarget.OnTarget before mobile, tub, target item, or charge state dereferences.","Items:Misc / Dyes / AllDyeTubsMountEthereal","Data/Scripts/Items/Misc/Dyes/AllDyeTubsMountEthereal.cs","AllowPack behavior; target range; EtherealMount eligibility; 100 gold cost behavior; charged tub deletion/charge decrement behavior; hue assignment; sound 0x23F; messages; serialization layout/versioning; namespace/type/file layout; project/config/data files.","POST-BATCH-Y gate hits for AllDyeTubsMountEthereal.cs=0; active overlay AllDyeTubsMountEthereal matches=0; no gated approval crossed.","NotRequiredForNonGatedTarget","None beyond normal POST-BATCH-Y preflight.","/goal SOURCE-BATCH-024 AllDyeTubsMountEthereal Guard Repair","Yes","2026-06-16T19:40:06.2516530-05:00","Implemented and closed in docs/codebase-audit/outputs/source-batch-024-alldyetubsmountethereal-guard-repair-closeout.md."
"SOURCE-BATCH-INTAKE","SOURCE-BATCH-025","SourceBatchCommitted","InterviewComplete","Add stale/null/backpack/source-deed/target guards to LuckyHorseShoes OnDoubleClick and LuckTarget.OnTarget before mobile backpack state, source deed state, target item state, Attributes.Luck, or deed deletion is evaluated.","Items:Magical / LuckyHorseShoes","Data/Scripts/Items/Magical/LuckyHorseShoes.cs","BaseWeapon, BaseClothing, BaseJewel, BaseArmor, and Spellbook eligibility; RootParent ownership rule; plus 100 Luck increment; cap at 1000; messages; target range; deed Delete semantics; serialization layout/versioning; namespace/type/file layout; project/config/data files.","POST-BATCH-Y gate hits for LuckyHorseShoes.cs=0; active overlay LuckyHorseShoes matches=0; no gated approval crossed.","NotRequiredForNonGatedTarget","None beyond normal POST-BATCH-Y preflight.","/goal SOURCE-BATCH-025 LuckyHorseShoes Guard Repair","Yes","2026-06-16T20:06:00-05:00","Implemented and closed in docs/codebase-audit/outputs/source-batch-025-luckyhorseshoes-guard-repair-closeout.md."
"SOURCE-BATCH-INTAKE","SOURCE-BATCH-026","SourceBatchCommitted","InterviewComplete","Add stale/null/backpack/source-deed/target guards to SlayerDeed OnDoubleClick and SlayerTarget.OnTarget before reading SlayerType, resolving slayer names, target item state, or deleting the deed.","Items:Magical / SlayerDeed","Data/Scripts/Items/Magical/SlayerDeed.cs","BaseWeapon, BaseInstrument, and Spellbook eligibility; HolyManSpellbook exclusion; GetDeedSlayer mapping; Slayer then Slayer2 assignment order; existing messages including current wording; target range; deed Delete semantics; serialization layout/versioning; namespace/type/file layout; project/config/data files.","POST-BATCH-Y gate hits for SlayerDeed.cs=0; active overlay SlayerDeed matches=0; no gated approval crossed.","NotRequiredForNonGatedTarget","None beyond normal POST-BATCH-Y preflight.","/goal SOURCE-BATCH-026 SlayerDeed Guard Repair","Yes","2026-06-16T20:10:00-05:00","Implemented and closed in docs/codebase-audit/outputs/source-batch-026-slayerdeed-guard-repair-closeout.md."
"SOURCE-BATCH-INTAKE","SOURCE-BATCH-027","SourceBatchCommitted","InterviewComplete","Add stale/null/backpack/source-manual/target guards to ArtifactManual OnDoubleClick, BookTarget.OnTarget, and LookupTheItem before mobile backpack state, source manual state, target item state, charge decrement, reward creation, item transfer, or deletion is evaluated.","Items:Magical / ArtifactManual","Data/Scripts/Items/Magical/ArtifactManual.cs","Charges behavior; UnknownReagent, UnknownScroll, UnknownLiquid, UnknownKeg, UnknownWand, UnidentifiedArtifact, and UnidentifiedItem outcomes; item transfer and deletion semantics; messages; target range; serialization layout/versioning; namespace/type/file layout; project/config/data files.","POST-BATCH-Y gate hits for ArtifactManual.cs=0; active overlay ArtifactManual matches=0; no gated approval crossed.","NotRequiredForNonGatedTarget","None beyond normal POST-BATCH-Y preflight.","/goal SOURCE-BATCH-027 ArtifactManual Guard Repair","Yes","2026-06-16T20:14:00-05:00","Implemented and closed in docs/codebase-audit/outputs/source-batch-027-artifactmanual-guard-repair-closeout.md."
"SOURCE-BATCH-INTAKE","SOURCE-BATCH-028","SourceBatchCommitted","InterviewComplete","Add stale/null/mobile/source-tub/target guards to DyeTub OnDoubleClick and InternalTarget.OnTarget before mobile range checks, target assignment, source tub state, target item state, backpack containment, or hue mutation is evaluated.","Items:Misc / Dyes / DyeTub","Data/Scripts/Items/Misc/Dyes/DyeTub.cs","DyeTub serialization layout/versioning; TargetMessage and FailMessage behavior; target range; IDyable.Dye behavior; DyeTub.Redyable behavior; furniture locked-down/co-owner behavior; Runebook and RecallRune hue handling; ILevelable and IGiftable hue handling; hollow book, ribbon tree, orb, addon deed, monster statuette, armor, and weapon eligibility; hue assignment; sound 0x23E; localized messages; namespace/type/file layout; project files; XML/config/data files.","POST-BATCH-Y gate hits for DyeTub.cs=0; active overlay DyeTub matches=0; no gated approval crossed.","NotRequiredForNonGatedTarget","None beyond normal POST-BATCH-Y and active-overlay preflight.","/goal SOURCE-BATCH-028 DyeTub Guard Repair","Yes","2026-06-16T20:09:30-05:00","Implemented and closed in docs/codebase-audit/outputs/source-batch-028-dyetub-guard-repair-closeout.md."
"SOURCE-BATCH-INTAKE","SOURCE-BATCH-029","SourceBatchCommitted","InterviewComplete","Add stale/null/mobile/source-key/backpack/target guards to Key OnDoubleClick, RenamePrompt.OnResponse, UnlockTarget.OnTarget, and CopyTarget.OnTarget before mobile backpack state, key state, target lock state, or copy-destruction logic is evaluated.","Items:Misc / Key","Data/Scripts/Items/Misc/Key.cs","KeyValue, Link, MaxRange, UseLocks, RenamePrompt flow, unlock target behavior, copy target behavior, 10 percent key destruction chance, messages, CheckLOS=false behavior, serialization layout/versioning, namespace/type/file layout, project files, XML/config/data files.","POST-BATCH-Y gate hits for Key.cs=0; active overlay Key matches=0; no gated approval crossed.","NotRequiredForNonGatedTarget","None beyond normal POST-BATCH-Y and active-overlay preflight.","/goal SOURCE-BATCH-029 Key Interaction Guard Repair","Yes","2026-06-16T20:14:30-05:00","Implemented and closed in docs/codebase-audit/outputs/source-batch-029-key-interaction-guard-repair-closeout.md."
"SOURCE-BATCH-INTAKE","SOURCE-BATCH-030","SourceBatchCommitted","InterviewComplete","Add stale/null/mobile/backpack guards to PuzzleCube OnDoubleClick before backpack state or puzzle state is evaluated.","Items:Misc / Games / PuzzleCube","Data/Scripts/Items/Misc/Games/PuzzleCube.cs","Solved and scrambled item IDs 0x202A and 0x202B; random success check; sound 0x04B; messages; serialization layout/versioning; namespace/type/file layout; project files; XML/config/data files.","POST-BATCH-Y gate hits for PuzzleCube.cs=0; active overlay PuzzleCube matches=0; no gated approval crossed.","NotRequiredForNonGatedTarget","None beyond normal POST-BATCH-Y and active-overlay preflight.","/goal SOURCE-BATCH-030 PuzzleCube Guard Repair","Yes","2026-06-16T20:18:00-05:00","Implemented and closed in docs/codebase-audit/outputs/source-batch-030-puzzlecube-guard-repair-closeout.md."
"SOURCE-BATCH-INTAKE","SOURCE-BATCH-031","SourceBatchCommitted","InterviewComplete","Add stale/null/mobile/deleted-item guards to Dice4 OnDoubleClick and OnTelekinesis before range checks, particle effects, sound, or Roll(from) dereferences mobile state.","Items:Misc / Games / DandD Dice4","Data/Scripts/Items/Misc/Games/DandD/Dice4.cs","ItemID 0x301C; name and weight; AddNameProperties labels; range 2; telekinesis effects and sound 0x1F5; Roll overhead message; Utility.Random(1, 4); sound 0x34; serialization layout/versioning; namespace/type/file layout; project files; XML/config/data files.","POST-BATCH-Y gate hits for Dice4.cs=0; active overlay Dice4 matches=0; no gated approval crossed.","NotRequiredForNonGatedTarget","None beyond normal POST-BATCH-Y and active-overlay preflight.","/goal SOURCE-BATCH-031 Dice4 Guard Repair","Yes","2026-06-16T20:25:00-05:00","Implemented and closed in docs/codebase-audit/outputs/source-batch-031-dice4-guard-repair-closeout.md."
"SOURCE-BATCH-INTAKE","SOURCE-BATCH-032","SourceBatchCommitted","InterviewComplete","Add stale/null/mobile/deleted-item guards to Dice6 OnDoubleClick and OnTelekinesis before range checks, particle effects, sound, or Roll(from) dereferences mobile state.","Items:Misc / Games / DandD Dice6","Data/Scripts/Items/Misc/Games/DandD/Dice6.cs","ItemID 0x3018; name and weight; AddNameProperties labels; range 2; telekinesis effects and sound 0x1F5; Roll overhead message; Utility.Random(1, 6); sound 0x34; serialization layout/versioning; namespace/type/file layout; project files; XML/config/data files.","POST-BATCH-Y gate hits for Dice6.cs=0; active overlay Dice6 matches=0; no gated approval crossed.","NotRequiredForNonGatedTarget","None beyond normal POST-BATCH-Y and active-overlay preflight.","/goal SOURCE-BATCH-032 Dice6 Guard Repair","Yes","2026-06-16T20:28:00-05:00","Implemented and closed in docs/codebase-audit/outputs/source-batch-032-dice6-guard-repair-closeout.md."
"SOURCE-BATCH-INTAKE","SOURCE-BATCH-033","SourceBatchCommitted","InterviewComplete","Add stale/null/mobile/deleted-item guards to Dice8 OnDoubleClick and OnTelekinesis before range checks, particle effects, sound, or Roll(from) dereferences mobile state.","Items:Misc / Games / DandD Dice8","Data/Scripts/Items/Misc/Games/DandD/Dice8.cs","ItemID 0x3019; name and weight; AddNameProperties labels; range 2; telekinesis effects and sound 0x1F5; Roll overhead message; Utility.Random(1, 8); sound 0x34; serialization layout/versioning; namespace/type/file layout; project files; XML/config/data files.","POST-BATCH-Y gate hits for Dice8.cs=0; active overlay Dice8 matches=0; no gated approval crossed.","NotRequiredForNonGatedTarget","None beyond normal POST-BATCH-Y and active-overlay preflight.","/goal SOURCE-BATCH-033 Dice8 Guard Repair","Yes","2026-06-16T20:31:00-05:00","Implemented and closed in docs/codebase-audit/outputs/source-batch-033-dice8-guard-repair-closeout.md."
"SOURCE-BATCH-INTAKE","SOURCE-BATCH-034","SourceBatchCommitted","InterviewComplete","Add stale/null/mobile/deleted-item guards to Dice10 OnDoubleClick and OnTelekinesis before range checks, particle effects, sound, or Roll(from) dereferences mobile state.","Items:Misc / Games / DandD Dice10","Data/Scripts/Items/Misc/Games/DandD/Dice10.cs","ItemID 0x301B; name and weight; AddNameProperties labels; range 2; telekinesis effects and sound 0x1F5; Roll overhead message; Utility.Random(1, 10); sound 0x34; serialization layout/versioning; namespace/type/file layout; project files; XML/config/data files.","POST-BATCH-Y gate hits for Dice10.cs=0; active overlay Dice10 matches=0; no gated approval crossed.","NotRequiredForNonGatedTarget","None beyond normal POST-BATCH-Y and active-overlay preflight.","/goal SOURCE-BATCH-034 Dice10 Guard Repair","Yes","2026-06-16T20:34:00-05:00","Implemented and closed in docs/codebase-audit/outputs/source-batch-034-dice10-guard-repair-closeout.md."
"SOURCE-BATCH-INTAKE","SOURCE-BATCH-035","SourceBatchCommitted","InterviewComplete","Add stale/null/mobile/deleted-item guards to Dice12 OnDoubleClick and OnTelekinesis before range checks, particle effects, sound, or Roll(from) dereferences mobile state.","Items:Misc / Games / DandD Dice12","Data/Scripts/Items/Misc/Games/DandD/Dice12.cs","ItemID 0x301D; name and weight; AddNameProperties labels; range 2; telekinesis effects and sound 0x1F5; Roll overhead message; Utility.Random(1, 12); sound 0x34; serialization layout/versioning; namespace/type/file layout; project/config/data files.","POST-BATCH-Y gate hits for Dice12.cs=0; active overlay Dice12 matches=0; no gated approval crossed.","NotRequiredForNonGatedTarget","None beyond normal POST-BATCH-Y and active-overlay preflight.","/goal SOURCE-BATCH-035 Dice12 Guard Repair","Yes","2026-06-16T20:39:00-05:00","Implemented and closed in docs/codebase-audit/outputs/source-batch-035-dice12-guard-repair-closeout.md."
"SOURCE-BATCH-INTAKE","SOURCE-BATCH-036","SourceBatchCommitted","InterviewComplete","Add stale/null/mobile/deleted-item guards to Dice20 OnDoubleClick and OnTelekinesis before range checks, particle effects, sound, or Roll(from) dereferences mobile state.","Items:Misc / Games / DandD Dice20","Data/Scripts/Items/Misc/Games/DandD/Dice20.cs","ItemID 0x301A; name and weight; AddNameProperties labels; range 2; telekinesis effects and sound 0x1F5; Roll overhead message; Utility.Random(1, 20); sound 0x34; serialization layout/versioning; namespace/type/file layout; project/config/data files.","POST-BATCH-Y gate hits for Dice20.cs=0; active overlay Dice20 matches=0; no gated approval crossed.","NotRequiredForNonGatedTarget","None beyond normal POST-BATCH-Y and active-overlay preflight.","/goal SOURCE-BATCH-036 Dice20 Guard Repair","Yes","2026-06-16T20:44:00-05:00","Implemented and closed in docs/codebase-audit/outputs/source-batch-036-dice20-guard-repair-closeout.md."
"SOURCE-BATCH-INTAKE","SOURCE-BATCH-037","SourceBatchCommitted","InterviewComplete","Add stale/null/mobile/deleted-item guards to EverlastingBottle OnDoubleClick before assigning thirst, sending messages, or playing sound.","Items:Magical / Artifacts / Minor / EverlastingBottle","Data/Scripts/Items/Magical/Artifacts/Minor/EverlastingBottle.cs","ItemID 0x2827; Hue 0x849; Name Everlasting Bottle; Artefact label; Thirst=20; drink refill message; Utility.RandomList(0x30, 0x2D6); serialization layout/versioning; namespace/type/file layout; project/config/data files.","POST-BATCH-Y gate hits for EverlastingBottle.cs=0; active overlay EverlastingBottle matches=0; no gated approval crossed.","NotRequiredForNonGatedTarget","None beyond normal POST-BATCH-Y and active-overlay preflight.","/goal SOURCE-BATCH-037 EverlastingBottle Guard Repair","Yes","2026-06-16T20:55:00-05:00","Implemented and closed in docs/codebase-audit/outputs/source-batch-037-everlastingbottle-guard-repair-closeout.md."
"SOURCE-BATCH-INTAKE","SOURCE-BATCH-038","SourceBatchCommitted","InterviewComplete","Add stale/null/mobile/deleted-item guards to EverlastingLoaf OnDoubleClick before assigning hunger, sending messages, playing sound, or animating.","Items:Magical / Artifacts / Minor / EverlastingLoaf","Data/Scripts/Items/Magical/Artifacts/Minor/EverlastingLoaf.cs","ItemID 0x136F; Hue 0; Name Everlasting Loaf; Artefact label; Hunger=20; bite/reform message; Utility.Random(0x3A, 3); human/not-mounted animation 34; serialization layout/versioning; namespace/type/file layout; project/config/data files.","POST-BATCH-Y gate hits for EverlastingLoaf.cs=0; active overlay EverlastingLoaf matches=0; no gated approval crossed.","NotRequiredForNonGatedTarget","None beyond normal POST-BATCH-Y and active-overlay preflight.","/goal SOURCE-BATCH-038 EverlastingLoaf Guard Repair","Yes","2026-06-16T20:59:00-05:00","Implemented and closed in docs/codebase-audit/outputs/source-batch-038-everlastingloaf-guard-repair-closeout.md."
"SOURCE-BATCH-INTAKE","SOURCE-BATCH-039","SourceBatchCommitted","InterviewComplete","Add stale/null/mobile/deleted-item guards to MusicBox OnDoubleClick before sending music packets/messages or advancing Mplay state.","Items:Misc / MusicBox","Data/Scripts/Items/Misc/MusicBox.cs","Name Lute of Many Songs; Mplay property; all PlayMusic.GetInstance calls and message labels; Mplay increments and reset to 1; serialization layout/versioning; namespace/type/file layout; project/config/data files.","POST-BATCH-Y gate hits for MusicBox.cs=0; active overlay MusicBox matches=0; no gated approval crossed.","NotRequiredForNonGatedTarget","None beyond normal POST-BATCH-Y and active-overlay preflight.","/goal SOURCE-BATCH-039 MusicBox Guard Repair","Yes","2026-06-16T21:04:00-05:00","Implemented and closed in docs/codebase-audit/outputs/source-batch-039-musicbox-guard-repair-closeout.md."
"SOURCE-BATCH-INTAKE","SOURCE-BATCH-040","SourceBatchCommitted","InterviewComplete","Add stale/null/mobile/deleted-item guards to RewardBlackDyeTub OnDoubleClick before RewardSystem.CheckIsUsableBy or base.OnDoubleClick.","Items:Misc / Dyes / RewardBlackDyeTub","Data/Scripts/Items/Misc/Dyes/RewardBlackDyeTub.cs","LabelNumber 1006008; Hue and DyedHue 0x0001; Redyable false; blessed loot; RewardSystem.CheckIsUsableBy; base.OnDoubleClick; IsRewardItem serialization; namespace/type/file layout; project/config/data files.","POST-BATCH-Y gate hits for RewardBlackDyeTub.cs=0; active overlay RewardBlackDyeTub matches=0; no gated approval crossed.","NotRequiredForNonGatedTarget","None beyond normal POST-BATCH-Y and active-overlay preflight.","/goal SOURCE-BATCH-040 RewardBlackDyeTub Guard Repair","Yes","2026-06-16T21:15:00-05:00","Implemented and closed in docs/codebase-audit/outputs/source-batch-040-rewardblackdyetub-guard-repair-closeout.md."
"SOURCE-BATCH-INTAKE","SOURCE-BATCH-041","SourceBatchCommitted","InterviewComplete","Add stale/null/mobile/deleted-item guards to SpecialDyeTub OnDoubleClick before RewardSystem.CheckIsUsableBy or base.OnDoubleClick.","Items:Misc / Dyes / SpecialDyeTub","Data/Scripts/Items/Misc/Dyes/SpecialDyeTub.cs","CustomHuePicker.SpecialDyeTub; LabelNumber 1041285; blessed loot; RewardSystem.CheckIsUsableBy; base.OnDoubleClick; IsRewardItem serialization; namespace/type/file layout; project/config/data files.","POST-BATCH-Y gate hits for SpecialDyeTub.cs=0; active overlay SpecialDyeTub matches=0; no gated approval crossed.","NotRequiredForNonGatedTarget","None beyond normal POST-BATCH-Y and active-overlay preflight.","/goal SOURCE-BATCH-041 SpecialDyeTub Guard Repair","Yes","2026-06-16T21:19:00-05:00","Implemented and closed in docs/codebase-audit/outputs/source-batch-041-specialdyetub-guard-repair-closeout.md."
"SOURCE-BATCH-INTAKE","SOURCE-BATCH-042","SourceBatchCommitted","InterviewComplete","Add stale/null/mobile/deleted-item guards to LeatherDyeTub OnDoubleClick before RewardSystem.CheckIsUsableBy or base.OnDoubleClick.","Items:Misc / Dyes / LeatherDyeTub","Data/Scripts/Items/Misc/Dyes/LeatherDyeTub.cs","AllowDyables false; AllowLeather true; TargetMessage 1042416; FailMessage 1042418; LabelNumber 1041284; CustomHuePicker.LeatherDyeTub; RewardSystem.CheckIsUsableBy; base.OnDoubleClick; IsRewardItem serialization; namespace/type/file layout; project/config/data files.","POST-BATCH-Y gate hits for LeatherDyeTub.cs=0; active overlay LeatherDyeTub matches=0; no gated approval crossed.","NotRequiredForNonGatedTarget","None beyond normal POST-BATCH-Y and active-overlay preflight.","/goal SOURCE-BATCH-042 LeatherDyeTub Guard Repair","Yes","2026-06-16T21:23:00-05:00","Implemented and closed in docs/codebase-audit/outputs/source-batch-042-leatherdyetub-guard-repair-closeout.md."
"SOURCE-BATCH-INTAKE","SOURCE-BATCH-043","SourceBatchCommitted","InterviewComplete","Add stale/null/mobile/deleted-item guards to FurnitureDyeTub OnDoubleClick before RewardSystem.CheckIsUsableBy or base.OnDoubleClick.","Items:Misc / Dyes / FurnitureDyeTub","Data/Scripts/Items/Misc/Dyes/FurnitureDyeTub.cs","AllowDyables false; AllowFurniture true; TargetMessage 501019; FailMessage 501021; LabelNumber 1041246; RewardSystem.CheckIsUsableBy; base.OnDoubleClick; IsRewardItem serialization; LootType blessed fallback; namespace/type/file layout; project/config/data files.","POST-BATCH-Y gate hits for FurnitureDyeTub.cs=0; active overlay FurnitureDyeTub matches=0; no gated approval crossed.","NotRequiredForNonGatedTarget","None beyond normal POST-BATCH-Y and active-overlay preflight.","/goal SOURCE-BATCH-043 FurnitureDyeTub Guard Repair","Yes","2026-06-16T21:27:00-05:00","Implemented and closed in docs/codebase-audit/outputs/source-batch-043-furnituredyetub-guard-repair-closeout.md."
"SOURCE-BATCH-INTAKE","SOURCE-BATCH-044","SourceBatchCommitted","InterviewComplete","Add stale/null/mobile/deleted-item guards to RunebookDyeTub OnDoubleClick before RewardSystem.CheckIsUsableBy or base.OnDoubleClick.","Items:Misc / Dyes / RunebookDyeTub","Data/Scripts/Items/Misc/Dyes/RunebookDyeTub.cs","AllowDyables false; AllowRunebooks true; TargetMessage 1049774; FailMessage 1049775; LabelNumber 1049740; CustomHuePicker.LeatherDyeTub; RewardSystem.CheckIsUsableBy; base.OnDoubleClick; IsRewardItem serialization; namespace/type/file layout; project/config/data files.","POST-BATCH-Y gate hits for RunebookDyeTub.cs=0; active overlay RunebookDyeTub matches=0; no gated approval crossed.","NotRequiredForNonGatedTarget","None beyond normal POST-BATCH-Y and active-overlay preflight.","/goal SOURCE-BATCH-044 RunebookDyeTub Guard Repair","Yes","2026-06-16T21:31:00-05:00","Implemented and closed in docs/codebase-audit/outputs/source-batch-044-runebookdyetub-guard-repair-closeout.md."
"SOURCE-BATCH-INTAKE","SOURCE-BATCH-045","SourceBatchCommitted","InterviewComplete","Add stale/null/mobile/deleted-item guards to StatuetteDyeTub OnDoubleClick before RewardSystem.CheckIsUsableBy or base.OnDoubleClick.","Items:Misc / Dyes / StatuetteDyeTub","Data/Scripts/Items/Misc/Dyes/StatuetteDyeTub.cs","AllowDyables false; AllowStatuettes true; TargetMessage 1049777; FailMessage 1049778; LabelNumber 1049741; CustomHuePicker.LeatherDyeTub; RewardSystem.CheckIsUsableBy; base.OnDoubleClick; IsRewardItem serialization; namespace/type/file layout; project/config/data files.","POST-BATCH-Y gate hits for StatuetteDyeTub.cs=0; active overlay StatuetteDyeTub matches=0; no gated approval crossed.","NotRequiredForNonGatedTarget","None beyond normal POST-BATCH-Y and active-overlay preflight.","/goal SOURCE-BATCH-045 StatuetteDyeTub Guard Repair","Yes","2026-06-16T21:32:00-05:00","Implemented and closed in docs/codebase-audit/outputs/source-batch-045-statuettedyetub-guard-repair-closeout.md."
"SOURCE-BATCH-INTAKE","SOURCE-BATCH-046","SourceBatchCommitted","InterviewComplete","Add stale/null/mobile/backpack/source-oil/target-item/oil-cloth guards to OilMetal OnDoubleClick and OilTarget.OnTarget.","Items:Potions / Oils / OilMetal","Data/Scripts/Items/Potions/Oils/OilMetal.cs","Blacksmith skill threshold 90; metal item eligibility; artifact rejection; oil cloth requirement and deletion; Bottle return; m_Oil.Consume; MorphingItem.MorphMyItem behavior; resource updates; messages; sound 0x23E; serialization layout/versioning; namespace/type/file layout; project/config/data files.","POST-BATCH-Y gate hits for OilMetal.cs=0; active overlay OilMetal matches=0; no gated approval crossed.","NotRequiredForNonGatedTarget","None beyond normal POST-BATCH-Y and active-overlay preflight.","/goal SOURCE-BATCH-046 OilMetal Guard Repair","Yes","2026-06-16T21:40:00-05:00","Implemented and closed in docs/codebase-audit/outputs/source-batch-046-oilmetal-guard-repair-closeout.md."
"SOURCE-BATCH-INTAKE","SOURCE-BATCH-047","SourceBatchCommitted","InterviewComplete","Add stale/null/mobile/backpack/source-oil/target-item/oil-cloth guards to OilLeather OnDoubleClick and OilTarget.OnTarget.","Items:Potions / Oils / OilLeather","Data/Scripts/Items/Potions/Oils/OilLeather.cs","Tailoring skill threshold 90; leather item eligibility; artifact rejection; oil cloth requirement and deletion; Bottle return; m_Oil.Consume; MorphingItem.MorphMyItem behavior; resource updates; messages; sound 0x23E; serialization layout/versioning; namespace/type/file layout; project/config/data files.","POST-BATCH-Y gate hits for OilLeather.cs=0; active overlay OilLeather matches=0; no gated approval crossed.","NotRequiredForNonGatedTarget","None beyond normal POST-BATCH-Y and active-overlay preflight.","/goal SOURCE-BATCH-047 OilLeather Guard Repair","Yes","2026-06-16T21:44:00-05:00","Implemented and closed in docs/codebase-audit/outputs/source-batch-047-oilleather-guard-repair-closeout.md."
"SOURCE-BATCH-INTAKE","SOURCE-BATCH-048","SourceBatchCommitted","InterviewComplete","Add stale/null/mobile/backpack/source-oil/target-item/oil-cloth guards to OilWood OnDoubleClick and OilTarget.OnTarget.","Items:Potions / Oils / OilWood","Data/Scripts/Items/Potions/Oils/OilWood.cs","Carpentry or bowcraft skill threshold 90; wood item eligibility; artifact rejection; oil cloth requirement and deletion; Bottle return; m_Oil.Consume; MorphingItem.MorphMyItem behavior; resource updates; messages; sound 0x23E; serialization layout/versioning; namespace/type/file layout; project/config/data files.","POST-BATCH-Y gate hits for OilWood.cs=0; active overlay OilWood matches=0; no gated approval crossed.","NotRequiredForNonGatedTarget","None beyond normal POST-BATCH-Y and active-overlay preflight.","/goal SOURCE-BATCH-048 OilWood Guard Repair","Yes","2026-06-16T21:48:00-05:00","Implemented and closed in docs/codebase-audit/outputs/source-batch-048-oilwood-guard-repair-closeout.md."
"SOURCE-BATCH-INTAKE","SOURCE-BATCH-049","SourceBatchCommitted","InterviewComplete","Add stale/null/mobile/backpack/source-oil/target-item/oil-cloth guards to OilAmethyst OnDoubleClick and OilTarget.OnTarget.","Items:Potions / Oils / OilAmethyst","Data/Scripts/Items/Potions/Oils/OilAmethyst.cs","Blacksmith skill threshold 90; metal item eligibility; artifact rejection; oil cloth requirement and deletion; Bottle return; m_Oil.Consume; MorphingItem.MorphMyItem behavior; resource updates; messages; sound 0x23E; serialization layout/versioning; namespace/type/file layout; project/config/data files.","POST-BATCH-Y gate hits for OilAmethyst.cs=0; active overlay OilAmethyst matches=0; no gated approval crossed.","NotRequiredForNonGatedTarget","None beyond normal POST-BATCH-Y and active-overlay preflight.","/goal SOURCE-BATCH-049 OilAmethyst Guard Repair","Yes","2026-06-16T22:16:04-05:00","Implemented and closed in docs/codebase-audit/outputs/source-batch-049-oilamethyst-guard-repair-closeout.md."
"SOURCE-BATCH-INTAKE","SOURCE-BATCH-050","SourceBatchCommitted","InterviewComplete","Add stale/null/mobile/backpack/source-oil/target-item/oil-cloth guards to OilCaddellite OnDoubleClick and OilTarget.OnTarget.","Items:Potions / Oils / OilCaddellite","Data/Scripts/Items/Potions/Oils/OilCaddellite.cs","Blacksmith skill threshold 90; metal item eligibility; artifact rejection; oil cloth requirement and deletion; Bottle return; m_Oil.Consume; MorphingItem.MorphMyItem behavior; resource updates; messages; sound 0x23E; serialization layout/versioning; namespace/type/file layout; project/config/data files.","POST-BATCH-Y gate hits for OilCaddellite.cs=0; active overlay OilCaddellite matches=0; no gated approval crossed.","NotRequiredForNonGatedTarget","None beyond normal POST-BATCH-Y and active-overlay preflight.","/goal SOURCE-BATCH-050 OilCaddellite Guard Repair","Yes","2026-06-16T22:19:53-05:00","Implemented and closed in docs/codebase-audit/outputs/source-batch-050-oilcaddellite-guard-repair-closeout.md."
"SOURCE-BATCH-INTAKE","SOURCE-BATCH-051","SourceBatchCommitted","InterviewComplete","Add stale/null/mobile/backpack/source-oil/target-item/oil-cloth guards to OilEmerald OnDoubleClick and OilTarget.OnTarget.","Items:Potions / Oils / OilEmerald","Data/Scripts/Items/Potions/Oils/OilEmerald.cs","Blacksmith skill threshold 90; metal item eligibility; artifact rejection; oil cloth requirement and deletion; Bottle return; m_Oil.Consume; MorphingItem.MorphMyItem behavior; resource updates; messages; sound 0x23E; serialization layout/versioning; namespace/type/file layout; project/config/data files.","POST-BATCH-Y gate hits for OilEmerald.cs=0; active overlay OilEmerald matches=0; no gated approval crossed.","NotRequiredForNonGatedTarget","None beyond normal POST-BATCH-Y and active-overlay preflight.","/goal SOURCE-BATCH-051 OilEmerald Guard Repair","Yes","2026-06-16T22:23:48-05:00","Implemented and closed in docs/codebase-audit/outputs/source-batch-051-oilemerald-guard-repair-closeout.md."
"SOURCE-BATCH-INTAKE","SOURCE-BATCH-052","SourceBatchCommitted","InterviewComplete","Add stale/null/mobile/backpack/source-oil/target-item/oil-cloth guards to OilGarnet OnDoubleClick and OilTarget.OnTarget.","Items:Potions / Oils / OilGarnet","Data/Scripts/Items/Potions/Oils/OilGarnet.cs","Blacksmith skill threshold 90; metal item eligibility; artifact rejection; oil cloth requirement and deletion; Bottle return; m_Oil.Consume; MorphingItem.MorphMyItem behavior; resource updates; messages; sound 0x23E; serialization layout/versioning; namespace/type/file layout; project/config/data files.","POST-BATCH-Y gate hits for OilGarnet.cs=0; active overlay OilGarnet matches=0; no gated approval crossed.","NotRequiredForNonGatedTarget","None beyond normal POST-BATCH-Y and active-overlay preflight.","/goal SOURCE-BATCH-052 OilGarnet Guard Repair","Yes","2026-06-16T22:27:12-05:00","Implemented and closed in docs/codebase-audit/outputs/source-batch-052-oilgarnet-guard-repair-closeout.md."
"SOURCE-BATCH-INTAKE","SOURCE-BATCH-053","SourceBatchCommitted","InterviewComplete","Add stale/null/mobile/backpack/source-oil/target-item/oil-cloth guards to OilIce OnDoubleClick and OilTarget.OnTarget.","Items:Potions / Oils / OilIce","Data/Scripts/Items/Potions/Oils/OilIce.cs","Blacksmith skill threshold 90; metal item eligibility; artifact rejection; oil cloth requirement and deletion; Bottle return; m_Oil.Consume; MorphingItem.MorphMyItem behavior; resource updates; messages; sound 0x23E; serialization layout/versioning; namespace/type/file layout; project/config/data files.","POST-BATCH-Y gate hits for OilIce.cs=0; active overlay OilIce matches=0; no gated approval crossed.","NotRequiredForNonGatedTarget","None beyond normal POST-BATCH-Y and active-overlay preflight.","/goal SOURCE-BATCH-053 OilIce Guard Repair","Yes","2026-06-16T22:30:40-05:00","Implemented and closed in docs/codebase-audit/outputs/source-batch-053-oilice-guard-repair-closeout.md."
"SOURCE-BATCH-INTAKE","SOURCE-BATCH-054","SourceBatchCommitted","InterviewComplete","Add stale/null/mobile/backpack/source-oil/target-item/oil-cloth guards to OilJade OnDoubleClick and OilTarget.OnTarget.","Items:Potions / Oils / OilJade","Data/Scripts/Items/Potions/Oils/OilJade.cs","Blacksmith skill threshold 90; metal item eligibility; artifact rejection; oil cloth requirement and deletion; Bottle return; m_Oil.Consume; MorphingItem.MorphMyItem behavior; resource updates; messages; sound 0x23E; serialization layout/versioning; namespace/type/file layout; project/config/data files.","POST-BATCH-Y gate hits for OilJade.cs=0; active overlay OilJade matches=0; no gated approval crossed.","NotRequiredForNonGatedTarget","None beyond normal POST-BATCH-Y and active-overlay preflight.","/goal SOURCE-BATCH-054 OilJade Guard Repair","Yes","2026-06-16T22:33:59-05:00","Implemented and closed in docs/codebase-audit/outputs/source-batch-054-oiljade-guard-repair-closeout.md."
"SOURCE-BATCH-INTAKE","SOURCE-BATCH-055","SourceBatchCommitted","InterviewComplete","Add stale/null/mobile/backpack/source-oil/target-item/oil-cloth guards to OilMarble OnDoubleClick and OilTarget.OnTarget.","Items:Potions / Oils / OilMarble","Data/Scripts/Items/Potions/Oils/OilMarble.cs","Blacksmith skill threshold 90; metal item eligibility; artifact rejection; oil cloth requirement and deletion; Bottle return; m_Oil.Consume; MorphingItem.MorphMyItem behavior; resource updates; messages; sound 0x23E; serialization layout/versioning; namespace/type/file layout; project/config/data files.","POST-BATCH-Y gate hits for OilMarble.cs=0; active overlay OilMarble matches=0; no gated approval crossed.","NotRequiredForNonGatedTarget","None beyond normal POST-BATCH-Y and active-overlay preflight.","/goal SOURCE-BATCH-055 OilMarble Guard Repair","Yes","2026-06-16T22:37:54-05:00","Implemented and closed in docs/codebase-audit/outputs/source-batch-055-oilmarble-guard-repair-closeout.md."
"SOURCE-BATCH-INTAKE","SOURCE-BATCH-056","SourceBatchCommitted","InterviewComplete","Add stale/null/mobile/backpack/source-oil/target-item/oil-cloth guards to OilOnyx OnDoubleClick and OilTarget.OnTarget.","Items:Potions / Oils / OilOnyx","Data/Scripts/Items/Potions/Oils/OilOnyx.cs","Blacksmith skill threshold 90; metal item eligibility; artifact rejection; oil cloth requirement and deletion; Bottle return; m_Oil.Consume; MorphingItem.MorphMyItem behavior; resource updates; messages; sound 0x23E; serialization layout/versioning; namespace/type/file layout; project/config/data files.","POST-BATCH-Y gate hits for OilOnyx.cs=0; active overlay OilOnyx matches=0; no gated approval crossed.","NotRequiredForNonGatedTarget","None beyond normal POST-BATCH-Y and active-overlay preflight.","/goal SOURCE-BATCH-056 OilOnyx Guard Repair","Yes","2026-06-16T22:41:25-05:00","Implemented and closed in docs/codebase-audit/outputs/source-batch-056-oilonyx-guard-repair-closeout.md."
"SOURCE-BATCH-INTAKE","SOURCE-BATCH-057","SourceBatchCommitted","InterviewComplete","Add stale/null/mobile/backpack/source-oil/target-item/oil-cloth guards to OilQuartz OnDoubleClick and OilTarget.OnTarget.","Items:Potions / Oils / OilQuartz","Data/Scripts/Items/Potions/Oils/OilQuartz.cs","Blacksmith skill threshold 90; metal item eligibility; artifact rejection; oil cloth requirement and deletion; Bottle return; m_Oil.Consume; MorphingItem.MorphMyItem behavior; resource updates; messages; sound 0x23E; serialization layout/versioning; namespace/type/file layout; project/config/data files.","POST-BATCH-Y gate hits for OilQuartz.cs=0; active overlay OilQuartz matches=0; no gated approval crossed.","NotRequiredForNonGatedTarget","None beyond normal POST-BATCH-Y and active-overlay preflight.","/goal SOURCE-BATCH-057 OilQuartz Guard Repair","Yes","2026-06-16T22:44:40-05:00","Implemented and closed in docs/codebase-audit/outputs/source-batch-057-oilquartz-guard-repair-closeout.md."
"SOURCE-BATCH-INTAKE","SOURCE-BATCH-058","SourceBatchCommitted","InterviewComplete","Add stale/null/mobile/backpack/source-oil/target-item/oil-cloth guards to OilRuby OnDoubleClick and OilTarget.OnTarget.","Items:Potions / Oils / OilRuby","Data/Scripts/Items/Potions/Oils/OilRuby.cs","Blacksmith skill threshold 90; metal item eligibility; artifact rejection; oil cloth requirement and deletion; Bottle return; m_Oil.Consume; MorphingItem.MorphMyItem behavior; resource updates; messages; sound 0x23E; serialization layout/versioning; namespace/type/file layout; project/config/data files.","POST-BATCH-Y gate hits for OilRuby.cs=0; active overlay OilRuby matches=0; no gated approval crossed.","NotRequiredForNonGatedTarget","None beyond normal POST-BATCH-Y and active-overlay preflight.","/goal SOURCE-BATCH-058 OilRuby Guard Repair","Yes","2026-06-16T22:47:58-05:00","Implemented and closed in docs/codebase-audit/outputs/source-batch-058-oilruby-guard-repair-closeout.md."
"SOURCE-BATCH-INTAKE","SOURCE-BATCH-059","SourceBatchCommitted","InterviewComplete","Add stale/null/mobile/backpack/source-oil/target-item/oil-cloth guards to OilSapphire OnDoubleClick and OilTarget.OnTarget.","Items:Potions / Oils / OilSapphire","Data/Scripts/Items/Potions/Oils/OilSapphire.cs","Blacksmith skill threshold 90; metal item eligibility; artifact rejection; oil cloth requirement and deletion; Bottle return; m_Oil.Consume; MorphingItem.MorphMyItem behavior; resource updates; messages; sound 0x23E; serialization layout/versioning; namespace/type/file layout; project/config/data files.","POST-BATCH-Y gate hits for OilSapphire.cs=0; active overlay OilSapphire matches=0; no gated approval crossed.","NotRequiredForNonGatedTarget","None beyond normal POST-BATCH-Y and active-overlay preflight.","/goal SOURCE-BATCH-059 OilSapphire Guard Repair","Yes","2026-06-16T22:53:25-05:00","Implemented and closed in docs/codebase-audit/outputs/source-batch-059-oilsapphire-guard-repair-closeout.md."
"SOURCE-BATCH-INTAKE","SOURCE-BATCH-060","SourceBatchCommitted","InterviewComplete","Add stale/null/mobile/backpack/source-oil/target-item/oil-cloth guards to OilSilver OnDoubleClick and OilTarget.OnTarget.","Items:Potions / Oils / OilSilver","Data/Scripts/Items/Potions/Oils/OilSilver.cs","Blacksmith skill threshold 90; metal item eligibility; artifact rejection; oil cloth requirement and deletion; Bottle return; m_Oil.Consume; MorphingItem.MorphMyItem behavior; resource updates; messages; sound 0x23E; serialization layout/versioning; namespace/type/file layout; project/config/data files.","POST-BATCH-Y gate hits for OilSilver.cs=0; active overlay OilSilver matches=0; no gated approval crossed.","NotRequiredForNonGatedTarget","None beyond normal POST-BATCH-Y and active-overlay preflight.","/goal SOURCE-BATCH-060 OilSilver Guard Repair","Yes","2026-06-16T22:58:07-05:00","Implemented and closed in docs/codebase-audit/outputs/source-batch-060-oilsilver-guard-repair-closeout.md."
"SOURCE-BATCH-INTAKE","SOURCE-BATCH-061","SourceBatchCommitted","InterviewComplete","Add stale/null/mobile/backpack/source-oil/target-item/oil-cloth guards to OilSpinel OnDoubleClick and OilTarget.OnTarget.","Items:Potions / Oils / OilSpinel","Data/Scripts/Items/Potions/Oils/OilSpinel.cs","Blacksmith skill threshold 90; metal item eligibility; artifact rejection; oil cloth requirement and deletion; Bottle return; m_Oil.Consume; MorphingItem.MorphMyItem behavior; resource updates; messages; sound 0x23E; serialization layout/versioning; namespace/type/file layout; project/config/data files.","POST-BATCH-Y gate hits for OilSpinel.cs=0; active overlay OilSpinel matches=0; no gated approval crossed.","NotRequiredForNonGatedTarget","None beyond normal POST-BATCH-Y and active-overlay preflight.","/goal SOURCE-BATCH-061 OilSpinel Guard Repair","Yes","2026-06-16T23:02:09-05:00","Implemented and closed in docs/codebase-audit/outputs/source-batch-061-oilspinel-guard-repair-closeout.md."
"SOURCE-BATCH-INTAKE","SOURCE-BATCH-062","SourceBatchCommitted","InterviewComplete","Add stale/null/mobile/backpack/source-oil/target-item/oil-cloth guards to OilStarRuby OnDoubleClick and OilTarget.OnTarget.","Items:Potions / Oils / OilStarRuby","Data/Scripts/Items/Potions/Oils/OilStarRuby.cs","Blacksmith skill threshold 90; metal item eligibility; artifact rejection; oil cloth requirement and deletion; Bottle return; m_Oil.Consume; MorphingItem.MorphMyItem behavior; resource updates; messages; sound 0x23E; serialization layout/versioning; namespace/type/file layout; project/config/data files.","POST-BATCH-Y gate hits for OilStarRuby.cs=0; active overlay OilStarRuby matches=0; no gated approval crossed.","NotRequiredForNonGatedTarget","None beyond normal POST-BATCH-Y and active-overlay preflight.","/goal SOURCE-BATCH-062 OilStarRuby Guard Repair","Yes","2026-06-16T23:05:59-05:00","Implemented and closed in docs/codebase-audit/outputs/source-batch-062-oilstarruby-guard-repair-closeout.md."
"SOURCE-BATCH-INTAKE","SOURCE-BATCH-063","SourceBatchCommitted","InterviewComplete","Add stale/null/mobile/backpack/source-oil/target-item/oil-cloth guards to OilTopaz OnDoubleClick and OilTarget.OnTarget.","Items:Potions / Oils / OilTopaz","Data/Scripts/Items/Potions/Oils/OilTopaz.cs","Blacksmith skill threshold 90; metal item eligibility; artifact rejection; oil cloth requirement and deletion; Bottle return; m_Oil.Consume; MorphingItem.MorphMyItem behavior; resource updates; messages; sound 0x23E; serialization layout/versioning; namespace/type/file layout; project/config/data files.","POST-BATCH-Y gate hits for OilTopaz.cs=0; active overlay OilTopaz matches=0; no gated approval crossed.","NotRequiredForNonGatedTarget","None beyond normal POST-BATCH-Y and active-overlay preflight.","/goal SOURCE-BATCH-063 OilTopaz Guard Repair","Yes","2026-06-16T23:09:56-05:00","Implemented and closed in docs/codebase-audit/outputs/source-batch-063-oiltopaz-guard-repair-closeout.md."
"SOURCE-BATCH-INTAKE","SOURCE-BATCH-064","SourceBatchCommitted","InterviewComplete","Add stale/null/mobile/backpack/source-book guards to GlassblowingBook.OnDoubleClick.","Items:Trades / Specialized / GlassblowingBook","Data/Scripts/Items/Trades/Specialized/GlassblowingBook.cs","Grandmaster Alchemy threshold 100.0; PlayerMobile-only learning; existing localized backpack message; existing failure/success messages; PlayerMobile.Glassblowing assignment; Delete semantics; serialization layout/versioning; namespace/type/file layout; project/config/data files.","POST-BATCH-Y gate hits for GlassblowingBook.cs=0; active overlay GlassblowingBook matches=0; no gated approval crossed.","NotRequiredForNonGatedTarget","None beyond normal POST-BATCH-Y and active-overlay preflight.","/goal SOURCE-BATCH-064 GlassblowingBook Guard Repair","Yes","2026-06-16T23:16:19-05:00","Implemented and closed in docs/codebase-audit/outputs/source-batch-064-glassblowingbook-guard-repair-closeout.md."
"SOURCE-BATCH-INTAKE","SOURCE-BATCH-065","SourceBatchCommitted","InterviewComplete","Add stale/null/mobile/backpack/source-book guards to SandMiningBook.OnDoubleClick.","Items:Trades / Specialized / SandMiningBook","Data/Scripts/Items/Trades/Specialized/SandMiningBook.cs","Grandmaster Mining threshold 100.0; PlayerMobile-only learning; existing localized backpack message; existing failure/success messages; PlayerMobile.SandMining assignment; Delete semantics; serialization layout/versioning; namespace/type/file layout; project/config/data files.","POST-BATCH-Y gate hits for SandMiningBook.cs=0; active overlay SandMiningBook matches=0; no gated approval crossed.","NotRequiredForNonGatedTarget","None beyond normal POST-BATCH-Y and active-overlay preflight.","/goal SOURCE-BATCH-065 SandMiningBook Guard Repair","Yes","2026-06-16T23:20:08-05:00","Implemented and closed in docs/codebase-audit/outputs/source-batch-065-sandminingbook-guard-repair-closeout.md."
"SOURCE-BATCH-INTAKE","SOURCE-BATCH-066","SourceBatchCommitted","InterviewComplete","Add stale/null/mobile/backpack/source-item guards to SmokeBomb.OnDoubleClick.","Items:Trades / Ninjitsu / SmokeBomb","Data/Scripts/Items/Trades/Ninjitsu/SmokeBomb.cs","Ninjitsu threshold 50.0; NextSkillTime wait behavior; mana cost 10; Hiding.CombatOverride flow; UseSkill(Hiding); particle and sound effects; Consume semantics; localization IDs; serialization layout/versioning; namespace/type/file layout; project/config/data files.","POST-BATCH-Y gate hits for SmokeBomb.cs=0; active overlay SmokeBomb matches=0; no gated approval crossed.","NotRequiredForNonGatedTarget","None beyond normal POST-BATCH-Y and active-overlay preflight.","/goal SOURCE-BATCH-066 SmokeBomb Guard Repair","Yes","2026-06-16T23:23:47-05:00","Implemented and closed in docs/codebase-audit/outputs/source-batch-066-smokebomb-guard-repair-closeout.md."
"SOURCE-BATCH-INTAKE","SOURCE-BATCH-067","SourceBatchCommittedWithVerificationLimitation","InterviewComplete","Add stale/null/mobile/backpack/source-item guards to EggBomb.OnDoubleClick.","Items:Trades / Ninjitsu / EggBomb","Data/Scripts/Items/Trades/Ninjitsu/EggBomb.cs","Ninjitsu threshold 50.0; NextSkillTime wait behavior; mana cost 10; Hiding.CombatOverride flow; UseSkill(Hiding); particle and sound effects; Consume semantics; localization IDs; ItemID compatibility in Deserialize; serialization layout/versioning; namespace/type/file layout; project/config/data files.","POST-BATCH-Y gate hits for EggBomb.cs=0; active overlay EggBomb matches=0; no gated approval crossed. Build/runtime verification limitation is recorded in closeout.","NotRequiredForNonGatedTarget","None beyond normal POST-BATCH-Y and active-overlay preflight; build verification should be restored before continuing source batches.","/goal SOURCE-BATCH-067 EggBomb Guard Repair","Yes","2026-06-16T23:30:12-05:00","Implemented and closed in docs/codebase-audit/outputs/source-batch-067-eggbomb-guard-repair-closeout.md with build/runtime verification limitation recorded."
"SOURCE-BATCH-INTAKE","SOURCE-BATCH-068","SourceBatchCommitted","InterviewComplete","Add stale/null/mobile/backpack/source-key guards to SkeletonsKey.OnDoubleClick and UnlockTarget.OnTarget.","Items:Containers / SkeletonsKey","Data/Scripts/Items/Containers/SkeltonsKey.cs","Target range 1; CheckLOS=true; backpack message 1060640; target prompt; self-target, house-door, BookBox, artifact, curse, spaceship door, dungeon door, card-slot, key-hole, secure-item, LockLevel, RequiredSkill, Picker, sound, RevealingAction, Consume behavior; serialization layout/versioning; namespace/type/file layout; project/config/data files.","POST-BATCH-Y gate hits for SkeltonsKey.cs=0; active overlay SkeltonsKey matches=0; no gated approval crossed.","NotRequiredForNonGatedTarget","None beyond normal POST-BATCH-Y and active-overlay preflight.","/goal SOURCE-BATCH-068 SkeletonsKey Guard Repair","Yes","2026-06-25T21:06:59-05:00","Implemented and closed in docs/codebase-audit/outputs/source-batch-068-skeletonskey-guard-repair-closeout.md."
"SOURCE-BATCH-INTAKE","SOURCE-BATCH-069","SourceBatchCommitted","InterviewComplete","Add stale/null/mobile/backpack/source-key guards to MagicSkeltonsKey.OnDoubleClick and UnlockTarget.OnTarget.","Items:Containers / MagicSkeltonsKey","Data/Scripts/Items/Containers/MagicSkeltonsKey.cs","Target range 1; CheckLOS=true; backpack message 1060640; target prompt; 10 percent wear roll semantics; self-target, house-door, BookBox, artifact, curse, spaceship door, dungeon door, card-slot, key-hole, secure-item, LockLevel, Picker, sound, RevealingAction, conditional Consume behavior; serialization layout/versioning; namespace/type/file layout; project/config/data files.","POST-BATCH-Y gate hits for MagicSkeltonsKey.cs=0; active overlay MagicSkeltonsKey matches=0; no gated approval crossed.","NotRequiredForNonGatedTarget","None beyond normal POST-BATCH-Y and active-overlay preflight.","/goal SOURCE-BATCH-069 MagicSkeltonsKey Guard Repair","Yes","2026-06-25T21:23:32-05:00","Implemented and closed in docs/codebase-audit/outputs/source-batch-069-magicskeltonskey-guard-repair-closeout.md."
"SOURCE-BATCH-INTAKE","SOURCE-BATCH-070","SourceBatchCommitted","InterviewComplete","Add stale/null/mobile/backpack/source-key guards to MasterSkeletonsKey.OnDoubleClick and UnlockTarget.OnTarget.","Items:Containers / MasterSkeletonsKey","Data/Scripts/Items/Containers/MasterSkeltonsKey.cs","Target range 1; CheckLOS=true; backpack message 1060640; target prompt; self-target, house-door, BookBox, artifact, curse, spaceship door, dungeon door, card-slot, key-hole, secure-item, LockLevel, Picker, sound, RevealingAction, Consume behavior; serialization layout/versioning; namespace/type/file layout; project/config/data files.","POST-BATCH-Y gate hits for MasterSkeltonsKey.cs=0; active overlay MasterSkeltonsKey matches=0; no gated approval crossed.","NotRequiredForNonGatedTarget","None beyond normal POST-BATCH-Y and active-overlay preflight.","/goal SOURCE-BATCH-070 MasterSkeletonsKey Guard Repair","Yes","2026-06-25T21:28:15-05:00","Implemented and closed in docs/codebase-audit/outputs/source-batch-070-masterskeletonskey-guard-repair-closeout.md."
"SOURCE-BATCH-INTAKE","SOURCE-BATCH-071","SourceBatchCommitted","InterviewComplete","Add stale/null/mobile/backpack/source-deed guards to DecoStatueDeed.OnDoubleClick.","Items:Decorations / DecoStatueDeed","Data/Scripts/Items/Decorations/DecoIngotDeed.cs","Backpack message 1042001; existing Utility.RandomMinMax calls; all DecoSilver/Gold/Iron generated decoration item types; AddToBackpack behavior; deed Delete semantics; serialization layout/versioning; namespace/type/file layout; project/config/data files.","POST-BATCH-Y gate hits for DecoIngotDeed.cs=0; active overlay DecoIngotDeed matches=0; no gated approval crossed.","NotRequiredForNonGatedTarget","None beyond normal POST-BATCH-Y and active-overlay preflight.","/goal SOURCE-BATCH-071 DecoStatueDeed Guard Repair","Yes","2026-06-25T21:35:24-05:00","Implemented and closed in docs/codebase-audit/outputs/source-batch-071-decostatuedeed-guard-repair-closeout.md."
"SOURCE-BATCH-INTAKE","SOURCE-BATCH-072","SourceBatchCommitted","InterviewComplete","Add stale/null/mobile/backpack/source-deed guards to MonsterStatueDeed.OnDoubleClick.","Items:Decorations / MonsterStatueDeed","Data/Scripts/Items/Decorations/MonsterStatueDeed.cs","Backpack message 1042001; existing Utility.RandomMinMax calls; all MonsterStatuetteType generated values; AddToBackpack behavior; deed Delete semantics; serialization layout/versioning; namespace/type/file layout; project/config/data files.","POST-BATCH-Y gate hits for MonsterStatueDeed.cs=0; active overlay MonsterStatueDeed matches=0; no gated approval crossed.","NotRequiredForNonGatedTarget","None beyond normal POST-BATCH-Y and active-overlay preflight.","/goal SOURCE-BATCH-072 MonsterStatueDeed Guard Repair","Yes","2026-06-25T21:40:58-05:00","Implemented and closed in docs/codebase-audit/outputs/source-batch-072-monsterstatuedeed-guard-repair-closeout.md."
"SOURCE-BATCH-INTAKE","SOURCE-BATCH-073","SourceBatchCommitted","InterviewComplete","Add stale/null/mobile/backpack/source-book guards to MasonryBook.OnDoubleClick and prevent the non-PlayerMobile failure path from dereferencing a null PlayerMobile cast.","Items:Trades / Specialized / MasonryBook","Data/Scripts/Items/Trades/Specialized/MasonryBook.cs","Backpack message 1042001; Grandmaster Carpentry threshold 100.0; PlayerMobile-only learning; PlayerMobile.Masonry assignment; existing failure/success messages; book Delete semantics; serialization layout/versioning; namespace/type/file layout; project/config/data files.","POST-BATCH-Y gate hits for MasonryBook.cs=0; active overlay MasonryBook matches=0; no gated approval crossed.","NotRequiredForNonGatedTarget","None beyond normal POST-BATCH-Y and active-overlay preflight.","/goal SOURCE-BATCH-073 MasonryBook Guard Repair","Yes","2026-06-25T21:46:32-05:00","Implemented and closed in docs/codebase-audit/outputs/source-batch-073-masonrybook-guard-repair-closeout.md."
"SOURCE-BATCH-INTAKE","SOURCE-BATCH-074","SourceBatchCommitted","InterviewComplete","Add stale/null/mobile/backpack/source-book guards to StoneMiningBook.OnDoubleClick.","Items:Trades / Specialized / StoneMiningBook","Data/Scripts/Items/Trades/Specialized/StoneMiningBook.cs","Backpack message 1042001; Grandmaster Mining threshold 100.0; PlayerMobile-only learning; PlayerMobile.StoneMining assignment; existing failure/success messages; book Delete semantics; serialization layout/versioning; namespace/type/file layout; project/config/data files.","POST-BATCH-Y gate hits for StoneMiningBook.cs=0; active overlay StoneMiningBook matches=0; no gated approval crossed.","NotRequiredForNonGatedTarget","None beyond normal POST-BATCH-Y and active-overlay preflight.","/goal SOURCE-BATCH-074 StoneMiningBook Guard Repair","Yes","2026-06-25T21:51:33-05:00","Implemented and closed in docs/codebase-audit/outputs/source-batch-074-stoneminingbook-guard-repair-closeout.md."
"SOURCE-BATCH-INTAKE","SOURCE-BATCH-075","SourceBatchCommitted","InterviewComplete","Add stale/null/mobile/source-forge guards to DwarvenForge.OnDoubleClick.","Items:Trades / Blacksmith Items / DwarvenForge","Data/Scripts/Items/Trades/Blacksmith Items/DwarvenForge.cs","Secure-in-home failure message; range failure message; movable-item rejection; ItemID 0x544A/0x544B toggle; LightType.Empty/Circle225 behavior; sound 0x208; OnDragLift reset behavior; serialization layout/versioning; namespace/type/file layout; project/config/data files.","POST-BATCH-Y gate hits for DwarvenForge.cs=0; active overlay DwarvenForge matches=0; no gated approval crossed.","NotRequiredForNonGatedTarget","None beyond normal POST-BATCH-Y and active-overlay preflight.","/goal SOURCE-BATCH-075 DwarvenForge Guard Repair","Yes","2026-06-28T01:00:32-05:00","Implemented and closed in docs/codebase-audit/outputs/source-batch-075-dwarvenforge-guard-repair-closeout.md."
"SOURCE-BATCH-INTAKE","SOURCE-BATCH-076","SourceBatchCommitted","InterviewComplete","Add stale/null/mobile/backpack/source-kit guards to TaxidermyKit.OnDoubleClick and CorpseTarget.OnTarget.","Items:Trades / Carpenter Items / TaxidermyKit","Data/Scripts/Items/Trades/Carpenter Items/TaxidermyKit.cs","Backpack, invalid-target, visited-corpse, skill, board, review, and use-up messages; Carpentry skill threshold 90.0; target range 3; board cost 10; TrophyInfo table and TrophyDeed creation; BigFish fisher/weight/consume behavior; Corpse.VisitedByTaxidermist behavior; kit Delete behavior; serialization layout/versioning; namespace/type/file layout; project/config/data files.","POST-BATCH-Y gate hits for TaxidermyKit.cs=0; active overlay TaxidermyKit matches=0; no gated approval crossed.","NotRequiredForNonGatedTarget","None beyond normal POST-BATCH-Y and active-overlay preflight.","/goal SOURCE-BATCH-076 TaxidermyKit Guard Repair","Yes","2026-06-28T01:06:14-05:00","Implemented and closed in docs/codebase-audit/outputs/source-batch-076-taxidermykit-guard-repair-closeout.md."
"SOURCE-BATCH-INTAKE","SOURCE-BATCH-077","SourceBatchCommitted","InterviewComplete","Add stale/null/mobile/backpack/source-pearl guards to MysticalPearl.OnDoubleClick and PearlTarget.OnTarget.","Items:Gems / MysticalPearl","Data/Scripts/Items/Gems/MysticalPearl.cs","Backpack message 1060640; Tinkering threshold 90; target range 1; valid BaseNecklace/BaseEarrings/BaseBracelet/MagicJewelryCirclet/jewelry ring eligibility; pearl jewelry name selection; MorphingItem.MorphMyItem and MorphingTemplates.TemplatePearlJewelry(""misc""); RevealingAction; sound 0x242; invalid-target messages; m_Pearl.Consume behavior; serialization layout/versioning; namespace/type/file layout; project/config/data files.","POST-BATCH-Y gate hits for MysticalPearl.cs=0; active overlay MysticalPearl matches=0; no gated approval crossed.","NotRequiredForNonGatedTarget","None beyond normal POST-BATCH-Y and active-overlay preflight.","/goal SOURCE-BATCH-077 MysticalPearl Guard Repair","Yes","2026-06-28T01:13:42-05:00","Implemented and closed in docs/codebase-audit/outputs/source-batch-077-mysticalpearl-guard-repair-closeout.md."
"SOURCE-BATCH-INTAKE","SOURCE-BATCH-078","SourceBatchCommitted","InterviewComplete","Add stale/null/mobile/backpack/source-jar and null-target guards to CrystallineJar.OnDoubleClick, ScoopTarget.OnTarget, and ThrowTarget.OnTarget.","Items:Potions / Bottles / CrystallineJar","Data/Scripts/Items/Potions/Bottles/CrystallineJar.cs","Backpack message 1060640; empty flask scoop prompt; full flask throw prompt; MonsterSplatter.TooMuchSplatter behavior; ThrowTarget reuse check; MonsterSplatter and HolyWater scoop behavior; throw range, distance, LOS, casting, paralyzed, blessed, and frozen checks; MonsterSplatter.AddSplatter; reset Name/Hue/Weight behavior; serialization layout/versioning; namespace/type/file layout; project/config/data files.","POST-BATCH-Y gate hits for CrystallineJar.cs=0; active overlay CrystallineJar matches=0; no gated approval crossed.","NotRequiredForNonGatedTarget","None beyond normal POST-BATCH-Y and active-overlay preflight.","/goal SOURCE-BATCH-078 CrystallineJar Guard Repair","Yes","2026-06-28T01:24:04-05:00","Implemented and closed in docs/codebase-audit/outputs/source-batch-078-crystallinejar-guard-repair-closeout.md."
"SOURCE-BATCH-INTAKE","SOURCE-BATCH-079","SourceBatchCommitted","InterviewComplete","Add stale/null/mobile/backpack/source-acid and deleted-target guards to BottleOfAcid.OnDoubleClick and UnlockTarget.OnTarget.","Items:Potions / Special / BottleOfAcid","Data/Scripts/Items/Potions/Special/BottleOfAcid.cs","Backpack message 1060640; target range 1; CheckLOS; lock/trap and dungeon-door eligibility; house door and BookBox rejection; Head skull conversion; Bottle/Jar return; sound/reveal behavior; m_Key.Consume behavior; messages; serialization layout/versioning; namespace/type/file layout; project/config/data files.","POST-BATCH-Y gate hits for BottleOfAcid.cs=0; active overlay BottleOfAcid matches=0; no gated approval crossed.","NotRequiredForNonGatedTarget","None beyond normal POST-BATCH-Y and active-overlay preflight.","/goal SOURCE-BATCH-079 BottleOfAcid Guard Repair","Yes","2026-06-28T01:29:37-05:00","Implemented and closed in docs/codebase-audit/outputs/source-batch-079-bottleofacid-guard-repair-closeout.md."
"SOURCE-BATCH-INTAKE","SOURCE-BATCH-080","SourceBatchCommitted","InterviewComplete","Add stale/null/mobile/backpack/source-deed guards to RepairDeed.OnDoubleClick and Check.","Items:Trades / Misc / RepairDeed","Data/Scripts/Items/Trades/Misc/RepairDeed.cs","Backpack message 1047012; Repair.Do call; VerifyRegion behavior; nearby craft-station messages; skill type table; crafter/name properties; serialization layout/versioning; namespace/type/file layout; project/config/data files.","POST-BATCH-Y gate hits for RepairDeed.cs=0; active overlay RepairDeed matches=0; no gated approval crossed.","NotRequiredForNonGatedTarget","None beyond normal POST-BATCH-Y and active-overlay preflight.","/goal SOURCE-BATCH-080 RepairDeed Guard Repair","Yes","2026-06-28T01:34:36-05:00","Implemented and closed in docs/codebase-audit/outputs/source-batch-080-repairdeed-guard-repair-closeout.md."
"SOURCE-BATCH-INTAKE","SOURCE-BATCH-081","SourceBatchCommitted","InterviewComplete","Add stale/null/mobile/backpack/source-bundle guards to ManyArrows100, ManyArrows1000, ManyBolts100, and ManyBolts1000 OnDoubleClick paths.","Items:Explorers / ArrowsAndBolts","Data/Scripts/Items/Explorers/ArrowsAndBolts.cs","Backpack failure message; Arrow(100); Arrow(1000); Bolt(100); Bolt(1000); AddToBackpack behavior; PrivateOverheadMessage text, hue, and message type; bundle Delete behavior; serialization layout/versioning; namespace/type/file layout; project/config/data files.","POST-BATCH-Y gate hits for ArrowsAndBolts.cs=0; active overlay ArrowsAndBolts matches=0; no gated approval crossed.","NotRequiredForNonGatedTarget","None beyond normal POST-BATCH-Y and active-overlay preflight.","/goal SOURCE-BATCH-081 ArrowsAndBolts Guard Repair","Yes","2026-06-28T01:40:13-05:00","Implemented and closed in docs/codebase-audit/outputs/source-batch-081-arrowsandbolts-guard-repair-closeout.md."
"SOURCE-BATCH-INTAKE","SOURCE-BATCH-082","SourceBatchCommitted","InterviewComplete","Add stale/null/mobile/backpack/source-deed/deleted-target guards to ClothingBlessDeed.OnDoubleClick and ClothingBlessTarget.OnTarget.","Items:Deeds / ClothingBlessDeed","Data/Scripts/Items/Deeds/ClothingBlessDeed.cs","Localized messages 1042001, 1005018, 1005019, 1045113, 1045114, 500509, and 1010026; BaseClothing/MagicCloak/MagicRobe/MagicBoots eligibility; arcane/already-blessed/non-regular/insurance/root-parent rejection rules; LootType.Blessed assignment; source deed Delete behavior; serialization layout/versioning; namespace/type/file layout; project/config/data files.","POST-BATCH-Y gate hits for ClothingBlessDeed.cs=0; active overlay ClothingBlessDeed matches=0; no gated approval crossed.","NotRequiredForNonGatedTarget","None beyond normal POST-BATCH-Y and active-overlay preflight.","/goal SOURCE-BATCH-082 ClothingBlessDeed Guard Repair","Yes","2026-06-28T01:50:00-05:00","Implemented and closed in docs/codebase-audit/outputs/source-batch-082-clothingblessdeed-guard-repair-closeout.md."
"SOURCE-BATCH-INTAKE","SOURCE-BATCH-083","SourceBatchCommitted","InterviewComplete","Add stale/null/mobile/backpack/source-deed/gump-response guards to HairRestylingDeed.OnDoubleClick and InternalGump.OnResponse.","Items:Deeds / HairRestylingDeed","Data/Scripts/Items/Deeds/HairRestylingDeed.cs","Localized message 1042001; InternalGump layout arrays and button IDs; HumanArray/ElvenArray hair IDs; PlayerMobile.SetHairMods, HairItemID, RecordsHair behavior; source deed Delete behavior; serialization layout/versioning; namespace/type/file layout; project/config/data files.","POST-BATCH-Y gate hits for HairRestylingDeed.cs=0; active overlay HairRestylingDeed matches=0; no gated approval crossed.","NotRequiredForNonGatedTarget","None beyond normal POST-BATCH-Y and active-overlay preflight.","/goal SOURCE-BATCH-083 HairRestylingDeed Guard Repair","Yes","2026-06-28T01:59:00-05:00","Implemented and closed in docs/codebase-audit/outputs/source-batch-083-hairrestylingdeed-guard-repair-closeout.md."
"SOURCE-BATCH-INTAKE","SOURCE-BATCH-084","SourceBatchCommitted","InterviewComplete","Add stale/null/mobile/backpack/source-potion guards to PotionOfWisdom.OnDoubleClick.","Items:Potions / Special / PotionOfWisdom","Data/Scripts/Items/Potions/Special/PotionOfWisdom.cs","Localized message 1060640; StatCap > RawStatTotal gate; Utility.RandomMinMax thresholds; EnhancePotions contribution; AvailPoints calls; RawInt increment; success/no-effect messages; BasePotion.PlayDrinkEffect; this.Consume behavior; serialization layout/versioning; namespace/type/file layout; project/config/data files.","POST-BATCH-Y gate hits for PotionOfWisdom.cs=0; active overlay PotionOfWisdom matches=0; no gated approval crossed.","NotRequiredForNonGatedTarget","None beyond normal POST-BATCH-Y and active-overlay preflight.","/goal SOURCE-BATCH-084 PotionOfWisdom Guard Repair","Yes","2026-06-28T02:07:00-05:00","Implemented and closed in docs/codebase-audit/outputs/source-batch-084-potionofwisdom-guard-repair-closeout.md."
"SOURCE-BATCH-INTAKE","SOURCE-BATCH-085","SourceBatchCommitted","InterviewComplete","Add stale/null/mobile/backpack/source-potion guards to PotionOfMight.OnDoubleClick.","Items:Potions / Special / PotionOfMight","Data/Scripts/Items/Potions/Special/PotionOfMight.cs","Localized message 1060640; StatCap > RawStatTotal gate; Utility.RandomMinMax thresholds; EnhancePotions contribution; AvailPoints calls; RawStr increment; success/no-effect messages; BasePotion.PlayDrinkEffect; this.Consume behavior; serialization layout/versioning; namespace/type/file layout; project/config/data files.","POST-BATCH-Y gate hits for PotionOfMight.cs=0; active overlay PotionOfMight matches=0; no gated approval crossed.","NotRequiredForNonGatedTarget","None beyond normal POST-BATCH-Y and active-overlay preflight.","/goal SOURCE-BATCH-085 PotionOfMight Guard Repair","Yes","2026-06-28T02:12:00-05:00","Implemented and closed in docs/codebase-audit/outputs/source-batch-085-potionofmight-guard-repair-closeout.md."
"SOURCE-BATCH-INTAKE","SOURCE-BATCH-086","SourceBatchCommitted","InterviewComplete","Add stale/null/mobile/backpack/source-potion guards to PotionOfDexterity.OnDoubleClick.","Items:Potions / Special / PotionOfDexterity","Data/Scripts/Items/Potions/Special/PotionOfDexterity.cs","Localized message 1060640; StatCap > RawStatTotal gate; Utility.RandomMinMax thresholds; EnhancePotions contribution; AvailPoints calls; RawDex increment; success/no-effect messages; BasePotion.PlayDrinkEffect; this.Consume behavior; serialization layout/versioning; namespace/type/file layout; project/config/data files.","POST-BATCH-Y gate hits for PotionOfDexterity.cs=0; active overlay PotionOfDexterity matches=0; no gated approval crossed.","NotRequiredForNonGatedTarget","None beyond normal POST-BATCH-Y and active-overlay preflight.","/goal SOURCE-BATCH-086 PotionOfDexterity Guard Repair","Yes","2026-06-28T02:16:00-05:00","Implemented and closed in docs/codebase-audit/outputs/source-batch-086-potionofdexterity-guard-repair-closeout.md."
"SOURCE-BATCH-INTAKE","SOURCE-BATCH-087","SourceBatchCommitted","InterviewComplete","Add stale/null/mobile/backpack/source-potion guards to HairDyePotion.Drink.","Items:Potions / Special / HairDyePotion","Data/Scripts/Items/Potions/Special/HairDyePotion.cs","Race restriction message; backpack failure message; neutral hue restore behavior; dyed hue assignment behavior; hair and facial hair hue behavior; ConsumeCharge, RevealingAction, BasePotion.PlayDrinkEffect, sound, and potion.Consume behavior; serialization layout/versioning; namespace/type/file layout; project/config/data files.","POST-BATCH-Y gate hits for HairDyePotion.cs=0; active overlay HairDyePotion matches=0; no gated approval crossed.","NotRequiredForNonGatedTarget","None beyond normal POST-BATCH-Y and active-overlay preflight.","/goal SOURCE-BATCH-087 HairDyePotion Guard Repair","Yes","2026-06-28T02:26:00-05:00","Implemented and closed in docs/codebase-audit/outputs/source-batch-087-hairdyepotion-guard-repair-closeout.md."
"SOURCE-BATCH-INTAKE","SOURCE-BATCH-088","SourceBatchCommitted","InterviewComplete","Add stale/null/mobile/backpack/source-bottle guards to HairDyeBottle.OnDoubleClick.","Items:Potions / Special / HairDyeBottle","Data/Scripts/Items/Potions/Special/HairDyeBottle.cs","Race restriction message; backpack failure message; neutral hue restore behavior; dyed hue assignment behavior; hair and facial hair hue behavior; sound 0x5A4; this.Delete behavior; serialization layout/versioning; namespace/type/file layout; project/config/data files.","POST-BATCH-Y gate hits for HairDyeBottle.cs=0; active overlay HairDyeBottle matches=0; no gated approval crossed.","NotRequiredForNonGatedTarget","None beyond normal POST-BATCH-Y and active-overlay preflight.","/goal SOURCE-BATCH-088 HairDyeBottle Guard Repair","Yes","2026-06-28T02:31:00-05:00","Implemented and closed in docs/codebase-audit/outputs/source-batch-088-hairdyebottle-guard-repair-closeout.md."
"SOURCE-BATCH-INTAKE","SOURCE-BATCH-089","SourceBatchCommitted","InterviewComplete","Add stale/null/mobile/backpack/source-potion guards to GenderPotion.OnDoubleClick.","Items:Potions / Special / GenderPotion","Data/Scripts/Items/Potions/Special/GenderPotion.cs","Race restriction message; backpack failure message; Body and BodyValue values 0x190/0x191; Female flag; AssignRandomHair behavior; facial hair item ID behavior; RecordsHair behavior; messages; sound; this.Delete and AddToBackpack(new Bottle()) behavior; serialization layout/versioning; namespace/type/file layout; project/config/data files.","POST-BATCH-Y gate hits for GenderPotion.cs=0; active overlay GenderPotion matches=0; no gated approval crossed.","NotRequiredForNonGatedTarget","None beyond normal POST-BATCH-Y and active-overlay preflight.","/goal SOURCE-BATCH-089 GenderPotion Guard Repair","Yes","2026-06-28T02:35:00-05:00","Implemented and closed in docs/codebase-audit/outputs/source-batch-089-genderpotion-guard-repair-closeout.md."
"SOURCE-BATCH-INTAKE","SOURCE-BATCH-090","SourceBatchCommitted","InterviewComplete","Add stale/null/mobile/backpack/source-potion guards to NecroSkinPotion.OnDoubleClick.","Items:Potions / Special / NecroSkinPotion","Data/Scripts/Items/Potions/Special/NecroSkinPotion.cs","Race restriction message; backpack failure message; hue values 0x47E and 0xB70; RecordSkinColor, RecordHairColor, and RecordBeardColor restore behavior; Necromancy >=100 gate; thirst fallback; this.Delete and AddToBackpack(new Jar()) behavior; serialization layout/versioning; namespace/type/file layout; project/config/data files.","POST-BATCH-Y gate hits for NecroSkinPotion.cs=0; active overlay NecroSkinPotion matches=0; no gated approval crossed.","NotRequiredForNonGatedTarget","None beyond normal POST-BATCH-Y and active-overlay preflight.","/goal SOURCE-BATCH-090 NecroSkinPotion Guard Repair","Yes","2026-06-28T02:39:00-05:00","Implemented and closed in docs/codebase-audit/outputs/source-batch-090-necroskinpotion-guard-repair-closeout.md."
"SOURCE-BATCH-INTAKE","SOURCE-BATCH-091","SourceBatchCommitted","InterviewComplete","Add stale/null/mobile/backpack/source-potion and gump-response guards to HairOilPotion.Drink and PotionGump.OnResponse.","Items:Potions / Special / HairOilPotion","Data/Scripts/Items/Potions/Special/HairOilPotion.cs","Race restriction message; backpack localized message 1060640; PotionGump layout and button IDs; male/female hair IDs; ConsumeCharge, RevealingAction, BasePotion.PlayDrinkEffect, sound, consume, hair mutation, and success message behavior; serialization layout/versioning; namespace/type/file layout; project/config/data files.","POST-BATCH-Y gate hits for HairOilPotion.cs=0; active overlay HairOilPotion matches=0; no gated approval crossed.","NotRequiredForNonGatedTarget","None beyond normal POST-BATCH-Y and active-overlay preflight.","/goal SOURCE-BATCH-091 HairOilPotion Guard Repair","Yes","2026-06-28T02:44:00-05:00","Implemented and closed in docs/codebase-audit/outputs/source-batch-091-hairoilpotion-guard-repair-closeout.md."
"SOURCE-BATCH-INTAKE","SOURCE-BATCH-092","SourceBatchCommitted","InterviewComplete","Add stale/null/mobile/source-stone/deleted-target guards to HueStone.OnDoubleClick and WHueTarget.OnTarget.","Items:Misc / Dyes / HueStone","Data/Scripts/Items/Misc/Dyes/HueStone.cs","NCharges semantics; 500 Gold charge cost; Gold delete/amount reduction; hue cycle and stone names; item-in-pack rule; charge decrement; RevealingAction; sounds 0x1FA and 0x2E6; messages; serialization layout/versioning; namespace/type/file layout; project/config/data files.","POST-BATCH-Y gate hits for HueStone.cs=0; active overlay HueStone matches=0; no gated approval crossed.","NotRequiredForNonGatedTarget","None beyond normal POST-BATCH-Y and active-overlay preflight.","/goal SOURCE-BATCH-092 HueStone Guard Repair","Yes","2026-06-28T02:49:00-05:00","Implemented and closed in docs/codebase-audit/outputs/source-batch-092-huestone-guard-repair-closeout.md."
"SOURCE-BATCH-INTAKE","SOURCE-BATCH-093","SourceBatchCommitted","InterviewComplete","Add stale/null/mobile/backpack/source-drink guards to BloodyDrink.OnDoubleClick.","Items:Food / BloodDrink","Data/Scripts/Items/Food/BloodDrink.cs","BloodDrinker eligibility; backpack message; Hunger += 3; Thirst += 3; full-state clamp; Consume; sound 0x2D6; human animation; AwardKarma -50; serialization layout/versioning; namespace/type/file layout; project/config/data files.","POST-BATCH-Y gate hits for BloodDrink.cs=0; active overlay BloodDrink matches=0; no gated approval crossed.","NotRequiredForNonGatedTarget","None beyond normal POST-BATCH-Y and active-overlay preflight.","/goal SOURCE-BATCH-093 BloodDrink Guard Repair","Yes","2026-06-28T02:56:00-05:00","Implemented and closed in docs/codebase-audit/outputs/source-batch-093-blooddrink-guard-repair-closeout.md."
"SOURCE-BATCH-INTAKE","SOURCE-BATCH-094","SourceBatchCommitted","InterviewComplete","Add stale/null/mobile/backpack/source-food guards to FreshBrain.OnDoubleClick.","Items:Food / FreshBrain","Data/Scripts/Items/Food/FreshBrain.cs","BrainEater eligibility; backpack message; Thirst=20; Hunger += 3; full-state clamp; Consume; random eat sound; human animation; AwardKarma -50; serialization layout/versioning; namespace/type/file layout; project/config/data files.","POST-BATCH-Y gate hits for FreshBrain.cs=0; active overlay FreshBrain matches=0; no gated approval crossed.","NotRequiredForNonGatedTarget","None beyond normal POST-BATCH-Y and active-overlay preflight.","/goal SOURCE-BATCH-094 FreshBrain Guard Repair","Yes","2026-06-28T03:02:00-05:00","Implemented and closed in docs/codebase-audit/outputs/source-batch-094-freshbrain-guard-repair-closeout.md."
"SOURCE-BATCH-INTAKE","SOURCE-BATCH-095","SourceBatchCommitted","InterviewComplete","Add stale/null/mobile/backpack/source-food guards to TastyHeart.OnDoubleClick.","Items:Food / TastyHeart","Data/Scripts/Items/Food/TastyHeart.cs","Backpack message; BloodDrinker/BrainEater branches; Hunger += 3; Thirst += 3 for special races; Consume; random eat sound; human animation; Tasting heal; AwardKarma -50; HeartName serialization; namespace/type/file layout; project/config/data files.","POST-BATCH-Y gate hits for TastyHeart.cs=0; active overlay TastyHeart matches=0; no gated approval crossed.","NotRequiredForNonGatedTarget","None beyond normal POST-BATCH-Y and active-overlay preflight.","/goal SOURCE-BATCH-095 TastyHeart Guard Repair","Yes","2026-06-28T03:07:13-05:00","Implemented and closed in docs/codebase-audit/outputs/source-batch-095-tastyheart-guard-repair-closeout.md."
"SOURCE-BATCH-INTAKE","SOURCE-BATCH-096","SourceBatchCommitted","InterviewComplete","Add stale/null/mobile/backpack/source-food guards to BakedBread.OnDoubleClick.","Items:Food / BakedBread","Data/Scripts/Items/Food/BakedBread.cs","Backpack message; BloodDrinker/BrainEater rejection; Hunger += 3; localized food messages; Consume; random eat sound; human animation; Tasting heal and poison cure; serialization layout/versioning; namespace/type/file layout; project/config/data files.","POST-BATCH-Y gate hits for BakedBread.cs=0; active overlay BakedBread matches=0; no gated approval crossed.","NotRequiredForNonGatedTarget","None beyond normal POST-BATCH-Y and active-overlay preflight.","/goal SOURCE-BATCH-096 BakedBread Guard Repair","Yes","2026-06-28T03:11:22-05:00","Implemented and closed in docs/codebase-audit/outputs/source-batch-096-bakedbread-guard-repair-closeout.md."
"SOURCE-BATCH-INTAKE","SOURCE-BATCH-097","SourceBatchCommitted","InterviewComplete","Add stale/null/mobile/source-flask guards to WaterFlask.OnDoubleClick before drink helper dispatch.","Items:Food / WaterFlask","Data/Scripts/Items/Food/WaterFlask.cs","DrinkingFunctions.OnDrink dispatch; drink/fill semantics; item reset in Deserialize; serialization layout/versioning; namespace/type/file layout; project/config/data files.","POST-BATCH-Y gate hits for WaterFlask.cs=0; active overlay WaterFlask matches=0; no gated approval crossed.","NotRequiredForNonGatedTarget","None beyond normal POST-BATCH-Y and active-overlay preflight.","/goal SOURCE-BATCH-097 WaterFlask Guard Repair","Yes","2026-06-28T03:14:44-05:00","Implemented and closed in docs/codebase-audit/outputs/source-batch-097-waterflask-guard-repair-closeout.md."
"SOURCE-BATCH-INTAKE","SOURCE-BATCH-098","SourceBatchCommitted","InterviewComplete","Add stale/null/mobile/source-vial guards to WaterVial.OnDoubleClick before drink helper dispatch.","Items:Food / WaterVial","Data/Scripts/Items/Food/WaterVial.cs","DrinkingFunctions.OnDrink dispatch; drink/fill semantics; item reset in Deserialize; serialization layout/versioning; namespace/type/file layout; project/config/data files.","POST-BATCH-Y gate hits for WaterVial.cs=0; active overlay WaterVial matches=0; no gated approval crossed.","NotRequiredForNonGatedTarget","None beyond normal POST-BATCH-Y and active-overlay preflight.","/goal SOURCE-BATCH-098 WaterVial Guard Repair","Yes","2026-06-28T03:18:09-05:00","Implemented and closed in docs/codebase-audit/outputs/source-batch-098-watervial-guard-repair-closeout.md."
"SOURCE-BATCH-INTAKE","SOURCE-BATCH-099","SourceBatchCommitted","InterviewComplete","Add stale/null/mobile/backpack/source-wool/target/dye-sender guards to Wool interactions.","Items:Trades / Tailor Resources / Wool","Data/Scripts/Items/Trades/Resources/Tailor/Wool.cs","Backpack message 1042001; spinning-wheel prompt 502655; target range 3; Wool.OnSpun output yarn.Amount*3; DarkYarn hue copy; yarn Delete; AddToBackpack result; message 1010576; TaintedWool.OnSpun callback; valid-state Dye Hue=sender.DyedHue; serialization layout/versioning; namespace/type/file layout; project/config/data files.","POST-BATCH-Y gate hits for Wool.cs=0; active overlay Wool matches=0; no gated approval crossed.","NotRequiredForNonGatedTarget","None beyond normal POST-BATCH-Y and active-overlay preflight.","/goal SOURCE-BATCH-099 Wool Guard Repair","Yes","2026-06-28T03:24:07-05:00","Implemented and closed in docs/codebase-audit/outputs/source-batch-099-wool-guard-repair-closeout.md."
"SOURCE-BATCH-INTAKE","SOURCE-BATCH-100","SourceBatchCommitted","InterviewComplete","Add stale/null/mobile/source-cotton/backpack/target/dye-sender guards to Cotton interactions.","Items:Trades / Tailor Resources / Cotton","Data/Scripts/Items/Trades/Resources/Tailor/Cotton.cs","Movable gate; controlled BaseCreature access rule; prompt 502655; inaccessible message 500447; backpack message 1042001; target range 3; Cotton.OnSpun output yarn.Amount*6; SpoolOfThread hue copy; yarn Delete; AddToBackpack result; message 1010577; valid-state Dye Hue=sender.DyedHue; serialization layout/versioning; namespace/type/file layout; project/config/data files.","POST-BATCH-Y gate hits for Cotton.cs=0; active overlay Cotton matches=0; no gated approval crossed.","NotRequiredForNonGatedTarget","None beyond normal POST-BATCH-Y and active-overlay preflight.","/goal SOURCE-BATCH-100 Cotton Guard Repair","Yes","2026-06-28T03:28:09-05:00","Implemented and closed in docs/codebase-audit/outputs/source-batch-100-cotton-guard-repair-closeout.md."
"SOURCE-BATCH-INTAKE","SOURCE-BATCH-101","SourceBatchCommitted","InterviewComplete","Add stale/null/mobile/source-flax/backpack/target guards to Flax interactions.","Items:Trades / Tailor Resources / Flax","Data/Scripts/Items/Trades/Resources/Tailor/Flax.cs","Movable gate; controlled BaseCreature access rule; prompt 502655; inaccessible message 500447; backpack message 1042001; target range 3; Flax.OnSpun output yarn.Amount*6; SpoolOfThread hue copy; yarn Delete; AddToBackpack result; message 1010577; serialization layout/versioning; namespace/type/file layout; project/config/data files.","POST-BATCH-Y gate hits for Flax.cs=0; active overlay Flax matches=0; no gated approval crossed.","NotRequiredForNonGatedTarget","None beyond normal POST-BATCH-Y and active-overlay preflight.","/goal SOURCE-BATCH-101 Flax Guard Repair","Yes","2026-06-28T03:32:15-05:00","Implemented and closed in docs/codebase-audit/outputs/source-batch-101-flax-guard-repair-closeout.md."
"SOURCE-BATCH-INTAKE","SOURCE-BATCH-102","SourceBatchCommitted","InterviewComplete","Add stale/null/mobile/source-cloth-material/backpack/target/dye-sender guards to BaseClothMaterial interactions.","Items:Trades / Tailor Resources / YarnsAndThreads","Data/Scripts/Items/Trades/Resources/Tailor/YarnsAndThreads.cs","Backpack message 1042001; loom prompt 500366; target range 3; loom Phase math; material Delete; BoltOfCloth amount/hue copy; AddToBackpack result; messages 500368 and incomplete-cloth note; valid-state Dye Hue=sender.DyedHue; serialization layout/versioning; namespace/type/file layout; project/config/data files.","POST-BATCH-Y gate hits for YarnsAndThreads.cs=0; active overlay YarnsAndThreads matches=0; no gated approval crossed.","NotRequiredForNonGatedTarget","None beyond normal POST-BATCH-Y and active-overlay preflight.","/goal SOURCE-BATCH-102 YarnsAndThreads Guard Repair","Yes","2026-06-28T03:36:17-05:00","Implemented and closed in docs/codebase-audit/outputs/source-batch-102-yarnsandthreads-guard-repair-closeout.md."
"SOURCE-BATCH-INTAKE","SOURCE-BATCH-103","SourceBatchCommitted","InterviewComplete","Add stale/null/mobile/source-brush/backpack/target guards to PolishBoneBrush interactions.","Items:Trades / Tailor Resources / PolishBoneBrush","Data/Scripts/Items/Trades/Resources/Tailor/PolishBoneBrush.cs","Backpack message 1042001; prompt Which bones do you want to polish?; target range 1; in-pack-only bone rule; container rejection; valid bone/skull item IDs; output counts; messages; PolishedBone and PolishedSkull creation; RevealingAction; sound 0x04F; target bone Delete; serialization layout/versioning; namespace/type/file layout; project/config/data files.","POST-BATCH-Y gate hits for PolishBoneBrush.cs=0; active overlay PolishBoneBrush matches=0; no gated approval crossed.","NotRequiredForNonGatedTarget","None beyond normal POST-BATCH-Y and active-overlay preflight.","/goal SOURCE-BATCH-103 PolishBoneBrush Guard Repair","Yes","2026-06-28T03:40:48-05:00","Implemented and closed in docs/codebase-audit/outputs/source-batch-103-polishbonebrush-guard-repair-closeout.md."
"SOURCE-BATCH-INTAKE","SOURCE-BATCH-104","SourceBatchCommitted","InterviewComplete","Add stale/null/mobile/source-cloth/dye-sender/scissors guards to Cloth dye, fold, and scissor interactions.","Items:Trades / Tailor Resources / Cloth","Data/Scripts/Items/Trades/Resources/Tailor/Cloth.cs","Valid-state Dye Hue=sender.DyedHue; UncutCloth(Amount) fold output; hue copy; AddToBackpack result; fold message; source cloth Delete; CanSee rule; ScissorHelper(from, new Bandage(), 1); OnSingleClick labels; serialization layout/versioning; namespace/type/file layout; project/config/data files.","POST-BATCH-Y gate hits for Cloth.cs=0; active overlay Cloth matches=0; no gated approval crossed.","NotRequiredForNonGatedTarget","None beyond normal POST-BATCH-Y and active-overlay preflight.","/goal SOURCE-BATCH-104 Cloth Guard Repair","Yes","2026-06-28T03:48:30-05:00","Implemented and closed in docs/codebase-audit/outputs/source-batch-104-cloth-guard-repair-closeout.md."
"SOURCE-BATCH-INTAKE","SOURCE-BATCH-105","SourceBatchCommitted","InterviewComplete","Add stale/null/mobile/source-bolt/dye-sender/scissors guards to BoltOfCloth dye and scissor interactions.","Items:Trades / Tailor Resources / BoltOfCloth","Data/Scripts/Items/Trades/Resources/Tailor/BoltOfCloth.cs","Valid-state Dye Hue=sender.DyedHue; CanSee rule; ScissorHelper(from, new Cloth(), 50); OnSingleClick amount*50 labels; Deserialize ItemID reset; serialization layout/versioning; namespace/type/file layout; project/config/data files.","POST-BATCH-Y gate hits for BoltOfCloth.cs=0; active overlay BoltOfCloth matches=0; no gated approval crossed.","NotRequiredForNonGatedTarget","None beyond normal POST-BATCH-Y and active-overlay preflight.","/goal SOURCE-BATCH-105 BoltOfCloth Guard Repair","Yes","2026-06-28T03:53:00-05:00","Implemented and closed in docs/codebase-audit/outputs/source-batch-105-boltofcloth-guard-repair-closeout.md."
"SOURCE-BATCH-INTAKE","SOURCE-BATCH-106","SourceBatchCommitted","InterviewComplete","Add stale/null/mobile/source-uncut-cloth/dye-sender/scissors guards to UncutCloth dye and scissor interactions.","Items:Trades / Tailor Resources / UncutCloth","Data/Scripts/Items/Trades/Resources/Tailor/UncutCloth.cs","Valid-state Dye Hue=sender.DyedHue; CanSee rule; ScissorHelper(from, new Bandage(), 1); OnSingleClick labels; Deserialize ItemID/name reset; serialization layout/versioning; namespace/type/file layout; project/config/data files.","POST-BATCH-Y gate hits for UncutCloth.cs=0; active overlay UncutCloth matches=0; no gated approval crossed.","NotRequiredForNonGatedTarget","None beyond normal POST-BATCH-Y and active-overlay preflight.","/goal SOURCE-BATCH-106 UncutCloth Guard Repair","Yes","2026-06-28T03:57:30-05:00","Implemented and closed in docs/codebase-audit/outputs/source-batch-106-uncutcloth-guard-repair-closeout.md."
"SOURCE-BATCH-INTAKE","SOURCE-BATCH-107","SourceBatchCommitted","InterviewComplete","Add stale/null/mobile/source-ore/backpack/region guards to CaddelliteOre OnDoubleClick.","Items:Trades / Blacksmithing Resources / CaddelliteOre","Data/Scripts/Items/Trades/Resources/Blacksmithing/CaddelliteOre.cs","Backpack failure message; master blacksmith requirement; Great Dwarven Forge region requirement and not-in-forge failure message; sound 0x208; animation 11,5,1,true,false,0; success message; CaddelliteIngot(this.Amount); AddToBackpack; source Delete; serialization layout/versioning; namespace/type/file layout; project/config/data files.","POST-BATCH-Y gate hits for CaddelliteOre.cs=0; active overlay CaddelliteOre matches=0; no gated approval crossed.","NotRequiredForNonGatedTarget","None beyond normal POST-BATCH-Y and active-overlay preflight.","/goal SOURCE-BATCH-107 CaddelliteOre Guard Repair","Yes","2026-06-28T04:07:14-05:00","Implemented and closed in docs/codebase-audit/outputs/source-batch-107-caddelliteore-guard-repair-closeout.md."
"SOURCE-BATCH-INTAKE","SOURCE-BATCH-108","SourceBatchCommitted","InterviewComplete","Add stale/null/mobile/source-stones/backpack guards to RareMetals OnDoubleClick.","Items:Trades / Blacksmithing Resources / RareMetals","Data/Scripts/Items/Trades/Resources/Blacksmithing/RareMetals.cs","Backpack localized message 1060640; forge requirement and message; Blacksmith Value >= 50 threshold; all stone-name-to-ingot mappings; ingot.Amount = this.Amount; AddToBackpack; sound 0x208; success message; source Delete; serialization layout/versioning; namespace/type/file layout; project/config/data files.","POST-BATCH-Y gate hits for RareMetals.cs=0; active overlay RareMetals matches=0; no gated approval crossed.","NotRequiredForNonGatedTarget","None beyond normal POST-BATCH-Y and active-overlay preflight.","/goal SOURCE-BATCH-108 RareMetals Guard Repair","Yes","2026-06-28T04:12:04-05:00","Implemented and closed in docs/codebase-audit/outputs/source-batch-108-raremetals-guard-repair-closeout.md."
"SOURCE-BATCH-INTAKE","SOURCE-BATCH-109","SourceBatchCommitted","InterviewComplete","Add stale/null/mobile/source-scales/backpack guards to HardScales OnDoubleClick.","Items:Trades / Blacksmithing Resources / HardScales","Data/Scripts/Items/Trades/Resources/Blacksmithing/HardScales.cs","Backpack localized message 1060640; forge requirement and message; Blacksmith Value >= 50 threshold; all scale-name-to-ingot mappings; ingot.Amount = this.Amount; AddToBackpack; sound 0x208; success message; source Delete; serialization layout/versioning; namespace/type/file layout; project/config/data files.","POST-BATCH-Y gate hits for HardScales.cs=0; active overlay HardScales matches=0; no gated approval crossed.","NotRequiredForNonGatedTarget","None beyond normal POST-BATCH-Y and active-overlay preflight.","/goal SOURCE-BATCH-109 HardScales Guard Repair","Yes","2026-06-28T04:16:19-05:00","Implemented and closed in docs/codebase-audit/outputs/source-batch-109-hardscales-guard-repair-closeout.md."
"SOURCE-BATCH-INTAKE","SOURCE-BATCH-110","SourceBatchCommitted","InterviewComplete","Add stale/null/mobile/source-crystals/backpack guards to HardCrystals OnDoubleClick.","Items:Trades / Blacksmithing Resources / HardCrystals","Data/Scripts/Items/Trades/Resources/Blacksmithing/HardCrystals.cs","Backpack localized message 1060640; forge requirement and message; Blacksmith Value >= 50 threshold; all crystal-name-to-ingot mappings; ingot.Amount = this.Amount; AddToBackpack; sound 0x208; existing success message text; source Delete; serialization layout/versioning; namespace/type/file layout; project/config/data files.","POST-BATCH-Y gate hits for HardCrystals.cs=0; active overlay HardCrystals matches=0; no gated approval crossed.","NotRequiredForNonGatedTarget","None beyond normal POST-BATCH-Y and active-overlay preflight.","/goal SOURCE-BATCH-110 HardCrystals Guard Repair","Yes","2026-06-28T04:20:33-05:00","Implemented and closed in docs/codebase-audit/outputs/source-batch-110-hardcrystals-guard-repair-closeout.md."
"SOURCE-BATCH-INTAKE","SOURCE-BATCH-111","SourceBatchCommitted","InterviewComplete","Add stale/null/mobile/source-item guards to BrokenGear OnDoubleClick.","Items:Traps / BrokenGear","Data/Scripts/Items/Traps/BrokenGear.cs","Valid-state message This is totally useless.; constructor item ID 0x5739; random hue list; weight 0.1; serialization layout/versioning; namespace/type/file layout; project/config/data files.","POST-BATCH-Y gate hits for BrokenGear.cs=0; active overlay BrokenGear matches=0; no gated approval crossed.","NotRequiredForNonGatedTarget","None beyond normal POST-BATCH-Y and active-overlay preflight.","/goal SOURCE-BATCH-111 BrokenGear Guard Repair","Yes","2026-06-28T04:26:41-05:00","Implemented and closed in docs/codebase-audit/outputs/source-batch-111-brokengear-guard-repair-closeout.md."
"SOURCE-BATCH-INTAKE","SOURCE-BATCH-112","SourceBatchCommitted","InterviewComplete","Add stale/null/mobile/source-item guards to CurseItem OnDoubleClick.","Items:Traps / CurseItem","Data/Scripts/Items/Traps/CurseItem.cs","Valid-state message This item is cursed and cannot be used.; constructor item ID 0x9A8; lock settings; name; weight; serialization layout/versioning; namespace/type/file layout; project/config/data files.","POST-BATCH-Y gate hits for CurseItem.cs=0; active overlay CurseItem matches=0; no gated approval crossed.","NotRequiredForNonGatedTarget","None beyond normal POST-BATCH-Y and active-overlay preflight.","/goal SOURCE-BATCH-112 CurseItem Guard Repair","Yes","2026-06-28T04:30:50-05:00","Implemented and closed in docs/codebase-audit/outputs/source-batch-112-curseitem-guard-repair-closeout.md."
"SOURCE-BATCH-INTAKE","SOURCE-BATCH-113","SourceBatchCommitted","InterviewComplete","Add stale/null/mobile/source-item guards to TaintedBandage OnDoubleClick.","Items:Traps / TaintedBandage","Data/Scripts/Items/Traps/TaintedBandage.cs","Valid-state message You cannot use tainted bandages.; constructor item ID 0xE21; name; hue; weight; Ruined property label; serialization layout/versioning; namespace/type/file layout; project/config/data files.","POST-BATCH-Y gate hits for TaintedBandage.cs=0; active overlay TaintedBandage matches=0; no gated approval crossed.","NotRequiredForNonGatedTarget","None beyond normal POST-BATCH-Y and active-overlay preflight.","/goal SOURCE-BATCH-113 TaintedBandage Guard Repair","Yes","2026-06-28T04:34:59-05:00","Implemented and closed in docs/codebase-audit/outputs/source-batch-113-taintedbandage-guard-repair-closeout.md."
"SOURCE-BATCH-INTAKE","SOURCE-BATCH-114","SourceBatchCommitted","InterviewComplete","Add stale/null/mobile/source-item guards to WeededItem OnDoubleClick.","Items:Traps / WeedItem","Data/Scripts/Items/Traps/WeedItem.cs","Valid-state message This item is wrapped in weeds and cannot be used.; constructor item ID 0x9A8; lock settings; name; hue; weight; property labels; serialization layout/versioning; namespace/type/file layout; project/config/data files.","POST-BATCH-Y gate hits for WeedItem.cs=0; active overlay WeedItem matches=0; no gated approval crossed.","NotRequiredForNonGatedTarget","None beyond normal POST-BATCH-Y and active-overlay preflight.","/goal SOURCE-BATCH-114 WeedItem Guard Repair","Yes","2026-06-28T04:38:55-05:00","Implemented and closed in docs/codebase-audit/outputs/source-batch-114-weeditem-guard-repair-closeout.md."
"SOURCE-BATCH-INTAKE","SOURCE-BATCH-115","SourceBatchCommitted","InterviewComplete","Add stale/null/mobile/source-item guards to SlimeItem OnDoubleClick.","Items:Traps / SlimeItem","Data/Scripts/Items/Traps/SlimeItem.cs","Valid-state message This item is covered in slime and cannot be used.; constructor item ID 0x9A8; lock settings; name; weight; property labels; serialization layout/versioning; namespace/type/file layout; project/config/data files.","POST-BATCH-Y gate hits for SlimeItem.cs=0; active overlay SlimeItem matches=0; no gated approval crossed.","NotRequiredForNonGatedTarget","None beyond normal POST-BATCH-Y and active-overlay preflight.","/goal SOURCE-BATCH-115 SlimeItem Guard Repair","Yes","2026-06-28T04:43:42-05:00","Implemented and closed in docs/codebase-audit/outputs/source-batch-115-slimeitem-guard-repair-closeout.md."
"SOURCE-BATCH-INTAKE","SOURCE-BATCH-116","SourceBatchCommitted","InterviewComplete","Add stale/null/mobile/source-item guards to SewageItem OnDoubleClick.","Items:Traps / SewageItem","Data/Scripts/Items/Traps/SewageItem.cs","Valid-state message This item is covered in sewage and cannot be used.; constructor item ID 0x9A8; lock settings; name; hue; weight; property labels; serialization layout/versioning; namespace/type/file layout; project/config/data files.","POST-BATCH-Y gate hits for SewageItem.cs=0; active overlay SewageItem matches=0; no gated approval crossed.","NotRequiredForNonGatedTarget","None beyond normal POST-BATCH-Y and active-overlay preflight.","/goal SOURCE-BATCH-116 SewageItem Guard Repair","Yes","2026-06-28T04:47:29-05:00","Implemented and closed in docs/codebase-audit/outputs/source-batch-116-sewageitem-guard-repair-closeout.md."
"SOURCE-BATCH-INTAKE","SOURCE-BATCH-117","SourceBatchCommitted","InterviewComplete","Add stale/null/mobile/source-reagents guards to RottedReagents OnDoubleClick.","Items:Traps / RottedReagents","Data/Scripts/Items/Traps/RottedReagents.cs","Valid-state message These reagents are useless.; constructor item ID 0xE76; name; hue; weight; RottedCount behavior; property labels; serialization layout/versioning including RottedCount write/read order; namespace/type/file layout; project/config/data files.","POST-BATCH-Y gate hits for RottedReagents.cs=0; active overlay RottedReagents matches=0; no gated approval crossed.","NotRequiredForNonGatedTarget","None beyond normal POST-BATCH-Y and active-overlay preflight.","/goal SOURCE-BATCH-117 RottedReagents Guard Repair","Yes","2026-06-28T04:51:34-05:00","Implemented and closed in docs/codebase-audit/outputs/source-batch-117-rottedreagents-guard-repair-closeout.md."
"SOURCE-BATCH-INTAKE","SOURCE-BATCH-118","SourceBatchCommitted","InterviewComplete","Add stale/null/mobile/source-gems guards to RuinedGems OnDoubleClick.","Items:Traps / RuinedGems","Data/Scripts/Items/Traps/RuinedGems.cs","Valid-state message This is a useless lump of rock.; constructor item ID 0x5739; name; weight; RuinedCount behavior; property labels; serialization layout/versioning including RuinedCount write/read order; namespace/type/file layout; project/config/data files.","POST-BATCH-Y gate hits for RuinedGems.cs=0; active overlay RuinedGems matches=0; no gated approval crossed.","NotRequiredForNonGatedTarget","None beyond normal POST-BATCH-Y and active-overlay preflight.","/goal SOURCE-BATCH-118 RuinedGems Guard Repair","Yes","2026-06-28T04:55:17-05:00","Implemented and closed in docs/codebase-audit/outputs/source-batch-118-ruinedgems-guard-repair-closeout.md."
"SOURCE-BATCH-INTAKE","SOURCE-BATCH-119","SourceBatchCommitted","InterviewComplete","Add stale/null/mobile/source-item guards to DecoBlackmoor OnDragLift.","Items:Special / Rares / PaganReagents / DecoBlackmoor","Data/Scripts/Items/Special/Rares/PaganReagents/DecoBlackmoor.cs","Valid-state collectible message; valid-state base.OnDragLift(from) return; constructor item ID 0xF79; Movable; Stackable; serialization layout/versioning; namespace/type/file layout; project/config/data files.","POST-BATCH-Y gate hits for DecoBlackmoor.cs=0; active overlay DecoBlackmoor matches=0; no gated approval crossed.","NotRequiredForNonGatedTarget","None beyond normal POST-BATCH-Y and active-overlay preflight.","/goal SOURCE-BATCH-119 DecoBlackmoor Guard Repair","Yes","2026-06-28T05:00:45-05:00","Implemented and closed in docs/codebase-audit/outputs/source-batch-119-decoblackmoor-guard-repair-closeout.md."
"SOURCE-BATCH-INTAKE","SOURCE-BATCH-120","SourceBatchCommitted","InterviewComplete","Add stale/null/mobile/source-item guards to DecoBloodspawn OnDragLift.","Items:Special / Rares / PaganReagents / DecoBloodspawn","Data/Scripts/Items/Special/Rares/PaganReagents/DecoBloodspawn.cs","Valid-state collectible message; valid-state base.OnDragLift(from) return; constructor item ID 0xF7C; Movable; Stackable; serialization layout/versioning; namespace/type/file layout; project/config/data files.","POST-BATCH-Y gate hits for DecoBloodspawn.cs=0; active overlay DecoBloodspawn matches=0; no gated approval crossed.","NotRequiredForNonGatedTarget","None beyond normal POST-BATCH-Y and active-overlay preflight.","/goal SOURCE-BATCH-120 DecoBloodspawn Guard Repair","Yes","2026-06-28T08:07:11-05:00","Implemented and closed in docs/codebase-audit/outputs/source-batch-120-decobloodspawn-guard-repair-closeout.md."
"SOURCE-BATCH-INTAKE","SOURCE-BATCH-121","SourceBatchCommitted","InterviewComplete","Add stale/null/mobile/source-item guards to DecoBrimstone OnDragLift.","Items:Special / Rares / PaganReagents / DecoBrimstone","Data/Scripts/Items/Special/Rares/PaganReagents/DecoBrimstone.cs","Valid-state collectible message; valid-state base.OnDragLift(from) return; constructor item ID 0xF7F; Movable; Stackable; serialization layout/versioning; namespace/type/file layout; project/config/data files.","POST-BATCH-Y gate hits for DecoBrimstone.cs=0; active overlay DecoBrimstone matches=0; no gated approval crossed.","NotRequiredForNonGatedTarget","None beyond normal POST-BATCH-Y and active-overlay preflight.","/goal SOURCE-BATCH-121 DecoBrimstone Guard Repair","Yes","2026-06-28T08:10:45-05:00","Implemented and closed in docs/codebase-audit/outputs/source-batch-121-decobrimstone-guard-repair-closeout.md."
"SOURCE-BATCH-INTAKE","SOURCE-BATCH-122","SourceBatchCommitted","InterviewComplete","Add stale/null/mobile/source-item guards to DecoDragonsBlood OnDragLift.","Items:Special / Rares / PaganReagents / DecoDragonsBlood","Data/Scripts/Items/Special/Rares/PaganReagents/DecoDragonsBlood.cs","Valid-state collectible message; valid-state base.OnDragLift(from) return; constructor item ID 0x4077; Movable; Stackable; serialization layout/versioning; namespace/type/file layout; project/config/data files.","POST-BATCH-Y gate hits for DecoDragonsBlood.cs=0; active overlay DecoDragonsBlood matches=0; no gated approval crossed.","NotRequiredForNonGatedTarget","None beyond normal POST-BATCH-Y and active-overlay preflight.","/goal SOURCE-BATCH-122 DecoDragonsBlood Guard Repair","Yes","2026-06-28T08:15:06-05:00","Implemented and closed in docs/codebase-audit/outputs/source-batch-122-decodragonsblood-guard-repair-closeout.md."
"SOURCE-BATCH-INTAKE","SOURCE-BATCH-123","SourceBatchCommitted","InterviewComplete","Add stale/null/mobile/source-item guards to DecoDragonsBlood2 OnDragLift.","Items:Special / Rares / PaganReagents / DecoDragonsBlood2","Data/Scripts/Items/Special/Rares/PaganReagents/DecoDragonsBlood2.cs","Valid-state collectible message; valid-state base.OnDragLift(from) return; constructor item ID 0xF82; Movable; Stackable; serialization layout/versioning; namespace/type/file layout; project/config/data files.","POST-BATCH-Y gate hits for DecoDragonsBlood2.cs=0; active overlay DecoDragonsBlood2 matches=0; no gated approval crossed.","NotRequiredForNonGatedTarget","None beyond normal POST-BATCH-Y and active-overlay preflight.","/goal SOURCE-BATCH-123 DecoDragonsBlood2 Guard Repair","Yes","2026-06-28T08:21:23-05:00","Implemented and closed in docs/codebase-audit/outputs/source-batch-123-decodragonsblood2-guard-repair-closeout.md."
"SOURCE-BATCH-INTAKE","SOURCE-BATCH-124","SourceBatchCommitted","InterviewComplete","Add stale/null/mobile/source-item guards to DecoEyeOfNewt OnDragLift.","Items:Special / Rares / PaganReagents / DecoEyeOfNewt","Data/Scripts/Items/Special/Rares/PaganReagents/DecoEyeOfNewt.cs","Valid-state collectible message; valid-state base.OnDragLift(from) return; constructor item ID 0xF87; Movable; Stackable; serialization layout/versioning; namespace/type/file layout; project/config/data files.","POST-BATCH-Y gate hits for DecoEyeOfNewt.cs=0; active overlay DecoEyeOfNewt matches=0; no gated approval crossed.","NotRequiredForNonGatedTarget","None beyond normal POST-BATCH-Y and active-overlay preflight.","/goal SOURCE-BATCH-124 DecoEyeOfNewt Guard Repair","Yes","2026-06-28T08:25:39-05:00","Implemented and closed in docs/codebase-audit/outputs/source-batch-124-decoeyeofnewt-guard-repair-closeout.md."
"SOURCE-BATCH-INTAKE","SOURCE-BATCH-125","SourceBatchCommitted","InterviewComplete","Add stale/null/mobile/source-item guards to DecoGarlic OnDragLift.","Items:Special / Rares / PaganReagents / DecoGarlic","Data/Scripts/Items/Special/Rares/PaganReagents/DecoGarlic.cs","Valid-state collectible message; valid-state base.OnDragLift(from) return; constructor item ID 0x18E1; Movable; Stackable; serialization layout/versioning; namespace/type/file layout; project/config/data files.","POST-BATCH-Y gate hits for DecoGarlic.cs=0; active overlay DecoGarlic matches=0; no gated approval crossed.","NotRequiredForNonGatedTarget","None beyond normal POST-BATCH-Y and active-overlay preflight.","/goal SOURCE-BATCH-125 DecoGarlic Guard Repair","Yes","2026-06-28T08:29:41-05:00","Implemented and closed in docs/codebase-audit/outputs/source-batch-125-decogarlic-guard-repair-closeout.md."
"SOURCE-BATCH-INTAKE","SOURCE-BATCH-126","SourceBatchCommitted","InterviewComplete","Add stale/null/mobile/source-item guards to DecoGarlic2 OnDragLift.","Items:Special / Rares / PaganReagents / DecoGarlic2","Data/Scripts/Items/Special/Rares/PaganReagents/DecoGarlic2.cs","Valid-state collectible message; valid-state base.OnDragLift(from) return; constructor item ID 0x18E2; Movable; Stackable; serialization layout/versioning; namespace/type/file layout; project/config/data files.","POST-BATCH-Y gate hits for DecoGarlic2.cs=0; active overlay DecoGarlic2 matches=0; no gated approval crossed.","NotRequiredForNonGatedTarget","None beyond normal POST-BATCH-Y and active-overlay preflight.","/goal SOURCE-BATCH-126 DecoGarlic2 Guard Repair","Yes","2026-06-28T08:34:34-05:00","Implemented and closed in docs/codebase-audit/outputs/source-batch-126-decogarlic2-guard-repair-closeout.md."
"SOURCE-BATCH-INTAKE","SOURCE-BATCH-127","SourceBatchCommitted","InterviewComplete","Add stale/null/mobile/source-item guards to DecoGarlicBulb OnDragLift.","Items:Special / Rares / PaganReagents / DecoGarlicBulb","Data/Scripts/Items/Special/Rares/PaganReagents/DecoGarlicBulb.cs","Valid-state collectible message; valid-state base.OnDragLift(from) return; constructor item ID 0x18E3; Movable; Stackable; serialization layout/versioning; namespace/type/file layout; project/config/data files.","POST-BATCH-Y gate hits for DecoGarlicBulb.cs=0; active overlay DecoGarlicBulb matches=0; no gated approval crossed.","NotRequiredForNonGatedTarget","None beyond normal POST-BATCH-Y and active-overlay preflight.","/goal SOURCE-BATCH-127 DecoGarlicBulb Guard Repair","Yes","2026-06-28T08:38:54-05:00","Implemented and closed in docs/codebase-audit/outputs/source-batch-127-decogarlicbulb-guard-repair-closeout.md."
"SOURCE-BATCH-INTAKE","SOURCE-BATCH-128","SourceBatchCommitted","InterviewComplete","Add stale/null/mobile/source-item guards to DecoGarlicBulb2 OnDragLift.","Items:Special / Rares / PaganReagents / DecoGarlicBulb2","Data/Scripts/Items/Special/Rares/PaganReagents/DecoGarlicBulb2.cs","Valid-state collectible message; valid-state base.OnDragLift(from) return; constructor item ID 0x18E4; Movable; Stackable; serialization layout/versioning; namespace/type/file layout; project/config/data files.","POST-BATCH-Y gate hits for DecoGarlicBulb2.cs=0; active overlay DecoGarlicBulb2 matches=0; no gated approval crossed.","NotRequiredForNonGatedTarget","None beyond normal POST-BATCH-Y and active-overlay preflight.","/goal SOURCE-BATCH-128 DecoGarlicBulb2 Guard Repair","Yes","2026-06-28T08:43:32-05:00","Implemented and closed in docs/codebase-audit/outputs/source-batch-128-decogarlicbulb2-guard-repair-closeout.md."
"SOURCE-BATCH-INTAKE","SOURCE-BATCH-129","SourceBatchCommitted","InterviewComplete","Add stale/null/mobile/source-item guards to DecoGinseng OnDragLift.","Items:Special / Rares / PaganReagents / DecoGinseng","Data/Scripts/Items/Special/Rares/PaganReagents/DecoGinseng.cs","Valid-state collectible message; valid-state base.OnDragLift(from) return; constructor item ID 0x18E9; Movable; Stackable; serialization layout/versioning; namespace/type/file layout; project/config/data files.","POST-BATCH-Y gate hits for DecoGinseng.cs=0; active overlay DecoGinseng matches=0; no gated approval crossed.","NotRequiredForNonGatedTarget","None beyond normal POST-BATCH-Y and active-overlay preflight.","/goal SOURCE-BATCH-129 DecoGinseng Guard Repair","Yes","2026-06-28T08:48:04-05:00","Implemented and closed in docs/codebase-audit/outputs/source-batch-129-decoginseng-guard-repair-closeout.md."
"SOURCE-BATCH-INTAKE","SOURCE-BATCH-130","SourceBatchCommitted","InterviewComplete","Add stale/null/mobile/source-item guards to DecoGinseng2 OnDragLift.","Items:Special / Rares / PaganReagents / DecoGinseng2","Data/Scripts/Items/Special/Rares/PaganReagents/DecoGinseng2.cs","Valid-state collectible message; valid-state base.OnDragLift(from) return; constructor item ID 0x18EA; Movable; Stackable; serialization layout/versioning; namespace/type/file layout; project/config/data files.","POST-BATCH-Y gate hits for DecoGinseng2.cs=0; active overlay DecoGinseng2 matches=0; no gated approval crossed.","NotRequiredForNonGatedTarget","None beyond normal POST-BATCH-Y and active-overlay preflight.","/goal SOURCE-BATCH-130 DecoGinseng2 Guard Repair","Yes","2026-06-28T08:53:02-05:00","Implemented and closed in docs/codebase-audit/outputs/source-batch-130-decoginseng2-guard-repair-closeout.md."
"SOURCE-BATCH-INTAKE","SOURCE-BATCH-131","SourceBatchCommitted","InterviewComplete","Add stale/null/mobile/source-item guards to DecoGinsengRoot OnDragLift.","Items:Special / Rares / PaganReagents / DecoGinsengRoot","Data/Scripts/Items/Special/Rares/PaganReagents/DecoGinsengRoot.cs","Valid-state collectible message; valid-state base.OnDragLift(from) return; constructor item ID 0x18EB; Movable; Stackable; serialization layout/versioning; namespace/type/file layout; project/config/data files.","POST-BATCH-Y gate hits for DecoGinsengRoot.cs=0; active overlay DecoGinsengRoot matches=0; no gated approval crossed.","NotRequiredForNonGatedTarget","None beyond normal POST-BATCH-Y and active-overlay preflight.","/goal SOURCE-BATCH-131 DecoGinsengRoot Guard Repair","Yes","2026-06-28T08:57:35-05:00","Implemented and closed in docs/codebase-audit/outputs/source-batch-131-decoginsengroot-guard-repair-closeout.md."
"SOURCE-BATCH-INTAKE","SOURCE-BATCH-132","SourceBatchCommitted","InterviewComplete","Add stale/null/mobile/source-item guards to DecoGinsengRoot2 OnDragLift.","Items:Special / Rares / PaganReagents / DecoGinsengRoot2","Data/Scripts/Items/Special/Rares/PaganReagents/DecoGinsengRoot2.cs","Valid-state collectible message; valid-state base.OnDragLift(from) return; constructor item ID 0x18EC; Movable; Stackable; serialization layout/versioning; namespace/type/file layout; project/config/data files.","POST-BATCH-Y gate hits for DecoGinsengRoot2.cs=0; active overlay DecoGinsengRoot2 matches=0; no gated approval crossed.","NotRequiredForNonGatedTarget","None beyond normal POST-BATCH-Y and active-overlay preflight.","/goal SOURCE-BATCH-132 DecoGinsengRoot2 Guard Repair","Yes","2026-06-28T09:01:59-05:00","Implemented and closed in docs/codebase-audit/outputs/source-batch-132-decoginsengroot2-guard-repair-closeout.md."
"SOURCE-BATCH-INTAKE","SOURCE-BATCH-133","SourceBatchCommitted","InterviewComplete","Add stale/null/mobile/source-item guards to DecoMandrake OnDragLift.","Items:Special / Rares / PaganReagents / DecoMandrake","Data/Scripts/Items/Special/Rares/PaganReagents/DecoMandrake.cs","Valid-state collectible message; valid-state base.OnDragLift(from) return; constructor item ID 0x18DF; Movable; Stackable; serialization layout/versioning; namespace/type/file layout; project/config/data files.","POST-BATCH-Y gate hits for DecoMandrake.cs=0; active overlay DecoMandrake matches=0; no gated approval crossed.","NotRequiredForNonGatedTarget","None beyond normal POST-BATCH-Y and active-overlay preflight.","/goal SOURCE-BATCH-133 DecoMandrake Guard Repair","Yes","2026-06-28T09:06:51-05:00","Implemented and closed in docs/codebase-audit/outputs/source-batch-133-decomandrake-guard-repair-closeout.md."
"SOURCE-BATCH-INTAKE","SOURCE-BATCH-134","SourceBatchCommitted","InterviewComplete","Add stale/null/mobile/source-item guards to DecoMandrake2 OnDragLift.","Items:Special / Rares / PaganReagents / DecoMandrake2","Data/Scripts/Items/Special/Rares/PaganReagents/DecoMandrake2.cs","Valid-state collectible message; valid-state base.OnDragLift(from) return; constructor item ID 0x18E0; Movable; Stackable; serialization layout/versioning; namespace/type/file layout; project/config/data files.","POST-BATCH-Y gate hits for DecoMandrake2.cs=0; active overlay DecoMandrake2 matches=0; no gated approval crossed.","NotRequiredForNonGatedTarget","None beyond normal POST-BATCH-Y and active-overlay preflight.","/goal SOURCE-BATCH-134 DecoMandrake2 Guard Repair","Yes","2026-06-28T09:11:56-05:00","Implemented and closed in docs/codebase-audit/outputs/source-batch-134-decomandrake2-guard-repair-closeout.md."
"SOURCE-BATCH-INTAKE","SOURCE-BATCH-135","SourceBatchCommitted","InterviewComplete","Add stale/null/mobile/source-item guards to DecoMandrake3 OnDragLift.","Items:Special / Rares / PaganReagents / DecoMandrake3","Data/Scripts/Items/Special/Rares/PaganReagents/DecoMandrake3.cs","Valid-state collectible message; valid-state base.OnDragLift(from) return; constructor item ID 0x18DF; Movable; Stackable; serialization layout/versioning; namespace/type/file layout; project/config/data files.","POST-BATCH-Y gate hits for DecoMandrake3.cs=0; active overlay DecoMandrake3 matches=0; no gated approval crossed.","NotRequiredForNonGatedTarget","None beyond normal POST-BATCH-Y and active-overlay preflight.","/goal SOURCE-BATCH-135 DecoMandrake3 Guard Repair","Yes","2026-06-28T09:53:56-05:00","Implemented and closed in docs/codebase-audit/outputs/source-batch-135-decomandrake3-guard-repair-closeout.md."
"SOURCE-BATCH-INTAKE","SOURCE-BATCH-136","SourceBatchCommitted","InterviewComplete","Add stale/null/mobile/source-item guards to DecoMandrakeRoot OnDragLift.","Items:Special / Rares / PaganReagents / DecoMandrakeRoot","Data/Scripts/Items/Special/Rares/PaganReagents/DecoMandrakeRoot.cs","Valid-state collectible message; valid-state base.OnDragLift(from) return; constructor item ID 0x18DE; Movable; Stackable; serialization layout/versioning; namespace/type/file layout; project/config/data files.","POST-BATCH-Y gate hits for DecoMandrakeRoot.cs=0; active overlay DecoMandrakeRoot matches=0; no gated approval crossed.","NotRequiredForNonGatedTarget","None beyond normal POST-BATCH-Y and active-overlay preflight.","/goal SOURCE-BATCH-136 DecoMandrakeRoot Guard Repair","Yes","2026-06-28T10:01:45-05:00","Implemented and closed in docs/codebase-audit/outputs/source-batch-136-decomandrakeroot-guard-repair-closeout.md."
"SOURCE-BATCH-INTAKE","SOURCE-BATCH-137","SourceBatchCommitted","InterviewComplete","Add stale/null/mobile/source-item guards to DecoMandrakeRoot2 OnDragLift.","Items:Special / Rares / PaganReagents / DecoMandrakeRoot2","Data/Scripts/Items/Special/Rares/PaganReagents/DecoMandrakeRoot2.cs","Valid-state collectible message; valid-state base.OnDragLift(from) return; constructor item ID 0x18DD; Movable; Stackable; serialization layout/versioning; namespace/type/file layout; project/config/data files.","POST-BATCH-Y gate hits for DecoMandrakeRoot2.cs=0; active overlay DecoMandrakeRoot2 matches=0; no gated approval crossed.","NotRequiredForNonGatedTarget","None beyond normal POST-BATCH-Y and active-overlay preflight.","/goal SOURCE-BATCH-137 DecoMandrakeRoot2 Guard Repair","Yes","2026-06-28T10:06:33-05:00","Implemented and closed in docs/codebase-audit/outputs/source-batch-137-decomandrakeroot2-guard-repair-closeout.md."
"SOURCE-BATCH-INTAKE","SOURCE-BATCH-138","SourceBatchCommitted","InterviewComplete","Add stale/null/mobile/source-item guards to DecoNightshade OnDragLift.","Items:Special / Rares / PaganReagents / DecoNightshade","Data/Scripts/Items/Special/Rares/PaganReagents/DecoNightshade.cs","Valid-state collectible message; valid-state base.OnDragLift(from) return; constructor item ID 0x18E7; Movable; Stackable; serialization layout/versioning; namespace/type/file layout; project/config/data files.","POST-BATCH-Y gate hits for DecoNightshade.cs=0; active overlay DecoNightshade matches=0; no gated approval crossed.","NotRequiredForNonGatedTarget","None beyond normal POST-BATCH-Y and active-overlay preflight.","/goal SOURCE-BATCH-138 DecoNightshade Guard Repair","Yes","2026-06-28T10:11:27-05:00","Implemented and closed in docs/codebase-audit/outputs/source-batch-138-deconightshade-guard-repair-closeout.md."
"SOURCE-BATCH-INTAKE","SOURCE-BATCH-139","SourceBatchCommitted","InterviewComplete","Add stale/null/mobile/source-item guards to DecoNightshade2 OnDragLift.","Items:Special / Rares / PaganReagents / DecoNightshade2","Data/Scripts/Items/Special/Rares/PaganReagents/DecoNightshade2.cs","Valid-state collectible message; valid-state base.OnDragLift(from) return; constructor item ID 0x18E5; Movable; Stackable; serialization layout/versioning; namespace/type/file layout; project/config/data files.","POST-BATCH-Y gate hits for DecoNightshade2.cs=0; active overlay DecoNightshade2 matches=0; no gated approval crossed.","NotRequiredForNonGatedTarget","None beyond normal POST-BATCH-Y and active-overlay preflight.","/goal SOURCE-BATCH-139 DecoNightshade2 Guard Repair","Yes","2026-06-28T10:16:22-05:00","Implemented and closed in docs/codebase-audit/outputs/source-batch-139-deconightshade2-guard-repair-closeout.md."
"SOURCE-BATCH-INTAKE","SOURCE-BATCH-140","SourceBatchCommitted","InterviewComplete","Add stale/null/mobile/source-item guards to DecoNightshade3 OnDragLift.","Items:Special / Rares / PaganReagents / DecoNightshade3","Data/Scripts/Items/Special/Rares/PaganReagents/DecoNightshade3.cs","Valid-state collectible message; valid-state base.OnDragLift(from) return; constructor item ID 0x18E6; Movable; Stackable; serialization layout/versioning; namespace/type/file layout; project/config/data files.","POST-BATCH-Y gate hits for DecoNightshade3.cs=0; active overlay DecoNightshade3 matches=0; no gated approval crossed.","NotRequiredForNonGatedTarget","None beyond normal POST-BATCH-Y and active-overlay preflight.","/goal SOURCE-BATCH-140 DecoNightshade3 Guard Repair","Yes","2026-06-28T10:21:09-05:00","Implemented and closed in docs/codebase-audit/outputs/source-batch-140-deconightshade3-guard-repair-closeout.md."
"SOURCE-BATCH-INTAKE","SOURCE-BATCH-141","SourceBatchCommitted","InterviewComplete","Add stale/null/mobile/source-item guards to DecoObsidian OnDragLift.","Items:Special / Rares / PaganReagents / DecoObsidian","Data/Scripts/Items/Special/Rares/PaganReagents/DecoObsidian.cs","Valid-state collectible message; valid-state base.OnDragLift(from) return; constructor item ID 0xF89; Movable; Stackable; serialization layout/versioning; namespace/type/file layout; project/config/data files.","POST-BATCH-Y gate hits for DecoObsidian.cs=0; active overlay DecoObsidian matches=0; no gated approval crossed.","NotRequiredForNonGatedTarget","None beyond normal POST-BATCH-Y and active-overlay preflight.","/goal SOURCE-BATCH-141 DecoObsidian Guard Repair","Yes","2026-06-28T10:26:03-05:00","Implemented and closed in docs/codebase-audit/outputs/source-batch-141-decoobsidian-guard-repair-closeout.md."
"SOURCE-BATCH-INTAKE","SOURCE-BATCH-142","SourceBatchCommitted","InterviewComplete","Add stale/null/mobile/source-item guards to DecoPumice OnDragLift.","Items:Special / Rares / PaganReagents / DecoPumice","Data/Scripts/Items/Special/Rares/PaganReagents/DecoPumice.cs","Valid-state collectible message; valid-state base.OnDragLift(from) return; constructor item ID 0xF8B; Movable; Stackable; serialization layout/versioning; namespace/type/file layout; project/config/data files.","POST-BATCH-Y gate hits for DecoPumice.cs=0; active overlay DecoPumice matches=0; no gated approval crossed.","NotRequiredForNonGatedTarget","None beyond normal POST-BATCH-Y and active-overlay preflight.","/goal SOURCE-BATCH-142 DecoPumice Guard Repair","Yes","2026-06-28T10:31:15-05:00","Implemented and closed in docs/codebase-audit/outputs/source-batch-142-decopumice-guard-repair-closeout.md."
"SOURCE-BATCH-INTAKE","SOURCE-BATCH-143","SourceBatchCommitted","InterviewComplete","Add stale/null/mobile/source-item guards to DecoWyrmsHeart OnDragLift.","Items:Special / Rares / PaganReagents / DecoWyrmsHeart","Data/Scripts/Items/Special/Rares/PaganReagents/DecoWyrmsHeart.cs","Valid-state collectible message; valid-state base.OnDragLift(from) return; constructor item ID 0xF91; Movable; Stackable; serialization layout/versioning; namespace/type/file layout; project/config/data files.","POST-BATCH-Y gate hits for DecoWyrmsHeart.cs=0; active overlay DecoWyrmsHeart matches=0; no gated approval crossed.","NotRequiredForNonGatedTarget","None beyond normal POST-BATCH-Y and active-overlay preflight.","/goal SOURCE-BATCH-143 DecoWyrmsHeart Guard Repair","Yes","2026-06-28T10:36:49-05:00","Implemented and closed in docs/codebase-audit/outputs/source-batch-143-decowyrmsheart-guard-repair-closeout.md."
"SOURCE-BATCH-INTAKE","SOURCE-BATCH-144","SourceBatchCommitted","InterviewComplete","Add stale/null/mobile/source-container guards to CorpseChest OnDragLift.","Items:Containers / CorpseChest","Data/Scripts/Items/Containers/CorpseChest.cs","Valid-state delayed-fill behavior when Weight > 10; Movable assignment; FillMeUpLevel math; GetPlayerInfo.LuckyPlayer bonus behavior; ContainerFunctions.FillTheContainer call; valid-state true return; serialization layout/versioning; namespace/type/file layout; project/config/data files.","POST-BATCH-Y gate hits for CorpseChest.cs=0; active overlay CorpseChest matches=0; no gated approval crossed.","NotRequiredForNonGatedTarget","None beyond normal POST-BATCH-Y and active-overlay preflight.","/goal SOURCE-BATCH-144 CorpseChest Guard Repair","Yes","2026-06-28T10:48:07-05:00","Implemented and closed in docs/codebase-audit/outputs/source-batch-144-corpsechest-guard-repair-closeout.md. Candidate discovery recorded in source-batch-144-candidate-discovery.csv."
"SOURCE-BATCH-INTAKE","SOURCE-BATCH-145","SourceBatchCommitted","InterviewComplete","Add stale/null/mobile/source-container guards to CorpseSailor OnDragLift.","Items:Containers / CorpseSailor","Data/Scripts/Items/Containers/CorpseSailor.cs","Valid-state delayed-fill behavior when Weight > 10; Movable assignment; FillMeUpLevel math; GetPlayerInfo.LuckyPlayer bonus behavior; ContainerFunctions.FillTheContainer call; valid-state true return; serialization layout/versioning; namespace/type/file layout; project/config/data files.","POST-BATCH-Y gate hits for CorpseSailor.cs=0; active overlay CorpseSailor matches=0; no gated approval crossed.","NotRequiredForNonGatedTarget","None beyond normal POST-BATCH-Y and active-overlay preflight.","/goal SOURCE-BATCH-145 CorpseSailor Guard Repair","Yes","2026-06-28T10:52:39-05:00","Implemented and closed in docs/codebase-audit/outputs/source-batch-145-corpsesailor-guard-repair-closeout.md."
"SOURCE-BATCH-INTAKE","SOURCE-BATCH-146","SourceBatchCommitted","InterviewComplete","Add stale/null/mobile/source-container guards to LootBag OnDragLift.","Items:Containers / LootBag","Data/Scripts/Items/Containers/LootBag.cs","Valid-state delayed-fill behavior when Weight > 10; Movable assignment; FillMeUpLevel math; GetPlayerInfo.LuckyPlayer bonus behavior; ContainerFunctions.FillTheContainer call; valid-state true return; serialization layout/versioning; namespace/type/file layout; project/config/data files.","POST-BATCH-Y gate hits for LootBag.cs=0; active overlay LootBag matches=0; no gated approval crossed.","NotRequiredForNonGatedTarget","None beyond normal POST-BATCH-Y and active-overlay preflight.","/goal SOURCE-BATCH-146 LootBag Guard Repair","Yes","2026-06-28T10:56:21-05:00","Implemented and closed in docs/codebase-audit/outputs/source-batch-146-lootbag-guard-repair-closeout.md."
"SOURCE-BATCH-INTAKE","SOURCE-BATCH-147","SourceBatchCommitted","InterviewComplete","Add stale/null/mobile/source-container guards to LootChest OnDragLift.","Items:Containers / LootChest","Data/Scripts/Items/Containers/LootChest.cs","Valid-state delayed-fill behavior when Weight > 50; Movable assignment; FillMeUpLevel math; GetPlayerInfo.LuckyPlayer bonus behavior; ContainerFunctions.FillTheContainer call; valid-state true return; serialization layout/versioning; namespace/type/file layout; project/config/data files.","POST-BATCH-Y gate hits for LootChest.cs=0; active overlay LootChest matches=0; no gated approval crossed.","NotRequiredForNonGatedTarget","None beyond normal POST-BATCH-Y and active-overlay preflight.","/goal SOURCE-BATCH-147 LootChest Guard Repair","Yes","2026-06-28T10:59:59-05:00","Implemented and closed in docs/codebase-audit/outputs/source-batch-147-lootchest-guard-repair-closeout.md."
"SOURCE-BATCH-INTAKE","SOURCE-BATCH-148","SourceBatchCommitted","InterviewComplete","Add stale/null/mobile/source-container guards to PirateChest OnDragLift.","Items:Containers / PirateChest","Data/Scripts/Items/Containers/PirateChest.cs","Valid-state delayed-fill behavior when Weight > 50; Movable assignment; FillMeUpLevel math; GetPlayerInfo.LuckyPlayer bonus behavior; ContainerFunctions.FillTheContainer call; valid-state true return; ContainerOwner serialization/layout; namespace/type/file layout; project/config/data files.","POST-BATCH-Y gate hits for PirateChest.cs=0; active overlay PirateChest matches=0; no gated approval crossed.","NotRequiredForNonGatedTarget","None beyond normal POST-BATCH-Y and active-overlay preflight.","/goal SOURCE-BATCH-148 PirateChest Guard Repair","Yes","2026-06-28T11:03:46-05:00","Implemented and closed in docs/codebase-audit/outputs/source-batch-148-piratechest-guard-repair-closeout.md."
"SOURCE-BATCH-INTAKE","SOURCE-BATCH-149","SourceBatchCommitted","InterviewComplete","Add stale/null/mobile/source-container guards to SunkenBag OnDragLift.","Items:Containers / SunkenBag","Data/Scripts/Items/Containers/SunkenBag.cs","Random naming; valid-state delayed-fill behavior when Weight > 10; Movable assignment; FillMeUpLevel math; Weight = 2.0 reset; GetPlayerInfo.LuckyPlayer bonus behavior; ContainerFunctions.FillTheContainer call; valid-state true return; serialization layout/versioning; namespace/type/file layout; project/config/data files.","POST-BATCH-Y gate hits for SunkenBag.cs=0; active overlay SunkenBag matches=0; no gated approval crossed.","NotRequiredForNonGatedTarget","None beyond normal POST-BATCH-Y and active-overlay preflight.","/goal SOURCE-BATCH-149 SunkenBag Guard Repair","Yes","2026-06-28T11:07:30-05:00","Implemented and closed in docs/codebase-audit/outputs/source-batch-149-sunkenbag-guard-repair-closeout.md."
"SOURCE-BATCH-INTAKE","SOURCE-BATCH-150","SourceBatchCommitted","InterviewComplete","Add stale/null/mobile/source-container guards to MovingBox OnDragLift.","Items:Containers / MovingBox","Data/Scripts/Items/Containers/MovingBox.cs","Owner serialization; valid-state owner assignment when owner is null; IsEnabled behavior; home/bank checks; open/drop restrictions; messages; valid-state true return; namespace/type/file layout; project/config/data files.","POST-BATCH-Y gate hits for MovingBox.cs=0; active overlay MovingBox matches=0; no gated approval crossed.","NotRequiredForNonGatedTarget","None beyond normal POST-BATCH-Y and active-overlay preflight.","/goal SOURCE-BATCH-150 MovingBox Guard Repair","Yes","2026-06-28T11:11:29-05:00","Implemented and closed in docs/codebase-audit/outputs/source-batch-150-movingbox-guard-repair-closeout.md."
"SOURCE-BATCH-INTAKE","SOURCE-BATCH-151","SourceBatchCommitted","InterviewComplete","Add stale/null/mobile/source-pouch guards to AlchemistPouch OnDragLift.","Items:Containers / AlchemistPouch","Data/Scripts/Items/Containers/AlchemistPouch.cs","Potion restrictions; gump behavior; hotbar behavior; organize message; base.OnDragLift return behavior; serialization layout/versioning; namespace/type/file layout; project/config/data files.","POST-BATCH-Y gate hits for AlchemistPouch.cs=0; active overlay AlchemistPouch matches=0; no gated approval crossed.","NotRequiredForNonGatedTarget","None beyond normal POST-BATCH-Y and active-overlay preflight.","/goal SOURCE-BATCH-151 AlchemistPouch Guard Repair","Yes","2026-06-28T11:15:20-05:00","Implemented and closed in docs/codebase-audit/outputs/source-batch-151-alchemistpouch-guard-repair-closeout.md."
"SOURCE-BATCH-INTAKE","SOURCE-BATCH-152","SkippedOverlayConflict","InterviewComplete","Skipped candidate SB144-CAND-009 BaseMagicStaff guard repair because fresh preflight found active overlay rows.","Items:Wands / BaseMagicStaff","Data/Scripts/Items/Wands/BaseMagicStaff.cs","Staff charges; spell effects; equip policy; existing message; valid-state true return; serialization layout/versioning; namespace/type/file layout; project/config/data files.","POST-BATCH-Y gate hits for BaseMagicStaff.cs=0; active overlay BaseMagicStaff matches=4: RB-06714, RB-06715, RB-06731, RB-06782; skipped without source edits.","OverlayConflictSkip","Resolve or explicitly reapprove this candidate only after matching overlay rows are reviewed; no approval needed to skip and advance.","n/a - skipped before source edits","No","2026-06-28T11:21:04-05:00","Skipped and closed in docs/codebase-audit/outputs/source-batch-152-basemagicstaff-skip-closeout.md."
"SOURCE-BATCH-INTAKE","SOURCE-BATCH-153","SourceBatchCommitted","InterviewComplete","Add stale/null/mobile/source-scroll guards to WindRunnerScroll OnDoubleClick and OnDragLift.","Magic:Mystic / WindRunnerScroll","Data/Scripts/Magic/Mystic/Scrolls/WindRunnerScroll.cs","Owner serialization; owner-mismatch delete behavior for valid mobiles; parchment/tome messages; valid-state true return; namespace/type/file layout; project/config/data files.","POST-BATCH-Y gate hits for WindRunnerScroll.cs=0; active overlay WindRunnerScroll matches=0; no gated approval crossed.","NotRequiredForNonGatedTarget","None beyond normal POST-BATCH-Y and active-overlay preflight.","/goal SOURCE-BATCH-153 WindRunnerScroll Guard Repair","Yes","2026-06-28T11:25:17-05:00","Implemented and closed in docs/codebase-audit/outputs/source-batch-153-windrunnerscroll-guard-repair-closeout.md."
"SOURCE-BATCH-INTAKE","SOURCE-BATCH-154","SourceBatchCommitted","InterviewComplete","Add stale/null/mobile/source-scroll guards to AstralProjectionScroll OnDoubleClick and OnDragLift.","Magic:Mystic / AstralProjectionScroll","Data/Scripts/Magic/Mystic/Scrolls/AstralProjectionScroll.cs","Owner serialization; owner-mismatch delete behavior for valid mobiles; parchment/tome messages; valid-state true return; namespace/type/file layout; project/config/data files.","POST-BATCH-Y gate hits for AstralProjectionScroll.cs=0; active overlay AstralProjectionScroll matches=0; no gated approval crossed.","NotRequiredForNonGatedTarget","None beyond normal POST-BATCH-Y and active-overlay preflight.","/goal SOURCE-BATCH-154 AstralProjectionScroll Guard Repair","Yes","2026-06-28T11:31:00-05:00","Implemented and closed in docs/codebase-audit/outputs/source-batch-154-astralprojectionscroll-guard-repair-closeout.md."
"SOURCE-BATCH-INTAKE","SOURCE-BATCH-155","SourceBatchCommitted","InterviewComplete","Add stale/null/mobile/source-scroll guards to AstralTravelScroll OnDoubleClick and OnDragLift.","Magic:Mystic / AstralTravelScroll","Data/Scripts/Magic/Mystic/Scrolls/AstralTravelScroll.cs","Owner serialization; owner-mismatch delete behavior for valid mobiles; parchment/tome messages; valid-state true return; namespace/type/file layout; project/config/data files.","POST-BATCH-Y gate hits for AstralTravelScroll.cs=0; active overlay AstralTravelScroll matches=0; no gated approval crossed.","NotRequiredForNonGatedTarget","None beyond normal POST-BATCH-Y and active-overlay preflight.","/goal SOURCE-BATCH-155 AstralTravelScroll Guard Repair","Yes","2026-06-28T11:36:00-05:00","Implemented and closed in docs/codebase-audit/outputs/source-batch-155-astraltravelscroll-guard-repair-closeout.md."
"SOURCE-BATCH-INTAKE","SOURCE-BATCH-156","SourceBatchCommitted","InterviewComplete","Add stale/null/mobile/source-scroll guards to CreateRobeScroll OnDoubleClick and OnDragLift.","Magic:Mystic / CreateRobeScroll","Data/Scripts/Magic/Mystic/Scrolls/CreateRobeScroll.cs","Owner serialization; owner-mismatch delete behavior for valid mobiles; parchment/tome messages; valid-state true return; namespace/type/file layout; project/config/data files.","POST-BATCH-Y gate hits for CreateRobeScroll.cs=0; active overlay CreateRobeScroll matches=0; no gated approval crossed.","NotRequiredForNonGatedTarget","None beyond normal POST-BATCH-Y and active-overlay preflight.","/goal SOURCE-BATCH-156 CreateRobeScroll Guard Repair","Yes","2026-06-28T11:41:00-05:00","Implemented and closed in docs/codebase-audit/outputs/source-batch-156-createrobescroll-guard-repair-closeout.md."
"SOURCE-BATCH-INTAKE","SOURCE-BATCH-157","SourceBatchCommitted","InterviewComplete","Add stale/null/mobile/source-scroll guards to GentleTouchScroll OnDoubleClick and OnDragLift.","Magic:Mystic / GentleTouchScroll","Data/Scripts/Magic/Mystic/Scrolls/GentleTouchScroll.cs","Owner serialization; owner-mismatch delete behavior for valid mobiles; parchment/tome messages; valid-state true return; namespace/type/file layout; project/config/data files.","POST-BATCH-Y gate hits for GentleTouchScroll.cs=0; active overlay GentleTouchScroll matches=0; no gated approval crossed.","NotRequiredForNonGatedTarget","None beyond normal POST-BATCH-Y and active-overlay preflight.","/goal SOURCE-BATCH-157 GentleTouchScroll Guard Repair","Yes","2026-06-28T11:46:00-05:00","Implemented and closed in docs/codebase-audit/outputs/source-batch-157-gentletouchscroll-guard-repair-closeout.md."
"SOURCE-BATCH-INTAKE","SOURCE-BATCH-158","SourceBatchCommitted","InterviewComplete","Add stale/null/mobile/source-scroll guards to LeapScroll OnDoubleClick and OnDragLift.","Magic:Mystic / LeapScroll","Data/Scripts/Magic/Mystic/Scrolls/LeapScroll.cs","Owner serialization; owner-mismatch delete behavior for valid mobiles; parchment/tome messages; valid-state true return; namespace/type/file layout; project/config/data files.","POST-BATCH-Y gate hits for LeapScroll.cs=0; active overlay LeapScroll matches=0; no gated approval crossed.","NotRequiredForNonGatedTarget","None beyond normal POST-BATCH-Y and active-overlay preflight.","/goal SOURCE-BATCH-158 LeapScroll Guard Repair","Yes","2026-06-28T11:51:00-05:00","Implemented and closed in docs/codebase-audit/outputs/source-batch-158-leapscroll-guard-repair-closeout.md."
"SOURCE-BATCH-INTAKE","SOURCE-BATCH-159","SourceBatchCommitted","InterviewComplete","Add stale/null/mobile/source-scroll guards to PsionicBlastScroll OnDoubleClick and OnDragLift.","Magic:Mystic / PsionicBlastScroll","Data/Scripts/Magic/Mystic/Scrolls/PsionicBlastScroll.cs","Owner serialization; owner-mismatch delete behavior for valid mobiles; parchment/tome messages; valid-state true return; namespace/type/file layout; project/config/data files.","POST-BATCH-Y gate hits for PsionicBlastScroll.cs=0; active overlay PsionicBlastScroll matches=0; no gated approval crossed.","NotRequiredForNonGatedTarget","None beyond normal POST-BATCH-Y and active-overlay preflight.","/goal SOURCE-BATCH-159 PsionicBlastScroll Guard Repair","Yes","2026-06-28T11:56:00-05:00","Implemented and closed in docs/codebase-audit/outputs/source-batch-159-psionicblastscroll-guard-repair-closeout.md."
"SOURCE-BATCH-INTAKE","SOURCE-BATCH-160","SourceBatchCommitted","InterviewComplete","Add stale/null/mobile/source-scroll guards to PsychicWallScroll OnDoubleClick and OnDragLift.","Magic:Mystic / PsychicWallScroll","Data/Scripts/Magic/Mystic/Scrolls/PsychicWallScroll.cs","Owner serialization; owner-mismatch delete behavior for valid mobiles; parchment/tome messages; valid-state true return; namespace/type/file layout; project/config/data files.","POST-BATCH-Y gate hits for PsychicWallScroll.cs=0; active overlay PsychicWallScroll matches=0; no gated approval crossed.","NotRequiredForNonGatedTarget","None beyond normal POST-BATCH-Y and active-overlay preflight.","/goal SOURCE-BATCH-160 PsychicWallScroll Guard Repair","Yes","2026-06-28T12:01:00-05:00","Implemented and closed in docs/codebase-audit/outputs/source-batch-160-psychicwallscroll-guard-repair-closeout.md."
"SOURCE-BATCH-INTAKE","SOURCE-BATCH-161","SourceBatchCommitted","InterviewComplete","Add stale/null/mobile/source-scroll guards to PurityOfBodyScroll OnDoubleClick and OnDragLift.","Magic:Mystic / PurityOfBodyScroll","Data/Scripts/Magic/Mystic/Scrolls/PurityOfBodyScroll.cs","Owner serialization; owner-mismatch delete behavior for valid mobiles; parchment/tome messages; valid-state true return; namespace/type/file layout; project/config/data files.","POST-BATCH-Y gate hits for PurityOfBodyScroll.cs=0; active overlay PurityOfBodyScroll matches=0; no gated approval crossed.","NotRequiredForNonGatedTarget","None beyond normal POST-BATCH-Y and active-overlay preflight.","/goal SOURCE-BATCH-161 PurityOfBodyScroll Guard Repair","Yes","2026-06-28T12:06:00-05:00","Implemented and closed in docs/codebase-audit/outputs/source-batch-161-purityofbodyscroll-guard-repair-closeout.md."
"SOURCE-BATCH-INTAKE","SOURCE-BATCH-162","SourceBatchCommitted","InterviewComplete","Add stale/null/mobile/source-scroll guards to QuiveringPalmScroll OnDoubleClick and OnDragLift.","Magic:Mystic / QuiveringPalmScroll","Data/Scripts/Magic/Mystic/Scrolls/QuiveringPalmScroll.cs","Owner serialization; owner-mismatch delete behavior for valid mobiles; parchment/tome messages; valid-state true return; namespace/type/file layout; project/config/data files.","POST-BATCH-Y gate hits for QuiveringPalmScroll.cs=0; active overlay QuiveringPalmScroll matches=0; no gated approval crossed.","NotRequiredForNonGatedTarget","None beyond normal POST-BATCH-Y and active-overlay preflight.","/goal SOURCE-BATCH-162 QuiveringPalmScroll Guard Repair","Yes","2026-06-28T12:11:00-05:00","Implemented and closed in docs/codebase-audit/outputs/source-batch-162-quiveringpalmscroll-guard-repair-closeout.md."
"SOURCE-BATCH-INTAKE","SOURCE-BATCH-163","SourceBatchCommitted","InterviewComplete","Add stale/null/mobile/source-scroll guard to ArmysPaeonScroll OnDoubleClick.","Magic:Bard / ArmysPaeon","Data/Scripts/Magic/Bard/Scrolls/ArmysPaeon.cs","Sheet-music message; constructor spell/item IDs; hue; Stackable behavior; serialization; namespace/type/file layout; project/config/data files.","POST-BATCH-Y exact-file gate hits for ArmysPaeon.cs=0; exact-file active overlay rows=0; no gated approval crossed.","NotRequiredForNonGatedTarget","None beyond normal POST-BATCH-Y and exact-file active-overlay preflight.","/goal SOURCE-BATCH-163 ArmysPaeonScroll Guard Repair","Yes","2026-06-28T13:27:45-05:00","Implemented and closed in docs/codebase-audit/outputs/source-batch-163-armyspaeonscroll-guard-repair-closeout.md."
"SOURCE-BATCH-INTAKE","SOURCE-BATCH-164","SourceBatchCommitted","InterviewComplete","Add stale/null/mobile/source-scroll guard to EnchantingEtudeScroll OnDoubleClick.","Magic:Bard / EnchantingEtude","Data/Scripts/Magic/Bard/Scrolls/EnchantingEtude.cs","Sheet-music message; constructor spell/item IDs; hue; Stackable behavior; serialization; namespace/type/file layout; project/config/data files.","POST-BATCH-Y exact-file gate hits for EnchantingEtude.cs=0; exact-file active overlay rows=0; no gated approval crossed.","NotRequiredForNonGatedTarget","None beyond normal POST-BATCH-Y and exact-file active-overlay preflight.","/goal SOURCE-BATCH-164 EnchantingEtudeScroll Guard Repair","Yes","2026-06-28T13:37:41-05:00","Implemented and closed in docs/codebase-audit/outputs/source-batch-164-enchantingetudescroll-guard-repair-closeout.md."
"SOURCE-BATCH-INTAKE","SOURCE-BATCH-165","SourceBatchCommitted","InterviewComplete","Add stale/null/mobile/source-scroll guard to EnergyCarolScroll OnDoubleClick.","Magic:Bard / EnergyCarol","Data/Scripts/Magic/Bard/Scrolls/EnergyCarol.cs","Sheet-music message; constructor spell/item IDs; hue; Stackable behavior; serialization; namespace/type/file layout; project/config/data files.","POST-BATCH-Y exact-file gate hits for EnergyCarol.cs=0; exact-file active overlay rows=0; no gated approval crossed.","NotRequiredForNonGatedTarget","None beyond normal POST-BATCH-Y and exact-file active-overlay preflight.","/goal SOURCE-BATCH-165 EnergyCarolScroll Guard Repair","Yes","2026-06-28T13:39:08-05:00","Implemented and closed in docs/codebase-audit/outputs/source-batch-165-energycarolscroll-guard-repair-closeout.md."
"SOURCE-BATCH-INTAKE","SOURCE-BATCH-166","SourceBatchCommitted","InterviewComplete","Add stale/null/mobile/source-scroll guard to EnergyThrenodyScroll OnDoubleClick.","Magic:Bard / EnergyThrenody","Data/Scripts/Magic/Bard/Scrolls/EnergyThrenody.cs","Sheet-music message; constructor spell/item IDs; hue; existing stackable behavior; serialization; namespace/type/file layout; project/config/data files.","POST-BATCH-Y exact-file gate hits for EnergyThrenody.cs=0; exact-file active overlay rows=0; no gated approval crossed.","NotRequiredForNonGatedTarget","None beyond normal POST-BATCH-Y and exact-file active-overlay preflight.","/goal SOURCE-BATCH-166 EnergyThrenodyScroll Guard Repair","Yes","2026-06-28T13:42:54-05:00","Implemented and closed in docs/codebase-audit/outputs/source-batch-166-energythrenodyscroll-guard-repair-closeout.md."
"SOURCE-BATCH-INTAKE","SOURCE-BATCH-167","SourceBatchCommitted","InterviewComplete","Add stale/null/mobile/source-scroll guard to FireCarolScroll OnDoubleClick.","Magic:Bard / FireCarol","Data/Scripts/Magic/Bard/Scrolls/FireCarol.cs","Sheet-music message; constructor spell/item IDs; hue; Stackable behavior; serialization; namespace/type/file layout; project/config/data files.","POST-BATCH-Y exact-file gate hits for FireCarol.cs=0; exact-file active overlay rows=0; no gated approval crossed.","NotRequiredForNonGatedTarget","None beyond normal POST-BATCH-Y and exact-file active-overlay preflight.","/goal SOURCE-BATCH-167 FireCarolScroll Guard Repair","Yes","2026-06-28T13:44:25-05:00","Implemented and closed in docs/codebase-audit/outputs/source-batch-167-firecarolscroll-guard-repair-closeout.md."
"SOURCE-BATCH-INTAKE","SOURCE-BATCH-168","SourceBatchCommitted","InterviewComplete","Add stale/null/mobile/source-scroll guard to FireThrenodyScroll OnDoubleClick.","Magic:Bard / FireThrenody","Data/Scripts/Magic/Bard/Scrolls/FireThrenody.cs","Sheet-music message; constructor spell/item IDs; hue; Stackable behavior; serialization; namespace/type/file layout; project/config/data files.","POST-BATCH-Y exact-file gate hits for FireThrenody.cs=0; exact-file active overlay rows=0; no gated approval crossed.","NotRequiredForNonGatedTarget","None beyond normal POST-BATCH-Y and exact-file active-overlay preflight.","/goal SOURCE-BATCH-168 FireThrenodyScroll Guard Repair","Yes","2026-06-28T13:44:37-05:00","Implemented and closed in docs/codebase-audit/outputs/source-batch-168-firethrenodyscroll-guard-repair-closeout.md."
"SOURCE-BATCH-INTAKE","SOURCE-BATCH-169","SourceBatchCommitted","InterviewComplete","Add stale/null/mobile/source-scroll guard to FoeRequiemScroll OnDoubleClick.","Magic:Bard / FoeRequiem","Data/Scripts/Magic/Bard/Scrolls/FoeRequiem.cs","Sheet-music message; constructor spell/item IDs; hue; Stackable behavior; serialization; namespace/type/file layout; project/config/data files.","POST-BATCH-Y exact-file gate hits for FoeRequiem.cs=0; exact-file active overlay rows=0; no gated approval crossed.","NotRequiredForNonGatedTarget","None beyond normal POST-BATCH-Y and exact-file active-overlay preflight.","/goal SOURCE-BATCH-169 FoeRequiemScroll Guard Repair","Yes","2026-06-28T13:44:49-05:00","Implemented and closed in docs/codebase-audit/outputs/source-batch-169-foerequiemscroll-guard-repair-closeout.md."
"SOURCE-BATCH-INTAKE","SOURCE-BATCH-170","SourceBatchCommitted","InterviewComplete","Add stale/null/mobile/source-scroll guard to IceCarolScroll OnDoubleClick.","Magic:Bard / IceCarol","Data/Scripts/Magic/Bard/Scrolls/IceCarol.cs","Sheet-music message; constructor spell/item IDs; hue; Stackable behavior; serialization; namespace/type/file layout; project/config/data files.","POST-BATCH-Y exact-file gate hits for IceCarol.cs=0; exact-file active overlay rows=0; no gated approval crossed.","NotRequiredForNonGatedTarget","None beyond normal POST-BATCH-Y and exact-file active-overlay preflight.","/goal SOURCE-BATCH-170 IceCarolScroll Guard Repair","Yes","2026-06-28T13:45:01-05:00","Implemented and closed in docs/codebase-audit/outputs/source-batch-170-icecarolscroll-guard-repair-closeout.md."
"SOURCE-BATCH-INTAKE","SOURCE-BATCH-171","SourceBatchCommitted","InterviewComplete","Add stale/null/mobile/source-scroll guard to IceThrenodyScroll OnDoubleClick.","Magic:Bard / IceThrenody","Data/Scripts/Magic/Bard/Scrolls/IceThrenody.cs","Sheet-music message; constructor spell/item IDs; hue; Stackable behavior; serialization; namespace/type/file layout; project/config/data files.","POST-BATCH-Y exact-file gate hits for IceThrenody.cs=0; exact-file active overlay rows=0; no gated approval crossed.","NotRequiredForNonGatedTarget","None beyond normal POST-BATCH-Y and exact-file active-overlay preflight.","/goal SOURCE-BATCH-171 IceThrenodyScroll Guard Repair","Yes","2026-06-28T13:45:13-05:00","Implemented and closed in docs/codebase-audit/outputs/source-batch-171-icethrenodyscroll-guard-repair-closeout.md."
"SOURCE-BATCH-INTAKE","SOURCE-BATCH-172","SourceBatchCommitted","InterviewComplete","Add stale/null/mobile/source-scroll guard to KnightsMinneScroll OnDoubleClick.","Magic:Bard / KnightsMinne","Data/Scripts/Magic/Bard/Scrolls/KnightsMinne.cs","Sheet-music message; constructor spell/item IDs; hue; Stackable behavior; serialization; namespace/type/file layout; project/config/data files.","POST-BATCH-Y exact-file gate hits for KnightsMinne.cs=0; exact-file active overlay rows=0; no gated approval crossed.","NotRequiredForNonGatedTarget","None beyond normal POST-BATCH-Y and exact-file active-overlay preflight.","/goal SOURCE-BATCH-172 KnightsMinneScroll Guard Repair","Yes","2026-06-28T13:45:25-05:00","Implemented and closed in docs/codebase-audit/outputs/source-batch-172-knightsminnescroll-guard-repair-closeout.md."
"SOURCE-BATCH-INTAKE","SOURCE-BATCH-173","SourceBatchCommitted","InterviewComplete","Add stale/null/mobile/source-scroll guard to MagesBalladScroll OnDoubleClick.","Magic:Bard / MagesBallad","Data/Scripts/Magic/Bard/Scrolls/MagesBallad.cs","Sheet-music message; constructor spell/item IDs; hue; Stackable behavior; serialization; namespace/type/file layout; project/config/data files.","POST-BATCH-Y exact-file gate hits for MagesBallad.cs=0; exact-file active overlay rows=0; no gated approval crossed.","NotRequiredForNonGatedTarget","None beyond normal POST-BATCH-Y and exact-file active-overlay preflight.","/goal SOURCE-BATCH-173 MagesBalladScroll Guard Repair","Yes","2026-06-28T13:45:36-05:00","Implemented and closed in docs/codebase-audit/outputs/source-batch-173-magesballadscroll-guard-repair-closeout.md."
"SOURCE-BATCH-INTAKE","SOURCE-BATCH-174","SourceBatchCommitted","InterviewComplete","Add stale/null/mobile/source-scroll guard to MagicFinaleScroll OnDoubleClick.","Magic:Bard / MagicFinale","Data/Scripts/Magic/Bard/Scrolls/MagicFinale.cs","Sheet-music message; constructor spell/item IDs; hue; Stackable behavior; serialization; namespace/type/file layout; project/config/data files.","POST-BATCH-Y exact-file gate hits for MagicFinale.cs=0; exact-file active overlay rows=0; no gated approval crossed.","NotRequiredForNonGatedTarget","None beyond normal POST-BATCH-Y and exact-file active-overlay preflight.","/goal SOURCE-BATCH-174 MagicFinaleScroll Guard Repair","Yes","2026-06-28T13:45:48-05:00","Implemented and closed in docs/codebase-audit/outputs/source-batch-174-magicfinalescroll-guard-repair-closeout.md."
"SOURCE-BATCH-INTAKE","SOURCE-BATCH-175","SourceBatchCommitted","InterviewComplete","Add stale/null/mobile/source-scroll guard to PoisonCarolScroll OnDoubleClick.","Magic:Bard / PoisonCarol","Data/Scripts/Magic/Bard/Scrolls/PoisonCarol.cs","Sheet-music message; constructor spell/item IDs; hue; Stackable behavior; serialization; namespace/type/file layout; project/config/data files.","POST-BATCH-Y exact-file gate hits for PoisonCarol.cs=0; exact-file active overlay rows=0; no gated approval crossed.","NotRequiredForNonGatedTarget","None beyond normal POST-BATCH-Y and exact-file active-overlay preflight.","/goal SOURCE-BATCH-175 PoisonCarolScroll Guard Repair","Yes","2026-06-28T13:46:00-05:00","Implemented and closed in docs/codebase-audit/outputs/source-batch-175-poisoncarolscroll-guard-repair-closeout.md."
"SOURCE-BATCH-INTAKE","SOURCE-BATCH-176","SourceBatchCommitted","InterviewComplete","Add stale/null/mobile/source-scroll guard to PoisonThrenodyScroll OnDoubleClick.","Magic:Bard / PoisonThrenody","Data/Scripts/Magic/Bard/Scrolls/PoisonThrenody.cs","Sheet-music message; constructor spell/item IDs; hue; Stackable behavior; serialization; namespace/type/file layout; project/config/data files.","POST-BATCH-Y exact-file gate hits for PoisonThrenody.cs=0; exact-file active overlay rows=0; no gated approval crossed.","NotRequiredForNonGatedTarget","None beyond normal POST-BATCH-Y and exact-file active-overlay preflight.","/goal SOURCE-BATCH-176 PoisonThrenodyScroll Guard Repair","Yes","2026-06-28T13:46:12-05:00","Implemented and closed in docs/codebase-audit/outputs/source-batch-176-poisonthrenodyscroll-guard-repair-closeout.md."
"SOURCE-BATCH-INTAKE","SOURCE-BATCH-177","SourceBatchCommitted","InterviewComplete","Add stale/null/mobile/source-scroll guard to SheepfoeMamboScroll OnDoubleClick.","Magic:Bard / SheepfoeMambo","Data/Scripts/Magic/Bard/Scrolls/SheepfoeMambo.cs","Sheet-music message; constructor spell/item IDs; hue; Stackable behavior; serialization; namespace/type/file layout; project/config/data files.","POST-BATCH-Y exact-file gate hits for SheepfoeMambo.cs=0; exact-file active overlay rows=0; no gated approval crossed.","NotRequiredForNonGatedTarget","None beyond normal POST-BATCH-Y and exact-file active-overlay preflight.","/goal SOURCE-BATCH-177 SheepfoeMamboScroll Guard Repair","Yes","2026-06-28T13:46:24-05:00","Implemented and closed in docs/codebase-audit/outputs/source-batch-177-sheepfoemamboscroll-guard-repair-closeout.md."
"SOURCE-BATCH-INTAKE","SOURCE-BATCH-178","SourceBatchCommitted","InterviewComplete","Add stale/null/mobile/source-scroll guard to SinewyEtudeScroll OnDoubleClick.","Magic:Bard / SinewyEtude","Data/Scripts/Magic/Bard/Scrolls/SinewyEtude.cs","Sheet-music message; constructor spell/item IDs; hue; Stackable behavior; serialization; namespace/type/file layout; project/config/data files.","POST-BATCH-Y exact-file gate hits for SinewyEtude.cs=0; exact-file active overlay rows=0; no gated approval crossed.","NotRequiredForNonGatedTarget","None beyond normal POST-BATCH-Y and exact-file active-overlay preflight.","/goal SOURCE-BATCH-178 SinewyEtudeScroll Guard Repair","Yes","2026-06-28T13:46:36-05:00","Implemented and closed in docs/codebase-audit/outputs/source-batch-178-sinewyetudescroll-guard-repair-closeout.md."
"SOURCE-BATCH-INTAKE","SOURCE-BATCH-179","SourceBatchCommitted","InterviewComplete","Add stale/null/mobile/source-token guards to all DeathKnightSkull OnDoubleClick message paths.","Magic:Death Knight / DeathSkulls","Data/Scripts/Magic/Death Knight/DeathSkulls.cs","Skull message; spell IDs; item ID randomization; hue; names; AddNameProperties labels; serialization; namespace/type/file layout; project/config/data files.","POST-BATCH-Y exact-file gate hits for DeathSkulls.cs=0; exact-file active overlay rows=0; no gated approval crossed.","NotRequiredForNonGatedTarget","None beyond normal POST-BATCH-Y and exact-file active-overlay preflight.","/goal SOURCE-BATCH-179 DeathSkulls Guard Repair","Yes","2026-06-28T13:51:47-05:00","Implemented and closed in docs/codebase-audit/outputs/source-batch-179-deathskulls-guard-repair-closeout.md."
"SOURCE-BATCH-INTAKE","SOURCE-BATCH-180","SourceBatchCommitted","InterviewComplete","Add stale/null/mobile/source-token guards to all HolyManSymbol OnDoubleClick message paths.","Magic:Holy Man / HolySymbols","Data/Scripts/Magic/Holy Man/HolySymbols.cs","Holy symbol message; spell IDs; hue; names; AddNameProperties labels; serialization; namespace/type/file layout; project/config/data files.","POST-BATCH-Y exact-file gate hits for HolySymbols.cs=0; exact-file active overlay rows=0; no gated approval crossed.","NotRequiredForNonGatedTarget","None beyond normal POST-BATCH-Y and exact-file active-overlay preflight.","/goal SOURCE-BATCH-180 HolySymbols Guard Repair","Yes","2026-06-28T13:55:45-05:00","Implemented and closed in docs/codebase-audit/outputs/source-batch-180-holysymbols-guard-repair-closeout.md."
"SOURCE-BATCH-INTAKE","SOURCE-BATCH-181","SourceBatchCommitted","InterviewComplete","Add stale/null/mobile/source-book guard to DeathKnightSpellbook OnDoubleClick before reading from.Backpack.","Magic:Death Knight / DeathKnightSpellbook","Data/Scripts/Magic/Death Knight/DeathKnightSpellBook.cs","Owner logic; backpack requirement; gump open flow; sounds; messages; serialization; namespace/type/file layout; project/config/data files.","POST-BATCH-Y exact-file gate hits for DeathKnightSpellBook.cs=0; exact-file active overlay rows=0; no gated approval crossed.","NotRequiredForNonGatedTarget","None beyond normal POST-BATCH-Y and exact-file active-overlay preflight.","/goal SOURCE-BATCH-181 DeathKnightSpellbook Guard Repair","Yes","2026-06-28T13:59:13-05:00","Implemented and closed in docs/codebase-audit/outputs/source-batch-181-deathknightspellbook-guard-repair-closeout.md."
"SOURCE-BATCH-INTAKE","SOURCE-BATCH-182","SourceBatchCommitted","InterviewComplete","Add stale/null/mobile/source-book guard to HolyManSpellbook OnDoubleClick before reading from.Backpack.","Magic:Holy Man / HolyManSpellbook","Data/Scripts/Magic/Holy Man/HolyManSpellBook.cs","Owner logic; backpack requirement; gump open flow; sounds; messages; serialization; namespace/type/file layout; project/config/data files.","POST-BATCH-Y exact-file gate hits for HolyManSpellBook.cs=0; exact-file active overlay rows=0; no gated approval crossed.","NotRequiredForNonGatedTarget","None if exact-file preflight remains zero-gate and zero-overlay.","/goal SOURCE-BATCH-182 HolyManSpellbook Guard Repair","Yes","2026-06-28T14:03:07-05:00","Implemented and closed in docs/codebase-audit/outputs/source-batch-182-holymanspellbook-guard-repair-closeout.md."
"SOURCE-BATCH-INTAKE","SOURCE-BATCH-183","SourceBatchCommitted","InterviewComplete","Create fresh candidate discovery and add stale/null/mobile/source-token guards to all SythDatacron OnDoubleClick message paths.","Magic:Syth / SythDatacrons","Data/Scripts/Magic/Syth/SythDatacrons.cs","Mysticron message; datacron spell IDs, item IDs, hue, names, Light, AddNameProperties labels; serialization; namespace/type/file layout; project/config/data files.","POST-BATCH-Y exact-file gate hits for SythDatacrons.cs=0; exact-file active overlay rows=0; no gated approval crossed.","NotRequiredForNonGatedTarget","None beyond normal POST-BATCH-Y and exact-file active-overlay preflight.","/goal SOURCE-BATCH-183 SythDatacrons Guard Repair","Yes","2026-06-28T14:09:36-05:00","Implemented and closed in docs/codebase-audit/outputs/source-batch-183-sythdatacrons-guard-repair-closeout.md."
"SOURCE-BATCH-INTAKE","SOURCE-BATCH-184","SourceBatchCommitted","InterviewComplete","Add stale/null/mobile/source-token guards to all JediDatacron OnDoubleClick message paths.","Magic:Jedi / JediDatacrons","Data/Scripts/Magic/Jedi/JediDatacrons.cs","Holocron message; datacron spell IDs, item IDs, hue, names, Light, AddNameProperties labels; serialization; namespace/type/file layout; project/config/data files.","POST-BATCH-Y exact-file gate hits for JediDatacrons.cs=0; exact-file active overlay rows=0; no gated approval crossed.","NotRequiredForNonGatedTarget","None beyond normal POST-BATCH-Y and exact-file active-overlay preflight.","/goal SOURCE-BATCH-184 JediDatacrons Guard Repair","Yes","2026-06-28T14:13:23-05:00","Implemented and closed in docs/codebase-audit/outputs/source-batch-184-jedidatacrons-guard-repair-closeout.md."
"SOURCE-BATCH-INTAKE","SOURCE-BATCH-185","SourceBatchCommitted","InterviewComplete","Add stale/null/mobile/source-book guard to SythSpellbook OnDoubleClick before reading from.Backpack.","Magic:Syth / SythSpellbook","Data/Scripts/Magic/Syth/SythSpellbook.cs","Owner logic; backpack requirement; SythSpellbookGump open flow; sounds; messages; OnDragDrop transformations; serialization; namespace/type/file layout; project/config/data files.","POST-BATCH-Y exact-file gate hits for SythSpellbook.cs=0; exact-file active overlay rows=0; no gated approval crossed.","NotRequiredForNonGatedTarget","None beyond normal POST-BATCH-Y and exact-file active-overlay preflight.","/goal SOURCE-BATCH-185 SythSpellbook Guard Repair","Yes","2026-06-28T14:17:10-05:00","Implemented and closed in docs/codebase-audit/outputs/source-batch-185-sythspellbook-guard-repair-closeout.md."
"SOURCE-BATCH-INTAKE","SOURCE-BATCH-186","SourceBatchCommitted","InterviewComplete","Add stale/null/mobile/source-book guard to JediSpellbook OnDoubleClick before reading from.Backpack.","Magic:Jedi / JediSpellbook","Data/Scripts/Magic/Jedi/JediSpellbook.cs","Owner logic; backpack requirement; JediSpellbookGump open flow; sounds; messages; OnDragDrop transformations; serialization; namespace/type/file layout; project/config/data files.","POST-BATCH-Y exact-file gate hits for JediSpellbook.cs=0; exact-file active overlay rows=0; no gated approval crossed.","NotRequiredForNonGatedTarget","None beyond normal POST-BATCH-Y and exact-file active-overlay preflight.","/goal SOURCE-BATCH-186 JediSpellbook Guard Repair","Yes","2026-06-28T14:20:51-05:00","Implemented and closed in docs/codebase-audit/outputs/source-batch-186-jedispellbook-guard-repair-closeout.md."
"SOURCE-BATCH-INTAKE","SOURCE-BATCH-187","SourceBatchCommitted","InterviewComplete","Create fresh candidate discovery and add stale/null/mobile/source-book guard to AncientSpellbook OnDoubleClick before reading from.Backpack.","Magic:Research / AncientSpellbook","Data/Scripts/Magic/Research/AncientSpellBook.cs","Owner logic; backpack requirement; AncientSpellbookGump open flow; sounds; messages; owner/paper/quill/names serialization; namespace/type/file layout; project/config/data files.","POST-BATCH-Y exact-file gate hits for AncientSpellBook.cs=0; exact-file active overlay rows=0; no gated approval crossed.","NotRequiredForNonGatedTarget","None beyond normal POST-BATCH-Y and exact-file active-overlay preflight.","/goal SOURCE-BATCH-187 AncientSpellbook Guard Repair","Yes","2026-06-28T14:27:20-05:00","Implemented and closed in docs/codebase-audit/outputs/source-batch-187-ancientspellbook-guard-repair-closeout.md."
"SOURCE-BATCH-INTAKE","SOURCE-BATCH-188","SourceBatchCommitted","InterviewComplete","Create fresh candidate discovery and add stale/null/mobile/source-light guards to all twenty CarvedPumpkin OnDoubleClick range-check paths.","Items:Gifts / Halloween / CarvedPumpkins","Data/Scripts/Items/Gifts/Holiday/Halloween/Rewards/CarvedPumpkins.cs","Lit/unlit item IDs; secure-level properties and context-menu behavior; reach message 1019045; valid-state base.OnDoubleClick behavior; serialization; namespace/type/file layout; project/config/data files.","POST-BATCH-Y exact-file gate hits for CarvedPumpkins.cs=0; exact-file active overlay rows=0; no gated approval crossed.","NotRequiredForNonGatedTarget","None beyond normal POST-BATCH-Y and exact-file active-overlay preflight.","/goal SOURCE-BATCH-188 CarvedPumpkins Guard Repair","Yes","2026-06-28T14:34:03-05:00","Implemented and verified in docs/codebase-audit/outputs/source-batch-188-carvedpumpkins-guard-repair-closeout.md."
"SOURCE-BATCH-INTAKE","SOURCE-BATCH-189","SourceBatchCommitted","InterviewComplete","Create fresh candidate discovery and add stale/null/mobile/source-package/backpack guards to WrappedCandy OnDoubleClick before unwrap reward creation.","Items:Gifts / Halloween / WrappedCandy","Data/Scripts/Items/Gifts/Holiday/Halloween/WrappedCandy.cs","ChocolateMonster reward creation; backpack-use message; private overhead message text; Delete() consumption semantics; AddNameProperties label; serialization; namespace/type/file layout; project/config/data files.","POST-BATCH-Y exact-file gate hits for WrappedCandy.cs=0; exact-file active overlay rows=0; no gated approval crossed.","NotRequiredForNonGatedTarget","None beyond normal POST-BATCH-Y and exact-file active-overlay preflight.","/goal SOURCE-BATCH-189 WrappedCandy Guard Repair","Yes","2026-06-28T14:47:00-05:00","Implemented and verified in docs/codebase-audit/outputs/source-batch-189-wrappedcandy-guard-repair-closeout.md."
"SOURCE-BATCH-INTAKE","SOURCE-BATCH-190","SourceBatchCommitted","InterviewComplete","Add stale/null/mobile/source-package/backpack guards to HalloweenPack OnDoubleClick before unwrap gift creation.","Items:Gifts / Halloween / HalloweenPack","Data/Scripts/Items/Gifts/Holiday/Halloween/HalloweenPack.cs","HalloweenGift creation; backpack-use message; private overhead message text; Delete() consumption semantics; AddNameProperties label; serialization; namespace/type/file layout; project/config/data files.","POST-BATCH-Y exact-file gate hits for HalloweenPack.cs=0; exact-file active overlay rows=0; no gated approval crossed.","NotRequiredForNonGatedTarget","None beyond normal POST-BATCH-Y and exact-file active-overlay preflight.","/goal SOURCE-BATCH-190 HalloweenPack Guard Repair","Yes","2026-06-28T14:47:37-05:00","Implemented and verified in docs/codebase-audit/outputs/source-batch-190-halloweenpack-guard-repair-closeout.md."
"SOURCE-BATCH-INTAKE","SOURCE-BATCH-191","SourceBatchCommitted","InterviewComplete","Add stale/null/mobile/source-package/backpack guards to PackedCostume OnDoubleClick before unwrap costume creation.","Items:Gifts / Halloween / PackedCostume","Data/Scripts/Items/Gifts/Holiday/Halloween/PackedCostume.cs","HalloweenCostume creation; backpack-use message; private overhead message text; Delete() consumption semantics; AddNameProperties label; serialization; namespace/type/file layout; project/config/data files.","POST-BATCH-Y exact-file gate hits for PackedCostume.cs=0; exact-file active overlay rows=0; no gated approval crossed.","NotRequiredForNonGatedTarget","None beyond normal POST-BATCH-Y and exact-file active-overlay preflight.","/goal SOURCE-BATCH-191 PackedCostume Guard Repair","Yes","2026-06-28T14:52:23-05:00","Implemented and verified in docs/codebase-audit/outputs/source-batch-191-packedcostume-guard-repair-closeout.md."
"SOURCE-BATCH-INTAKE","SOURCE-BATCH-192","SourceBatchCommitted","InterviewComplete","Create fresh candidate discovery and add stale/null/mobile/source-token/backpack guard to CrystalToken OnDoubleClick before opening CrystalTokenGump.","Items:Gifts / CrystalToken","Data/Scripts/Items/Gifts/Crystal Token.cs","Crystal token item metadata; localized backpack-use failure message 1042001; CrystalTokenGump open behavior; serialization; namespace/type/file layout; project/config/data files.","POST-BATCH-Y exact-file gate hits for Crystal Token.cs=0; exact-file active overlay rows=0; no gated approval crossed.","NotRequiredForNonGatedTarget","None beyond normal POST-BATCH-Y and exact-file active-overlay preflight.","/goal SOURCE-BATCH-192 CrystalToken Guard Repair","Yes","2026-06-28T14:58:09-05:00","Implemented and verified in docs/codebase-audit/outputs/source-batch-192-crystaltoken-guard-repair-closeout.md."
"SOURCE-BATCH-INTAKE","SOURCE-BATCH-193","SourceBatchCommitted","InterviewComplete","Create fresh candidate discovery and add stale/null/mobile/source-token/backpack guard to ShadowToken OnDoubleClick before opening ShadowTokenGump.","Items:Gifts / ShadowToken","Data/Scripts/Items/Gifts/Shadow Token.cs","Shadow token item metadata; localized backpack-use failure message 1042001; ShadowTokenGump open behavior; serialization; namespace/type/file layout; project/config/data files.","POST-BATCH-Y exact-file gate hits for Shadow Token.cs=0; exact-file active overlay rows=0; no gated approval crossed.","NotRequiredForNonGatedTarget","None beyond normal POST-BATCH-Y and exact-file active-overlay preflight.","/goal SOURCE-BATCH-193 ShadowToken Guard Repair","Yes","2026-06-28T15:03:37-05:00","Implemented and verified in docs/codebase-audit/outputs/source-batch-193-shadowtoken-guard-repair-closeout.md."
"SOURCE-BATCH-INTAKE","SOURCE-BATCH-194","SourceBatchCommitted","InterviewComplete","Create fresh candidate discovery and add stale/null/mobile/source-token/backpack guard to NinthAnniversaryCoin.OnDoubleClick before opening NinthAnniversaryCoinGump.","Items:Gifts / NinthAnniversaryCoin","Data/Scripts/Items/Gifts/NinthAnniversaryCoin.cs","Ninth anniversary token item metadata; localized backpack-use failure message 1042001; NinthAnniversaryCoinGump open behavior; serialization; namespace/type/file layout; project/config/data files.","POST-BATCH-Y exact-file gate hits for NinthAnniversaryCoin.cs=0; exact-file active overlay rows=0; no gated approval crossed.","NotRequiredForNonGatedTarget","None beyond normal POST-BATCH-Y and exact-file active-overlay preflight.","/goal SOURCE-BATCH-194 NinthAnniversaryCoin Guard Repair","Yes","2026-06-28T15:14:00-05:00","Implemented and verified in docs/codebase-audit/outputs/source-batch-194-ninthanniversarycoin-guard-repair-closeout.md."
"SOURCE-BATCH-INTAKE","SOURCE-BATCH-195","SourceBatchCommitted","InterviewComplete","Create fresh candidate discovery and add stale/null/mobile/source-component guard to ECrystalAltarComponent.OnDoubleClick before reading from.InRange.","Items:Gifts / CrystalDeeds / ECrystalAltar","Data/Scripts/Items/Gifts/CrystalDeeds/ECrystalAltar.cs","Range distance 2; localized overhead reach message 1019045; valid in-range no-op behavior; component item IDs and addon layout; deed metadata; serialization; namespace/type/file layout; project/config/data files.","POST-BATCH-Y exact-file gate hits for ECrystalAltar.cs=0; exact-file active overlay rows=0; no gated approval crossed.","NotRequiredForNonGatedTarget","None beyond normal POST-BATCH-Y and exact-file active-overlay preflight.","/goal SOURCE-BATCH-195 ECrystalAltar Guard Repair","Yes","2026-06-28T15:28:00-05:00","Implemented and verified in docs/codebase-audit/outputs/source-batch-195-ecrystalaltar-guard-repair-closeout.md."
"SOURCE-BATCH-INTAKE","SOURCE-BATCH-196","SourceBatchCommitted","InterviewComplete","Continue source-batch-195-candidate-discovery.csv with SB195-CAND-002 and add stale/null/mobile/source-component guard to ECrystalBrazierComponent.OnDoubleClick before reading from.InRange.","Items:Gifts / CrystalDeeds / ECrystalBrazier","Data/Scripts/Items/Gifts/CrystalDeeds/ECrystalBrazier.cs","Range distance 2; localized overhead reach message 1019045; valid in-range no-op behavior; component item ID and addon layout; light setting; deed metadata; serialization; namespace/type/file layout; project/config/data files.","POST-BATCH-Y exact-file gate hits for ECrystalBrazier.cs=0; exact-file active overlay rows=0; no gated approval crossed.","NotRequiredForNonGatedTarget","None beyond normal POST-BATCH-Y and exact-file active-overlay preflight.","/goal SOURCE-BATCH-196 ECrystalBrazier Guard Repair","Yes","2026-06-28T15:41:00-05:00","Implemented and verified in docs/codebase-audit/outputs/source-batch-196-ecrystalbrazier-guard-repair-closeout.md."
"SOURCE-BATCH-INTAKE","SOURCE-BATCH-197","SourceBatchCommitted","InterviewComplete","Continue source-batch-195-candidate-discovery.csv with SB195-CAND-003 and add stale/null/mobile/source-component guard to EGlobeOfSosariaComponent.OnDoubleClick before reading from.InRange.","Items:Gifts / ShadowDeeds / EGlobeOfSosaria","Data/Scripts/Items/Gifts/ShadowDeeds/EGlobeOfSosaria.cs","Range distance 2; localized overhead reach message 1019045; valid in-range no-op behavior; component item IDs and addon layout; deed metadata; serialization; namespace/type/file layout; project/config/data files.","POST-BATCH-Y exact-file gate hits for EGlobeOfSosaria.cs=0; exact-file active overlay rows=0; no gated approval crossed.","NotRequiredForNonGatedTarget","None beyond normal POST-BATCH-Y and exact-file active-overlay preflight.","/goal SOURCE-BATCH-197 EGlobeOfSosaria Guard Repair","Yes","2026-06-28T15:54:00-05:00","Implemented and verified in docs/codebase-audit/outputs/source-batch-197-eglobeofsosaria-guard-repair-closeout.md."
"SOURCE-BATCH-INTAKE","SOURCE-BATCH-198","SourceBatchCommitted","InterviewComplete","Create fresh candidate discovery and add stale/null/mobile/source-component guard to EObsidianPillarComponent.OnDoubleClick before reading from.InRange.","Items:Gifts / ShadowDeeds / EObsidianPillar","Data/Scripts/Items/Gifts/ShadowDeeds/EObsidianPillar.cs","Range distance 2; localized overhead reach message 1019045; valid in-range no-op behavior; component item ID and addon layout; deed name, random item IDs, random hue, weight, deserialize item-id correction; serialization; namespace/type/file layout; project/config/data files.","POST-BATCH-Y exact-file gate hits for EObsidianPillar.cs=0; exact-file active overlay rows=0; no gated approval crossed.","NotRequiredForNonGatedTarget","None beyond normal POST-BATCH-Y and exact-file active-overlay preflight.","/goal SOURCE-BATCH-198 EObsidianPillar Guard Repair","Yes","2026-06-28T16:07:00-05:00","Implemented and verified in docs/codebase-audit/outputs/source-batch-198-eobsidianpillar-guard-repair-closeout.md."
"SOURCE-BATCH-INTAKE","SOURCE-BATCH-199","SourceBatchCommitted","InterviewComplete","Continue source-batch-198-candidate-discovery.csv with SB198-CAND-002 and add stale/null/mobile/source-component guard to EObsidianRockComponent.OnDoubleClick before reading from.InRange.","Items:Gifts / ShadowDeeds / EObsidianRock","Data/Scripts/Items/Gifts/ShadowDeeds/EObsidianRock.cs","Range distance 2; localized overhead reach message 1019045; valid in-range no-op behavior; component item ID and addon layout; deed name, random item IDs, random hue, weight, deserialize item-id correction; serialization; namespace/type/file layout; project/config/data files.","POST-BATCH-Y exact-file gate hits for EObsidianRock.cs=0; exact-file active overlay rows=0; no gated approval crossed.","NotRequiredForNonGatedTarget","None beyond normal POST-BATCH-Y and exact-file active-overlay preflight.","/goal SOURCE-BATCH-199 EObsidianRock Guard Repair","Yes","2026-06-28T16:20:00-05:00","Implemented and verified in docs/codebase-audit/outputs/source-batch-199-eobsidianrock-guard-repair-closeout.md."
"SOURCE-BATCH-INTAKE","SOURCE-BATCH-200","SourceBatchCommitted","InterviewComplete","Continue source-batch-198-candidate-discovery.csv with SB198-CAND-003 and add stale/null/mobile/source-component guard to EShadowFirePitComponent.OnDoubleClick before reading from.InRange.","Items:Gifts / ShadowDeeds / EShadowFirePit","Data/Scripts/Items/Gifts/ShadowDeeds/EShadowFirePit.cs","Range distance 2; localized overhead reach message 1019045; valid in-range no-op behavior; component item IDs and addon layout; light setting; deed name, random item IDs, random hue, weight, deserialize item-id correction; serialization; namespace/type/file layout; project/config/data files.","POST-BATCH-Y exact-file gate hits for EShadowFirePit.cs=0; exact-file active overlay rows=0; no gated approval crossed.","NotRequiredForNonGatedTarget","None beyond normal POST-BATCH-Y and exact-file active-overlay preflight.","/goal SOURCE-BATCH-200 EShadowFirePit Guard Repair","Yes","2026-06-28T16:33:00-05:00","Implemented and verified in docs/codebase-audit/outputs/source-batch-200-eshadowfirepit-guard-repair-closeout.md."
"SOURCE-BATCH-INTAKE","SOURCE-BATCH-201","SourceBatchCommitted","InterviewComplete","Create fresh candidate discovery and add stale/null/mobile/source-component guard to EShadowFirePitCrossComponent.OnDoubleClick before reading from.InRange.","Items:Gifts / ShadowDeeds / EShadowFirePitCross","Data/Scripts/Items/Gifts/ShadowDeeds/EShadowFirePitCross.cs","Range distance 2; localized overhead reach message 1019045; valid in-range no-op behavior; component item IDs and addon layout; light setting; deed name, random item IDs, random hue, weight, deserialize item-id correction; serialization; namespace/type/file layout; project/config/data files.","POST-BATCH-Y exact-file gate hits for EShadowFirePitCross.cs=0; exact-file active overlay rows=0; no gated approval crossed.","NotRequiredForNonGatedTarget","None beyond normal POST-BATCH-Y and exact-file active-overlay preflight.","/goal SOURCE-BATCH-201 EShadowFirePitCross Guard Repair","Yes","2026-06-28T16:46:00-05:00","Implemented and verified in docs/codebase-audit/outputs/source-batch-201-eshadowfirepitcross-guard-repair-closeout.md."
"SOURCE-BATCH-INTAKE","SOURCE-BATCH-202","SourceBatchCommitted","InterviewComplete","Continue source-batch-201-candidate-discovery.csv with SB201-CAND-002 and add stale/null/mobile/source-component guard to EShadowPillarComponent.OnDoubleClick before reading from.InRange.","Items:Gifts / ShadowDeeds / EShadowPillar","Data/Scripts/Items/Gifts/ShadowDeeds/EShadowPillar.cs","Range distance 2; localized overhead reach message 1019045; valid in-range no-op behavior; component item ID and addon layout; deed name, random item IDs, random hue, weight, deserialize item-id correction; serialization; namespace/type/file layout; project/config/data files.","POST-BATCH-Y exact-file gate hits for EShadowPillar.cs=0; exact-file active overlay rows=0; no gated approval crossed.","NotRequiredForNonGatedTarget","None beyond normal POST-BATCH-Y and exact-file active-overlay preflight.","/goal SOURCE-BATCH-202 EShadowPillar Guard Repair","Yes","2026-06-28T16:59:00-05:00","Implemented and verified in docs/codebase-audit/outputs/source-batch-202-eshadowpillar-guard-repair-closeout.md."
"SOURCE-BATCH-INTAKE","SOURCE-BATCH-203","SourceBatchCommitted","InterviewComplete","Continue source-batch-201-candidate-discovery.csv with SB201-CAND-003 and add stale/null/mobile/source-component guard to ESpikeColumnComponent.OnDoubleClick before reading from.InRange.","Items:Gifts / ShadowDeeds / ESpikeColumn","Data/Scripts/Items/Gifts/ShadowDeeds/ESpikeColumn.cs","Range distance 2; localized overhead reach message 1019045; valid in-range no-op behavior; component item ID and addon layout; deed label, deed name, random item IDs, random hue, weight, deserialize item-id correction; serialization; namespace/type/file layout; project/config/data files.","POST-BATCH-Y exact-file gate hits for ESpikeColumn.cs=0; exact-file active overlay rows=0; no gated approval crossed.","NotRequiredForNonGatedTarget","None beyond normal POST-BATCH-Y and exact-file active-overlay preflight.","/goal SOURCE-BATCH-203 ESpikeColumn Guard Repair","Yes","2026-06-28T17:12:00-05:00","Implemented and verified in docs/codebase-audit/outputs/source-batch-203-espikecolumn-guard-repair-closeout.md."
"SOURCE-BATCH-INTAKE","SOURCE-BATCH-204","SourceBatchCommitted","InterviewComplete","Create fresh candidate discovery and add stale/null/mobile/source-component guard to ESpikePostEastComponent.OnDoubleClick before reading from.InRange.","Items:Gifts / ShadowDeeds / ESpikePostEast","Data/Scripts/Items/Gifts/ShadowDeeds/ESpikePostEast.cs","Range distance 2; localized overhead reach message 1019045; valid in-range no-op behavior; component item ID and addon layout; deed name, random item IDs, random hue, weight, deserialize item-id correction; serialization; namespace/type/file layout; project/config/data files.","POST-BATCH-Y exact-file gate hits for ESpikePostEast.cs=0; exact-file active overlay rows=0; no gated approval crossed.","NotRequiredForNonGatedTarget","None beyond normal POST-BATCH-Y and exact-file active-overlay preflight.","/goal SOURCE-BATCH-204 ESpikePostEast Guard Repair","Yes","2026-06-28T17:25:00-05:00","Implemented and verified in docs/codebase-audit/outputs/source-batch-204-espikeposteast-guard-repair-closeout.md."
"SOURCE-BATCH-INTAKE","SOURCE-BATCH-205","SourceBatchCommitted","InterviewComplete","Continue source-batch-204-candidate-discovery.csv with SB204-CAND-002 and add stale/null/mobile/source-component guard to ESpikePostSouthComponent.OnDoubleClick before reading from.InRange.","Items:Gifts / ShadowDeeds / ESpikePostSouth","Data/Scripts/Items/Gifts/ShadowDeeds/ESpikePostSouth.cs","Range distance 2; localized overhead reach message 1019045; valid in-range no-op behavior; component item ID and addon layout; deed label, deed name, random item IDs, random hue, weight, deserialize item-id correction; serialization; namespace/type/file layout; project/config/data files.","POST-BATCH-Y exact-file gate hits for ESpikePostSouth.cs=0; exact-file active overlay rows=0; no gated approval crossed.","NotRequiredForNonGatedTarget","None beyond normal POST-BATCH-Y and exact-file active-overlay preflight.","/goal SOURCE-BATCH-205 ESpikePostSouth Guard Repair","Yes","2026-06-28T17:38:00-05:00","Implemented and verified in docs/codebase-audit/outputs/source-batch-205-espikepostsouth-guard-repair-closeout.md."
"SOURCE-BATCH-INTAKE","SOURCE-BATCH-206","SourceBatchCommitted","InterviewComplete","Create fresh candidate discovery and add stale/null/mobile/source-item guard to QuestSouvenir.OnDoubleClick before reading souvenir state, playing sounds, sending messages, or toggling item IDs.","Items:Gifts / Rewards / QuestSouvenir","Data/Scripts/Items/Gifts/Rewards/QuestSouvenir.cs","Bell, candle, book, scales, orb, lantern, and cube messages; bell sound selection; 0x1A7F/0x1A80 item-ID toggle behavior; GiveReward; AddNameProperties; light assignment; command properties; serialization; namespace/type/file layout; project/config/data files.","POST-BATCH-Y exact-file gate hits for QuestSouvenir.cs=0; exact-file active overlay rows=0; no gated approval crossed.","NotRequiredForNonGatedTarget","None beyond normal POST-BATCH-Y and exact-file active-overlay preflight.","/goal SOURCE-BATCH-206 QuestSouvenir Guard Repair","Yes","2026-06-28T17:51:00-05:00","Implemented and verified in docs/codebase-audit/outputs/source-batch-206-questsouvenir-guard-repair-closeout.md."
"SOURCE-BATCH-INTAKE","SOURCE-BATCH-207","SourceBatchCommitted","InterviewComplete","Continue source-batch-206-candidate-discovery.csv with SB206-CAND-002 and add stale/null/mobile/source-item, target, and timer guards to PileOfGlacialSnow snowball interaction paths.","Items:Gifts / Holiday / Christmas / PileOfGlacialSnow","Data/Scripts/Items/Gifts/Holiday/Christmas/Christmas Gifts/PileOfGlacialSnow.cs","Backpack-use message, mounted rejection, action cooldown, target range, snowball hit/miss messages, sound/animation/effect hue, timer action release, winter label/properties, serialization, namespace/type/file layout, and project/config/data files.","POST-BATCH-Y exact-file gate hits for PileOfGlacialSnow.cs=0; exact-file active overlay rows=0; no gated approval crossed.","NotRequiredForNonGatedTarget","None beyond normal POST-BATCH-Y and exact-file active-overlay preflight.","/goal SOURCE-BATCH-207 PileOfGlacialSnow Guard Repair","Yes","2026-06-28T18:04:00-05:00","Implemented and verified in docs/codebase-audit/outputs/source-batch-207-pileofglacialsnow-guard-repair-closeout.md."
"SOURCE-BATCH-INTAKE","SOURCE-BATCH-208","SourceBatchCommitted","InterviewComplete","Continue source-batch-206-candidate-discovery.csv with SB206-CAND-003 and add stale/null/mobile/source-item, target, and timer guards to SnowPile snowball interaction paths.","Items:Gifts / Holiday / Christmas / SnowPile","Data/Scripts/Items/Gifts/Holiday/Christmas/Christmas Gifts/SnowPile.cs","Backpack-use message, mounted rejection, action cooldown, target range, snowball hit/miss messages, sound/animation/effect hue, timer action release, serialization, namespace/type/file layout, and project/config/data files.","POST-BATCH-Y exact-file gate hits for SnowPile.cs=0; exact-file active overlay rows=0; no gated approval crossed.","NotRequiredForNonGatedTarget","None beyond normal POST-BATCH-Y and exact-file active-overlay preflight.","/goal SOURCE-BATCH-208 SnowPile Guard Repair","Yes","2026-06-28T18:17:00-05:00","Implemented and verified in docs/codebase-audit/outputs/source-batch-208-snowpile-guard-repair-closeout.md."
"SOURCE-BATCH-INTAKE","SOURCE-BATCH-209","SourceBatchCommitted","InterviewComplete","Continue source-batch-206-candidate-discovery.csv with SB206-CAND-004 and add stale/null/mobile/source-item and timer callback guards to AppleBobbingBarrel.","Items:Gifts / Holiday / Halloween / AppleBobbingBarrel","Data/Scripts/Items/Gifts/Holiday/Halloween/Decorations/AppleBobbingBarrel.cs","Mounted rejection, bobbing messages, CantWalk transitions, direction, animation, sound, delay duration, apple chance, apple reward, overhead messages, serialization, namespace/type/file layout, and project/config/data files.","POST-BATCH-Y exact-file gate hits for AppleBobbingBarrel.cs=0; exact-file active overlay rows=0; no gated approval crossed.","NotRequiredForNonGatedTarget","None beyond normal POST-BATCH-Y and exact-file active-overlay preflight.","/goal SOURCE-BATCH-209 AppleBobbingBarrel Guard Repair","Yes","2026-06-28T18:30:00-05:00","Implemented and verified in docs/codebase-audit/outputs/source-batch-209-applebobbingbarrel-guard-repair-closeout.md."
"SOURCE-BATCH-INTAKE","SOURCE-BATCH-210","SourceBatchCommitted","InterviewComplete","Create fresh candidate discovery and add stale/null/mobile/source-item guard to Artifact_HammerofThor.OnDoubleClick before reading Parent, sending the hold-message, or casting LightningSpell.","Items:Magical / Artifacts / HammerOfThor","Data/Scripts/Items/Magical/Artifacts/Artifact_HammerofThor.cs","Hold-message, Parent ownership rule, LightningSpell cast behavior, artifact metadata, item ID, name, hue, damage attributes, ArtySetup, serialization, namespace/type/file layout, and project/config/data files.","POST-BATCH-Y exact-file gate hits for Artifact_HammerofThor.cs=0; exact-file active overlay rows=0; no gated approval crossed.","NotRequiredForNonGatedTarget","None beyond normal POST-BATCH-Y and exact-file active-overlay preflight.","/goal SOURCE-BATCH-210 Artifact_HammerofThor Guard Repair","Yes","2026-06-28T18:45:00-05:00","Implemented and verified in docs/codebase-audit/outputs/source-batch-210-artifact-hammerofthor-guard-repair-closeout.md."
"SOURCE-BATCH-INTAKE","SOURCE-BATCH-211","SourceBatchCommitted","InterviewComplete","Continue source-batch-210-candidate-discovery.csv with SB210-CAND-002 and add stale/null/mobile/source-item guard to Artifact_HelmOfBrilliance.OnDoubleClick before reading Parent, sending the wear-message, or casting FireballSpell.","Items:Magical / Artifacts / HelmOfBrilliance","Data/Scripts/Items/Magical/Artifacts/Artifact_HelmOfBrilliance.cs","Wear-message, Parent ownership rule, FireballSpell cast behavior, artifact metadata, item ID, name, hue, damage attributes, ArtySetup, serialization, namespace/type/file layout, and project/config/data files.","POST-BATCH-Y exact-file gate hits for Artifact_HelmOfBrilliance.cs=0; exact-file active overlay rows=0; no gated approval crossed.","NotRequiredForNonGatedTarget","None beyond normal POST-BATCH-Y and exact-file active-overlay preflight.","/goal SOURCE-BATCH-211 Artifact_HelmOfBrilliance Guard Repair","Yes","2026-06-28T19:00:00-05:00","Implemented and verified in docs/codebase-audit/outputs/source-batch-211-artifact-helmofbrilliance-guard-repair-closeout.md."
"SOURCE-BATCH-INTAKE","SOURCE-BATCH-212","SourceBatchCommitted","InterviewComplete","Create fresh candidate discovery and add stale/null/mobile/source-item guard to BaseLight.OnDoubleClick before reading protection state, mobile access level, range, or toggling the light.","Items:Construction / Lights / BaseLight","Data/Scripts/Items/Construction/Lights/BaseLight.cs","Burnt-out no-op behavior, protected-player rule, range requirement, Ignite/Douse behavior, sounds, timer behavior, worn-light clothing processing, serialization, namespace/type/file layout, and project/config/data files.","POST-BATCH-Y exact-file gate hits for BaseLight.cs=0; exact-file active overlay rows=0; no gated approval crossed.","NotRequiredForNonGatedTarget","None beyond normal POST-BATCH-Y and exact-file active-overlay preflight.","/goal SOURCE-BATCH-212 BaseLight Guard Repair","Yes","2026-06-28T19:15:00-05:00","Implemented and verified in docs/codebase-audit/outputs/source-batch-212-baselight-guard-repair-closeout.md."
"SOURCE-BATCH-INTAKE","SOURCE-BATCH-213","SourceBatchCommitted","InterviewComplete","Continue source-batch-212-candidate-discovery.csv with SB212-CAND-002 and add stale/null/mobile/source-item guard to TowerLantern.OnDoubleClick before reading range or delegating to BaseLight.","Items:Construction / Lights / TowerLantern","Data/Scripts/Items/Construction/Lights/TowerLantern.cs","Localized reach message 1019045, range 1, BaseLight delegation, securable context menu behavior, serialization, namespace/type/file layout, and project/config/data files.","POST-BATCH-Y exact-file gate hits for TowerLantern.cs=0; exact-file active overlay rows=0; no gated approval crossed.","NotRequiredForNonGatedTarget","None beyond normal POST-BATCH-Y and exact-file active-overlay preflight.","/goal SOURCE-BATCH-213 TowerLantern Guard Repair","Yes","2026-06-28T19:30:00-05:00","Implemented and verified in docs/codebase-audit/outputs/source-batch-213-towerlantern-guard-repair-closeout.md."
"SOURCE-BATCH-INTAKE","SOURCE-BATCH-214","SourceBatchCommitted","InterviewComplete","Create fresh candidate discovery and add stale/null/mobile/source-item and target-callback guards to GemOfSeeing interaction paths before range checks, charge use, target assignment, or reveal scans.","Items:Magical / Minor Artifacts / GemOfSeeing","Data/Scripts/Items/Magical/Artifacts/Minor/GemOfSeeing.cs","Range checks, charge decrement timing, localized messages, target range, hidden mobile reveal rules, hidden chest deletion, no-hidden-result message, empty-gem delete behavior, serialization, namespace/type/file layout, and project/config/data files.","POST-BATCH-Y exact-file gate hits for GemOfSeeing.cs=0; exact-file active overlay rows=0; no gated approval crossed.","NotRequiredForNonGatedTarget","None beyond normal POST-BATCH-Y and exact-file active-overlay preflight.","/goal SOURCE-BATCH-214 GemOfSeeing Guard Repair","Yes","2026-06-28T19:45:00-05:00","Implemented and verified in docs/codebase-audit/outputs/source-batch-214-gemofseeing-guard-repair-closeout.md."
"SOURCE-BATCH-INTAKE","SOURCE-BATCH-215","SourceBatchCommitted","InterviewComplete","Continue source-batch-214-candidate-discovery.csv with SB214-CAND-002 and add stale/null/mobile/source-item guard to GiftThrowingGloves.OnDoubleClick before backpack checks or cycling GloveType.","Items:Magical / Gifts / Weapons / GiftThrowingGloves","Data/Scripts/Items/Magical/Gifts/Weapons/GiftThrowingGloves.cs","Backpack message, Stones/Axes/Knives/Darts/Stars cycle, success message, invalidate-properties call, weapon stats, serialization, namespace/type/file layout, and project/config/data files.","POST-BATCH-Y exact-file gate hits for GiftThrowingGloves.cs=0; exact-file active overlay rows=0; no gated approval crossed.","NotRequiredForNonGatedTarget","None beyond normal POST-BATCH-Y and exact-file active-overlay preflight.","/goal SOURCE-BATCH-215 GiftThrowingGloves Guard Repair","Yes","2026-06-28T20:00:00-05:00","Implemented and verified in docs/codebase-audit/outputs/source-batch-215-giftthrowinggloves-guard-repair-closeout.md."
"SOURCE-BATCH-INTAKE","SOURCE-BATCH-216","SourceBatchCommitted","InterviewComplete","Continue source-batch-214-candidate-discovery.csv with SB214-CAND-003 and add stale/null/mobile/source-item and target-callback guards to GiftShepherdsCrook herding interaction paths.","Items:Magical / Gifts / Weapons / GiftShepherdsCrook","Data/Scripts/Items/Magical/Gifts/Weapons/Staves/GiftShepherdsCrook.cs","Herding prompt, target ranges, animal/tame checks, localized messages, CheckTargetSkill behavior, target-location assignment, serialization, namespace/type/file layout, and project/config/data files.","POST-BATCH-Y exact-file gate hits for GiftShepherdsCrook.cs=0; exact-file active overlay rows=0; no gated approval crossed.","NotRequiredForNonGatedTarget","None beyond normal POST-BATCH-Y and exact-file active-overlay preflight.","/goal SOURCE-BATCH-216 GiftShepherdsCrook Guard Repair","Yes","2026-06-28T20:15:00-05:00","Implemented and verified in docs/codebase-audit/outputs/source-batch-216-giftshepherdscrook-guard-repair-closeout.md."
"SOURCE-BATCH-INTAKE","SOURCE-BATCH-217","SourceBatchCommitted","InterviewComplete","Run fresh source-batch-217-candidate-discovery.csv and implement SB217-CAND-001 RewardCake stale/null/mobile/source-item guard before range checks or reach messages.","Items:Special / RewardCake","Data/Scripts/Items/Special/RewardCake.cs","Out-of-range localized overhead message 1019045, valid in-range no-op behavior, cake label, blessed loot behavior, randomized hue, stackability, weight, serialization, namespace/type/file layout, and project/config/data files.","POST-BATCH-Y exact-file gate hits for RewardCake.cs=0; exact-file active overlay rows=0; no gated approval crossed.","NotRequiredForNonGatedTarget","None beyond normal POST-BATCH-Y and exact-file active-overlay preflight.","/goal SOURCE-BATCH-217 RewardCake Guard Repair","Yes","2026-06-28T20:30:00-05:00","Implemented and verified in docs/codebase-audit/outputs/source-batch-217-rewardcake-guard-repair-closeout.md."
"SOURCE-BATCH-INTAKE","SOURCE-BATCH-218","SourceBatchCommitted","InterviewComplete","Continue source-batch-217-candidate-discovery.csv with SB217-CAND-002 HolidayBell guard repair.","Items:Special / Holiday / HolidayBell","Data/Scripts/Items/Special/Holiday/HolidayBell.cs","Range 2 behavior, localized too-far message 500446, sound playback, maker/hue/sound metadata, serialization, namespace/type/file layout, and project/config/data files.","POST-BATCH-Y exact-file gate hits for HolidayBell.cs=0; exact-file active overlay rows=0; no gated approval crossed.","NotRequiredForNonGatedTarget","None beyond normal POST-BATCH-Y and exact-file active-overlay preflight.","/goal SOURCE-BATCH-218 HolidayBell Guard Repair","Yes","2026-06-28T20:45:00-05:00","Implemented and verified in docs/codebase-audit/outputs/source-batch-218-holidaybell-guard-repair-closeout.md."
"SOURCE-BATCH-INTAKE","SOURCE-BATCH-219","SourceBatchCommitted","InterviewComplete","Continue source-batch-217-candidate-discovery.csv with SB217-CAND-003 ValentinesCard guard repair.","Items:Special / ValentinesCard","Data/Scripts/Items/Special/ValentinesCard.cs","Unsigned-card gating, backpack-use message 1080063, target prompt 1077497, player/self/NPC/invalid-target messages, To/From assignment, property invalidation, serialization, namespace/type/file layout, and project/config/data files.","POST-BATCH-Y exact-file gate hits for ValentinesCard.cs=0; exact-file active overlay rows=0; no gated approval crossed.","NotRequiredForNonGatedTarget","None beyond normal POST-BATCH-Y and exact-file active-overlay preflight.","/goal SOURCE-BATCH-219 ValentinesCard Guard Repair","Yes","2026-06-28T21:00:00-05:00","Implemented and verified in docs/codebase-audit/outputs/source-batch-219-valentinescard-guard-repair-closeout.md."
"SOURCE-BATCH-INTAKE","SOURCE-BATCH-220","SourceBatchCommitted","InterviewComplete","Run fresh source-batch-220-candidate-discovery.csv and implement SB220-CAND-001 UnidentifiedArtifact stale/null/mobile/source-item guard before movability, backpack, range, or identification dispatch checks.","Items:Unknown / Identification / UnidentifiedArtifact","Data/Scripts/Items/Unknown/UnidentifiedArtifact.cs","Movable rejection, backpack-use message, range message, ItemIdentification.IDItem dispatch, name properties, identification labels, serialization, namespace/type/file layout, and project/config/data files.","POST-BATCH-Y exact-file gate hits for UnidentifiedArtifact.cs=0; exact-file active overlay rows=0; no gated approval crossed.","NotRequiredForNonGatedTarget","None beyond normal POST-BATCH-Y and exact-file active-overlay preflight.","/goal SOURCE-BATCH-220 UnidentifiedArtifact Guard Repair","Yes","2026-06-28T21:15:00-05:00","Implemented and verified in docs/codebase-audit/outputs/source-batch-220-unidentifiedartifact-guard-repair-closeout.md."
"SOURCE-BATCH-INTAKE","SOURCE-BATCH-221","SourceBatchCommitted","InterviewComplete","Continue source-batch-220-candidate-discovery.csv with SB220-CAND-002 UnidentifiedItem guard repair.","Items:Unknown / Identification / UnidentifiedItem","Data/Scripts/Items/Unknown/UnidentifiedItem.cs","Movable rejection, backpack-use message, range message, ArmsLore/ItemIdentification routing, name properties, serialization, namespace/type/file layout, and project/config/data files.","POST-BATCH-Y exact-file gate hits for UnidentifiedItem.cs=0; exact-file active overlay rows=0; no gated approval crossed.","NotRequiredForNonGatedTarget","None beyond normal POST-BATCH-Y and exact-file active-overlay preflight.","/goal SOURCE-BATCH-221 UnidentifiedItem Guard Repair","Yes","2026-06-28T21:30:00-05:00","Implemented and verified in docs/codebase-audit/outputs/source-batch-221-unidentifieditem-guard-repair-closeout.md."
"SOURCE-BATCH-INTAKE","SOURCE-BATCH-222","SourceBatchCommitted","InterviewComplete","Continue source-batch-220-candidate-discovery.csv with SB220-CAND-003 UnknownWand guard repair.","Items:Unknown / Identification / UnknownWand","Data/Scripts/Items/Unknown/UnknownWand.cs","Movable rejection, backpack-use message, range message, ItemIdentification.IDItem dispatch, wand metadata, name properties, serialization, namespace/type/file layout, and project/config/data files.","POST-BATCH-Y exact-file gate hits for UnknownWand.cs=0; exact-file active overlay rows=0; no gated approval crossed.","NotRequiredForNonGatedTarget","None beyond normal POST-BATCH-Y and exact-file active-overlay preflight.","/goal SOURCE-BATCH-222 UnknownWand Guard Repair","Yes","2026-06-28T21:45:00-05:00","Implemented and verified in docs/codebase-audit/outputs/source-batch-222-unknownwand-guard-repair-closeout.md."
"SOURCE-BATCH-INTAKE","SOURCE-BATCH-223","SourceBatchCommitted","InterviewComplete","Run fresh source-batch-223-candidate-discovery.csv and implement SB223-CAND-001 HugeWaterTub stale/null/mobile/source-item guard before thirst reads, thirst mutation, messages, animation, or sound playback.","Items:Special / Rares / Containers / HugeWaterTub","Data/Scripts/Items/Special/Rares/Containers/HugeWaterTub.cs","Thirst thresholds and mutation, drink and quenched messages, human/unmounted animation rule, sound playback, furniture metadata, serialization, namespace/type/file layout, and project/config/data files.","POST-BATCH-Y exact-file gate hits for HugeWaterTub.cs=0; exact-file active overlay rows=0; no gated approval crossed.","NotRequiredForNonGatedTarget","None beyond normal POST-BATCH-Y and exact-file active-overlay preflight.","/goal SOURCE-BATCH-223 HugeWaterTub Guard Repair","Yes","2026-06-28T22:00:00-05:00","Implemented and verified in docs/codebase-audit/outputs/source-batch-223-hugewatertub-guard-repair-closeout.md."
"SOURCE-BATCH-INTAKE","SOURCE-BATCH-224","SourceBatchCommitted","InterviewComplete","Run fresh source-batch-224-candidate-discovery.csv and implement SB224-CAND-001 WoodWell stale/null/mobile/source-component/parent-addon guard before range, thirst, message, or parent-addon state reads.","Items:Construction / Wells / WoodWell","Data/Scripts/Items/Construction/Wells/woodwell.cs","Range 4 check, not-thirsty message, randomized drink messages, get-closer message, thirst set-to-20 behavior, addon layout/deed behavior, serialization, namespace/type/file layout, and project/config/data files.","POST-BATCH-Y exact-file gate hits for woodwell.cs=0; exact-file active overlay rows=0; no gated approval crossed.","NotRequiredForNonGatedTarget","None beyond normal POST-BATCH-Y and exact-file active-overlay preflight.","/goal SOURCE-BATCH-224 WoodWell Guard Repair","Yes","2026-06-28T22:15:00-05:00","Implemented and verified in docs/codebase-audit/outputs/source-batch-224-woodwell-guard-repair-closeout.md."
"SOURCE-BATCH-INTAKE","SOURCE-BATCH-225","SourceBatchCommitted","InterviewComplete","Run fresh source-batch-225-candidate-discovery.csv and implement SB225-CAND-001 StoneWell stale/null/mobile/source-component/parent-addon guard before range, thirst, message, or parent-addon state reads.","Items:Construction / Wells / StoneWell","Data/Scripts/Items/Construction/Wells/stonewell.cs","Range 4 check, not-thirsty message, randomized drink messages, get-closer message, thirst set-to-20 behavior, addon layout/deed behavior, serialization, namespace/type/file layout, and project/config/data files.","POST-BATCH-Y exact-file gate hits for stonewell.cs=0; exact-file active overlay rows=0; no gated approval crossed.","NotRequiredForNonGatedTarget","None beyond normal POST-BATCH-Y and exact-file active-overlay preflight.","/goal SOURCE-BATCH-225 StoneWell Guard Repair","Yes","2026-06-28T22:30:00-05:00","Implemented and verified in docs/codebase-audit/outputs/source-batch-225-stonewell-guard-repair-closeout.md."
"SOURCE-BATCH-INTAKE","SOURCE-BATCH-226","SourceBatchCommitted","InterviewComplete","Run fresh source-batch-226-candidate-discovery.csv and implement SB226-CAND-001 RedWell stale/null/mobile/source-component/parent-addon guard before range, thirst, message, or parent-addon state reads.","Items:Construction / Wells / RedWell","Data/Scripts/Items/Construction/Wells/redwell.cs","Range 4 check, not-thirsty message, randomized drink messages, get-closer message, thirst set-to-20 behavior, addon layout/deed behavior, serialization, namespace/type/file layout, and project/config/data files.","POST-BATCH-Y exact-file gate hits for redwell.cs=0; exact-file active overlay rows=0; no gated approval crossed.","NotRequiredForNonGatedTarget","None beyond normal POST-BATCH-Y and exact-file active-overlay preflight.","/goal SOURCE-BATCH-226 RedWell Guard Repair","Yes","2026-06-28T22:45:00-05:00","Implemented and verified in docs/codebase-audit/outputs/source-batch-226-redwell-guard-repair-closeout.md."
"SOURCE-BATCH-INTAKE","SOURCE-BATCH-227","SourceBatchCommitted","InterviewComplete","Run fresh source-batch-227-candidate-discovery.csv and implement SB227-CAND-001 MarbleWell stale/null/mobile/source-component/parent-addon guard before range, thirst, message, or parent-addon state reads.","Items:Construction / Wells / MarbleWell","Data/Scripts/Items/Construction/Wells/marblewell.cs","Range 4 check, not-thirsty message, randomized drink messages, get-closer message, thirst set-to-20 behavior, addon layout/deed behavior, serialization, namespace/type/file layout, and project/config/data files.","POST-BATCH-Y exact-file gate hits for marblewell.cs=0; exact-file active overlay rows=0; no gated approval crossed.","NotRequiredForNonGatedTarget","None beyond normal POST-BATCH-Y and exact-file active-overlay preflight.","/goal SOURCE-BATCH-227 MarbleWell Guard Repair","Yes","2026-06-28T23:00:00-05:00","Implemented and verified in docs/codebase-audit/outputs/source-batch-227-marblewell-guard-repair-closeout.md."
"SOURCE-BATCH-INTAKE","SOURCE-BATCH-228","SourceBatchCommitted","InterviewComplete","Run fresh source-batch-228-candidate-discovery.csv and implement SB228-CAND-001 BrownWell stale/null/mobile/source-component/parent-addon guard before range, thirst, message, or parent-addon state reads.","Items:Construction / Wells / BrownWell","Data/Scripts/Items/Construction/Wells/brownwell.cs","Range 4 check, not-thirsty message, randomized drink messages, get-closer message, thirst set-to-20 behavior, addon layout/deed behavior, serialization, namespace/type/file layout, and project/config/data files.","POST-BATCH-Y exact-file gate hits for brownwell.cs=0; exact-file active overlay rows=0; no gated approval crossed.","NotRequiredForNonGatedTarget","None beyond normal POST-BATCH-Y and exact-file active-overlay preflight.","/goal SOURCE-BATCH-228 BrownWell Guard Repair","Yes","2026-06-28T23:15:00-05:00","Implemented and verified in docs/codebase-audit/outputs/source-batch-228-brownwell-guard-repair-closeout.md."
"SOURCE-BATCH-INTAKE","SOURCE-BATCH-229","SourceBatchCommitted","InterviewComplete","Run fresh source-batch-229-candidate-discovery.csv and implement SB229-CAND-001 BlackWell stale/null/mobile/source-component/parent-addon guard before range, thirst, message, or parent-addon state reads.","Items:Construction / Wells / BlackWell","Data/Scripts/Items/Construction/Wells/blackwell.cs","Range 4 check, not-thirsty message, randomized drink messages, get-closer message, thirst set-to-20 behavior, addon layout/deed behavior, serialization, namespace/type/file layout, and project/config/data files.","POST-BATCH-Y exact-file gate hits for blackwell.cs=0; exact-file active overlay rows=0; no gated approval crossed.","NotRequiredForNonGatedTarget","None beyond normal POST-BATCH-Y and exact-file active-overlay preflight.","/goal SOURCE-BATCH-229 BlackWell Guard Repair","Yes","2026-06-28T23:30:00-05:00","Implemented and verified in docs/codebase-audit/outputs/source-batch-229-blackwell-guard-repair-closeout.md."
"SOURCE-BATCH-INTAKE","SOURCE-BATCH-230","SourceBatchCommitted","InterviewComplete","Run fresh source-batch-230-candidate-discovery.csv and implement SB230-CAND-001 Crystals stale/null/mobile/source-item guard before bank-box lookup, containment, conversion, delete, or message sends.","Items:Gems / Crystals","Data/Scripts/Items/Gems/Crystals.cs","Bank-box-only eligibility, crystal Delete behavior, Amount * 5 gold calculation, AddToBackpack(new Gold(nGold)), localized bank-box failure message, serialization, namespace/type/file layout, and project/config/data files.","POST-BATCH-Y exact-file gate hits for Crystals.cs=0; exact-file active overlay rows=0; no gated approval crossed.","NotRequiredForNonGatedTarget","None beyond normal POST-BATCH-Y and exact-file active-overlay preflight.","/goal SOURCE-BATCH-230 Crystals Bank Conversion Guard Repair","Yes","2026-06-28T23:45:00-05:00","Implemented and verified in docs/codebase-audit/outputs/source-batch-230-crystals-bank-conversion-guard-repair-closeout.md."
"SOURCE-BATCH-INTAKE","SOURCE-BATCH-231","SourceBatchCommitted","InterviewComplete","Run fresh source-batch-231-candidate-discovery.csv and implement SB231-CAND-001 UnknownReagent stale/null/mobile/source-item guard before movable, range, backpack-policy, skill, reward, reaction, or delete state reads.","Items:Unknown / UnknownReagent","Data/Scripts/Items/Unknown/UnknownReagent.cs","Movable rejection, range 3 check, IdentifyItemsOnlyInPack policy, tasting/cooking skill behavior, reagent quantity bonus, reaction behavior, sound/animation behavior, reagent award behavior, source item Delete behavior, serialization, namespace/type/file layout, and project/config/data files.","POST-BATCH-Y exact-file gate hits for UnknownReagent.cs=0; exact-file active overlay rows=0; no gated approval crossed.","NotRequiredForNonGatedTarget","None beyond normal POST-BATCH-Y and exact-file active-overlay preflight.","/goal SOURCE-BATCH-231 UnknownReagent Identification Guard Repair","Yes","2026-06-29T00:00:00-05:00","Implemented and verified in docs/codebase-audit/outputs/source-batch-231-unknownreagent-identification-guard-repair-closeout.md."
"SOURCE-BATCH-INTAKE","SOURCE-BATCH-232","SourceBatchCommitted","InterviewComplete","Run fresh source-batch-232-candidate-discovery.csv and implement SB232-CAND-001 UnknownLiquid stale/null/mobile/source-item guard before movable, range, backpack-policy, skill, effect, reaction, or delete state reads.","Items:Unknown / UnknownLiquid","Data/Scripts/Items/Unknown/UnknownLiquid.cs","Movable rejection, range 3 check, IdentifyItemsOnlyInPack policy, tasting skill behavior, sound/animation behavior, liquid effect/reaction behavior, source item Delete behavior, serialization, namespace/type/file layout, and project/config/data files.","POST-BATCH-Y exact-file gate hits for UnknownLiquid.cs=0; exact-file active overlay rows=0; no gated approval crossed.","NotRequiredForNonGatedTarget","None beyond normal POST-BATCH-Y and exact-file active-overlay preflight.","/goal SOURCE-BATCH-232 UnknownLiquid Identification Guard Repair","Yes","2026-06-29T00:15:00-05:00","Implemented and verified in docs/codebase-audit/outputs/source-batch-232-unknownliquid-identification-guard-repair-closeout.md."
"SOURCE-BATCH-INTAKE","SOURCE-BATCH-233","SourceBatchCommitted","InterviewComplete","Run fresh source-batch-233-candidate-discovery.csv and implement SB233-CAND-001 UnknownKeg stale/null/mobile/source-item guard before movable, range, backpack-policy, skill, effect, or delete state reads.","Items:Unknown / UnknownKeg","Data/Scripts/Items/Unknown/UnknownKeg.cs","Movable rejection, range 3 and range 1 checks, IdentifyItemsOnlyInPack policy, tasting skill behavior, sound/animation behavior, keg effect behavior, source item Delete behavior, serialization, namespace/type/file layout, and project/config/data files.","POST-BATCH-Y exact-file gate hits for UnknownKeg.cs=0; exact-file active overlay rows=0; no gated approval crossed.","NotRequiredForNonGatedTarget","None beyond normal POST-BATCH-Y and exact-file active-overlay preflight.","/goal SOURCE-BATCH-233 UnknownKeg Identification Guard Repair","Yes","2026-06-29T00:30:00-05:00","Implemented and verified in docs/codebase-audit/outputs/source-batch-233-unknownkeg-identification-guard-repair-closeout.md."
"SOURCE-BATCH-INTAKE","SOURCE-BATCH-234","SourceBatchCommitted","InterviewComplete","Run fresh source-batch-234-candidate-discovery.csv and implement SB234-CAND-001 UnknownScroll stale/null/mobile/source-item guard before movable, backpack-policy, range, or item-identification state reads.","Items:Unknown / UnknownScroll","Data/Scripts/Items/Unknown/UnknownScroll.cs","Movable rejection, IdentifyItemsOnlyInPack policy, range 3 check, message behavior, ItemIdentification.IDItem call, serialization, namespace/type/file layout, and project/config/data files.","POST-BATCH-Y exact-file gate hits for UnknownScroll.cs=0; exact-file active overlay rows=0; no gated approval crossed.","NotRequiredForNonGatedTarget","None beyond normal POST-BATCH-Y and exact-file active-overlay preflight.","/goal SOURCE-BATCH-234 UnknownScroll Identification Guard Repair","Yes","2026-06-29T00:45:00-05:00","Implemented and verified in docs/codebase-audit/outputs/source-batch-234-unknownscroll-identification-guard-repair-closeout.md."
"SOURCE-BATCH-INTAKE","SOURCE-BATCH-235","SourceBatchCommitted","InterviewComplete","Run fresh source-batch-235-candidate-discovery.csv and implement SB235-CAND-001 SwordsAndShackles stale/null/mobile/source-item and gump-response guard before range, gump open, library read, or gump response state reads.","Items:Books / SwordsAndShackles","Data/Scripts/Items/Books/SwordsAndShackles.cs","Range 4 or weight override opening rule, CloseGump/SendGump flow, MyLibrary.readBook tracking, page navigation, close sound, book name/hue/item ID/weight, serialization, namespace/type/file layout, and project/config/data files.","POST-BATCH-Y exact-file gate hits for SwordsAndShackles.cs=0; exact-file active overlay rows=0; no gated approval crossed.","NotRequiredForNonGatedTarget","None beyond normal POST-BATCH-Y and exact-file active-overlay preflight.","/goal SOURCE-BATCH-235 SwordsAndShackles Book Gump Guard Repair","Yes","2026-06-29T01:00:00-05:00","Implemented and verified in docs/codebase-audit/outputs/source-batch-235-swordsandshackles-book-gump-guard-repair-closeout.md."
"SOURCE-BATCH-INTAKE","SOURCE-BATCH-236","SourceBatchCommitted","InterviewComplete","Run fresh source-batch-236-candidate-discovery.csv and implement SB236-CAND-001 PatchBoard stale/null/mobile/source-item and context-menu mobile guards before range, gump, speech text, or browser-launch state reads.","Items:Books / BulletinBoards / PatchBoard","Data/Scripts/Items/Books/BulletinBoards/PatchBoard.cs","Range 4 rule, SpeechGump availability check, SpeechFunctions.SpeechText Patch lookup, context-menu entry behavior, PlayerMobile-only browser launch behavior, property text, serialization, namespace/type/file layout, and project/config/data files.","POST-BATCH-Y exact-file gate hits for PatchBoard.cs=0; exact-file active overlay rows=0; no gated approval crossed.","NotRequiredForNonGatedTarget","None beyond normal POST-BATCH-Y and exact-file active-overlay preflight.","/goal SOURCE-BATCH-236 PatchBoard Guard Repair","Yes","2026-06-29T01:15:00-05:00","Implemented and verified in docs/codebase-audit/outputs/source-batch-236-patchboard-guard-repair-closeout.md."
"SOURCE-BATCH-INTAKE","SOURCE-BATCH-237","SourceBatchCommitted","InterviewComplete","Run fresh source-batch-237-candidate-discovery.csv and implement SB237-CAND-001 Pillows stale/null/mobile/source-item guard before item-ID flip state reads or mutation.","Items:Decorations / Pillows","Data/Scripts/Items/Decorations/Pillows.cs","Flip ID fields, random construction item IDs and hues, ItemID toggle behavior, name, weight, serialization, namespace/type/file layout, and project/config/data files.","POST-BATCH-Y exact-file gate hits for Pillows.cs=0; exact-file active overlay rows=0; no gated approval crossed.","NotRequiredForNonGatedTarget","None beyond normal POST-BATCH-Y and exact-file active-overlay preflight.","/goal SOURCE-BATCH-237 Pillows Guard Repair","Yes","2026-06-29T01:30:00-05:00","Implemented and verified in docs/codebase-audit/outputs/source-batch-237-pillows-guard-repair-closeout.md."
"SOURCE-BATCH-INTAKE","SOURCE-BATCH-238","SourceBatchCommitted","InterviewComplete","Run fresh source-batch-238-candidate-discovery.csv and implement SB238-CAND-001 MountedPixieLime stale/null/mobile/source-component guard before range and sound state reads.","Items:Special / Evil Home Decor / MountedPixieLime","Data/Scripts/Items/Special/Evil Home Decor Collection/MountedPixieLime.cs","Range 2 rule, random sound range 0x55F-0x561, unreachable localized overhead message 1019045, flipable art IDs, addon/deed behavior, label number, serialization, namespace/type/file layout, and project/config/data files.","POST-BATCH-Y exact-file gate hits for MountedPixieLime.cs=0; exact-file active overlay rows=0; no gated approval crossed.","NotRequiredForNonGatedTarget","None beyond normal POST-BATCH-Y and exact-file active-overlay preflight.","/goal SOURCE-BATCH-238 MountedPixieLime Guard Repair","Yes","2026-06-29T01:45:00-05:00","Implemented and verified in docs/codebase-audit/outputs/source-batch-238-mountedpixielime-guard-repair-closeout.md; pending focused SOURCE-BATCH-238 batch commit."
"SOURCE-BATCH-INTAKE","SOURCE-BATCH-239","SourceBatchCommitted","InterviewComplete","Run fresh source-batch-239-candidate-discovery.csv and implement SB239-CAND-001 MountedPixieBlue stale/null/mobile/source-component guard before range and sound state reads.","Items:Special / Evil Home Decor / MountedPixieBlue","Data/Scripts/Items/Special/Evil Home Decor Collection/MountedPixieBlue.cs","Range 2 rule, random sound range 0x55C-0x55E, unreachable localized overhead message 1019045, flipable art IDs, addon/deed behavior, label number, serialization, namespace/type/file layout, and project/config/data files.","POST-BATCH-Y exact-file gate hits for MountedPixieBlue.cs=0; exact-file active overlay rows=0; no gated approval crossed.","NotRequiredForNonGatedTarget","None beyond normal POST-BATCH-Y and exact-file active-overlay preflight.","/goal SOURCE-BATCH-239 MountedPixieBlue Guard Repair","Yes","2026-06-29T02:12:00-05:00","Implemented and verified in docs/codebase-audit/outputs/source-batch-239-mountedpixieblue-guard-repair-closeout.md; pending focused SOURCE-BATCH-239 batch commit."
"SOURCE-BATCH-INTAKE","SOURCE-BATCH-240","SourceBatchCommitted","InterviewComplete","Run fresh source-batch-240-candidate-discovery.csv and implement SB240-CAND-001 MountedPixieGreen stale/null/mobile/source-component guard before range and sound state reads.","Items:Special / Evil Home Decor / MountedPixieGreen","Data/Scripts/Items/Special/Evil Home Decor Collection/MountedPixieGreen.cs","Range 2 rule, random sound range 0x554-0x557, unreachable localized overhead message 1019045, flipable art IDs, addon/deed behavior, label number, serialization, namespace/type/file layout, and project/config/data files.","POST-BATCH-Y exact-file gate hits for MountedPixieGreen.cs=0; exact-file active overlay rows=0; no gated approval crossed.","NotRequiredForNonGatedTarget","None beyond normal POST-BATCH-Y and exact-file active-overlay preflight.","/goal SOURCE-BATCH-240 MountedPixieGreen Guard Repair","Yes","2026-06-29T02:25:00-05:00","Implemented and verified in docs/codebase-audit/outputs/source-batch-240-mountedpixiegreen-guard-repair-closeout.md; pending focused SOURCE-BATCH-240 batch commit."
"SOURCE-BATCH-INTAKE","SOURCE-BATCH-241","SourceBatchCommitted","InterviewComplete","Run fresh source-batch-241-candidate-discovery.csv and implement SB241-CAND-001 MountedPixieOrange stale/null/mobile/source-component guard before range and sound state reads.","Items:Special / Evil Home Decor / MountedPixieOrange","Data/Scripts/Items/Special/Evil Home Decor Collection/MountedPixieOrange.cs","Range 2 rule, random sound range 0x558-0x55B, unreachable localized overhead message 1019045, flipable art IDs, addon/deed behavior, label number, serialization, namespace/type/file layout, and project/config/data files.","POST-BATCH-Y exact-file gate hits for MountedPixieOrange.cs=0; exact-file active overlay rows=0; no gated approval crossed.","NotRequiredForNonGatedTarget","None beyond normal POST-BATCH-Y and exact-file active-overlay preflight.","/goal SOURCE-BATCH-241 MountedPixieOrange Guard Repair","Yes","2026-06-29T02:38:00-05:00","Implemented and verified in docs/codebase-audit/outputs/source-batch-241-mountedpixieorange-guard-repair-closeout.md; pending focused SOURCE-BATCH-241 batch commit."
"SOURCE-BATCH-INTAKE","SOURCE-BATCH-242","SourceBatchCommitted","InterviewComplete","Run fresh source-batch-242-candidate-discovery.csv and implement SB242-CAND-001 MountedPixieWhite stale/null/mobile/source-component guard before range and sound state reads.","Items:Special / Evil Home Decor / MountedPixieWhite","Data/Scripts/Items/Special/Evil Home Decor Collection/MountedPixieWhite.cs","Range 2 rule, random sound range 0x562-0x564, unreachable localized overhead message 1019045, flipable art IDs, addon/deed behavior, label number, serialization, namespace/type/file layout, and project/config/data files.","POST-BATCH-Y exact-file gate hits for MountedPixieWhite.cs=0; exact-file active overlay rows=0; no gated approval crossed.","NotRequiredForNonGatedTarget","None beyond normal POST-BATCH-Y and exact-file active-overlay preflight.","/goal SOURCE-BATCH-242 MountedPixieWhite Guard Repair","Yes","2026-06-29T02:51:00-05:00","Implemented and verified in docs/codebase-audit/outputs/source-batch-242-mountedpixiewhite-guard-repair-closeout.md; pending focused SOURCE-BATCH-242 batch commit."
"SOURCE-BATCH-INTAKE","SOURCE-BATCH-243","SourceBatchCommitted","InterviewComplete","Run fresh source-batch-243-candidate-discovery.csv and implement SB243-CAND-001 DisturbingPortrait stale/null/mobile/source-component guard before range and sound state reads.","Items:Special / Evil Home Decor / DisturbingPortrait","Data/Scripts/Items/Special/Evil Home Decor Collection/DisturbingPortrait.cs","Range 2 rule, random sound range 0x567-0x568, unreachable localized overhead message 1019045, Timer.DelayCall setup, Change callback behavior, flipable art IDs, addon/deed behavior, label number, serialization, namespace/type/file layout, and project/config/data files.","POST-BATCH-Y exact-file gate hits for DisturbingPortrait.cs=0; exact-file active overlay rows=0; no gated approval crossed.","NotRequiredForNonGatedTarget","None beyond normal POST-BATCH-Y and exact-file active-overlay preflight.","/goal SOURCE-BATCH-243 DisturbingPortrait Guard Repair","Yes","2026-06-29T03:04:00-05:00","Implemented and verified in docs/codebase-audit/outputs/source-batch-243-disturbingportrait-guard-repair-closeout.md; pending focused SOURCE-BATCH-243 batch commit."
"SOURCE-BATCH-INTAKE","SOURCE-BATCH-244","SourceBatchCommitted","InterviewComplete","Run fresh source-batch-244-candidate-discovery.csv and implement SB244-CAND-001 UnsettlingPortrait stale/null/mobile/source-component guard before range and sound state reads.","Items:Special / Evil Home Decor / UnsettlingPortrait","Data/Scripts/Items/Special/Evil Home Decor Collection/UnsettlingPortrait.cs","Range 2 rule, random sound range 0x567-0x568, unreachable localized overhead message 1019045, Timer.DelayCall setup, ChangeDirection callback behavior, flipable art IDs, addon/deed behavior, label number, serialization, namespace/type/file layout, and project/config/data files.","POST-BATCH-Y exact-file gate hits for UnsettlingPortrait.cs=0; exact-file active overlay rows=0; no gated approval crossed.","NotRequiredForNonGatedTarget","None beyond normal POST-BATCH-Y and exact-file active-overlay preflight.","/goal SOURCE-BATCH-244 UnsettlingPortrait Guard Repair","Yes","2026-06-29T03:17:00-05:00","Implemented and verified in docs/codebase-audit/outputs/source-batch-244-unsettlingportrait-guard-repair-closeout.md; pending focused SOURCE-BATCH-244 batch commit."
"SOURCE-BATCH-INTAKE","SOURCE-BATCH-245","SourceBatchCommitted","InterviewComplete","Run fresh source-batch-245-candidate-discovery.csv and implement SB245-CAND-001 AwesomeDisturbingPortrait stale/null/mobile/source-component guard before range, clock, and sound state reads.","Items:Special / Evil Home Decor / AwesomeDisturbingPortrait","Data/Scripts/Items/Special/Evil Home Decor Collection/AwesomeDisturbingPortrait.cs","Range 2 rule, night sound 0x569 behavior, Clock.GetTime calls, UpdateImage behavior, InternalTimer subclass behavior, unreachable localized overhead message 1019045, flipable art IDs, addon/deed behavior, label number, serialization, namespace/type/file layout, and project/config/data files.","POST-BATCH-Y exact-file gate hits for AwesomeDisturbingPortrait.cs=0; exact-file active overlay rows=0; no gated approval crossed.","NotRequiredForNonGatedTarget","None beyond normal POST-BATCH-Y and exact-file active-overlay preflight.","/goal SOURCE-BATCH-245 AwesomeDisturbingPortrait Guard Repair","Yes","2026-06-29T03:30:00-05:00","Implemented and verified in docs/codebase-audit/outputs/source-batch-245-awesomedisturbingportrait-guard-repair-closeout.md; pending focused SOURCE-BATCH-245 batch commit."
"SOURCE-BATCH-INTAKE","SOURCE-BATCH-246","SourceBatchCommitted","InterviewComplete","Run fresh source-batch-246-candidate-discovery.csv and implement SB246-CAND-001 CreepyPortrait stale/null/mobile/source-component guard before range and sound state reads.","Items:Special / Evil Home Decor / CreepyPortrait","Data/Scripts/Items/Special/Evil Home Decor Collection/CreepyPortrait.cs","Range 2 rule, random sound range 0x565-0x566, unreachable localized overhead message 1019045, HandlesOnMovement/OnMovement behavior, Timer.DelayCall Up/Down behavior, flipable art IDs, addon/deed behavior, label number, serialization, namespace/type/file layout, and project/config/data files.","POST-BATCH-Y exact-file gate hits for CreepyPortrait.cs=0; exact-file active overlay rows=0; no gated approval crossed.","NotRequiredForNonGatedTarget","None beyond normal POST-BATCH-Y and exact-file active-overlay preflight.","/goal SOURCE-BATCH-246 CreepyPortrait Guard Repair","Yes","2026-06-29T03:43:00-05:00","Implemented and verified in docs/codebase-audit/outputs/source-batch-246-creepyportrait-guard-repair-closeout.md; pending focused SOURCE-BATCH-246 batch commit."
"SOURCE-BATCH-INTAKE","SOURCE-BATCH-247","SourceBatchCommitted","InterviewComplete","Run fresh source-batch-247-candidate-discovery.csv and implement SB247-CAND-001 IndecipherableMap stale/null/mobile/source-item guard before sending the ruined-map message.","Items:Trades / Maps / IndecipherableMap","Data/Scripts/Items/Trades/Maps/IndecipherableMap.cs","Localized message 1070801, label number 1070799, random hue selection, MapItem inheritance, serialization, namespace/type/file layout, and project/config/data files.","POST-BATCH-Y exact-file gate hits for IndecipherableMap.cs=0; exact-file active overlay rows=0; no gated approval crossed.","NotRequiredForNonGatedTarget","None beyond normal POST-BATCH-Y and exact-file active-overlay preflight.","/goal SOURCE-BATCH-247 IndecipherableMap Guard Repair","Yes","2026-06-29T03:56:00-05:00","Implemented and verified in docs/codebase-audit/outputs/source-batch-247-indecipherablemap-guard-repair-closeout.md; pending focused SOURCE-BATCH-247 batch commit."
"SOURCE-BATCH-INTAKE","SOURCE-BATCH-248","SourceBatchCommitted","InterviewComplete","Run fresh source-batch-248-candidate-discovery.csv and implement SB248-CAND-001 Dices stale/null/mobile/source-item guard before range checking and rolling.","Items:Misc / Games / Dices","Data/Scripts/Items/Misc/Games/Dices.cs","Range 2 rule, Roll output, OnTelekinesis behavior, sound 0x34, hue repair 0x982, serialization, namespace/type/file layout, and project/config/data files.","POST-BATCH-Y exact-file gate hits for Dices.cs=0; exact-file active overlay rows=0; no gated approval crossed.","NotRequiredForNonGatedTarget","None beyond normal POST-BATCH-Y and exact-file active-overlay preflight.","/goal SOURCE-BATCH-248 Dices Guard Repair","Yes","2026-06-29T04:09:00-05:00","Implemented and verified in docs/codebase-audit/outputs/source-batch-248-dices-guard-repair-closeout.md; pending focused SOURCE-BATCH-248 batch commit."
"SOURCE-BATCH-INTAKE","SOURCE-BATCH-249","SourceBatchCommitted","InterviewComplete","Run fresh source-batch-249-candidate-discovery.csv and implement SB249-CAND-001 PearlSkull stale/null/mobile/source-item guard before backpack checking, pearl creation, and skull deletion.","Items:Trades / Fishing / PearlSkull","Data/Scripts/Items/Trades/Fishing/PearlSkull.cs","Backpack requirement, failure message, MysticalPearl creation, success message, skull Delete semantics, random ItemID/name construction, serialization, namespace/type/file layout, and project/config/data files.","POST-BATCH-Y exact-file gate hits for PearlSkull.cs=0; exact-file active overlay rows=0; no gated approval crossed.","NotRequiredForNonGatedTarget","None beyond normal POST-BATCH-Y and exact-file active-overlay preflight.","/goal SOURCE-BATCH-249 PearlSkull Guard Repair","Yes","2026-06-29T04:22:00-05:00","Implemented and verified in docs/codebase-audit/outputs/source-batch-249-pearlskull-guard-repair-closeout.md; pending focused SOURCE-BATCH-249 batch commit."
"SOURCE-BATCH-INTAKE","SOURCE-BATCH-250","SourceBatchCommitted","InterviewComplete","Run fresh source-batch-250-candidate-discovery.csv and implement SB250-CAND-001 AuraOfShadows stale/null/mobile/source-item guard before backpack checking and ItemID toggle/message paths.","Items:Magical / Artifacts / Obsolete / AuraOfShadows","Data/Scripts/Items/Magical/Artifacts/Obsolete/Obsolete_AuraOfShadows.cs","Backpack requirement, localized message 1042001, ItemID 2597/2594 toggle behavior, existing fallback messages, artifact name property, construction attributes, random hue selection, serialization, namespace/type/file layout, and project/config/data files.","POST-BATCH-Y exact-file gate hits for AuraOfShadows.cs=0; exact-file active overlay rows=0; no gated approval crossed.","NotRequiredForNonGatedTarget","None beyond normal POST-BATCH-Y and exact-file active-overlay preflight.","/goal SOURCE-BATCH-250 AuraOfShadows Guard Repair","Yes","2026-06-29T04:35:00-05:00","Implemented and verified in docs/codebase-audit/outputs/source-batch-250-auraofshadows-guard-repair-closeout.md; pending focused SOURCE-BATCH-250 batch commit."
"SOURCE-BATCH-INTAKE","SOURCE-BATCH-251","SourceBatchCommitted","InterviewComplete","Run fresh source-batch-251-candidate-discovery.csv and implement SB251-CAND-001 LevelCandle stale/null/mobile/source-item guard before layer lookup, backpack checking, equip, and unequip paths.","Items:Magical / God Jewels / LevelCandle","Data/Scripts/Items/Magical/God/Jewels/MagicCandle.cs","Layer.TwoHanded equip/unequip flow, backpack requirement, localized messages, ItemID 0xA28/0xA0F transforms, sounds 0x4BB/0x47, AddItem/AddToBackpack behavior, OnEquip/OnRemoved calls, construction attributes, random hue selection, serialization, namespace/type/file layout, and project/config/data files.","POST-BATCH-Y exact-file gate hits for MagicCandle.cs=0; exact-file active overlay rows=0; no gated approval crossed.","NotRequiredForNonGatedTarget","None beyond normal POST-BATCH-Y and exact-file active-overlay preflight.","/goal SOURCE-BATCH-251 LevelCandle Guard Repair","Yes","2026-06-29T04:48:00-05:00","Implemented and verified in docs/codebase-audit/outputs/source-batch-251-levelcandle-guard-repair-closeout.md; pending focused SOURCE-BATCH-251 batch commit."
"SOURCE-BATCH-INTAKE","SOURCE-BATCH-252","SourceBatchCommitted","InterviewComplete","Run fresh source-batch-252-candidate-discovery.csv and implement SB252-CAND-001 LevelLantern stale/null/mobile/source-item guard before layer lookup, backpack checking, equip, and unequip paths.","Items:Magical / God Jewels / LevelLantern","Data/Scripts/Items/Magical/God/Jewels/MagicLantern.cs","Layer.TwoHanded equip/unequip flow, backpack requirement, messages, ItemID 0xA18/0xA15 transforms, sounds 0x4BB/0x47, AddItem/AddToBackpack behavior, OnEquip/OnRemoved calls, construction attributes, random hue selection, serialization, namespace/type/file layout, and project/config/data files.","POST-BATCH-Y exact-file gate hits for MagicLantern.cs=0; exact-file active overlay rows=0; no gated approval crossed.","NotRequiredForNonGatedTarget","None beyond normal POST-BATCH-Y and exact-file active-overlay preflight.","/goal SOURCE-BATCH-252 LevelLantern Guard Repair","Yes","2026-06-29T05:01:00-05:00","Implemented and verified in docs/codebase-audit/outputs/source-batch-252-levellantern-guard-repair-closeout.md; pending focused SOURCE-BATCH-252 batch commit."
"SOURCE-BATCH-INTAKE","SOURCE-BATCH-253","SourceBatchCommitted","InterviewComplete","Run fresh source-batch-253-candidate-discovery.csv and implement SB253-CAND-001 LevelTorch stale/null/mobile/source-item guard before layer lookup, backpack checking, equip, and unequip paths.","Items:Magical / God Jewels / LevelTorch","Data/Scripts/Items/Magical/God/Jewels/MagicTorch.cs","Layer.TwoHanded equip/unequip flow, backpack requirement, localized messages, ItemID 0xF6B/0xA12 transforms, sounds 0x4BB/0x54, AddItem/AddToBackpack behavior, OnEquip/OnRemoved calls, construction attributes, random hue selection, serialization, namespace/type/file layout, and project/config/data files.","POST-BATCH-Y exact-file gate hits for MagicTorch.cs=0; exact-file active overlay rows=0; no gated approval crossed.","NotRequiredForNonGatedTarget","None beyond normal POST-BATCH-Y and exact-file active-overlay preflight.","/goal SOURCE-BATCH-253 LevelTorch Guard Repair","Yes","2026-06-29T05:14:00-05:00","Implemented and verified in docs/codebase-audit/outputs/source-batch-253-leveltorch-guard-repair-closeout.md; pending focused SOURCE-BATCH-253 batch commit."
"SOURCE-BATCH-INTAKE","SOURCE-BATCH-254","SourceBatchCommitted","InterviewComplete","Run fresh source-batch-254-candidate-discovery.csv and implement SB254-CAND-001 GiftCandle stale/null/mobile/source-item guard before layer lookup, backpack checking, equip, and unequip paths.","Items:Magical / Gift Jewels / GiftCandle","Data/Scripts/Items/Magical/Gifts/Jewels/MagicCandle.cs","Layer.TwoHanded equip/unequip flow, backpack requirement, localized messages, ItemID 0xA28/0xA0F transforms, sounds 0x4BB/0x47, AddItem/AddToBackpack behavior, OnEquip/OnRemoved calls, construction attributes, random hue selection, serialization, namespace/type/file layout, and project/config/data files.","POST-BATCH-Y exact-file gate hits for MagicCandle.cs=0; exact-file active overlay rows=0; no gated approval crossed.","NotRequiredForNonGatedTarget","None beyond normal POST-BATCH-Y and exact-file active-overlay preflight.","/goal SOURCE-BATCH-254 GiftCandle Guard Repair","Yes","2026-06-29T05:27:00-05:00","Implemented and verified in docs/codebase-audit/outputs/source-batch-254-giftcandle-guard-repair-closeout.md; pending focused SOURCE-BATCH-254 batch commit."
"SOURCE-BATCH-INTAKE","SOURCE-BATCH-255","SourceBatchCommitted","InterviewComplete","Run fresh source-batch-255-candidate-discovery.csv and implement SB255-CAND-001 GiftLantern stale/null/mobile/source-item guard before layer lookup, backpack checking, equip, and unequip paths.","Items:Magical / Gift Jewels / GiftLantern","Data/Scripts/Items/Magical/Gifts/Jewels/MagicLantern.cs","Layer.TwoHanded equip/unequip flow, backpack requirement, messages, ItemID 0xA18/0xA15 transforms, sounds 0x4BB/0x47, AddItem/AddToBackpack behavior, OnEquip/OnRemoved calls, construction attributes, random hue selection, serialization, namespace/type/file layout, and project/config/data files.","POST-BATCH-Y exact-file gate hits for MagicLantern.cs=0; exact-file active overlay rows=0; no gated approval crossed.","NotRequiredForNonGatedTarget","None beyond normal POST-BATCH-Y and exact-file active-overlay preflight.","/goal SOURCE-BATCH-255 GiftLantern Guard Repair","Yes","2026-06-29T05:40:00-05:00","Implemented and verified in docs/codebase-audit/outputs/source-batch-255-giftlantern-guard-repair-closeout.md; pending focused SOURCE-BATCH-255 batch commit."
"SOURCE-BATCH-INTAKE","SOURCE-BATCH-256","SourceBatchCommitted","InterviewComplete","Run fresh source-batch-256-candidate-discovery.csv and implement SB256-CAND-001 GiftTorch stale/null/mobile/source-item guard before layer lookup, backpack checking, equip, and unequip paths.","Items:Magical / Gift Jewels / GiftTorch","Data/Scripts/Items/Magical/Gifts/Jewels/MagicTorch.cs","Layer.TwoHanded equip/unequip flow, backpack requirement, localized messages, ItemID 0xF6B/0xA12 transforms, sounds 0x4BB/0x54, AddItem/AddToBackpack behavior, OnEquip/OnRemoved calls, construction attributes, random hue selection, serialization, namespace/type/file layout, and project/config/data files.","POST-BATCH-Y exact-file gate hits for MagicTorch.cs=0; exact-file active overlay rows=0; no gated approval crossed.","NotRequiredForNonGatedTarget","None beyond normal POST-BATCH-Y and exact-file active-overlay preflight.","/goal SOURCE-BATCH-256 GiftTorch Guard Repair","Yes","2026-06-29T05:53:00-05:00","Implemented and verified in docs/codebase-audit/outputs/source-batch-256-gifttorch-guard-repair-closeout.md; pending focused SOURCE-BATCH-256 batch commit."
"SOURCE-BATCH-INTAKE","SOURCE-BATCH-257","SourceBatchCommitted","InterviewComplete","Run fresh source-batch-257-candidate-discovery.csv and implement SB257-CAND-001 MagicCandle stale/null/mobile/source-item guard before layer lookup, backpack checking, equip, unequip, and clothing refresh paths.","Items:Magical / MagicCandle","Data/Scripts/Items/Magical/MagicCandle.cs","Layer.TwoHanded equip/unequip flow, backpack requirement, localized messages, ItemID/GraphicID transforms, sounds 0x4BB/0x47, AddItem/AddToBackpack behavior, OnEquip/OnRemoved calls, ProcessClothing, construction attributes, random hue selection, serialization, namespace/type/file layout, and project/config/data files.","POST-BATCH-Y exact-file gate hits for MagicCandle.cs=0; exact-file active overlay rows=0; no gated approval crossed.","NotRequiredForNonGatedTarget","None beyond normal POST-BATCH-Y and exact-file active-overlay preflight.","/goal SOURCE-BATCH-257 MagicCandle Guard Repair","Yes","2026-06-29T06:06:00-05:00","Implemented and verified in docs/codebase-audit/outputs/source-batch-257-magiccandle-guard-repair-closeout.md; pending focused SOURCE-BATCH-257 batch commit."
"SOURCE-BATCH-INTAKE","SOURCE-BATCH-258","SourceBatchCommitted","InterviewComplete","Run fresh source-batch-258-candidate-discovery.csv and implement SB258-CAND-001 MagicLantern stale/null/mobile/source-item guard before layer lookup, backpack checking, equip, unequip, and clothing refresh paths.","Items:Magical / MagicLantern","Data/Scripts/Items/Magical/MagicLantern.cs","Layer.TwoHanded equip/unequip flow, backpack requirement, messages, ItemID/GraphicID transforms, sounds 0x4BB/0x47, AddItem/AddToBackpack behavior, OnEquip/OnRemoved calls, ProcessClothing, construction attributes, random hue selection, serialization, namespace/type/file layout, and project/config/data files.","POST-BATCH-Y exact-file gate hits for MagicLantern.cs=0; exact-file active overlay rows=0; no gated approval crossed.","NotRequiredForNonGatedTarget","None beyond normal POST-BATCH-Y and exact-file active-overlay preflight.","/goal SOURCE-BATCH-258 MagicLantern Guard Repair","Yes","2026-06-29T06:19:00-05:00","Implemented and verified in docs/codebase-audit/outputs/source-batch-258-magiclantern-guard-repair-closeout.md; pending focused SOURCE-BATCH-258 batch commit."
"SOURCE-BATCH-INTAKE","SOURCE-BATCH-259","SourceBatchCommitted","InterviewComplete","Run fresh source-batch-259-candidate-discovery.csv and implement SB259-CAND-001 MagicTorch stale/null/mobile/source-item guard before layer lookup, backpack checking, equip, unequip, and clothing refresh paths.","Items:Magical / MagicTorch","Data/Scripts/Items/Magical/MagicTorch.cs","Layer.TwoHanded equip/unequip flow, backpack requirement, localized messages, ItemID/GraphicID transforms, sounds 0x4BB/0x54, AddItem/AddToBackpack behavior, OnEquip/OnRemoved calls, ProcessClothing, construction attributes, random hue selection, serialization, namespace/type/file layout, and project/config/data files.","POST-BATCH-Y exact-file gate hits for MagicTorch.cs=0; exact-file active overlay rows=0; no gated approval crossed.","NotRequiredForNonGatedTarget","None beyond normal POST-BATCH-Y and exact-file active-overlay preflight.","/goal SOURCE-BATCH-259 MagicTorch Guard Repair","Yes","2026-06-29T06:32:00-05:00","Implemented and verified in docs/codebase-audit/outputs/source-batch-259-magictorch-guard-repair-closeout.md; pending focused SOURCE-BATCH-259 batch commit."
"SOURCE-BATCH-INTAKE","SOURCE-BATCH-260","SourceBatchCommitted","InterviewComplete","Run fresh source-batch-260-candidate-discovery.csv and implement SB260-CAND-001 WallTorch stale/null/mobile/source-component guard before range checking, item-id toggling, sound playback, and reach-message paths.","Items:Special / Heritage Items / WallTorch","Data/Scripts/Items/Special/Heritage Items/WallTorch.cs","Range 2 reach rule, localized reach failure 1019045, item-id toggle states, sound 0x3BE, WallTorchAddon/WallTorchDeed behavior, serialization, namespace/type/file layout, and project/config/data files.","POST-BATCH-Y exact-file gate hits for WallTorch.cs=0; exact-file active overlay rows=0; resolved IntentionalLegacy save-compat rows were nonblocking because serialization was untouched; no gated approval crossed.","NotRequiredForNonGatedTarget","None beyond normal POST-BATCH-Y and exact-file active-overlay preflight.","/goal SOURCE-BATCH-260 WallTorch Guard Repair","Yes","2026-06-29T06:45:00-05:00","Implemented and verified in docs/codebase-audit/outputs/source-batch-260-walltorch-guard-repair-closeout.md; pending focused SOURCE-BATCH-260 batch commit."
"SOURCE-BATCH-INTAKE","SOURCE-BATCH-261","SourceBatchCommitted","InterviewComplete","Run fresh source-batch-261-candidate-discovery.csv and implement SB261-CAND-001 FirstAidKit stale/null/mobile/source-item/backpack guard before backpack containment checks, reward creation, AddToBackpack calls, overhead messaging, or deleting the kit.","Items:Technology / FirstAidKit","Data/Scripts/Items/Technology/FirstAidKit.cs","Backpack-use failure message, reward item types, probability checks, amount ranges, pill-bottle conversion, AddToBackpack behavior, private overhead success message, Delete semantics, serialization, namespace/type/file layout, and project/config/data files.","POST-BATCH-Y exact-file gate hits for FirstAidKit.cs=0; exact-file active overlay rows=0; resolved Documented row was nonblocking because source behavior and documentation policy were untouched; no gated approval crossed.","NotRequiredForNonGatedTarget","None beyond normal POST-BATCH-Y and exact-file active-overlay preflight.","/goal SOURCE-BATCH-261 FirstAidKit Guard Repair","Yes","2026-06-29T06:58:00-05:00","Implemented and verified in docs/codebase-audit/outputs/source-batch-261-firstaidkit-guard-repair-closeout.md; pending focused SOURCE-BATCH-261 batch commit."
"SOURCE-BATCH-INTAKE","SOURCE-BATCH-262","SourceBatchCommitted","InterviewComplete","Run fresh source-batch-262-candidate-discovery.csv and implement SB262-CAND-001 VenomSack stale/null/mobile/source-item/backpack guard before venom extraction, bottle consumption, poison application, messaging, or consuming the sack.","Items:Potions / VenomSack","Data/Scripts/Items/Potions/Standard/Poison Potions/VenomSack.cs","Skill thresholds, CheckSkill calls, empty bottle failure, potion output mapping, sounds, success/failure messages, poison self-application, Consume behavior, AddNameProperties text, serialization, namespace/type/file layout, and project/config/data files.","POST-BATCH-Y exact-file gate hits for VenomSack.cs=0; exact-file active overlay rows=0; no gated approval crossed.","NotRequiredForNonGatedTarget","None beyond normal POST-BATCH-Y and exact-file active-overlay preflight.","/goal SOURCE-BATCH-262 VenomSack Guard Repair","Yes","2026-06-29T07:11:00-05:00","Implemented and verified in docs/codebase-audit/outputs/source-batch-262-venomsack-guard-repair-closeout.md; pending focused SOURCE-BATCH-262 batch commit."
"SOURCE-BATCH-INTAKE","SOURCE-BATCH-263","SourceBatchCommitted","InterviewComplete","Run fresh source-batch-263-candidate-discovery.csv and implement SB263-CAND-001 Reagent Jars stale/null/mobile/source-item guards before backpack checks, reagent creation, overhead messaging, or deleting the source jar.","Items:Trades / Reagent Jars","Data/Scripts/Items/Trades/Resources/Reagents/Reagents.cs","Wizard jar backpack requirement and failure message, necromancer/alchemical jar interaction policy, reagent item types and counts, overhead success message, source Delete semantics, AddNameProperties text, serialization, namespace/type/file layout, and project/config/data files.","POST-BATCH-Y exact-file gate hits for Reagents.cs=0; exact-file active overlay rows=0; no gated approval crossed; no economy/reward tuning made.","NotRequiredForNonGatedTarget","None beyond normal POST-BATCH-Y and exact-file active-overlay preflight.","/goal SOURCE-BATCH-263 Reagent Jars Guard Repair","Yes","2026-06-29T07:24:00-05:00","Implemented and verified in docs/codebase-audit/outputs/source-batch-263-reagent-jars-guard-repair-closeout.md; pending focused SOURCE-BATCH-263 batch commit."
"SOURCE-BATCH-INTAKE","SOURCE-BATCH-264","SourceBatchCommitted","InterviewComplete","Run fresh source-batch-264-candidate-discovery.csv and implement SB264-CAND-001 DartBoard stale/null/mobile/source-component guards before direction, range, LOS, weapon, animation, effect, sound, scoring, or reach-message paths.","Items:Construction / DartBoard","Data/Scripts/Items/Construction/Addons/DartBoard.cs","NeedsWall/WallPosition, direction selection, range/LOS rules, throw-direction rules, knife requirement message, animation/effect/sound behavior, random scoring thresholds/messages, addon/deed behavior, serialization, namespace/type/file layout, and project/config/data files.","POST-BATCH-Y exact-file gate hits for DartBoard.cs=0; exact-file active overlay rows=0; resolved IntentionalLegacy save-compat rows were nonblocking because serialization was untouched; no gated approval crossed.","NotRequiredForNonGatedTarget","None beyond normal POST-BATCH-Y and exact-file active-overlay preflight.","/goal SOURCE-BATCH-264 DartBoard Guard Repair","Yes","2026-06-29T07:37:00-05:00","Implemented and verified in docs/codebase-audit/outputs/source-batch-264-dartboard-guard-repair-closeout.md; pending focused SOURCE-BATCH-264 batch commit."
"SOURCE-BATCH-INTAKE","SOURCE-BATCH-265","SourceBatchCommitted","InterviewComplete","Run fresh source-batch-265-candidate-discovery.csv and implement SB265-CAND-001 MagicFish stale/null/mobile/source-item/backpack guard before backpack checking, race checks, stat buff application, hunger/healing/poison cure, effects, sounds, messaging, or deleting the fish.","Items:Trades / Fishing / MagicFish","Data/Scripts/Items/Trades/Resources/Fishing/MagicFish.cs","Backpack requirement and localized failure, race rejection, Apply/stat buff behavior, PeculiarFish stamina behavior, hunger/healing/poison-cure behavior, effects, sounds, messages, source Delete semantics, subclass hue repairs, serialization, namespace/type/file layout, and project/config/data files.","POST-BATCH-Y exact-file gate hits for MagicFish.cs=0; exact-file active overlay rows=0; no gated approval crossed; no balance/economy tuning made.","NotRequiredForNonGatedTarget","None beyond normal POST-BATCH-Y and exact-file active-overlay preflight.","/goal SOURCE-BATCH-265 MagicFish Guard Repair","Yes","2026-06-29T07:50:00-05:00","Implemented and verified in docs/codebase-audit/outputs/source-batch-265-magicfish-guard-repair-closeout.md; pending focused SOURCE-BATCH-265 batch commit."
"SOURCE-BATCH-INTAKE","SOURCE-BATCH-266","SourceBatchCommitted","InterviewComplete","Run fresh source-batch-266-candidate-discovery.csv and implement SB266-CAND-001 DDRelicMoney stale/null/mobile/source-item guards before bank-box lookup, conversion, AddToBackpack, messages, or deleting the source item.","Items:Relics / DDRelicMoney","Data/Scripts/Items/Relics/DDRelicMoney.cs","Bank-box requirement, localized failure, exchange rates, change behavior, AddToBackpack destination, source Delete semantics, constructor metadata, serialization, namespace/type/file layout, and project/config/data files.","POST-BATCH-Y exact-file gate hits for DDRelicMoney.cs=0; exact-file active overlay rows=0; resolved Documented row was nonblocking because source behavior and docs policy were untouched; no gated approval crossed; no economy/reward tuning made.","NotRequiredForNonGatedTarget","None beyond normal POST-BATCH-Y and exact-file active-overlay preflight.","/goal SOURCE-BATCH-266 DDRelicMoney Guard Repair","Yes","2026-06-29T08:03:00-05:00","Implemented and verified in docs/codebase-audit/outputs/source-batch-266-ddrelicmoney-guard-repair-closeout.md; pending focused SOURCE-BATCH-266 batch commit."
"SOURCE-BATCH-INTAKE","SOURCE-BATCH-267","SourceBatchCommitted","InterviewComplete","Run fresh source-batch-267-candidate-discovery.csv and implement SB267-CAND-001 MagicTalisman stale/null/mobile/source-item guard before worn-slot message sending.","Items:Magical / MagicTalisman","Data/Scripts/Items/Magical/MagicTalisman.cs","Randomized construction metadata, skill bonuses, Layer.Talisman, Weight, worn-slot message, constructor metadata, serialization, namespace/type/file layout, and project/config/data files.","POST-BATCH-Y exact-file gate hits for MagicTalisman.cs=0; exact-file active overlay rows=0; resolved SafeNoChange row was nonblocking because source behavior, serialization, and layout policy were untouched; no gated approval crossed.","NotRequiredForNonGatedTarget","None beyond normal POST-BATCH-Y and exact-file active-overlay preflight.","/goal SOURCE-BATCH-267 MagicTalisman Guard Repair","Yes","2026-06-29T08:16:00-05:00","Implemented and verified in docs/codebase-audit/outputs/source-batch-267-magictalisman-guard-repair-closeout.md; pending focused SOURCE-BATCH-267 batch commit."
"SOURCE-BATCH-INTAKE","SOURCE-BATCH-268","SourceBatchCommitted","InterviewComplete","Run fresh source-batch-268-candidate-discovery.csv and implement SB268-CAND-001 SpaceJunk stale/null/mobile/source-item guard before smeltable-item checks, forge lookup, backpack check, messages, ingot reward creation, or deleting the source junk item.","Items:Technology / SpaceJunk","Data/Scripts/Items/Technology/SpaceJunk.cs","Randomized junk construction metadata, RandomCondition prefixes, smeltable item IDs, forge/backpack/skill rules, messages, ingot reward amount, sound, source Delete semantics, constructor metadata, serialization, namespace/type/file layout, and project/config/data files.","POST-BATCH-Y exact-file gate hits for SpaceJunk.cs=0; exact-file active overlay rows=0; resolved Documented row was nonblocking because source behavior and docs policy were untouched; no gated approval crossed; no economy/reward tuning made.","NotRequiredForNonGatedTarget","None beyond normal POST-BATCH-Y and exact-file active-overlay preflight.","/goal SOURCE-BATCH-268 SpaceJunk Guard Repair","Yes","2026-06-29T08:29:00-05:00","Implemented and verified in docs/codebase-audit/outputs/source-batch-268-spacejunk-guard-repair-closeout.md; pending focused SOURCE-BATCH-268 batch commit."
"SOURCE-BATCH-INTAKE","SOURCE-BATCH-269","SourceBatchCommitted","InterviewComplete","Run fresh source-batch-269-candidate-discovery.csv and implement SB269-CAND-001 RomulanAle stale/null/mobile/source-item guard before drink handoff.","Items:Technology / RomulanAle","Data/Scripts/Items/Technology/RomulanAle.cs","Stackable flag, name, weight, hue, DrinkingFunctions.OnDrink handoff, constructor metadata, serialization, namespace/type/file layout, and project/config/data files.","POST-BATCH-Y exact-file gate hits for RomulanAle.cs=0; exact-file active overlay rows=0; resolved Documented row was nonblocking because source behavior and docs policy were untouched; no gated approval crossed; no economy/reward tuning made.","NotRequiredForNonGatedTarget","None beyond normal POST-BATCH-Y and exact-file active-overlay preflight.","/goal SOURCE-BATCH-269 RomulanAle Guard Repair","Yes","2026-06-29T08:42:00-05:00","Implemented and verified in docs/codebase-audit/outputs/source-batch-269-romulanale-guard-repair-closeout.md; pending focused SOURCE-BATCH-269 batch commit."
"SOURCE-BATCH-INTAKE","SOURCE-BATCH-270","SourceBatchCommitted","InterviewComplete","Run fresh source-batch-270-candidate-discovery.csv and implement SB270-CAND-001 PlasmaTorch stale/null/mobile/source-tool guards before backpack checks, target assignment, lock/trap/door checks, messages, sound, revealing action, or source torch consumption.","Items:Technology / PlasmaTorch","Data/Scripts/Items/Technology/PlasmaTorch.cs","Target range/LOS, backpack requirement, target prompt, all lock/trap/door eligibility and mutation rules, messages, sound, RevealingAction, source torch consumption, constructor metadata, serialization, namespace/type/file layout, and project/config/data files.","POST-BATCH-Y exact-file gate hits for PlasmaTorch.cs=0; exact-file active overlay rows=0; resolved Documented row was nonblocking because source behavior and docs policy were untouched; no gated approval crossed.","NotRequiredForNonGatedTarget","None beyond normal POST-BATCH-Y and exact-file active-overlay preflight.","/goal SOURCE-BATCH-270 PlasmaTorch Guard Repair","Yes","2026-06-29T08:55:00-05:00","Implemented and verified in docs/codebase-audit/outputs/source-batch-270-plasmatorch-guard-repair-closeout.md; pending focused SOURCE-BATCH-270 batch commit."
"SOURCE-BATCH-INTAKE","SOURCE-BATCH-271","SourceBatchCommitted","InterviewComplete","Run fresh source-batch-271-candidate-discovery.csv and implement SB271-CAND-001 SpaceDyes stale/null/mobile/source-dye/target-item guards before backpack checks, target assignment, hue mutation, sound/revealing action, bottle return, or dye consumption.","Items:Technology / SpaceDyes","Data/Scripts/Items/Technology/SpaceDyes.cs","Target range, backpack requirement, prompt, in-pack target rule, dye rejection rules, messages, vialHue hue assignment, sound, RevealingAction, Bottle return, source dye consumption, constructor metadata, serialization, namespace/type/file layout, and project/config/data files.","POST-BATCH-Y exact-file gate hits for SpaceDyes.cs=0; exact-file active overlay rows=0; resolved Documented row was nonblocking because source behavior and docs policy were untouched; no gated approval crossed.","NotRequiredForNonGatedTarget","None beyond normal POST-BATCH-Y and exact-file active-overlay preflight.","/goal SOURCE-BATCH-271 SpaceDyes Guard Repair","Yes","2026-06-29T09:08:00-05:00","Implemented and verified in docs/codebase-audit/outputs/source-batch-271-spacedyes-guard-repair-closeout.md; committed as faf618ad."
"SOURCE-BATCH-INTAKE","SOURCE-BATCH-272","SourceBatchCommitted","InterviewComplete","Run fresh source-batch-272-candidate-discovery.csv and implement SB272-CAND-001 Chainsaw stale/null/mobile/source-tool/backpack guards before backpack checks, target assignment, log range checks, skill/resource checks, board conversion, or charge consumption.","Items:Technology / Chainsaw","Data/Scripts/Items/Technology/Chainsaw.cs","Movable rule, backpack requirement, messages, target range, log eligibility, resource difficulty thresholds, Lumberjacking checks, board conversion, sounds, source log deletion/amount mutation, chainsaw charge consumption/break replacement, constructor metadata, serialization, namespace/type/file layout, and project/config/data files.","POST-BATCH-Y exact-file gate hits for Chainsaw.cs=0; exact-file active overlay rows=0; resolved Documented row was nonblocking because source behavior and docs policy were untouched; no gated approval crossed.","NotRequiredForNonGatedTarget","None beyond normal POST-BATCH-Y and exact-file active-overlay preflight.","/goal SOURCE-BATCH-272 Chainsaw Guard Repair","Yes","2026-06-28T23:24:00-05:00","Implemented and verified in docs/codebase-audit/outputs/source-batch-272-chainsaw-guard-repair-closeout.md; committed as 53e6360b."
"SOURCE-BATCH-INTAKE","SOURCE-BATCH-273","SourceBatchCommitted","InterviewComplete","Run fresh source-batch-273-candidate-discovery.csv and implement SB273-CAND-001 PortableSmelter stale/null/mobile/source-tool/backpack guards before backpack checks, target assignment, ore range checks, skill/resource checks, ingot conversion, or charge consumption.","Items:Technology / PortableSmelter","Data/Scripts/Items/Technology/PortableSmelter.cs","Movable rule, backpack requirement, messages, target range, ore eligibility, resource difficulty thresholds, Mining checks, ore amount and ItemID handling, ingot conversion, sounds, source ore deletion/amount mutation, smelter charge consumption/break replacement, constructor metadata, serialization, namespace/type/file layout, and project/config/data files.","POST-BATCH-Y exact-file gate hits for PortableSmelter.cs=0; exact-file active overlay rows=0; resolved Documented row was nonblocking because source behavior and docs policy were untouched; no gated approval crossed.","NotRequiredForNonGatedTarget","None beyond normal POST-BATCH-Y and exact-file active-overlay preflight.","/goal SOURCE-BATCH-273 PortableSmelter Guard Repair","Yes","2026-06-28T23:31:00-05:00","Implemented and verified in docs/codebase-audit/outputs/source-batch-273-portablesmelter-guard-repair-closeout.md; committed as f56a1fa8."
"SOURCE-BATCH-INTAKE","SOURCE-BATCH-274","SourceBatchCommitted","InterviewComplete","Run fresh source-batch-274-candidate-discovery.csv and implement SB274-CAND-001 ComputerDatabase stale/null/mobile/netstate guards before terminal range checks, gump opening, sound playback, button handling, appearance mutation, feature recording, or gump redisplay.","Items:Technology / ComputerDatabase","Data/Scripts/Items/Technology/ComputerDatabase.cs","Terminal range, gump layout/text/buttons, random/default color options, exact hue mappings, skin/hair/facial hair record fields, feature recording, sounds, gump redisplay, constructor metadata, serialization, namespace/type/file layout, and project/config/data files.","POST-BATCH-Y exact-file gate hits for ComputerDatabase.cs=0; exact-file active overlay rows=0; resolved Documented/ReviewedNoChange/SafeNoChange rows were nonblocking because source behavior and docs policy were untouched except stale/null safety; no gated approval crossed.","NotRequiredForNonGatedTarget","None beyond normal POST-BATCH-Y and exact-file active-overlay preflight.","/goal SOURCE-BATCH-274 ComputerDatabase Guard Repair","Yes","2026-06-28T23:36:00-05:00","Implemented and verified in docs/codebase-audit/outputs/source-batch-274-computerdatabase-guard-repair-closeout.md; committed as 35e41e87."
"SOURCE-BATCH-INTAKE","SOURCE-BATCH-275","SourceBatchCommitted","InterviewComplete","Run fresh source-batch-275-candidate-discovery.csv and implement SB275-CAND-001 MaterialLiquifier stale/null/mobile/item/backpack/gump guards before backpack checks, dropped-item handling, bottle lookup, material dye creation, charge consumption, or gump sound response.","Items:Technology / MaterialLiquifier","Data/Scripts/Items/Technology/MaterialLiquifier.cs","Backpack requirement, sounds, RevealingAction, destroyed-item messages, SpaceDyes rejection, material-name/color mapping, bottle consumption, vial creation/name/hue/vialHue, charge consumption and deletion, gump layout/text/sound, constructor metadata, serialization, namespace/type/file layout, and project/config/data files.","POST-BATCH-Y exact-file gate hits for MaterialLiquifier.cs=0; exact-file active overlay rows=0; resolved Documented/FalsePositive/ReviewedNoChange rows were nonblocking because source behavior and docs policy were untouched except stale/null safety; no gated approval crossed.","NotRequiredForNonGatedTarget","None beyond normal POST-BATCH-Y and exact-file active-overlay preflight.","/goal SOURCE-BATCH-275 MaterialLiquifier Guard Repair","Yes","2026-06-28T23:41:00-05:00","Implemented and verified in docs/codebase-audit/outputs/source-batch-275-materialliquifier-guard-repair-closeout.md; committed as 5ddb2f2a."
"SOURCE-BATCH-INTAKE","SOURCE-BATCH-276","SourceBatchCommitted","InterviewComplete","Run fresh source-batch-276-candidate-discovery.csv and implement SB276-CAND-001 BlankMap stale/null/mobile/source-item guard before sending localized blank-map message 500208.","Items:Trades / Maps / BlankMap","Data/Scripts/Items/Trades/Maps/BlankMap.cs","Localized blank-map message 500208, MapItem inheritance, constructor metadata, serialization, namespace/type/file layout, and project/config/data files.","POST-BATCH-Y exact-file gate hits for BlankMap.cs=0; exact-file active overlay rows=0; no gated approval crossed.","NotRequiredForNonGatedTarget","None beyond normal POST-BATCH-Y and exact-file active-overlay preflight.","/goal SOURCE-BATCH-276 BlankMap Guard Repair","Yes","2026-06-28T23:48:00-05:00","Implemented and verified in docs/codebase-audit/outputs/source-batch-276-blankmap-guard-repair-closeout.md; committed as 1442bd7a."
"SOURCE-BATCH-INTAKE","SOURCE-BATCH-277","SourceBatchCommitted","InterviewComplete","Run fresh source-batch-277-candidate-discovery.csv and implement SB277-CAND-001 BankChest stale/null/mobile/source-item guard before range checking and bank-box access.","Items:Containers / BankChest","Data/Scripts/Items/Containers/BankChest.cs","Range 4 access rule, BankBox lookup/open behavior, too-far localized message 502138, constructor metadata, serialization, namespace/type/file layout, and project/config/data files.","POST-BATCH-Y exact-file gate hits for BankChest.cs=0; exact-file active overlay rows=0; no gated approval crossed.","NotRequiredForNonGatedTarget","None beyond normal POST-BATCH-Y and exact-file active-overlay preflight.","/goal SOURCE-BATCH-277 BankChest Guard Repair","Yes","2026-06-28T23:54:00-05:00","Implemented and verified in docs/codebase-audit/outputs/source-batch-277-bankchest-guard-repair-closeout.md; committed as 0343d297."
"SOURCE-BATCH-INTAKE","SOURCE-BATCH-278","SourceBatchCommitted","InterviewComplete","Run fresh source-batch-278-candidate-discovery.csv and implement SB278-CAND-001 DDRelicBook stale/null/mobile/source-item guard before sending the relic-book message.","Items:Relics / DDRelicBook","Data/Scripts/Items/Relics/DDRelicBook.cs","Relic-book message, RelicGoldValue behavior, random book ItemID/Hue/Name construction, constructor metadata, serialization, namespace/type/file layout, and project/config/data files.","POST-BATCH-Y exact-file gate hits for DDRelicBook.cs=0; exact-file active overlay rows=0; no gated approval crossed.","NotRequiredForNonGatedTarget","None beyond normal POST-BATCH-Y and exact-file active-overlay preflight.","/goal SOURCE-BATCH-278 DDRelicBook Guard Repair","Yes","2026-06-28T23:58:00-05:00","Implemented and verified in docs/codebase-audit/outputs/source-batch-278-ddrelicbook-guard-repair-closeout.md; committed as 5efaebb7."
"SOURCE-BATCH-INTAKE","SOURCE-BATCH-279","SourceBatchCommitted","InterviewComplete","Run fresh source-batch-279-candidate-discovery.csv and implement SB279-CAND-001 DDRelicAlchemy stale/null/mobile/source-item guard before sending the relic-identification message.","Items:Relics / DDRelicAlchemy","Data/Scripts/Items/Relics/DDRelicAlchemy.cs","Relic-identification message, RelicGoldValue behavior, random flask ItemID/Name construction, constructor metadata, serialization, namespace/type/file layout, and project/config/data files.","POST-BATCH-Y exact-file gate hits for DDRelicAlchemy.cs=0; exact-file active overlay rows=0; no gated approval crossed.","NotRequiredForNonGatedTarget","None beyond normal POST-BATCH-Y and exact-file active-overlay preflight.","/goal SOURCE-BATCH-279 DDRelicAlchemy Guard Repair","Yes","2026-06-29T00:03:00-05:00","Implemented and verified in docs/codebase-audit/outputs/source-batch-279-ddrelicalchemy-guard-repair-closeout.md; committed as f97f0f0c."
"SOURCE-BATCH-INTAKE","SOURCE-BATCH-280","SourceBatchCommitted","InterviewComplete","Run fresh source-batch-280-candidate-discovery.csv and implement SB280-CAND-001 SavageTalisman stale/null/mobile/source-item guards to OnEquip and OnDoubleClick before owner-message handling or worn-slot messaging.","Items:Magical / SavageTalisman","Data/Scripts/Items/Magical/SavageTalisman.cs","Owner equip restriction, overhead message, worn-slot message, skill bonuses, construction metadata, ItemOwner serialization, namespace/type/file layout, and project/config/data files.","POST-BATCH-Y exact-file gate hits for SavageTalisman.cs=0; exact-file active overlay rows=0; no gated approval crossed.","NotRequiredForNonGatedTarget","None beyond normal POST-BATCH-Y and exact-file active-overlay preflight.","/goal SOURCE-BATCH-280 SavageTalisman Guard Repair","Yes","2026-06-29T00:08:00-05:00","Implemented and verified in docs/codebase-audit/outputs/source-batch-280-savagetalisman-guard-repair-closeout.md; committed as c8848e69."
"SOURCE-BATCH-INTAKE","SOURCE-BATCH-281","SourceBatchCommitted","InterviewComplete","Run fresh source-batch-281-candidate-discovery.csv and implement SB281-CAND-001 FoodChest stale/null/mobile/source-item guard before range checks, cooldown checks, food creation, backpack insertion, or messages.","Items:Containers / FoodChest","Data/Scripts/Items/Containers/FoodChest.cs","Range checks, cooldown timing, random food choices, item amount ranges, backpack insertion behavior, messages, serialization layout/versioning, namespace/type/file layout, and project/config/data files.","POST-BATCH-Y exact-file gate hits for FoodChest.cs=0; exact-file active overlay rows=0; no gated approval crossed.","NotRequiredForNonGatedTarget","None beyond normal POST-BATCH-Y and exact-file active-overlay preflight.","/goal SOURCE-BATCH-281 FoodChest Guard Repair","Yes","2026-06-29T00:12:52-05:00","Implemented and verified in docs/codebase-audit/outputs/source-batch-281-foodchest-guard-repair-closeout.md; committed as 7a3851bc."
"SOURCE-BATCH-INTAKE","SOURCE-BATCH-282","SourceBatchCommitted","InterviewComplete","Run fresh source-batch-282-candidate-discovery.csv and implement SB282-CAND-001 HiveTool stale/null/mobile/source-item guards to DisplayDurabilityTo, OnSingleClick, and OnDoubleClick before durability label display, base single-click dispatch, overhead messaging, or NetState access.","Trades:Apiculture / HiveTool","Data/Scripts/Trades/Apiculture/Items/HiveTool.cs","Durability label text/cliloc, valid-mobile single-click base dispatch, double-click overhead message text/hue and NetState target, UsesRemaining behavior, serialization layout/versioning, namespace/type/file layout, and project/config/data files.","POST-BATCH-Y exact-file gate hits for HiveTool.cs=0; exact-file active overlay rows=0; no gated approval crossed.","NotRequiredForNonGatedTarget","None beyond normal POST-BATCH-Y and exact-file active-overlay preflight.","/goal SOURCE-BATCH-282 HiveTool Guard Repair","Yes","2026-06-29T00:18:14-05:00","Implemented and verified in docs/codebase-audit/outputs/source-batch-282-hivetool-guard-repair-closeout.md; committed as a8d4d72f."
"SOURCE-BATCH-INTAKE","SOURCE-BATCH-283","SourceBatchCommitted","InterviewComplete","Run fresh source-batch-283-candidate-discovery.csv and implement SB283-CAND-001 SpellScroll stale/null/mobile/source-item/list guards to GetContextMenuEntries and OnDoubleClick before context-menu population, design-context checks, backpack checks, spell construction, or casting.","Magic:Magery / SpellScroll","Data/Scripts/Magic/Magery/Scrolls/SpellScroll.cs","Context menu AddToSpellbook eligibility, valid-mobile base context menu dispatch, DesignContext customization guard, backpack-use message, SpellRegistry.NewSpell call, Cast behavior, disabled-spell localized message, ICommodity behavior, serialization layout/versioning, namespace/type/file layout, and project/config/data files.","POST-BATCH-Y exact-file gate hits for SpellScroll.cs=0; exact-file active overlay rows=0; no gated approval crossed.","NotRequiredForNonGatedTarget","None beyond normal POST-BATCH-Y and exact-file active-overlay preflight.","/goal SOURCE-BATCH-283 SpellScroll Guard Repair","Yes","2026-06-29T00:23:29-05:00","Implemented and verified in docs/codebase-audit/outputs/source-batch-283-spellscroll-guard-repair-closeout.md; committed as 45497f91."
"SOURCE-BATCH-INTAKE","SOURCE-BATCH-284","SourceBatchCommitted","InterviewComplete","Run fresh source-batch-284-candidate-discovery.csv and implement SB284-CAND-001 Artifact_AcidProofRobe stale/null/mobile/source-item/backpack guards to OnDoubleClick and OnDragLift before cooldown math, parent checks, bottle consumption, acid creation, messages, or drag-lift messaging.","Items:Magical / Artifacts / Artifact_AcidProofRobe","Data/Scripts/Items/Magical/Artifacts/Artifact_AcidProofRobe.cs","Worn-robe requirement, 120-minute cooldown, wait message, empty-bottle failure message, Bottle consumption, BottleOfAcid creation, sound 0x240, success message, TimeUsed update, drag-lift message, artifact setup, serialization layout/versioning, namespace/type/file layout, and project/config/data files.","POST-BATCH-Y exact-file gate hits for Artifact_AcidProofRobe.cs=0; exact-file unresolved active overlay rows=0; resolved RB-00739 FalsePositive save-compat overlay is nonblocking because serialization is untouched; no gated approval crossed.","NotRequiredForNonGatedTarget","None beyond normal POST-BATCH-Y and exact-file active-overlay preflight.","/goal SOURCE-BATCH-284 Artifact_AcidProofRobe Guard Repair","Yes","2026-06-29T00:30:05-05:00","Implemented and verified in docs/codebase-audit/outputs/source-batch-284-artifact-acidproofrobe-guard-repair-closeout.md; committed as 727f6528."
"SOURCE-BATCH-INTAKE","SOURCE-BATCH-285","SourceBatchCommitted","InterviewComplete","Run fresh source-batch-285-candidate-discovery.csv and implement SB285-CAND-001 obsolete AcidProofRobe stale/null/mobile/source-item/backpack guards to legacy OnDoubleClick before cooldown math, parent checks, bottle consumption, acid creation, or messages.","Items:Magical / Artifacts / Obsolete AcidProofRobe","Data/Scripts/Items/Magical/Artifacts/Obsolete/Obsolete_AcidProofRobe.cs","Legacy class name AcidProofRobe, runtime-visible file path, worn-robe requirement, 180-minute cooldown, wait message, empty-bottle failure message, Bottle consumption, BottleOfAcid creation, sound 0x240, success message, TimeUsed update, name properties, serialization layout/versioning, namespace/type/file layout, and project/config/data files.","POST-BATCH-Y exact-file gate hits for Obsolete_AcidProofRobe.cs=0; exact-file unresolved active overlay rows=0; resolved RB-00865 FalsePositive and RB-05756/RB-06080 IntentionalLegacy overlays are nonblocking because serialization, type identity, and layout are untouched; no gated approval crossed.","NotRequiredForNonGatedTarget","None beyond normal POST-BATCH-Y and exact-file active-overlay preflight.","/goal SOURCE-BATCH-285 Obsolete AcidProofRobe Guard Repair","Yes","2026-06-29T00:34:59-05:00","Implemented and verified in docs/codebase-audit/outputs/source-batch-285-obsolete-acidproofrobe-guard-repair-closeout.md; committed as 3a312a0c."
"SOURCE-BATCH-INTAKE","SOURCE-BATCH-286","SourceBatchCommitted","InterviewComplete","Run fresh source-batch-286-candidate-discovery.csv and implement SB286-CAND-001 FestiveCactus stale/null/mobile/source-item guard to OnSingleClick before base single-click dispatch or Winter 2004 label display.","Items:Gifts / Holiday / Christmas / FestiveCactus","Data/Scripts/Items/Gifts/Holiday/Christmas/Christmas Gifts/FestiveCactus.cs","Valid-mobile base single-click dispatch, Winter 2004 label/cliloc, GetProperties behavior, construction metadata, serialization layout/versioning, namespace/type/file layout, and project/config/data files.","POST-BATCH-Y exact-file gate hits for FestiveCactus.cs=0; exact-file active overlay rows=0; no gated approval crossed.","NotRequiredForNonGatedTarget","None beyond normal POST-BATCH-Y and exact-file active-overlay preflight.","/goal SOURCE-BATCH-286 FestiveCactus Guard Repair","Yes","2026-06-29T00:41:23-05:00","Implemented and verified in docs/codebase-audit/outputs/source-batch-286-festivecactus-guard-repair-closeout.md; committed as 26964c99."
"SOURCE-BATCH-INTAKE","SOURCE-BATCH-287","SourceBatchCommitted","InterviewComplete","Run fresh source-batch-287-candidate-discovery.csv and implement SB287-CAND-001 DecorativeTopiary stale/null/mobile/source-item guard to OnSingleClick before base single-click dispatch or Winter 2004 label display.","Items:Gifts / Holiday / Christmas / DecorativeTopiary","Data/Scripts/Items/Gifts/Holiday/Christmas/Christmas Gifts/DecorativeTopiary.cs","Valid-mobile base single-click dispatch, Winter 2004 label/cliloc, GetProperties behavior, construction metadata, serialization layout/versioning, namespace/type/file layout, and project/config/data files.","POST-BATCH-Y exact-file gate hits for DecorativeTopiary.cs=0; exact-file active overlay rows=0; no gated approval crossed.","NotRequiredForNonGatedTarget","None beyond normal POST-BATCH-Y and exact-file active-overlay preflight.","/goal SOURCE-BATCH-287 DecorativeTopiary Guard Repair","Yes","2026-06-29T00:45:58-05:00","Implemented and verified in docs/codebase-audit/outputs/source-batch-287-decorativetopiary-guard-repair-closeout.md; committed as fa9c5853."
"SOURCE-BATCH-INTAKE","SOURCE-BATCH-288","SourceBatchCommitted","InterviewComplete","Run fresh source-batch-288-candidate-discovery.csv and implement SB288-CAND-001 SnowyTree stale/null/mobile/source-item guard to OnSingleClick before base single-click dispatch or Winter 2004 label display.","Items:Gifts / Holiday / Christmas / SnowyTree","Data/Scripts/Items/Gifts/Holiday/Christmas/Christmas Gifts/SnowyTree.cs","Valid-mobile base single-click dispatch, Winter 2004 label/cliloc, GetProperties behavior, construction metadata, serialization layout/versioning, namespace/type/file layout, and project/config/data files.","POST-BATCH-Y exact-file gate hits for SnowyTree.cs=0; exact-file active overlay rows=0; no gated approval crossed.","NotRequiredForNonGatedTarget","None beyond normal POST-BATCH-Y and exact-file active-overlay preflight.","/goal SOURCE-BATCH-288 SnowyTree Guard Repair","Yes","2026-06-29T00:51:04-05:00","Implemented and verified in docs/codebase-audit/outputs/source-batch-288-snowytree-guard-repair-closeout.md; committed as 1fe0632f."
"SOURCE-BATCH-INTAKE","SOURCE-BATCH-289","SourceBatchCommitted","InterviewComplete","Run fresh source-batch-289-candidate-discovery.csv and implement SB289-CAND-001 Candelabra stale/null/mobile/source-item guard to OnSingleClick before base single-click dispatch or shipwreck label display.","Items:Construction / Lights / Candelabra","Data/Scripts/Items/Construction/Lights/Candelabra.cs","Valid-mobile base single-click dispatch, shipwreck label/cliloc, AddNameProperties behavior, IsShipwreckedItem property, light settings, construction metadata, serialization layout/versioning, namespace/type/file layout, and project/config/data files.","POST-BATCH-Y exact-file gate hits for Candelabra.cs=0; exact-file active overlay rows=0; no gated approval crossed.","NotRequiredForNonGatedTarget","None beyond normal POST-BATCH-Y and exact-file active-overlay preflight.","/goal SOURCE-BATCH-289 Candelabra Guard Repair","Yes","2026-06-29T00:56:16-05:00","Implemented, verified, and committed as 5362c3ed in docs/codebase-audit/outputs/source-batch-289-candelabra-guard-repair-closeout.md."
"SOURCE-BATCH-INTAKE","SOURCE-BATCH-290","SourceBatchCommitted","InterviewComplete","Run fresh source-batch-290-candidate-discovery.csv and implement SB290-CAND-001 BoltOfCloth stale/null/mobile/source-item guard to OnSingleClick before localized cloth-quantity label packet send.","Items:Trades / Tailor Resources / BoltOfCloth","Data/Scripts/Items/Trades/Resources/Tailor/BoltOfCloth.cs","Localized label numbers, amount multiplier, MessageLocalized packet values, ICommodity behavior, existing Dye/Scissor behavior, construction metadata, serialization layout/versioning, namespace/type/file layout, and project/config/data files.","POST-BATCH-Y exact-file gate hits for BoltOfCloth.cs=0; exact-file active overlay rows=0; no gated approval crossed. Prior SOURCE-BATCH-105 covered BoltOfCloth Dye/Scissor guards; SOURCE-BATCH-290 covers OnSingleClick only.","NotRequiredForNonGatedTarget","None beyond normal POST-BATCH-Y and exact-file active-overlay preflight.","/goal SOURCE-BATCH-290 BoltOfCloth Guard Repair","Yes","2026-06-29T01:00:44-05:00","Implemented, verified, and committed as af397146 in docs/codebase-audit/outputs/source-batch-290-boltofcloth-guard-repair-closeout.md."
"SOURCE-BATCH-INTAKE","SOURCE-BATCH-291","SourceBatchCommitted","InterviewComplete","Run fresh source-batch-291-candidate-discovery.csv and implement SB291-CAND-001 UncutCloth stale/null/mobile/source-item guard to OnSingleClick before localized folded-cloth label packet send.","Items:Trades / Tailor Resources / UncutCloth","Data/Scripts/Items/Trades/Resources/Tailor/UncutCloth.cs","Localized label numbers, amount string, MessageLocalized packet values, ICommodity behavior, existing Dye/Scissor behavior, construction metadata, folded-cloth name, default weight, stack behavior, serialization layout/versioning, namespace/type/file layout, and project/config/data files.","POST-BATCH-Y exact-file gate hits for UncutCloth.cs=0; exact-file active overlay rows=0; no gated approval crossed. Prior SOURCE-BATCH-106 covered UncutCloth Dye/Scissor guards; SOURCE-BATCH-291 covers OnSingleClick only.","NotRequiredForNonGatedTarget","None beyond normal POST-BATCH-Y and exact-file active-overlay preflight.","/goal SOURCE-BATCH-291 UncutCloth Guard Repair","Yes","2026-06-29T01:08:30-05:00","Implemented, verified, and committed as 2553a808 in docs/codebase-audit/outputs/source-batch-291-uncutcloth-guard-repair-closeout.md."
"SOURCE-BATCH-INTAKE","SOURCE-BATCH-292","SourceBatchCommitted","InterviewComplete","Run fresh source-batch-292-candidate-discovery.csv and implement SB292-CAND-001 ShipwreckedItem stale/null/mobile/source-item/dye-tub guards to OnSingleClick and Dye before label sends, hue assignment, or failure-message sends.","Items:Trades / Fishing / ShipwreckedItem","Data/Scripts/Items/Trades/Fishing/Misc/ShipwreckedItem.cs","Shipwreck label clilocs/format, AddNameProperties clilocs, ShipName display/persistence, eligible armor ItemID dye range, successful hue assignment, ineligible-item failure message, IShipwreckedItem behavior, serialization layout/versioning, namespace/type/file layout, and project/config/data files.","POST-BATCH-Y exact-file gate hits for ShipwreckedItem.cs=0; exact-file active overlay rows=0; no gated approval crossed.","NotRequiredForNonGatedTarget","None beyond normal POST-BATCH-Y and exact-file active-overlay preflight.","/goal SOURCE-BATCH-292 ShipwreckedItem Guard Repair","Yes","2026-06-29T01:13:32-05:00","Implemented, verified, and committed as a690daca in docs/codebase-audit/outputs/source-batch-292-shipwreckeditem-guard-repair-closeout.md."
"SOURCE-BATCH-INTAKE","SOURCE-BATCH-293","SourceBatchCommitted","InterviewComplete","Run fresh source-batch-293-candidate-discovery.csv and implement SB293-CAND-001 BaseWaterContainer stale/null/mobile/source-container/drop-item guards to OnDoubleClick, OnSingleClick, and OnDragDropInto before base container forwarding.","Items:Special / Rares / Containers / BaseWaterContainer","Data/Scripts/Items/Special/Rares/Containers/BaseWaterContainer.cs","Quantity clamping, Movable and ItemID updates, IsEmpty/IsFull behavior, DefaultGumpID, empty-container base forwarding, current OnSingleClick base.OnDoubleClick call, full-container drag/drop rejection, serialization layout/versioning, namespace/type/file layout, and project/config/data files.","POST-BATCH-Y exact-file gate hits for BaseWaterContainer.cs=0; exact-file active overlay rows=0; no gated approval crossed.","NotRequiredForNonGatedTarget","None beyond normal POST-BATCH-Y and exact-file active-overlay preflight.","/goal SOURCE-BATCH-293 BaseWaterContainer Guard Repair","Yes","2026-06-29T01:18:20-05:00","Implemented, verified, and committed as 8ef08484 in docs/codebase-audit/outputs/source-batch-293-basewatercontainer-guard-repair-closeout.md."
"SOURCE-BATCH-INTAKE","SOURCE-BATCH-294","SourceBatchCommitted","InterviewComplete","Run fresh source-batch-294-candidate-discovery.csv and implement SB294-CAND-001 PandorasBox stale/null/mobile/source-item guards to ConsumeCharge and OnDoubleClick before charge decrement, replacement item creation, backpack add, or bank-box access.","Items:Magical / Artifacts / Minor / PandorasBox","Data/Scripts/Items/Magical/Artifacts/Minor/PandorasBox.cs","Charges property semantics, ConsumeCharge decrement, zero-charge message, MetalBox replacement hue, AddToBackpack, Delete, BankBox.Open, artifact labels, properties, serialization layout/versioning, namespace/type/file layout, and project/config/data files.","POST-BATCH-Y exact-file gate hits for PandorasBox.cs=0; exact-file active overlay rows=0; no gated approval crossed.","NotRequiredForNonGatedTarget","None beyond normal POST-BATCH-Y and exact-file active-overlay preflight.","/goal SOURCE-BATCH-294 PandorasBox Guard Repair","Yes","2026-06-29T01:23:32-05:00","Implemented, verified, and committed as bdd2e944 in docs/codebase-audit/outputs/source-batch-294-pandorasbox-guard-repair-closeout.md."
"SOURCE-BATCH-INTAKE","SOURCE-BATCH-295","SourceBatchCommitted","InterviewComplete","Run fresh source-batch-295-candidate-discovery.csv and implement SB295-CAND-001 EvilSkull stale/null/mobile/source-item/backpack guards to OnDoubleClick before backpack checks, mana restore, sound, karma award, or item deletion.","Items:Potions / Special / EvilSkull","Data/Scripts/Items/Potions/Special/EvilSkull.cs","Backpack-use message, mana restore to ManaMax, sound 0x1FA, AwardKarma(from, -100, true), crumble messages, item Delete, construction metadata, serialization layout/versioning, namespace/type/file layout, and project/config/data files.","POST-BATCH-Y exact-file gate hits for EvilSkull.cs=0; exact-file active overlay rows=0; no gated approval crossed.","NotRequiredForNonGatedTarget","None beyond normal POST-BATCH-Y and exact-file active-overlay preflight.","/goal SOURCE-BATCH-295 EvilSkull Guard Repair","Yes","2026-06-29T01:28:08-05:00","Implemented, verified, and committed as aad45247 in docs/codebase-audit/outputs/source-batch-295-evilskull-guard-repair-closeout.md."
"SOURCE-BATCH-INTAKE","SOURCE-BATCH-296","SourceBatchCommitted","InterviewComplete","Run fresh source-batch-296-candidate-discovery.csv and implement SB296-CAND-001 DragonBardingDeed stale/null/mobile/source-deed/backpack/target-pet guards to OnDoubleClick and OnTarget before backpack checks, targeting, ownership checks, barding assignment, or deed deletion.","Items:Deeds / DragonBardingDeed","Data/Scripts/Items/Deeds/DragonBardingDeed.cs","Target prompt 1053024, backpack messages 1042001/1060640, invalid target 1053025, ownership message 1053026, success message 1053027, barding assignments, deed Delete, craft metadata, serializer version 1 write/read order, version 0 legacy read, namespace/type/file layout, and project/config/data files.","POST-BATCH-Y exact-file gate hits for DragonBardingDeed.cs=0; exact-file unresolved active overlay rows=0; resolved exact overlay RB-00643 remains IntentionalLegacy/Reviewed; no gated approval crossed.","NotRequiredForNonGatedTarget","None beyond normal POST-BATCH-Y and exact-file active-overlay preflight; no serializer changes allowed.","/goal SOURCE-BATCH-296 DragonBardingDeed Guard Repair","Yes","2026-06-29T01:35:34-05:00","Implemented, verified, and committed as 56f02da6 in docs/codebase-audit/outputs/source-batch-296-dragonbardingdeed-guard-repair-closeout.md."
"SOURCE-BATCH-INTAKE","SOURCE-BATCH-297","SourceBatchCommitted","InterviewComplete","Run fresh source-batch-297-candidate-discovery.csv and implement SB297-CAND-001 Seed stale/null/mobile/source-seed/backpack/target-plant guards to OnSingleClick, OnDoubleClick, and InternalTarget.OnTarget before label sends, target assignment, or PlantSeed forwarding.","Trades:Gardening / Seed","Data/Scripts/Trades/Gardening/Seed.cs","Seed label clilocs/formatting, backpack message 1042664, target prompt 1061916, invalid-target message 1061919, PlantSeed forwarding, PlantType/PlantHue/ShowType semantics, random seed factories, serialization layout/versioning, namespace/type/file layout, and project/config/data files.","POST-BATCH-Y exact-file gate hits for Seed.cs=0; exact-file unresolved active overlay rows=0; resolved exact overlays RB-06693/RB-06694 remain fixed documentation-trace rows; no gated approval crossed.","NotRequiredForNonGatedTarget","None beyond normal POST-BATCH-Y and exact-file active-overlay preflight; no gardening design/tuning changes allowed.","/goal SOURCE-BATCH-297 Seed Guard Repair","Yes","2026-06-29T01:40:51-05:00","Implemented, verified, and committed as b465ddc9 in docs/codebase-audit/outputs/source-batch-297-seed-guard-repair-closeout.md."
"SOURCE-BATCH-INTAKE","SOURCE-BATCH-298","SourceBatchCommitted","InterviewComplete","Run fresh source-batch-298-candidate-discovery.csv and implement SB298-CAND-001 RedLeaves stale/null/mobile/source-red-leaves/backpack/target-item guards to OnDoubleClick and InternalTarget.OnTarget before target assignment, backpack checks, book eligibility checks, wax consumption, or book Writable mutation.","Trades:Gardening / RedLeaves","Data/Scripts/Trades/Gardening/MiscItems/RedLeaves.cs","Backpack message 1042664, target prompt 1061907, book-only message 1061911, already-sealed message 1061909, success message 1061910, BaseBook eligibility, Writable=false mutation, red leaves Consume semantics, serialization layout/versioning, namespace/type/file layout, and project/config/data files.","POST-BATCH-Y exact-file gate hits for RedLeaves.cs=0; exact-file active overlay rows=0; no gated approval crossed.","NotRequiredForNonGatedTarget","None beyond normal POST-BATCH-Y and exact-file active-overlay preflight; no gardening design/tuning, book policy, serializer, or project/config/data changes allowed.","/goal SOURCE-BATCH-298 RedLeaves Guard Repair","Yes","2026-06-29T01:47:58-05:00","Implemented, verified, and committed as 8d3af08b in docs/codebase-audit/outputs/source-batch-298-redleaves-guard-repair-closeout.md."
"SOURCE-BATCH-INTAKE","SOURCE-BATCH-299","SourceBatchCommitted","InterviewComplete","Run fresh source-batch-299-candidate-discovery.csv and implement SB299-CAND-001 OrangePetals stale/null/mobile/source-orange-petals/context guards to CheckItemUse, OnDoubleClick, context helpers, and OrangePetalsTimer.OnTick before root-parent checks, context table access, effect messaging, timer stopping, or item consumption.","Trades:Gardening / OrangePetals","Data/Scripts/Trades/Gardening/MiscItems/OrangePetals.cs","RootParent use requirement, backpack-use message 1042038, already-under-effect message 1061904, success message 1061905, sound 0x3B, five-minute timer duration, wear-off message text, context behavior for valid mobiles, UnderEffect behavior for valid mobiles, Consume semantics, serialization layout/versioning, namespace/type/file layout, and project/config/data files.","POST-BATCH-Y exact-file gate hits for OrangePetals.cs=0; exact-file active overlay rows=0; no gated approval crossed.","NotRequiredForNonGatedTarget","None beyond normal POST-BATCH-Y and exact-file active-overlay preflight; no poison-resistance duration, context semantics, serializer, or project/config/data changes allowed.","/goal SOURCE-BATCH-299 OrangePetals Guard Repair","Yes","2026-06-29T01:54:46-05:00","Implemented, verified, and committed as 63aa678d in docs/codebase-audit/outputs/source-batch-299-orangepetals-guard-repair-closeout.md."
"SOURCE-BATCH-INTAKE","SOURCE-BATCH-300","SourceBatchCommitted","InterviewComplete","Run fresh source-batch-300-candidate-discovery.csv and implement SB300-CAND-001 LargeBODTarget stale/null/mobile/source-deed/backpack guards to OnTarget before deed backpack checks or EndCombine forwarding.","Trades:Bulk Orders / LargeBODTarget","Data/Scripts/Trades/Bulk Orders/LargeBODTarget.cs","Target range 18, silent failure behavior, LargeBOD.IsChildOf(from.Backpack) requirement, EndCombine(from, targeted) forwarding, namespace/type/file layout, and project/config/data files.","POST-BATCH-Y exact-file gate hits for LargeBODTarget.cs=0; exact-file active overlay rows=0; no gated approval crossed.","NotRequiredForNonGatedTarget","None beyond normal POST-BATCH-Y and exact-file active-overlay preflight; no bulk-order reward, combine, serializer, or project/config/data changes allowed.","/goal SOURCE-BATCH-300 LargeBODTarget Guard Repair","Yes","2026-06-29T02:04:54-05:00","Implemented, verified, and committed as ea920fd0 in docs/codebase-audit/outputs/source-batch-300-largebodtarget-guard-repair-closeout.md."
"SOURCE-BATCH-INTAKE","SOURCE-BATCH-301","SourceBatchCommitted","InterviewComplete","Run fresh source-batch-301-candidate-discovery.csv and implement SB301-CAND-001 SmallBODTarget stale/null/mobile/source-deed/backpack guards to OnTarget before deed backpack checks or EndCombine forwarding.","Trades:Bulk Orders / SmallBODTarget","Data/Scripts/Trades/Bulk Orders/SmallBODTarget.cs","Target range 18, silent failure behavior, SmallBOD.IsChildOf(from.Backpack) requirement, EndCombine(from, targeted) forwarding, namespace/type/file layout, and project/config/data files.","POST-BATCH-Y exact-file gate hits for SmallBODTarget.cs=0; exact-file active overlay rows=0; no gated approval crossed.","NotRequiredForNonGatedTarget","None beyond normal POST-BATCH-Y and exact-file active-overlay preflight; no bulk-order reward, combine, serializer, or project/config/data changes allowed.","/goal SOURCE-BATCH-301 SmallBODTarget Guard Repair","Yes","2026-06-29T02:11:04-05:00","Implemented, verified, and committed as b2d4db7e in docs/codebase-audit/outputs/source-batch-301-smallbodtarget-guard-repair-closeout.md."
"SOURCE-BATCH-INTAKE","SOURCE-BATCH-302","SourceBatchCommitted","InterviewComplete","Run fresh source-batch-302-candidate-discovery.csv and implement SB302-CAND-001 DuctTape stale/null/mobile/source-tape/target-item/backpack guards to OnDoubleClick, ConsumeCharge, and RepairTarget.OnTarget before range checks, target assignment, repair mutation, or tape consumption.","Items:Technology / DuctTape","Data/Scripts/Items/Technology/DuctTape.cs","One-tile range check, prompt and failure/success messages, BaseArmor/BaseWeapon eligibility, target item backpack requirement, full-repair check, MaxHitPoints decrement, HitPoints assignment, sound 0x3E4, RevealingAction, Consume semantics, serialization layout/versioning, namespace/type/file layout, and project/config/data files.","POST-BATCH-Y exact-file gate hits for DuctTape.cs=0; exact-file active overlay rows=0; no gated approval crossed.","NotRequiredForNonGatedTarget","None beyond normal POST-BATCH-Y and exact-file active-overlay preflight; no repair math, serializer, or project/config/data changes allowed.","/goal SOURCE-BATCH-302 DuctTape Guard Repair","Yes","2026-06-29T02:18:40-05:00","Implemented, verified, and committed as ee1cefb7 in docs/codebase-audit/outputs/source-batch-302-ducttape-guard-repair-closeout.md."
"SOURCE-BATCH-INTAKE","SOURCE-BATCH-303","SourceBatchCommitted","InterviewComplete","Run fresh source-batch-303-candidate-discovery.csv and implement SB303-CAND-001 RepairPotion stale/null/mobile/source-potion/target-item/backpack guards to Drink, ConsumeCharge, and RepairTarget.OnTarget before range checks, target assignment, repair mutation, or potion consumption.","Items:Potions / RepairPotion","Data/Scripts/Items/Potions/Special/RepairPotion.cs","One-tile range check, prompt and failure/success messages, BaseArmor/BaseWeapon eligibility, target item backpack requirement, full-repair check, MaxHitPoints decrement, HitPoints assignment, sound 0x23E, RevealingAction, Consume semantics, serialization layout/versioning, namespace/type/file layout, and project/config/data files.","POST-BATCH-Y exact-file gate hits for RepairPotion.cs=0; exact-file active overlay rows=0; no gated approval crossed.","NotRequiredForNonGatedTarget","None beyond normal POST-BATCH-Y and exact-file active-overlay preflight; no repair math, serializer, or project/config/data changes allowed.","/goal SOURCE-BATCH-303 RepairPotion Guard Repair","Yes","2026-06-29T02:26:50-05:00","Implemented, verified, and committed as e97446f2 in docs/codebase-audit/outputs/source-batch-303-repairpotion-guard-repair-closeout.md."
"SOURCE-BATCH-INTAKE","SOURCE-BATCH-304","SourceBatchCommitted","InterviewComplete","Run fresh source-batch-304-candidate-discovery.csv and implement SB304-CAND-001 DurabilityPotion stale/null/mobile/source-potion/target-item/backpack guards to Drink, ConsumeCharge, and DurabilityTarget.OnTarget before range checks, target assignment, durability mutation, or potion consumption.","Items:Potions / DurabilityPotion","Data/Scripts/Items/Potions/Special/DurabilityPotion.cs","One-tile range check, prompt and failure/success messages, BaseArmor/BaseWeapon eligibility, target item backpack requirement, durability cap check, MaxHitPoints += 10 behavior, sound 0x23E, RevealingAction, Consume semantics, serialization layout/versioning, namespace/type/file layout, and project/config/data files.","POST-BATCH-Y exact-file gate hits for DurabilityPotion.cs=0; exact-file active overlay rows=0; no gated approval crossed.","NotRequiredForNonGatedTarget","None beyond normal POST-BATCH-Y and exact-file active-overlay preflight; no durability math, serializer, or project/config/data changes allowed.","/goal SOURCE-BATCH-304 DurabilityPotion Guard Repair","Yes","2026-06-29T02:38:45-05:00","Implemented, verified, and committed as d4f62e2d in docs/codebase-audit/outputs/source-batch-304-durabilitypotion-guard-repair-closeout.md."
"SOURCE-BATCH-INTAKE","SOURCE-BATCH-305","SourceBatchCommitted","InterviewComplete","Run fresh source-batch-305-candidate-discovery.csv and implement SB305-CAND-001 PowderOfTemperament stale/null/mobile/source-powder/target-item/backpack guards to OnSingleClick, OnDoubleClick, and InternalTarget.OnTarget before label display, target assignment, target inspection, durability mutation, or powder use decrement/delete.","Items:Bulk Order Rewards / PowderOfTemperament","Data/Scripts/Items/Special/Bulk Order Rewards/Blacksmithy/PowderOfTemperament.cs","Durability label display, target assignment, pack-use message 1042001, used-up message 1049086, CanFortify rejection 1049083, success message 1049084, cannot-improve message 1049085, Core.AOS/init max hit calculation, bonus cap of 10, durability scaling/unscaling, 255 caps, use decrement/delete semantics, serialization layout/versioning, namespace/type/file layout, and project/config/data files.","POST-BATCH-Y exact-file gate hits for PowderOfTemperament.cs=0; exact-file active overlay rows=0; no gated approval crossed.","NotRequiredForNonGatedTarget","None beyond normal POST-BATCH-Y and exact-file active-overlay preflight; no reward tuning, durability math, serializer, or project/config/data changes allowed.","/goal SOURCE-BATCH-305 PowderOfTemperament Guard Repair","Yes","2026-06-29T02:47:55-05:00","Implemented, verified, and committed as 0e5ce5fe in docs/codebase-audit/outputs/source-batch-305-powderoftemperament-guard-repair-closeout.md."
"SOURCE-BATCH-INTAKE","SOURCE-BATCH-306","SourceBatchCommitted","InterviewComplete","Run fresh source-batch-306-candidate-discovery.csv and implement SB306-CAND-001 JarsOfWax stale/null/mobile/source-wax/target-item/backpack guards to the metal, leather, and instrument wax OnDoubleClick and WaxTarget.OnTarget paths before target assignment, material/type checks, bonus mutation, Bottle return, or wax consumption.","Trades:Apiculture / JarsOfWax","Data/Scripts/Trades/Apiculture/Craft/JarsOfWax.cs","Metal, leather, and instrument wax prompts; target range; material/type eligibility; already-good and invalid-target messages; metal/leather durability bonus +10 behavior; instrument UsesRemaining +20 behavior; sound 0x242; Bottle return; wax Consume semantics; serialization layout/versioning; namespace/type/file layout; and project/config/data files.","POST-BATCH-Y exact-file gate hits for JarsOfWax.cs=0; exact-file active overlay rows=0; no gated approval crossed.","NotRequiredForNonGatedTarget","None beyond normal POST-BATCH-Y and exact-file active-overlay preflight; no apiculture/crafting/economy tuning, durability math, serializer, or project/config/data changes allowed.","/goal SOURCE-BATCH-306 JarsOfWax Guard Repair","Yes","2026-06-29T02:55:20-05:00","Implemented, verified, and committed as 65136c1c in docs/codebase-audit/outputs/source-batch-306-jarsofwax-guard-repair-closeout.md."
"SOURCE-BATCH-INTAKE","SOURCE-BATCH-307","SourceBatchCommitted","InterviewComplete","Run fresh source-batch-307-candidate-discovery.csv and implement SB307-CAND-001 WaxSculptors stale/null/mobile/source-sculptor/target guards and safe self-target type check to OnDoubleClick and WaxTarget.OnTarget before target assignment, mobile/title inspection, sculptor naming mutation, or invalid self-target casts.","Trades:Apiculture / WaxSculptors","Data/Scripts/Trades/Apiculture/Craft/WaxSculptors.cs","Sculptor prompt, target range, valid mobile body eligibility, deleted/invalid target failure message, real-person naming behavior, fictional naming behavior, title generation, random name/title behavior, serialization layout/versioning, namespace/type/file layout, and project/config/data files.","POST-BATCH-Y exact-file gate hits for WaxSculptors.cs=0; exact-file active overlay rows=0; no gated approval crossed.","NotRequiredForNonGatedTarget","None beyond normal POST-BATCH-Y and exact-file active-overlay preflight; no apiculture/crafting/economy tuning, naming policy, serializer, or project/config/data changes allowed.","/goal SOURCE-BATCH-307 WaxSculptors Guard Repair","Yes","2026-06-29T03:01:45-05:00","Implemented, verified, and committed as 970eb5b1 in docs/codebase-audit/outputs/source-batch-307-waxsculptors-guard-repair-closeout.md."
"SOURCE-BATCH-INTAKE","SOURCE-BATCH-308","SourceBatchCommitted","InterviewComplete","Run fresh source-batch-308-candidate-discovery.csv and implement SB308-CAND-001 WaxPaintings stale/null/mobile/source-painting/target guards to OnDoubleClick and WaxTarget.OnTarget before target assignment, mobile/title inspection, or painting naming mutation.","Trades:Apiculture / WaxPaintings","Data/Scripts/Trades/Apiculture/Craft/WaxPaintings.cs","Painting prompt, target range, valid mobile body eligibility, deleted/invalid target failure message, real-person naming behavior, fictional naming behavior, title generation, random name/title behavior, serialization layout/versioning, namespace/type/file layout, and project/config/data files.","POST-BATCH-Y exact-file gate hits for WaxPaintings.cs=0; exact-file active overlay rows=0; no gated approval crossed.","NotRequiredForNonGatedTarget","None beyond normal POST-BATCH-Y and exact-file active-overlay preflight; no apiculture/crafting/economy tuning, naming policy, serializer, or project/config/data changes allowed.","/goal SOURCE-BATCH-308 WaxPaintings Guard Repair","Yes","2026-06-29T03:07:55-05:00","Implemented, verified, and committed as b67b6462 in docs/codebase-audit/outputs/source-batch-308-waxpaintings-guard-repair-closeout.md."
"SOURCE-BATCH-INTAKE","SOURCE-BATCH-309","SourceBatchCommitted","InterviewComplete","Run fresh source-batch-309-candidate-discovery.csv and implement SB309-CAND-001 LargeWaxPot stale/null/mobile/source-pot/target item/backpack guards to OnSingleClick, OnDoubleClick, BeginAdd, EndAdd, and AddPureWaxTarget.OnTarget before durability label display, backpack checks, target assignment, wax amount mutation, heat-source checks, wax return, or target handoff.","Trades:Apiculture / LargeWaxPot","Data/Scripts/Trades/Apiculture/Items/LargeWaxPot.cs","Durability label display, uses, MeltedBeeswax, MaxWax, BeeHiveHelper.Find heat-source rule, beeswax amount mutation/delete behavior, PlaceInBackpack wax return behavior, overhead messages, ItemID changes, sound 43, target range 18, serialization layout/versioning, namespace/type/file layout, and project/config/data files.","POST-BATCH-Y exact-file gate hits for LargeWaxPot.cs=0; exact-file active overlay rows=0; no gated approval crossed.","NotRequiredForNonGatedTarget","None beyond normal POST-BATCH-Y and exact-file active-overlay preflight; no apiculture/crafting/economy tuning, serializer, or project/config/data changes allowed.","/goal SOURCE-BATCH-309 LargeWaxPot Guard Repair","Yes","2026-06-29T03:15:19-05:00","Implemented, verified, and committed as 14e406b7 in docs/codebase-audit/outputs/source-batch-309-largewaxpot-guard-repair-closeout.md."
"SOURCE-BATCH-INTAKE","SOURCE-BATCH-310","SourceBatchCommitted","InterviewComplete","Run fresh source-batch-310-candidate-discovery.csv and implement SB310-CAND-001 WizardStaff stale/null/mobile/source-staff/backpack/gem guards to BaseWizardStaff.OnDoubleClick, GemTarget.OnTarget, and HasStaff before possession checks, target assignment, gem backpack checks, gem conversion, or backpack helper lookups.","Items:Weapons / WizardStaff","Data/Scripts/Items/Weapons/Marksman/WizardStaff.cs","WizardStaff/WizardStick constructors, combat/ranged behavior, damageType, ammo consumption and MageEye item identity, possession rule for valid backpack/equipped state, gem eligibility and conversion amount math, MageEye creation, messages, sound 0x243, RevealingAction, gem delete semantics, serialization layout/versioning, namespace/type/file layout, and project/config/data files.","POST-BATCH-Y exact-file gate hits for WizardStaff.cs=0; exact-file active overlay rows=0; no gated approval crossed.","NotRequiredForNonGatedTarget","None beyond normal POST-BATCH-Y and exact-file active-overlay preflight; no combat/ranged behavior, damageType, ammo, gem conversion math, serializer, or project/config/data changes allowed.","/goal SOURCE-BATCH-310 WizardStaff Guard Repair","Yes","2026-06-29T03:22:22-05:00","Implemented, verified, and committed as 337b8ce1 in docs/codebase-audit/outputs/source-batch-310-wizardstaff-guard-repair-closeout.md."
"SOURCE-BATCH-INTAKE","SOURCE-BATCH-311","SourceBatchCommitted","InterviewComplete","Run fresh source-batch-311-candidate-discovery.csv and implement SB311-CAND-001 LevelStave stale/null/mobile/source-stave/backpack/gem guards to BaseLevelStave.OnDoubleClick, GemTarget.OnTarget, and HasStaff before possession checks, target assignment, gem backpack checks, gem conversion, or backpack helper lookups.","Items:Magical:God / LevelStave","Data/Scripts/Items/Magical/God/Weapons/LevelStave.cs","LevelStave/LevelSceptre constructors, combat/ranged behavior, leveling behavior, damageType, ammo consumption and MageEye item identity, possession rule for valid backpack/equipped state, gem eligibility and conversion amount math, MageEye creation, messages, sound 0x243, RevealingAction, gem delete semantics, serialization layout/versioning, namespace/type/file layout, and project/config/data files.","POST-BATCH-Y exact-file gate hits for LevelStave.cs=0; exact-file active overlay rows=0; no gated approval crossed.","NotRequiredForNonGatedTarget","None beyond normal POST-BATCH-Y and exact-file active-overlay preflight; no combat/ranged behavior, leveling behavior, damageType, ammo, gem conversion math, serializer, or project/config/data changes allowed.","/goal SOURCE-BATCH-311 LevelStave Guard Repair","Yes","2026-06-29T03:28:49-05:00","Implemented, verified, and committed as bf90a95a in docs/codebase-audit/outputs/source-batch-311-levelstave-guard-repair-closeout.md."
"SOURCE-BATCH-INTAKE","SOURCE-BATCH-312","SourceBatchCommitted","InterviewComplete","Run fresh source-batch-312-candidate-discovery.csv and implement SB312-CAND-001 GiftStave stale/null/mobile/source-stave/backpack/gem guards to BaseGiftStave.OnDoubleClick, GemTarget.OnTarget, and HasStaff before possession checks, target assignment, gem backpack checks, gem conversion, or backpack helper lookups.","Items:Magical:Gifts / GiftStave","Data/Scripts/Items/Magical/Gifts/Weapons/GiftStave.cs","GiftStave/GiftSceptre constructors, combat/ranged behavior, gift identity, damageType, ammo consumption and MageEye item identity, possession rule for valid backpack/equipped state, gem eligibility and conversion amount math, MageEye creation, messages, sound 0x243, RevealingAction, gem delete semantics, serialization layout/versioning, namespace/type/file layout, and project/config/data files.","POST-BATCH-Y exact-file gate hits for GiftStave.cs=0; exact-file active overlay rows=0; no gated approval crossed.","NotRequiredForNonGatedTarget","None beyond normal POST-BATCH-Y and exact-file active-overlay preflight; no combat/ranged behavior, gift identity, damageType, ammo, gem conversion math, serializer, or project/config/data changes allowed.","/goal SOURCE-BATCH-312 GiftStave Guard Repair","Yes","2026-06-29T03:34:44-05:00","Implemented, verified, and committed as db57d0ff in docs/codebase-audit/outputs/source-batch-312-giftstave-guard-repair-closeout.md."
"SOURCE-BATCH-INTAKE","SOURCE-BATCH-313","SourceBatchCommitted","InterviewComplete","Run fresh source-batch-313-candidate-discovery.csv and implement SB313-CAND-001 WeaponEngravingTool stale/null/mobile/backpack/target/gump response guards to OnDoubleClick, Recharge, Find, TargetWeapon.OnTarget, InternalGump.OnResponse, and ConfirmGump.OnResponse before reward checks, backpack diamond lookups, target gump creation, text mutation, charge decrement, recharge, or response messaging.","Items:Special:Veteran Rewards / WeaponEngravingTool","Data/Scripts/Items/Special/Veteran Rewards/WeaponEngravingTool.cs","RewardSystem.CheckIsUsableBy behavior, target prompt, BaseWeapon eligibility, InternalGump layout/text flow, 64-character truncation, blank engraving removal, localized messages, UsesRemaining decrement, blue diamond and 100000 gold recharge rules, guildmaster recharge flow, IsRewardItem persistence, serialization layout/versioning, namespace/type/file layout, and project/config/data files.","POST-BATCH-Y exact-file gate hits for WeaponEngravingTool.cs=0; exact-file active overlay rows=0; no gated approval crossed.","NotRequiredForNonGatedTarget","None beyond normal POST-BATCH-Y and exact-file active-overlay preflight; no reward access, staff/access, recharge cost/tuning, gump workflow, serializer, or project/config/data changes allowed.","/goal SOURCE-BATCH-313 WeaponEngravingTool Guard Repair","Yes","2026-06-29T03:41:21-05:00","Implemented, verified, and committed as ac4fd490 in docs/codebase-audit/outputs/source-batch-313-weaponengravingtool-guard-repair-closeout.md."
"SOURCE-BATCH-INTAKE","SOURCE-BATCH-314","SourceBatchCommitted","InterviewComplete","Run fresh source-batch-314-candidate-discovery.csv and implement SB314-CAND-001 JukaBow stale/null/mobile/source-bow/backpack/gears guards to OnDoubleClick and OnTargetGears before modified-state checks, backpack checks, skill checks, target assignment, gear consumption, hue mutation, or slayer assignment.","Items:Weapons:Bows / JukaBow","Data/Scripts/Items/Weapons/Bows/JukaBow.cs","IsModified behavior, backpack-use messages, Bowcraft 100.0 threshold, target range/callback flow, Gears requirement and consume semantics, Hue 0x453, Slayer Utility.Random(2, 25), success/failure messages, serialization layout/versioning, namespace/type/file layout, and project/config/data files.","POST-BATCH-Y exact-file gate hits for JukaBow.cs=0; exact-file active overlay rows=0; no gated approval crossed.","NotRequiredForNonGatedTarget","None beyond normal POST-BATCH-Y and exact-file active-overlay preflight; no weapon balance, skill threshold, gear consumption, slayer selection, serializer, or project/config/data changes allowed.","/goal SOURCE-BATCH-314 JukaBow Guard Repair","Yes","2026-06-29T03:47:48-05:00","Implemented, verified, and committed as 3c76da4a in docs/codebase-audit/outputs/source-batch-314-jukabow-guard-repair-closeout.md."
"SOURCE-BATCH-INTAKE","SOURCE-BATCH-315","SourceBatchCommitted","InterviewComplete","Run fresh source-batch-315-candidate-discovery.csv and implement SB315-CAND-001 Waterskin stale/null/mobile/source-drink/backpack guards to Waterskin.OnDoubleClick, DirtyWaterskin.OnDoubleClick, DrinkingFunctions.CheckWater, DrinkingFunctions.OnDrink, and DrinkingFunctions.DrinkBenefits before water checks, backpack checks, thirst mutation, drink consumption, benefit calculation, or item/mobile dereferences.","Items:Food / Waterskin drinking helpers","Data/Scripts/Items/Food/Waterskin.cs","Water target IDs, CheckWater range/LOS behavior, fill/drink backpack messages, waterskin/canteen item ID/name/weight transitions, thirst increments/messages, BloodDrinker/BrainEater restrictions, dirty waterskin conversion, DrinkBenefits stamina/poison behavior, sound/animation/gump behavior, consume semantics, serialization layout/versioning, namespace/type/file layout, and project/config/data files.","POST-BATCH-Y exact-file gate hits for Waterskin.cs=0; exact-file active overlay rows=0; no gated approval crossed.","NotRequiredForNonGatedTarget","None beyond normal POST-BATCH-Y and exact-file active-overlay preflight; no thirst tuning, race restrictions, water target policy, drink benefits, serializer, or project/config/data changes allowed.","/goal SOURCE-BATCH-315 Waterskin Guard Repair","Yes","2026-06-29T03:54:06-05:00","Implemented, verified, and committed as 494a37d3 in docs/codebase-audit/outputs/source-batch-315-waterskin-guard-repair-closeout.md."
"SOURCE-BATCH-INTAKE","SOURCE-BATCH-316","SourceBatchCommitted","InterviewComplete","Run fresh source-batch-316-candidate-discovery.csv and implement SB316-CAND-001 DDRelicCoins stale/null/mobile/source-item/backpack guards to DDRelicCoins.OnDoubleClick before backpack checks, failure messages, or RelicFlipID item-id mutation.","Items:Relics / DDRelicCoins","Data/Scripts/Items/Relics/DDRelicCoins.cs","Identification guidance message, backpack-use failure message, RelicFlipID1/RelicFlipID2 item-id toggle behavior, RelicGoldValue and flip-id persistence, constructor/name randomization, serialization layout/versioning, namespace/type/file layout, and project/config/data files.","POST-BATCH-Y exact-file gate hits for DDRelicCoins.cs=0; exact-file active overlay rows=0; no gated approval crossed.","NotRequiredForNonGatedTarget","None beyond normal POST-BATCH-Y and exact-file active-overlay preflight; no relic value, flip behavior, serializer, or project/config/data changes allowed.","/goal SOURCE-BATCH-316 DDRelicCoins Guard Repair","Yes","2026-06-29T04:05:23-05:00","Implemented, verified, and committed as b202b455 in docs/codebase-audit/outputs/source-batch-316-ddreliccoins-guard-repair-closeout.md."
"SOURCE-BATCH-INTAKE","SOURCE-BATCH-317","SourceBatchCommitted","InterviewComplete","Run fresh source-batch-317-candidate-discovery.csv and implement SB317-CAND-001 DDRelicWeapon stale/null/mobile/source-item/backpack guards to DDRelicWeapon.OnDoubleClick before backpack checks, failure messages, or RelicFlipID item-id mutation.","Items:Relics / DDRelicWeapon","Data/Scripts/Items/Relics/DDRelicWeapon.cs","Identification guidance message, backpack-use failure message, RelicFlipID1/RelicFlipID2 item-id toggle behavior, MakeOriental behavior, RelicGoldValue and flip-id persistence, constructor/name randomization, serialization layout/versioning, namespace/type/file layout, and project/config/data files.","POST-BATCH-Y exact-file gate hits for DDRelicWeapon.cs=0; exact-file active overlay rows=0; no gated approval crossed.","NotRequiredForNonGatedTarget","None beyond normal POST-BATCH-Y and exact-file active-overlay preflight; no relic value, oriental factory, flip behavior, serializer, or project/config/data changes allowed.","/goal SOURCE-BATCH-317 DDRelicWeapon Guard Repair","Yes","2026-06-29T04:14:42-05:00","Implemented, verified, and committed as 78a6b165 in docs/codebase-audit/outputs/source-batch-317-ddrelicweapon-guard-repair-closeout.md."
"SOURCE-BATCH-INTAKE","SOURCE-BATCH-318","SourceBatchCommitted","InterviewComplete","Run fresh source-batch-318-candidate-discovery.csv and implement SB318-CAND-001 DDRelicArmor stale/null/mobile/source-item/backpack guards to DDRelicArmor.OnDoubleClick before backpack checks, failure messages, or RelicFlipID item-id mutation.","Items:Relics / DDRelicArmor","Data/Scripts/Items/Relics/DDRelicArmor.cs","Identification guidance message, backpack-use failure message, RelicFlipID1/RelicFlipID2 item-id toggle behavior, generated relic names, RelicGoldValue and flip-id persistence, constructor/name randomization, serialization layout/versioning, namespace/type/file layout, and project/config/data files.","POST-BATCH-Y exact-file gate hits for DDRelicArmor.cs=0; exact-file active overlay rows=0; no gated approval crossed.","NotRequiredForNonGatedTarget","None beyond normal POST-BATCH-Y and exact-file active-overlay preflight; no relic value, generated name, flip behavior, serializer, or project/config/data changes allowed.","/goal SOURCE-BATCH-318 DDRelicArmor Guard Repair","Yes","2026-06-29T04:20:32-05:00","Implemented, verified, and committed as 90c4a046 in docs/codebase-audit/outputs/source-batch-318-ddrelicarmor-guard-repair-closeout.md."
"SOURCE-BATCH-INTAKE","SOURCE-BATCH-319","SourceBatchCommitted","InterviewComplete","Run fresh source-batch-319-candidate-discovery.csv and implement SB319-CAND-001 DDRelicBanner stale/null/mobile/source-item/backpack guards to DDRelicBanner.OnDoubleClick before backpack checks, failure messages, or RelicFlipID item-id mutation.","Items:Relics / DDRelicBanner","Data/Scripts/Items/Relics/DDRelicBanner.cs","Identification guidance message, backpack-use failure message, RelicFlipID1/RelicFlipID2 item-id toggle behavior, banner/scene generation, RelicGoldValue and flip-id persistence, constructor/name randomization, serialization layout/versioning, namespace/type/file layout, and project/config/data files.","POST-BATCH-Y exact-file gate hits for DDRelicBanner.cs=0; exact-file active overlay rows=0; no gated approval crossed.","NotRequiredForNonGatedTarget","None beyond normal POST-BATCH-Y and exact-file active-overlay preflight; no relic value, banner/scene generation, flip behavior, serializer, or project/config/data changes allowed.","/goal SOURCE-BATCH-319 DDRelicBanner Guard Repair","Yes","2026-06-29T04:27:08-05:00","Implemented, verified, and committed as 8c4c1792 in docs/codebase-audit/outputs/source-batch-319-ddrelicbanner-guard-repair-closeout.md."
"SOURCE-BATCH-INTAKE","SOURCE-BATCH-320","SourceBatchCommitted","InterviewComplete","Run fresh source-batch-320-candidate-discovery.csv and implement SB320-CAND-001 DDRelicInstrument stale/null/mobile/source-item/backpack guards to DDRelicInstrument.OnDoubleClick before backpack checks, failure messages, or RelicFlipID item-id mutation.","Items:Relics / DDRelicInstrument","Data/Scripts/Items/Relics/DDRelicInstrument.cs","Identification guidance message, backpack-use failure message, RelicFlipID1/RelicFlipID2 item-id toggle behavior, instrument name generation, RelicGoldValue and flip-id persistence, constructor/name randomization, serialization layout/versioning, namespace/type/file layout, and project/config/data files.","POST-BATCH-Y exact-file gate hits for DDRelicInstrument.cs=0; exact-file active overlay rows=0; no gated approval crossed.","NotRequiredForNonGatedTarget","None beyond normal POST-BATCH-Y and exact-file active-overlay preflight; no relic value, instrument name generation, flip behavior, serializer, or project/config/data changes allowed.","/goal SOURCE-BATCH-320 DDRelicInstrument Guard Repair","Yes","2026-06-29T04:32:53-05:00","Implemented, verified, and committed as 21c077bd in docs/codebase-audit/outputs/source-batch-320-ddrelicinstrument-guard-repair-closeout.md."
"SOURCE-BATCH-INTAKE","SOURCE-BATCH-321","SourceBatchCommitted","InterviewComplete","Run fresh source-batch-321-candidate-discovery.csv and implement SB321-CAND-001 DDRelicGrave stale/null/mobile/source-item/backpack guards to DDRelicGrave.OnDoubleClick before backpack checks, failure messages, or RelicFlipID item-id mutation.","Items:Relics / DDRelicGrave","Data/Scripts/Items/Relics/DDRelicGrave.cs","Identification guidance message, backpack-use failure message, RelicFlipID1/RelicFlipID2 item-id toggle behavior, RelicDescription properties, RelicGoldValue and flip-id persistence, constructor/name randomization, serialization layout/versioning, namespace/type/file layout, and project/config/data files.","POST-BATCH-Y exact-file gate hits for DDRelicGrave.cs=0; exact-file active overlay rows=0; no gated approval crossed.","NotRequiredForNonGatedTarget","None beyond normal POST-BATCH-Y and exact-file active-overlay preflight; no relic value, description, flip behavior, serializer, or project/config/data changes allowed.","/goal SOURCE-BATCH-321 DDRelicGrave Guard Repair","Yes","2026-06-29T04:38:50-05:00","Implemented, verified, and committed as dca9f2b7 in docs/codebase-audit/outputs/source-batch-321-ddrelicgrave-guard-repair-closeout.md."
"SOURCE-BATCH-INTAKE","SOURCE-BATCH-322","SourceBatchCommitted","InterviewComplete","Run fresh source-batch-322-candidate-discovery.csv and implement SB322-CAND-001 DDRelicPainting stale/null/mobile/source-item/backpack guards to DDRelicPainting.OnDoubleClick before backpack checks, muck cleanup, hue/name mutation, or hard-coded item-id flip mapping.","Items:Relics / DDRelicPainting","Data/Scripts/Items/Relics/DDRelicPainting.cs","Backpack-use message, muck cleanup branch and message, hue reset/randomization, name replacement behavior, hard-coded painting ItemID mapping, RelicGoldValue persistence, constructor/name randomization, serialization layout/versioning, namespace/type/file layout, and project/config/data files.","POST-BATCH-Y exact-file gate hits for DDRelicPainting.cs=0; exact-file active overlay rows=0; no gated approval crossed.","NotRequiredForNonGatedTarget","None beyond normal POST-BATCH-Y and exact-file active-overlay preflight; no relic value, painting cleanup, hard-coded item-id mapping, serializer, or project/config/data changes allowed.","/goal SOURCE-BATCH-322 DDRelicPainting Guard Repair","Yes","2026-06-29T04:45:12-05:00","Implemented, verified, and committed as fab7862d in docs/codebase-audit/outputs/source-batch-322-ddrelicpainting-guard-repair-closeout.md."
"SOURCE-BATCH-INTAKE","SOURCE-BATCH-323","SourceBatchCommitted","InterviewComplete","Run fresh source-batch-323-candidate-discovery.csv and implement SB323-CAND-001 DDRelicStatue stale/null/mobile/source-item/backpack guards to DDRelicStatue.OnDoubleClick before backpack checks, identification guidance, or RelicFlipID item-id mutation.","Items:Relics / DDRelicStatue","Data/Scripts/Items/Relics/DDRelicStatue.cs","Identification guidance message, backpack-use failure message, RelicFlipID1/RelicFlipID2 item-id toggle behavior, RelicDescription properties, statue generation and MakeOriental behavior, RelicGoldValue and flip-id persistence, constructor/name randomization, serialization layout/versioning, namespace/type/file layout, and project/config/data files.","POST-BATCH-Y exact-file gate hits for DDRelicStatue.cs=0; exact-file active overlay rows=0; no gated approval crossed.","NotRequiredForNonGatedTarget","None beyond normal POST-BATCH-Y and exact-file active-overlay preflight; no relic value, description, statue generation, flip behavior, serializer, or project/config/data changes allowed.","/goal SOURCE-BATCH-323 DDRelicStatue Guard Repair","Yes","2026-06-29T04:51:48-05:00","Implemented, verified, and committed as 8039adf2 in docs/codebase-audit/outputs/source-batch-323-ddrelicstatue-guard-repair-closeout.md."
"SOURCE-BATCH-INTAKE","SOURCE-BATCH-324","SourceBatchCommitted","InterviewComplete","Run fresh source-batch-324-candidate-discovery.csv and implement SB324-CAND-001 Bola stale/null/mobile/source-bola/backpack/deleted-target guards to Bola.OnDoubleClick and BolaTarget.OnTarget before backpack checks, target validation, cooldown checks, or throw setup.","Items:Misc / Bola","Data/Scripts/Items/Misc/Bola.cs","Pack-use message 1040019, cooldown message 1049624, already-used message 1049631, hand/mount/animal-form restrictions, target invalid/no-reason messages, target range 8, TargetFlags.Harmful, Core.AOS behavior, BeginAction cooldown flow, CanBeHarmful/DoHarmful behavior, Consume behavior, animation/effects, Timer.DelayCall callbacks, serialization layout/versioning, namespace/type/file layout, and project/config/data files.","POST-BATCH-Y exact-file gate hits for Bola.cs=0; exact-file active overlay rows=0; no gated approval crossed.","NotRequiredForNonGatedTarget","None beyond normal POST-BATCH-Y and exact-file active-overlay preflight; no combat policy, timer callback, serializer, or project/config/data changes allowed.","/goal SOURCE-BATCH-324 Bola Guard Repair","Yes","2026-07-01T15:58:20-05:00","Implemented, verified, and committed as c9ae6688 in docs/codebase-audit/outputs/source-batch-324-bola-guard-repair-closeout.md."
"SOURCE-BATCH-INTAKE","SOURCE-BATCH-325","SourceBatchCommitted","InterviewComplete","Run fresh source-batch-325-candidate-discovery.csv and implement SB325-CAND-001 BaseLiquid stale/null/mobile/source-potion/backpack/target-point guards to BaseLiquid.Drink and ThrowTarget.OnTarget before backpack checks, target assignment, potion state checks, or Point3D construction.","Items:Potions / Mixtures / BaseLiquid","Data/Scripts/Items/Potions/Mixtures/BaseLiquid.cs","Localized backpack message 1060640, commented Region.AllowHarmful policy block, TooMuchSplatter gate, prompt, duplicate target guard, RevealingAction, karma award, target range 12, range/LOS/action-state checks, SpellHelper.GetSurfaceTop, MonsterSplatter.AddSplatter behavior, Consume behavior, LiquidGlow persistence, serialization layout/versioning, namespace/type/file layout, and project/config/data files.","POST-BATCH-Y exact-file gate hits for BaseLiquid.cs=0; exact-file active overlay rows=0; no gated approval crossed.","NotRequiredForNonGatedTarget","None beyond normal POST-BATCH-Y and exact-file active-overlay preflight; no region policy, splatter behavior, serializer, or project/config/data changes allowed.","/goal SOURCE-BATCH-325 BaseLiquid Guard Repair","Yes","2026-07-01T16:05:46-05:00","Implemented, verified, and committed as 8e2ec5b8 in docs/codebase-audit/outputs/source-batch-325-baseliquid-guard-repair-closeout.md."
"SOURCE-BATCH-INTAKE","SOURCE-BATCH-326","SourceBatchCommitted","InterviewComplete","Run fresh source-batch-326-candidate-discovery.csv and implement SB326-CAND-001 BaseMixture stale/null/mobile/source-potion/backpack/target-point guards to BaseMixture.Drink and ThrowTarget.OnTarget before backpack checks, follower checks, target assignment, potion state checks, or Point3D construction.","Items:Potions / Mixtures / BaseMixture","Data/Scripts/Items/Potions/Mixtures/BaseMixture.cs","Localized backpack message 1060640, commented Region.AllowHarmful policy block, follower-cap gate, prompt, duplicate target guard, RevealingAction, target range 12, range/LOS/action-state checks, SpellHelper.GetSurfaceTop, AlchemicSlime.MakeSlime behavior, Consume behavior, empty Jar return, slime field persistence, serialization layout/versioning, namespace/type/file layout, and project/config/data files.","POST-BATCH-Y exact-file gate hits for BaseMixture.cs=0; exact-file active overlay rows=0; no gated approval crossed.","NotRequiredForNonGatedTarget","None beyond normal POST-BATCH-Y and exact-file active-overlay preflight; no region policy, slime behavior, serializer, or project/config/data changes allowed.","/goal SOURCE-BATCH-326 BaseMixture Guard Repair","Yes","2026-07-01T16:13:01-05:00","Implemented, verified, and committed as 765f51bb in docs/codebase-audit/outputs/source-batch-326-basemixture-guard-repair-closeout.md."
"SOURCE-BATCH-INTAKE","SOURCE-BATCH-327","SourceBatchCommitted","InterviewComplete","Run fresh source-batch-327-candidate-discovery.csv and implement SB327-CAND-001 BasePoisonPotion stale/null/mobile/source-potion/backpack/target-point guards to BasePoisonPotion.Drink and ThrowTarget.OnTarget before skill reads, backpack checks, target assignment, potion state checks, or Point3D construction.","Items:Potions / Standard / Poison Potions","Data/Scripts/Items/Potions/Standard/Poison Potions/BasePoisonPotion.cs","Poisoning skill thresholds, low-skill self-poison branch, BasePotion.PlayDrinkEffect, localized backpack message 1060640, commented Region.AllowHarmful policy block, TooMuchSplatter gate, prompt, duplicate target guard, RevealingAction, target range 12, range/LOS/action-state checks, SpellHelper.GetSurfaceTop, MonsterSplatter.AddSplatter behavior, Consume behavior, empty Bottle return, karma award, serialization layout/versioning, namespace/type/file layout, and project/config/data files.","POST-BATCH-Y exact-file gate hits for BasePoisonPotion.cs=0; exact-file active overlay rows=0; no gated approval crossed.","NotRequiredForNonGatedTarget","None beyond normal POST-BATCH-Y and exact-file active-overlay preflight; no region policy, poison balance, splatter behavior, serializer, or project/config/data changes allowed.","/goal SOURCE-BATCH-327 BasePoisonPotion Guard Repair","Yes","2026-07-01T16:23:12-05:00","Implemented, verified, and committed as 3abdaabc in docs/codebase-audit/outputs/source-batch-327-basepoisonpotion-guard-repair-closeout.md."
"SOURCE-BATCH-INTAKE","SOURCE-BATCH-328","SourceBatchCommitted","InterviewComplete","Run fresh source-batch-328-candidate-discovery.csv and implement SB328-CAND-001 HorseArmor stale/null/mobile/source-armor/backpack/deleted-target guards to HorseArmor.OnDoubleClick and HorseTarget.OnTarget before backpack checks, target assignment, mount checks, barding stat mutation, or source armor consumption.","Items:Armor / HorseArmor","Data/Scripts/Items/Armor/HorseArmor.cs","Horse and ZebraRiding eligibility, ControlMaster ownership rule, BaseMount requirement, target range 8, localized backpack message 1060640, horse-only failure message, material hue mapping, stat/resistance/skill mutation, sound 0x0AA, source armor Consume behavior, ArmorMaterial persistence, serialization layout/versioning, namespace/type/file layout, and project/config/data files.","POST-BATCH-Y exact-file gate hits for HorseArmor.cs=0; exact-file active overlay rows=0; no gated approval crossed.","NotRequiredForNonGatedTarget","None beyond normal POST-BATCH-Y and exact-file active-overlay preflight; no mount balance, material balance, serializer, or project/config/data changes allowed.","/goal SOURCE-BATCH-328 HorseArmor Guard Repair","Yes","2026-07-01T16:29:20-05:00","Implemented, verified, and committed as 0f18143c in docs/codebase-audit/outputs/source-batch-328-horsearmor-guard-repair-closeout.md."
"SOURCE-BATCH-INTAKE","SOURCE-BATCH-329","SourceBatchCommitted","InterviewComplete","Run fresh source-batch-329-candidate-discovery.csv and implement SB329-CAND-001 GrapplingHook stale/null/mobile/source-hook/backpack/map/deleted-target guards to GrapplingHook.OnDoubleClick and HookTarget.OnTarget before backpack checks, target assignment, pirate ship lookup, or teleport behavior.","Items:Boats / GrapplingHook","Data/Scripts/Items/Boats/GrapplingHook.cs","Target range 20, localized backpack message 1060640, target prompt, invalid-target message, BaseCreature target eligibility, BaseBoat.GetPirateShip lookup, valid loc.X/loc.Y rule, DoTeleport call, sound randomization, BaseCreature.TeleportPets, MoveToWorld, serialization layout/versioning, namespace/type/file layout, and project/config/data files.","POST-BATCH-Y exact-file gate hits for GrapplingHook.cs=0; exact-file active overlay rows=0; no gated approval crossed.","NotRequiredForNonGatedTarget","None beyond normal POST-BATCH-Y and exact-file active-overlay preflight; no boat travel policy, pirate ship lookup rule, teleport behavior, serializer, or project/config/data changes allowed.","/goal SOURCE-BATCH-329 GrapplingHook Guard Repair","Yes","2026-07-01T16:35:20-05:00","Implemented, verified, and committed as f25b1252 in docs/codebase-audit/outputs/source-batch-329-grapplinghook-guard-repair-closeout.md."
"SOURCE-BATCH-INTAKE","SOURCE-BATCH-330","SourceBatchCommitted","InterviewComplete","Run fresh source-batch-330-candidate-discovery.csv and implement SB330-CAND-001 BoatStain stale/null/mobile/source-stain/backpack/deleted-target guards to BoatStain.OnDoubleClick and DyeTarget.OnTarget before backpack checks, target assignment, boat deed eligibility checks, hue mutation, or sound/reveal behavior.","Items:Boats / BoatStain","Data/Scripts/Items/Boats/BoatStain.cs","Target range 1, localized backpack message 1060640, target prompt, docked-ship-in-pack message, invalid-target message, BaseBoatDeed/BaseDockedBoat eligibility, Hue 0x5BE assignment, RevealingAction, sound 0x23E, non-consuming source stain behavior, serialization layout/versioning, namespace/type/file layout, and project/config/data files.","POST-BATCH-Y exact-file gate hits for BoatStain.cs=0; exact-file active overlay rows=0; no gated approval crossed.","NotRequiredForNonGatedTarget","None beyond normal POST-BATCH-Y and exact-file active-overlay preflight; no boat policy, hue policy, serializer, or project/config/data changes allowed.","/goal SOURCE-BATCH-330 BoatStain Guard Repair","Yes","2026-07-01T16:40:58-05:00","Implemented, verified, and committed as 50f2afcf in docs/codebase-audit/outputs/source-batch-330-boatstain-guard-repair-closeout.md."
"SOURCE-BATCH-INTAKE","SOURCE-BATCH-331","SourceBatchCommitted","InterviewComplete","Run fresh source-batch-331-candidate-discovery.csv and implement SB331-CAND-001 RobotBatteries stale/null/mobile/source-battery/backpack/deleted-target guards to RobotBatteries.OnDoubleClick and PowerTarget.OnTarget before backpack checks, target assignment, robot charge reads, charge mutation, sound/reveal behavior, or source battery deletion.","Quests:Robots / RobotBatteries","Data/Scripts/Quests/Robots/RobotBatteries.cs","Target range 1, localized backpack message 1060640, target prompt, robot-in-pack failure message, invalid-target message, RobotItem eligibility, +1 charge increment, 100 charge cap, success/full messages, RevealingAction, sound 0x559, InvalidateProperties, source battery Delete behavior, serialization layout/versioning, namespace/type/file layout, and project/config/data files.","POST-BATCH-Y exact-file gate hits for RobotBatteries.cs=0; exact-file active overlay rows=0; no gated approval crossed.","NotRequiredForNonGatedTarget","None beyond normal POST-BATCH-Y and exact-file active-overlay preflight; no robot quest policy, charge tuning, serializer, or project/config/data changes allowed.","/goal SOURCE-BATCH-331 RobotBatteries Guard Repair","Yes","2026-07-01T16:57:35-05:00","Implemented, verified, and committed as 9c2ecd5a in docs/codebase-audit/outputs/source-batch-331-robotbatteries-guard-repair-closeout.md."
"SOURCE-BATCH-INTAKE","SOURCE-BATCH-332","SourceBatchCommitted","InterviewComplete","Run fresh source-batch-332-candidate-discovery.csv and implement SB332-CAND-001 EmbalmingFluid stale/null/mobile/source-fluid/backpack/deleted-target guards to EmbalmingFluid.OnDoubleClick and FluidTarget.OnTarget before backpack checks, target assignment, porter charge reads, charge mutation, bottle return, sound/reveal behavior, or source fluid consumption.","Quests:Frankenstein / EmbalmingFluid","Data/Scripts/Quests/Frankenstein/EmbalmingFluid.cs","Target range 1, localized backpack message 1060640, target prompt, fluid-in-pack failure message, invalid-target message, FrankenPorterItem eligibility, +5/+1 charge increment rule, 100 charge cap, success/full messages, RevealingAction, sound 0x23E, empty Bottle return, InvalidateProperties, source fluid Consume behavior, serialization layout/versioning, namespace/type/file layout, and project/config/data files.","POST-BATCH-Y exact-file gate hits for EmbalmingFluid.cs=0; exact-file active overlay rows=0; no gated approval crossed.","NotRequiredForNonGatedTarget","None beyond normal POST-BATCH-Y and exact-file active-overlay preflight; no Frankenstein quest policy, charge tuning, serializer, or project/config/data changes allowed.","/goal SOURCE-BATCH-332 EmbalmingFluid Guard Repair","Yes","2026-07-01T17:03:38-05:00","Implemented, verified, and committed as 6f7a9f34 in docs/codebase-audit/outputs/source-batch-332-embalmingfluid-guard-repair-closeout.md."
"SOURCE-BATCH-INTAKE","SOURCE-BATCH-333","SourceBatchCommitted","InterviewComplete","Run fresh source-batch-333-candidate-discovery.csv and implement SB333-CAND-001 SlaversNet stale/null/mobile/source-net/backpack/deleted-target guards to SlaversNet.OnDoubleClick and SlaveTarget.OnTarget before backpack checks, target assignment, creature capture checks, capture mutation, sound behavior, or source net deletion.","Items:Special / SlaversNet","Data/Scripts/Items/Special/SlaversNet.cs","Target range 6, localized backpack message 1060640, target prompt, invalid-target/capture failure messages, BaseCreature eligibility, paragon/tamable/controlled/follower checks, capture odds, torn-net branch, control slot and tame-skill mutation, control/bonding/order behavior, visibility fixes, sound 0x059, source net Delete behavior, serialization layout/versioning, namespace/type/file layout, and project/config/data files.","POST-BATCH-Y exact-file gate hits for SlaversNet.cs=0; exact-file active overlay rows=0; no gated approval crossed.","NotRequiredForNonGatedTarget","None beyond normal POST-BATCH-Y and exact-file active-overlay preflight; no taming/capture balance, creature control policy, serializer, or project/config/data changes allowed.","/goal SOURCE-BATCH-333 SlaversNet Guard Repair","Yes","2026-07-01T17:07:54-05:00","Implemented, verified, and committed as f0086cb5 in docs/codebase-audit/outputs/source-batch-333-slaversnet-guard-repair-closeout.md."
"SOURCE-BATCH-INTAKE","SOURCE-BATCH-334","SourceBatchCommitted","InterviewComplete","Run fresh source-batch-334-candidate-discovery.csv and implement SB334-CAND-001 RobotSheetMetal stale/null/mobile/source-metal/backpack guards to RobotSheetMetal.OnDoubleClick before forge checks, skill reads, ingot creation, backpack add, sound behavior, or source metal deletion.","Quests:Robots / RobotSheetMetal","Data/Scripts/Quests/Robots/RobotSheetMetal.cs","Localized backpack message 1060640, forge requirement and message, Blacksmith skill threshold 50, apprentice blacksmith failure message, IronIngot creation, Amount * 3 conversion amount, AddToBackpack behavior, sound 0x208, success message, source metal Delete behavior, construction metadata, serialization layout/versioning, namespace/type/file layout, and project/config/data files.","POST-BATCH-Y exact-file gate hits for RobotSheetMetal.cs=0; exact-file active overlay rows=0; no gated approval crossed.","NotRequiredForNonGatedTarget","None beyond normal POST-BATCH-Y and exact-file active-overlay preflight; no quest reward, crafting/economy tuning, serializer, or project/config/data changes allowed.","/goal SOURCE-BATCH-334 RobotSheetMetal Guard Repair","Yes","2026-07-01T17:12:20-05:00","Implemented, verified, and committed as 5de419df in docs/codebase-audit/outputs/source-batch-334-robotsheetmetal-guard-repair-closeout.md."
"SOURCE-BATCH-INTAKE","SOURCE-BATCH-335","SourceBatchCommitted","InterviewComplete","Run fresh source-batch-335-candidate-discovery.csv and implement SB335-CAND-001 RustyJunk stale/null/mobile/source-rusted/backpack guards to RustyJunk.OnDoubleClick and InternalTarget.OnTarget before backpack checks, target assignment, forge checks, mining skill reads, ingot conversion, sound behavior, or source rusty item deletion.","Items:Trades / Fishing / RustyJunk","Data/Scripts/Items/Trades/Fishing/RustyJunk.cs","Generated rusty item names, item IDs, hues, weights, scrap iron property text, backpack-use message, target prompt, target range, forge requirement, Mining skill threshold, CheckTargetSkill behavior, ingot creation and amount assignment, AddToBackpack behavior, sound, success/failure messages, source rusty item Delete behavior, serialization layout/versioning, namespace/type/file layout, and project/config/data files.","POST-BATCH-Y exact-file gate hits for RustyJunk.cs=0; exact-file active overlay rows=0; no gated approval crossed.","NotRequiredForNonGatedTarget","None beyond normal POST-BATCH-Y and exact-file active-overlay preflight; no fishing/crafting/economy tuning, serializer, or project/config/data changes allowed.","/goal SOURCE-BATCH-335 RustyJunk Guard Repair","Yes","2026-07-01T17:21:30-05:00","Implemented, verified, and committed as ea17703e in docs/codebase-audit/outputs/source-batch-335-rustyjunk-guard-repair-closeout.md."
"SOURCE-BATCH-INTAKE","SOURCE-BATCH-336","SourceBatchCommitted","InterviewComplete","Run fresh source-batch-336-candidate-discovery.csv and implement SB336-CAND-001 HolidayFoods stale/null/mobile/source-food guards to CandyCane.OnDoubleClick and GingerBreadCookie.OnDoubleClick before backpack/range checks, sound/animation, toothache timer updates, cookie message selection, base food consumption, or source food deletion.","Items:Special / HolidayFoods","Data/Scripts/Items/Special/Holiday/HolidayFoods.cs","CandyCane and GingerBreadCookie constructors, item IDs, Stackable and LootType settings, backpack-or-range eligibility, sound/animation behavior, ToothAches dictionary/timer behavior, localized messages, random cookie message behavior, base food consumption, source Delete behavior, serialization layout/versioning, namespace/type/file layout, and project/config/data files.","POST-BATCH-Y exact-file gate hits for HolidayFoods.cs=0; exact-file active overlay rows=0; no gated approval crossed.","NotRequiredForNonGatedTarget","None beyond normal POST-BATCH-Y and exact-file active-overlay preflight; no holiday food behavior tuning, serializer, or project/config/data changes allowed.","/goal SOURCE-BATCH-336 HolidayFoods Guard Repair","Yes","2026-07-01T17:29:10-05:00","Implemented, verified, and committed as f025916b in docs/codebase-audit/outputs/source-batch-336-holidayfoods-guard-repair-closeout.md."
"SOURCE-BATCH-INTAKE","SOURCE-BATCH-337","SourceBatchCommitted","InterviewComplete","Run fresh source-batch-337-candidate-discovery.csv and implement SB337-CAND-001 ShepherdsCrook stale/null/mobile/source-crook/deleted-creature guards to ShepherdsCrook.OnDoubleClick, HerdingTarget.OnTarget, and InternalTarget.OnTarget before target assignment, creature overhead messages, herding skill math, CheckTargetSkill, or TargetLocation mutation.","Items:Weapons / Staves / ShepherdsCrook","Data/Scripts/Items/Weapons/Staves/ShepherdsCrook.cs","Weapon abilities, requirements, damage/speed values, hit durability, Weight/Resource, target prompt, target ranges, herdable eligibility, controlled-animal behavior, destination prompt, failure messages, herding skill math, CheckTargetSkill behavior, TargetLocation mutation, success message, serialization layout/versioning, namespace/type/file layout, and project/config/data files.","POST-BATCH-Y exact-file gate hits for ShepherdsCrook.cs=0; exact-file active overlay rows=0; no gated approval crossed.","NotRequiredForNonGatedTarget","None beyond normal POST-BATCH-Y and exact-file active-overlay preflight; no herding gameplay tuning, serializer, or project/config/data changes allowed.","/goal SOURCE-BATCH-337 ShepherdsCrook Guard Repair","Yes","2026-07-01T17:34:15-05:00","Implemented, verified, and committed as 28480965 in docs/codebase-audit/outputs/source-batch-337-shepherdscrook-guard-repair-closeout.md."
"SOURCE-BATCH-INTAKE","SOURCE-BATCH-338","SourceBatchCommitted","InterviewComplete","Run fresh source-batch-338-candidate-discovery.csv and implement SB338-CAND-001 LevelShepherdsCrook stale/null/mobile/source-crook/deleted-creature guards to LevelShepherdsCrook.OnDoubleClick, HerdingTarget.OnTarget, and InternalTarget.OnTarget before target assignment, animal eligibility checks, creature overhead messages, CheckTargetSkill, or TargetLocation mutation.","Items:Magical / God / Weapons / Staves / LevelShepherdsCrook","Data/Scripts/Items/Magical/God/Weapons/Staves/LevelShepherdsCrook.cs","Level-staff abilities, requirements, damage/speed values, hit durability, Weight/Resource, target prompt, target ranges, animal eligibility, controlled-animal behavior, destination prompt, failure messages, CheckTargetSkill behavior, TargetLocation mutation, success message, serialization layout/versioning, namespace/type/file layout, and project/config/data files.","POST-BATCH-Y exact-file gate hits for LevelShepherdsCrook.cs=0; exact-file active overlay rows=0; no gated approval crossed.","NotRequiredForNonGatedTarget","None beyond normal POST-BATCH-Y and exact-file active-overlay preflight; no herding gameplay tuning, serializer, or project/config/data changes allowed.","/goal SOURCE-BATCH-338 LevelShepherdsCrook Guard Repair","Yes","2026-07-01T17:39:30-05:00","Implemented, verified, and committed as 93d639ab in docs/codebase-audit/outputs/source-batch-338-levelshepherdscrook-guard-repair-closeout.md."
"SOURCE-BATCH-INTAKE","SOURCE-BATCH-339","SourceBatchCommitted","InterviewComplete","Run fresh source-batch-339-candidate-discovery.csv and implement SB339-CAND-001 BottleOil stale/null/mobile/source-item guard to BottleOil.OnDoubleClick before sending the existing do-not-drink message.","Quests:Golems / BottleOil","Data/Scripts/Quests/Golems/BottleOil.cs","Item ID, Weight, Stackable, Amount, Hue, Name, message text, serialization layout/versioning, namespace/type/file layout, and project/config/data files.","POST-BATCH-Y exact-file gate hits for BottleOil.cs=0; exact-file active overlay rows=0; no gated approval crossed.","NotRequiredForNonGatedTarget","None beyond normal POST-BATCH-Y and exact-file active-overlay preflight; no quest behavior tuning, serializer, or project/config/data changes allowed.","/goal SOURCE-BATCH-339 BottleOil Guard Repair","Yes","2026-07-01T17:45:05-05:00","Implemented, verified, and committed as bdbcd137 in docs/codebase-audit/outputs/source-batch-339-bottleoil-guard-repair-closeout.md."
"SOURCE-BATCH-INTAKE","SOURCE-BATCH-340","SourceBatchCommitted","InterviewComplete","Run fresh source-batch-340-candidate-discovery.csv and implement SB340-CAND-001 RuneStoneGate stale/null/mobile/source-item guard to RuneStoneGate.OnDoubleClick before sending the existing static runes message.","Quests:Underworld / RuneStoneGate","Data/Scripts/Quests/Underworld/RuneStoneGate.cs","Item ID, Movable state, Name, message text, serialization layout/versioning, namespace/type/file layout, region/travel behavior, and project/config/data files.","POST-BATCH-Y exact-file gate hits for RuneStoneGate.cs=0; exact-file active overlay rows=0; no gated approval crossed.","NotRequiredForNonGatedTarget","None beyond normal POST-BATCH-Y and exact-file active-overlay preflight; no quest, region/travel, serializer, or project/config/data changes allowed.","/goal SOURCE-BATCH-340 RuneStoneGate Guard Repair","Yes","2026-07-01T17:50:25-05:00","Implemented, verified, and committed as dd20c825 in docs/codebase-audit/outputs/source-batch-340-runestonegate-guard-repair-closeout.md."
"SOURCE-BATCH-INTAKE","SOURCE-BATCH-341","SourceBatchCommitted","InterviewComplete","Run fresh source-batch-341-candidate-discovery.csv and implement SB341-CAND-001 JokeBook stale/null/mobile/source-item guard to JokeBook.OnDoubleClick before the existing PlayerMobile joke/sound flow.","Quests:Jester / JokeBook","Data/Scripts/Quests/Jester/JokeBook.cs","Item ID, Weight, generated Name, Hue, PlayerMobile-only behavior, random joke selection, sound behavior, speech strings, serialization layout/versioning, namespace/type/file layout, and project/config/data files.","POST-BATCH-Y exact-file gate hits for JokeBook.cs=0; exact-file active overlay rows=0; no gated approval crossed.","NotRequiredForNonGatedTarget","None beyond normal POST-BATCH-Y and exact-file active-overlay preflight; no quest behavior tuning, serializer, or project/config/data changes allowed.","/goal SOURCE-BATCH-341 JokeBook Guard Repair","Yes","2026-07-01T17:55:05-05:00","Implemented, verified, and committed as fc6efb6f in docs/codebase-audit/outputs/source-batch-341-jokebook-guard-repair-closeout.md."
"SOURCE-BATCH-INTAKE","SOURCE-BATCH-342","SourceBatchCommitted","InterviewComplete","Run fresh source-batch-342-candidate-discovery.csv and implement SB342-CAND-001 LanternOfDiscipline stale/null/mobile/source-item guard to LanternOfDiscipline.OnDoubleClick before reading from.Backpack or sending the existing lantern messages.","Quests:Serpents / LanternOfDiscipline","Data/Scripts/Quests/Serpents/LanternOfDiscipline.cs","Item ID, Name, Weight, LightType.Circle150, backpack-use message, success message, serialization layout/versioning, namespace/type/file layout, and project/config/data files.","POST-BATCH-Y exact-file gate hits for LanternOfDiscipline.cs=0; exact-file active overlay rows=0; no gated approval crossed.","NotRequiredForNonGatedTarget","None beyond normal POST-BATCH-Y and exact-file active-overlay preflight; no quest behavior tuning, serializer, or project/config/data changes allowed.","/goal SOURCE-BATCH-342 LanternOfDiscipline Guard Repair","Yes","2026-07-01T18:01:18-05:00","Implemented, verified, and committed as a87b4f25 in docs/codebase-audit/outputs/source-batch-342-lanternofdiscipline-guard-repair-closeout.md."
"SOURCE-BATCH-INTAKE","SOURCE-BATCH-343","SourceBatchCommitted","InterviewComplete","Continue source-batch-342 deferred sibling queue and implement SB343-CAND-001 OrbOfLogic stale/null/mobile/source-item guard to OrbOfLogic.OnDoubleClick before reading from.Backpack or sending the existing orb messages.","Quests:Serpents / OrbOfLogic","Data/Scripts/Quests/Serpents/OrbOfLogic.cs","Item ID, Name, Hue, Weight, LightType.Circle150, backpack-use message, success message, serialization layout/versioning, namespace/type/file layout, and project/config/data files.","POST-BATCH-Y exact-file gate hits for OrbOfLogic.cs=0; exact-file active overlay rows=0; no gated approval crossed.","NotRequiredForNonGatedTarget","None beyond normal POST-BATCH-Y and exact-file active-overlay preflight; no quest behavior tuning, serializer, or project/config/data changes allowed.","/goal SOURCE-BATCH-343 OrbOfLogic Guard Repair","Yes","2026-07-01T18:07:58-05:00","Implemented, verified, and committed as af555889 in docs/codebase-audit/outputs/source-batch-343-orboflogic-guard-repair-closeout.md."
"SOURCE-BATCH-INTAKE","SOURCE-BATCH-344","SourceBatchCommitted","InterviewComplete","Continue source-batch-343 deferred sibling queue and implement SB344-CAND-001 ScalesOfEthicality stale/null/mobile/source-item guard to ScalesOfEthicality.OnDoubleClick before reading from.Backpack or sending the existing scales messages.","Quests:Serpents / ScalesOfEthicality","Data/Scripts/Quests/Serpents/ScalesOfEthicality.cs","Item ID, Name, Weight, Hue, backpack-use message, success message, serialization layout/versioning, namespace/type/file layout, and project/config/data files.","POST-BATCH-Y exact-file gate hits for ScalesOfEthicality.cs=0; exact-file active overlay rows=0; no gated approval crossed.","NotRequiredForNonGatedTarget","None beyond normal POST-BATCH-Y and exact-file active-overlay preflight; no quest behavior tuning, serializer, or project/config/data changes allowed.","/goal SOURCE-BATCH-344 ScalesOfEthicality Guard Repair","Yes","2026-07-01T18:13:21-05:00","Implemented, verified, and committed as 145facd9 in docs/codebase-audit/outputs/source-batch-344-scalesofethicality-guard-repair-closeout.md."
"SOURCE-BATCH-INTAKE","SOURCE-BATCH-345","SourceBatchCommitted","InterviewComplete","Continue source-batch-344 deferred sibling queue and implement SB345-CAND-001 BookOfTruth stale/null/mobile/source-item guard to BookOfTruth.OnDoubleClick before reading from.Backpack or sending the existing book messages.","Quests:Shadowlords / BookOfTruth","Data/Scripts/Quests/Shadowlords/BookOfTruth.cs","Item ID, Name, Weight, backpack-read message, success message, serialization layout/versioning, namespace/type/file layout, and project/config/data files.","POST-BATCH-Y exact-file gate hits for BookOfTruth.cs=0; exact-file active overlay rows=0; no gated approval crossed.","NotRequiredForNonGatedTarget","None beyond normal POST-BATCH-Y and exact-file active-overlay preflight; no quest behavior tuning, serializer, or project/config/data changes allowed.","/goal SOURCE-BATCH-345 BookOfTruth Guard Repair","Yes","2026-07-01T18:18:28-05:00","Implemented, verified, and committed as c6d8aeee in docs/codebase-audit/outputs/source-batch-345-bookoftruth-guard-repair-closeout.md."
"SOURCE-BATCH-INTAKE","SOURCE-BATCH-346","SourceBatchCommitted","InterviewComplete","Continue source-batch-345 deferred sibling queue and implement SB346-CAND-001 CandleOfLove stale/null/mobile/source-item guard to CandleOfLove.OnDoubleClick before reading from.Backpack or sending the existing candle messages.","Quests:Shadowlords / CandleOfLove","Data/Scripts/Quests/Shadowlords/CandleOfLove.cs","Item ID, Name, Weight, LightType.Circle150, backpack-use message, success message, serialization layout/versioning, namespace/type/file layout, and project/config/data files.","POST-BATCH-Y exact-file gate hits for CandleOfLove.cs=0; exact-file active overlay rows=0; no gated approval crossed.","NotRequiredForNonGatedTarget","None beyond normal POST-BATCH-Y and exact-file active-overlay preflight; no quest behavior tuning, serializer, or project/config/data changes allowed.","/goal SOURCE-BATCH-346 CandleOfLove Guard Repair","Yes","2026-07-01T18:24:23-05:00","Implemented, verified, and committed as 359d6b2e in docs/codebase-audit/outputs/source-batch-346-candleoflove-guard-repair-closeout.md."
"SOURCE-BATCH-INTAKE","SOURCE-BATCH-347","SourceBatchCommitted","InterviewComplete","Continue source-batch-346 deferred sibling queue and implement SB347-CAND-001 BellOfCourage stale/null/mobile/source-item guard to BellOfCourage.OnDoubleClick before reading from.Backpack, playing sound, or sending the existing bell messages.","Quests:Shadowlords / BellOfCourage","Data/Scripts/Quests/Shadowlords/BellOfCourage.cs","Item ID, Name, Weight, m_Sounds values, random sound behavior, backpack-use message, success message, serialization layout/versioning, namespace/type/file layout, and project/config/data files.","POST-BATCH-Y exact-file gate hits for BellOfCourage.cs=0; exact-file active overlay rows=0; no gated approval crossed.","NotRequiredForNonGatedTarget","None beyond normal POST-BATCH-Y and exact-file active-overlay preflight; no quest behavior tuning, serializer, or project/config/data changes allowed.","/goal SOURCE-BATCH-347 BellOfCourage Guard Repair","Yes","2026-07-01T18:29:51-05:00","Implemented, verified, and committed as def0aa20 in docs/codebase-audit/outputs/source-batch-347-bellofcourage-guard-repair-closeout.md."
"SOURCE-BATCH-INTAKE","SOURCE-BATCH-348","SourceBatchCommitted","InterviewComplete","Continue source-batch-347 deferred sibling queue and implement SB348-CAND-001 ShardOfHatred stale/null/mobile/source-item guard to ShardOfHatred.OnDoubleClick before reading from.Backpack or sending the existing shard messages.","Quests:Shadowlords / ShardOfHatred","Data/Scripts/Quests/Shadowlords/ShardOfHatred.cs","Item ID, Name, Weight, Hue, backpack-use message, success message, serialization layout/versioning, namespace/type/file layout, and project/config/data files.","POST-BATCH-Y exact-file gate hits for ShardOfHatred.cs=0; exact-file active overlay rows=0; no gated approval crossed.","NotRequiredForNonGatedTarget","None beyond normal POST-BATCH-Y and exact-file active-overlay preflight; no quest behavior tuning, serializer, or project/config/data changes allowed.","/goal SOURCE-BATCH-348 ShardOfHatred Guard Repair","Yes","2026-07-01T18:38:27-05:00","Implemented, verified, and committed as 7458628b in docs/codebase-audit/outputs/source-batch-348-shardofhatred-guard-repair-closeout.md."
"SOURCE-BATCH-INTAKE","SOURCE-BATCH-349","SourceBatchCommitted","InterviewComplete","Continue source-batch-348 deferred sibling queue and implement SB349-CAND-001 ShardOfFalsehood stale/null/mobile/source-item guard to ShardOfFalsehood.OnDoubleClick before reading from.Backpack or sending the existing shard messages.","Quests:Shadowlords / ShardOfFalsehood","Data/Scripts/Quests/Shadowlords/ShardOfFalsehood.cs","Item ID, Name, Weight, Hue, backpack-use message, success message, serialization layout/versioning, namespace/type/file layout, and project/config/data files.","POST-BATCH-Y exact-file gate hits for ShardOfFalsehood.cs=0; exact-file active overlay rows=0; no gated approval crossed.","NotRequiredForNonGatedTarget","None beyond normal POST-BATCH-Y and exact-file active-overlay preflight; no quest behavior tuning, serializer, or project/config/data changes allowed.","/goal SOURCE-BATCH-349 ShardOfFalsehood Guard Repair","Yes","2026-07-01T18:43:18-05:00","Implemented, verified, and committed as 9b2e2495 in docs/codebase-audit/outputs/source-batch-349-shardoffalsehood-guard-repair-closeout.md."
"SOURCE-BATCH-INTAKE","SOURCE-BATCH-350","SourceBatchCommitted","InterviewComplete","Complete source-batch-349 deferred sibling queue and implement SB350-CAND-001 ShardOfCowardice stale/null/mobile/source-item guard to ShardOfCowardice.OnDoubleClick before reading from.Backpack or sending the existing shard messages.","Quests:Shadowlords / ShardOfCowardice","Data/Scripts/Quests/Shadowlords/ShardOfCowardice.cs","Item ID, Name, Weight, Hue, backpack-use message, success message, serialization layout/versioning, namespace/type/file layout, and project/config/data files.","POST-BATCH-Y exact-file gate hits for ShardOfCowardice.cs=0; exact-file active overlay rows=0; no gated approval crossed.","NotRequiredForNonGatedTarget","None beyond normal POST-BATCH-Y and exact-file active-overlay preflight; no quest behavior tuning, serializer, or project/config/data changes allowed.","/goal SOURCE-BATCH-350 ShardOfCowardice Guard Repair","Yes","2026-07-01T18:48:01-05:00","Implemented, verified, and committed as a6777fbe in docs/codebase-audit/outputs/source-batch-350-shardofcowardice-guard-repair-closeout.md."
"SOURCE-BATCH-INTAKE","SOURCE-BATCH-351","SourceBatchCommitted","InterviewComplete","Run fresh non-gated discovery and implement SB351-CAND-001 HighSeasRelic stale/null/mobile/source-item guard to HighSeasRelic.OnDoubleClick before reading from.Backpack or flipping the relic ItemID.","Items:Trades:Fishing / HighSeasRelic","Data/Scripts/Items/Trades/Fishing/HighSeasRelic.cs","Generated relic metadata, RelicGoldValue, RelicFlipID1, RelicFlipID2, RelicOrigin, identification guidance message, backpack-flip message, item-ID flip behavior, serialization layout/versioning, namespace/type/file layout, and project/config/data files.","POST-BATCH-Y exact-file gate hits for HighSeasRelic.cs=0; exact-file active overlay rows=0; no gated approval crossed.","NotRequiredForNonGatedTarget","None beyond normal POST-BATCH-Y and exact-file active-overlay preflight; no fishing reward tuning, serializer, or project/config/data changes allowed.","/goal SOURCE-BATCH-351 HighSeasRelic Guard Repair","Yes","2026-07-01T18:58:33-05:00","Implemented, verified, and committed as 7eaca282 in docs/codebase-audit/outputs/source-batch-351-highseasrelic-guard-repair-closeout.md."
"SOURCE-BATCH-INTAKE","SOURCE-BATCH-352","SourceBatchCommitted","InterviewComplete","Run fresh non-gated discovery and implement SB352-CAND-001 SpecialSeaweed stale/null/mobile/source-item and missing-backpack guard to SpecialSeaweed.OnDoubleClick before reading from.Backpack or consuming bottles.","Items:Trades:Fishing / SpecialSeaweed","Data/Scripts/Items/Trades/Fishing/SpecialSeaweed.cs","Randomized seaweed names, hues, SkillNeeded values, stack/amount behavior, Seafaring skill check range, bottle requirement, empty-bottle message, PlaySound(0x240), all potion output mappings, failure and success messages, source Consume() behavior, serialization layout/versioning, namespace/type/file layout, and project/config/data files.","POST-BATCH-Y exact-file gate hits for SpecialSeaweed.cs=0; exact-file active overlay rows=0; no gated approval crossed.","NotRequiredForNonGatedTarget","None beyond normal POST-BATCH-Y and exact-file active-overlay preflight; no fishing reward tuning, Seafaring balance tuning, serializer, or project/config/data changes allowed.","/goal SOURCE-BATCH-352 SpecialSeaweed Guard Repair","Yes","2026-07-01T19:10:08-05:00","Implemented, verified, and committed as d0db52d7 in docs/codebase-audit/outputs/source-batch-352-specialseaweed-guard-repair-closeout.md."
"SOURCE-BATCH-INTAKE","SOURCE-BATCH-353","SourceBatchCommitted","InterviewComplete","Run fresh non-gated discovery and implement SB353-CAND-001 ObeliskTip stale/null/mobile/source-item/backpack guard to ObeliskTip.OnDoubleClick before reading from.Backpack or opening ObeliskGump.","Quests:Pagan / ObeliskTip","Data/Scripts/Quests/Pagan/ObeliskTip.cs","Item metadata, owner properties, existing localized backpack-use message, owner mismatch message, account lookup/return/delete behavior, ObeliskGump type and constructor arguments, serialization layout/versioning, namespace/type/file layout, and project/config/data files.","POST-BATCH-Y exact-file gate hits for ObeliskTip.cs=0; exact-file active overlay rows=0; no gated approval crossed.","NotRequiredForNonGatedTarget","None beyond normal POST-BATCH-Y and exact-file active-overlay preflight; no quest behavior tuning, serializer, gump policy, or project/config/data changes allowed.","/goal SOURCE-BATCH-353 ObeliskTip Guard Repair","Yes","2026-07-01T19:17:47-05:00","Implemented, verified, and committed as 592406df in docs/codebase-audit/outputs/source-batch-353-obelisktip-guard-repair-closeout.md."
"SOURCE-BATCH-INTAKE","SOURCE-BATCH-354","SourceBatchCommitted","InterviewComplete","Run fresh non-gated discovery and implement SB354-CAND-001 MuseumBook stale/null/mobile/source-item guard to MuseumBook.OnDoubleClick before reading from.Backpack or opening MuseumBookGump.","Quests:Museum / MuseumBook","Data/Scripts/Quests/Museum/MuseumBook.cs","Item metadata, ArtOwner assignment/check behavior, ownership denial message, MuseumBookGump type and constructor arguments, antique inventory helpers, serialization layout/versioning, namespace/type/file layout, and project/config/data files.","POST-BATCH-Y exact-file gate hits for MuseumBook.cs=0; exact-file active overlay rows=0; no gated approval crossed.","NotRequiredForNonGatedTarget","None beyond normal POST-BATCH-Y and exact-file active-overlay preflight; no quest behavior tuning, serializer, gump policy, or project/config/data changes allowed.","/goal SOURCE-BATCH-354 MuseumBook Guard Repair","Yes","2026-07-01T21:34:09-05:00","Implemented, verified, and committed as 464c8bf3 in docs/codebase-audit/outputs/source-batch-354-museumbook-guard-repair-closeout.md."
"SOURCE-BATCH-INTAKE","SOURCE-BATCH-355","SourceBatchCommitted","InterviewComplete","Run fresh non-gated discovery and implement SB355-CAND-001 ThiefNote stale/null/mobile/source-item/backpack guard to ThiefNote.OnDoubleClick before cooldown, backpack, ownership, or NoteGump flow.","Quests:Thief / ThiefNote","Data/Scripts/Quests/Thief/ThiefNote.cs","Item metadata, NoteOwner behavior, cooldown timing/message behavior, localized backpack-use message, ownership mismatch message, account lookup/return/delete behavior, NoteGump type and constructor arguments, serialization layout/versioning, namespace/type/file layout, and project/config/data files.","POST-BATCH-Y exact-file gate hits for ThiefNote.cs=0; exact-file active overlay rows=0; no gated approval crossed.","NotRequiredForNonGatedTarget","None beyond normal POST-BATCH-Y and exact-file active-overlay preflight; no quest behavior tuning, serializer, gump policy, or project/config/data changes allowed.","/goal SOURCE-BATCH-355 ThiefNote Guard Repair","Yes","2026-07-01T21:40:50-05:00","Implemented, verified, and committed as 8b73bee4."
"SOURCE-BATCH-INTAKE","SOURCE-BATCH-356","SourceBatchCommitted","InterviewComplete","Run fresh non-gated discovery and implement SB356-CAND-001 FrankenJournalInBox stale/null/mobile/source-item guard to FrankenJournalInBox.OnDoubleClick before existing journal scan, journal grant, logging, or source box deletion.","Quests:Frankenstein / FrankenJournalInBox","Data/Scripts/Quests/Frankenstein/FrankenJournalInBox.cs","Item metadata, AddNameProperties text, PlayerMobile eligibility, duplicate FrankenJournal return behavior, FrankenJournal creation and JournalOwner assignment, AddToBackpack behavior, messages, sound, logging, source box Delete behavior, serialization layout/versioning, namespace/type/file layout, and project/config/data files.","POST-BATCH-Y exact-file gate hits for FrankenJournalInBox.cs=0; exact-file active overlay rows=0; no gated approval crossed.","NotRequiredForNonGatedTarget","None beyond normal POST-BATCH-Y and exact-file active-overlay preflight; no quest reward tuning, serializer, gump policy, or project/config/data changes allowed.","/goal SOURCE-BATCH-356 FrankenJournalInBox Guard Repair","Yes","2026-07-01T21:51:05-05:00","Implemented, verified, and committed as 6694a9a3."
"SOURCE-BATCH-INTAKE","SOURCE-BATCH-357","SourceBatchCommitted","InterviewComplete","Run fresh non-gated discovery and implement SB357-CAND-001 ObeliskOnCorpse stale/null/mobile/source-item guard to ObeliskOnCorpse.OnDoubleClick before PlayerMobile checks, ObeliskTip scan/grant, logging, or source item deletion.","Quests:Pagan / ObeliskOnCorpse","Data/Scripts/Quests/Pagan/ObeliskOnCorpse.cs","Item metadata, OnDragLift delegation, PlayerMobile eligibility, Titan rejection, duplicate ObeliskTip return behavior, SetupObelisk defaults and ownership assignment, AddToBackpack behavior, messages, sound, logging, source item Delete behavior, serialization layout/versioning, namespace/type/file layout, and project/config/data files.","POST-BATCH-Y exact-file gate hits for ObeliskOnCorpse.cs=0; exact-file active overlay rows=0; no gated approval crossed.","NotRequiredForNonGatedTarget","None beyond normal POST-BATCH-Y and exact-file active-overlay preflight; no quest reward tuning, serializer, gump policy, or project/config/data changes allowed.","/goal SOURCE-BATCH-357 ObeliskOnCorpse Guard Repair","Yes","2026-07-01T21:58:03-05:00","Implemented, verified, and committed as 0a6c9819."
"SOURCE-BATCH-INTAKE","SOURCE-BATCH-358","SourceBatchCommitted","InterviewComplete","Run fresh non-gated discovery and implement SB358-CAND-001 SerpentSpawners stale/null/mobile/source-item/backpack guards to SerpentSpawnerOrder.OnDoubleClick and SerpentSpawnerChaos.OnDoubleClick before serpent item lookup or creature spawn.","Quests:Serpents / SerpentSpawners","Data/Scripts/Quests/Serpents/SerpentSpawners.cs","Item metadata, item hues/names/weights, BlackrockSerpentOrder and BlackrockSerpentChaos lookup types, SerpentOfOrder and SerpentOfChaos spawn classes, spawn location/map, sound, source item Delete behavior, blue/red no-serpent messages, serialization layout/versioning, namespace/type/file layout, and project/config/data files.","POST-BATCH-Y exact-file gate hits for SerpentSpawners.cs=0; exact-file active overlay rows=0; no gated approval crossed.","NotRequiredForNonGatedTarget","None beyond normal POST-BATCH-Y and exact-file active-overlay preflight; no spawn policy, serializer, gump policy, or project/config/data changes allowed.","/goal SOURCE-BATCH-358 SerpentSpawners Guard Repair","Yes","2026-07-01T22:05:52-05:00","Implemented, verified, and committed as b4e4a92b."
"SOURCE-BATCH-INTAKE","SOURCE-BATCH-359","SourceBatchCommitted","InterviewComplete","Run fresh non-gated discovery and implement SB359-CAND-001 Museums stale/null/mobile/source-item guard to Museums.OnDoubleClick before antique value checks or display toggle behavior.","Quests:Museum / Museums","Data/Scripts/Quests/Museum/Museum.cs","Item metadata, AddNameProperties behavior, DiscoverName, DiscoverOwner, ThisDescription, ThisValue, in-backpack AntiqueTotalValue reporting, out-of-backpack ItemID/Light toggles, sound IDs, museum sale/value helpers, serialization layout/versioning, namespace/type/file layout, and project/config/data files.","POST-BATCH-Y exact-file gate hits for Museum.cs=0; exact-file active overlay rows=0; no gated approval crossed.","NotRequiredForNonGatedTarget","None beyond normal POST-BATCH-Y and exact-file active-overlay preflight; no economy/value tuning, serializer, gump policy, region behavior, or project/config/data changes allowed.","/goal SOURCE-BATCH-359 Museums Guard Repair","Yes","2026-07-01T22:21:15-05:00","Implemented, verified, and committed as 1f11e738."
"SOURCE-BATCH-INTAKE","SOURCE-BATCH-360","SourceBatchCommitted","InterviewComplete","Run fresh non-gated discovery and implement SB360-CAND-001 QuestChests stale/null/mobile/source-item guards to ten OnDoubleClick entry points before range checks, quest flag reads/writes, gump sends, sound playback, or source item deletion.","Quests:QuestChests / Bards Tale, Undermountain, Skull Gate, Serpent Pillars, Dragon Riding","Data/Scripts/Quests/QuestChests.cs","Quest chest/book item IDs, names, hues, Movable settings, BardsTale and key flag names, PlayerSettings calls, PrivateOverheadMessage text, ClueGump text/titles, 502138 too-far behavior, SendSound/PlaySound IDs, CrystalStatueBoxKyl placement, DragonRidingScroll Delete semantics, ItemRemovalTimer behavior, serialization layout/versioning, namespace/type/file layout, and project/config/data files.","POST-BATCH-Y exact-file gate hits for QuestChests.cs=0; exact-file active overlay rows=0; no gated approval crossed.","NotRequiredForNonGatedTarget","None beyond normal POST-BATCH-Y and exact-file active-overlay preflight; no quest policy, reward tuning, serializer, gump policy, region behavior, or project/config/data changes allowed.","/goal SOURCE-BATCH-360 QuestChests Guard Repair","Yes","2026-07-01T22:30:37-05:00","Implemented, verified, and committed as 2087cb74."
"SOURCE-BATCH-INTAKE","SOURCE-BATCH-361","SourceBatchCommitted","InterviewComplete","Run fresh non-gated discovery and implement SB361-CAND-001 PaganArtifact stale/null/mobile/source-item/backpack guards to PaganArtifact.OnDoubleClick before backpack checks, sound playback, gump close/send, or PaganArtifactGump construction.","Quests:Pagan / PaganArtifact","Data/Scripts/Quests/Pagan/PaganArtifact.cs","Artifact setup, random item/color/name behavior, PaganItem, PaganColor, PaganName, PaganPoints, localized message 1060640, sound 0x2D, CloseGump/SendGump behavior, PaganArtifactGump.OnResponse, reward point behavior, serialization layout/versioning, namespace/type/file layout, and project/config/data files.","POST-BATCH-Y exact-file gate hits for PaganArtifact.cs=0; exact-file active overlay rows=0 after excluding already reviewed no-change backlog rows; no gated approval crossed.","NotRequiredForNonGatedTarget","None beyond normal POST-BATCH-Y and exact-file active-overlay preflight; no gump policy, reward tuning, serializer, region behavior, or project/config/data changes allowed.","/goal SOURCE-BATCH-361 PaganArtifact Guard Repair","Yes","2026-07-01T22:37:34-05:00","Implemented, verified, and committed as 1335213b."
"SOURCE-BATCH-INTAKE","SOURCE-BATCH-362","SourceBatchCommitted","InterviewComplete","Run fresh non-gated discovery and implement SB362-CAND-001 SearchBook stale/null/mobile/source-book/backpack guards to SearchBook.OnDoubleClick before backpack checks, owner checks, sound playback, gump close/send, or SearchBookGump construction.","Quests:Search / SearchBook","Data/Scripts/Quests/Search/SearchBook.cs","Owner assignment, LegendLore, AddNameProperties text, backpack-use message, owner rejection message, sound 0x55, CloseGump/SendGump behavior, SearchBookGump content and pagination, artifact encyclopedia text, serialization layout/versioning, namespace/type/file layout, and project/config/data files.","POST-BATCH-Y exact-file gate hits for SearchBook.cs=0; exact-file active overlay rows=0 after excluding closed FalsePositive save-compat row; no gated approval crossed.","NotRequiredForNonGatedTarget","None beyond normal POST-BATCH-Y and exact-file active-overlay preflight; no gump policy, serializer, region behavior, owner-policy change, or project/config/data changes allowed.","/goal SOURCE-BATCH-362 SearchBook Guard Repair","Yes","2026-07-01T22:44:46-05:00","Implemented, verified, and committed as afd987f0."
"SOURCE-BATCH-INTAKE","SOURCE-BATCH-363","SourceBatchCommitted","InterviewComplete","Run fresh non-gated discovery and implement SB363-CAND-001 Prisoner stale/null/mobile/source-prisoner guards to Prisoner.OnDoubleClick before gump close/send or PrisonerGump construction.","Quests:Prisoners / Prisoner","Data/Scripts/Quests/Prisoners/Prisoner.cs","Prisoner randomized setup, serialized fields, CloseGump/SendGump behavior, PrisonerGump constructor/layout/text, sound 0x0EC, reward gold behavior, join behavior, prisoner deletion behavior, serialization layout/versioning, namespace/type/file layout, and project/config/data files.","POST-BATCH-Y exact-file gate hits for Prisoner.cs=0; exact-file active overlay rows=0 after excluding already reviewed no-change gump/runtime rows; no gated approval crossed.","NotRequiredForNonGatedTarget","None beyond normal POST-BATCH-Y and exact-file active-overlay preflight; no gump policy, reward tuning, serializer, region behavior, or project/config/data changes allowed.","/goal SOURCE-BATCH-363 Prisoner Guard Repair","Yes","2026-07-01T22:53:49-05:00","Implemented, verified, and committed as 5af0a66a."
"SOURCE-BATCH-INTAKE","SOURCE-BATCH-364","SourceBatchCommitted","InterviewComplete","Run fresh non-gated discovery and implement SB364-CAND-001 RobotSchematics stale/null/mobile/source-schematic guards to RobotSchematics.OnDoubleClick before sound playback, gump close/send, or RobotSchematicsGump construction.","Quests:Robots / RobotSchematics","Data/Scripts/Quests/Robots/RobotSchematics.cs","Schematic requirement setup, resource counters, OnDragDrop behavior, TinkerLocation behavior, sound 0x54D, CloseGump/SendGump behavior, RobotSchematicsGump content, OnResponse behavior, serialization layout/versioning, namespace/type/file layout, and project/config/data files.","POST-BATCH-Y exact-file gate hits for RobotSchematics.cs=0; exact-file active overlay rows=0 after excluding closed FalsePositive save-compat row and already reviewed no-change gump/runtime rows; no gated approval crossed.","NotRequiredForNonGatedTarget","None beyond normal POST-BATCH-Y and exact-file active-overlay preflight; no gump policy, resource/economy tuning, serializer, region behavior, or project/config/data changes allowed.","/goal SOURCE-BATCH-364 RobotSchematics Guard Repair","Yes","2026-07-01T23:01:52-05:00","Implemented, verified, and committed as 8b0812d9."
"SOURCE-BATCH-INTAKE","SOURCE-BATCH-365","SourceBatchCommitted","InterviewComplete","Run fresh non-gated discovery and implement SB365-CAND-001 DDRelicArts stale/null/mobile/source-item guard to DDRelicArts.OnDoubleClick before the informational identification message.","Items:Relics / DDRelicArts","Data/Scripts/Items/Relics/DDRelicArts.cs","RelicGoldValue, randomized item IDs, randomized hue/name/weight setup, informational message, serialization layout/versioning, namespace/type/file layout, and project/config/data files.","POST-BATCH-Y exact-file gate hits for DDRelicArts.cs=0; exact-file active overlay rows=0; no gated approval crossed.","NotRequiredForNonGatedTarget","None beyond normal POST-BATCH-Y and exact-file active-overlay preflight; no economy tuning, serializer, region behavior, or project/config/data changes allowed.","/goal SOURCE-BATCH-365 DDRelicArts Guard Repair","Yes","2026-07-01T23:13:22-05:00","Implemented, verified, and committed as 23febd1b."
"SOURCE-BATCH-INTAKE","SOURCE-BATCH-366","SourceBatchCommitted","InterviewComplete","Run fresh non-gated discovery and implement SB366-CAND-001 DDRelicCloth stale/null/mobile/source-item guard to DDRelicCloth.OnDoubleClick before the informational identification message.","Items:Relics / DDRelicCloth","Data/Scripts/Items/Relics/DDRelicCloth.cs","RelicGoldValue, randomized item IDs, randomized hue/name/weight setup, informational message, serialization layout/versioning, namespace/type/file layout, and project/config/data files.","POST-BATCH-Y exact-file gate hits for DDRelicCloth.cs=0; exact-file active overlay rows=0; no gated approval crossed.","NotRequiredForNonGatedTarget","None beyond normal POST-BATCH-Y and exact-file active-overlay preflight; no economy tuning, serializer, region behavior, or project/config/data changes allowed.","/goal SOURCE-BATCH-366 DDRelicCloth Guard Repair","Yes","2026-07-01T23:19:34-05:00","Implemented, verified, and committed as f4fd5b15."
"SOURCE-BATCH-INTAKE","SOURCE-BATCH-367","SourceBatchCommitted","InterviewComplete","Run fresh non-gated discovery and implement SB367-CAND-001 DDRelicFur stale/null/mobile/source-item guard to DDRelicFur.OnDoubleClick before the informational identification message.","Items:Relics / DDRelicFur","Data/Scripts/Items/Relics/DDRelicFur.cs","RelicGoldValue, randomized item IDs, randomized hue/name/weight setup, informational message, serialization layout/versioning, namespace/type/file layout, and project/config/data files.","POST-BATCH-Y exact-file gate hits for DDRelicFur.cs=0; exact-file active overlay rows=0; no gated approval crossed.","NotRequiredForNonGatedTarget","None beyond normal POST-BATCH-Y and exact-file active-overlay preflight; no economy tuning, serializer, region behavior, or project/config/data changes allowed.","/goal SOURCE-BATCH-367 DDRelicFur Guard Repair","Yes","2026-07-01T23:27:34-05:00","Implemented, verified, and committed as c0808dc9."
"SOURCE-BATCH-INTAKE","SOURCE-BATCH-368","SourceBatchCommitted","InterviewComplete","Run fresh non-gated discovery and implement SB368-CAND-001 DDRelicGem stale/null/mobile/source-item guard to DDRelicGem.OnDoubleClick before the informational identification message.","Items:Relics / DDRelicGem","Data/Scripts/Items/Relics/DDRelicGem.cs","RelicGoldValue, RelicCameFrom, AddNameProperties display, randomized item IDs, randomized hue/name/origin setup, informational message, serialization layout/versioning, namespace/type/file layout, and project/config/data files.","POST-BATCH-Y exact-file gate hits for DDRelicGem.cs=0; exact-file active overlay rows=0; no gated approval crossed.","NotRequiredForNonGatedTarget","None beyond normal POST-BATCH-Y and exact-file active-overlay preflight; no economy tuning, serializer, region behavior, or project/config/data changes allowed.","/goal SOURCE-BATCH-368 DDRelicGem Guard Repair","Yes","2026-07-01T23:34:31-05:00","Implemented, verified, and committed as 7311db5b."
"SOURCE-BATCH-INTAKE","SOURCE-BATCH-369","SourceBatchCommitted","InterviewComplete","Run fresh non-gated discovery and implement SB369-CAND-001 DDRelicJewels stale/null/mobile/source-item guard to DDRelicJewels.OnDoubleClick before the informational identification message.","Items:Relics / DDRelicJewels","Data/Scripts/Items/Relics/DDRelicJewels.cs","RelicGoldValue, randomized item IDs, randomized hue/name/weight setup, informational message, serialization layout/versioning, namespace/type/file layout, and project/config/data files.","POST-BATCH-Y exact-file gate hits for DDRelicJewels.cs=0; exact-file active overlay rows=0; no gated approval crossed.","NotRequiredForNonGatedTarget","None beyond normal POST-BATCH-Y and exact-file active-overlay preflight; no economy tuning, serializer, region behavior, or project/config/data changes allowed.","/goal SOURCE-BATCH-369 DDRelicJewels Guard Repair","Yes","2026-07-01T23:43:34-05:00","Implemented, verified, and committed as bc5bd604."
"SOURCE-BATCH-INTAKE","SOURCE-BATCH-370","SourceBatchCommitted","InterviewComplete","Run fresh non-gated discovery and implement SB370-CAND-001 DDRelicLeather stale/null/mobile/source-item guard to DDRelicLeather.OnDoubleClick before the informational identification message.","Items:Relics / DDRelicLeather","Data/Scripts/Items/Relics/DDRelicLeather.cs","RelicGoldValue, randomized item IDs, randomized hue/name/weight setup, informational message, serialization layout/versioning, namespace/type/file layout, and project/config/data files.","POST-BATCH-Y exact-file gate hits for DDRelicLeather.cs=0; exact-file active overlay rows=0; no gated approval crossed.","NotRequiredForNonGatedTarget","None beyond normal POST-BATCH-Y and exact-file active-overlay preflight; no economy tuning, serializer, region behavior, or project/config/data changes allowed.","/goal SOURCE-BATCH-370 DDRelicLeather Guard Repair","Yes","2026-07-01T23:52:34-05:00","Implemented, verified, and committed as 44e42eaa."
"SOURCE-BATCH-INTAKE","SOURCE-BATCH-371","SourceBatchCommitted","InterviewComplete","Run fresh non-gated discovery and implement SB371-CAND-001 DDRelicLight stale/null/mobile/source-item guards to DDRelicLight1/2/3.OnDoubleClick before the informational identification messages.","Items:Relics / DDRelicLight","Data/Scripts/Items/Relics/DDRelicLight.cs","RelicGoldValue, BaseLight lit/unlit IDs, Duration, BurntOut, Burning, Light setup, randomized names, informational messages, serialization layout/versioning, namespace/type/file layout, and project/config/data files.","POST-BATCH-Y exact-file gate hits for DDRelicLight.cs=0; exact-file active overlay rows=0; no gated approval crossed.","NotRequiredForNonGatedTarget","None beyond normal POST-BATCH-Y and exact-file active-overlay preflight; no economy tuning, serializer, region behavior, or project/config/data changes allowed.","/goal SOURCE-BATCH-371 DDRelicLight Guard Repair","Yes","2026-07-01T23:59:02-05:00","Implemented, verified, and committed as aee0d8fd."
"SOURCE-BATCH-INTAKE","SOURCE-BATCH-372","SourceBatchCommitted","InterviewComplete","Run fresh non-gated discovery and implement SB372-CAND-001 DDRelicReagent stale/null/mobile/source-item guard to DDRelicReagent.OnDoubleClick before the informational identification message.","Items:Relics / DDRelicReagent","Data/Scripts/Items/Relics/DDRelicReagent.cs","RelicGoldValue, randomized item IDs, randomized hue/name setup, informational message, serialization layout/versioning, namespace/type/file layout, and project/config/data files.","POST-BATCH-Y exact-file gate hits for DDRelicReagent.cs=0; exact-file active overlay rows=0; no gated approval crossed.","NotRequiredForNonGatedTarget","None beyond normal POST-BATCH-Y and exact-file active-overlay preflight; no economy tuning, serializer, region behavior, or project/config/data changes allowed.","/goal SOURCE-BATCH-372 DDRelicReagent Guard Repair","Yes","2026-07-02T00:07:07-05:00","Implemented, verified, and committed as 007752df."
"SOURCE-BATCH-INTAKE","SOURCE-BATCH-373","SourceBatchCommitted","InterviewComplete","Run fresh non-gated discovery and implement SB373-CAND-001 DDRelicScrolls stale/null/mobile/source-item guard to DDRelicScrolls.OnDoubleClick before the informational identification message.","Items:Relics / DDRelicScrolls","Data/Scripts/Items/Relics/DDRelicScrolls.cs","RelicGoldValue, randomized item IDs, randomized hue/name setup, informational message, serialization layout/versioning, namespace/type/file layout, and project/config/data files.","POST-BATCH-Y exact-file gate hits for DDRelicScrolls.cs=0; exact-file active overlay rows=0; no gated approval crossed.","NotRequiredForNonGatedTarget","None beyond normal POST-BATCH-Y and exact-file active-overlay preflight; no economy tuning, serializer, region behavior, or project/config/data changes allowed.","/goal SOURCE-BATCH-373 DDRelicScrolls Guard Repair","Yes","2026-07-02T00:16:00-05:00","Implemented, verified, and committed as 585f5549."
"SOURCE-BATCH-INTAKE","SOURCE-BATCH-374","SourceBatchCommitted","InterviewComplete","Run fresh non-gated discovery and implement SB374-CAND-001 DDRelicVase stale/null/mobile/source-item guard to DDRelicVase.OnDoubleClick before the informational identification message.","Items:Relics / DDRelicVase","Data/Scripts/Items/Relics/DDRelicVase.cs","RelicGoldValue, randomized item IDs, randomized hue/name/weight setup, informational message, serialization layout/versioning, namespace/type/file layout, and project/config/data files.","POST-BATCH-Y exact-file gate hits for DDRelicVase.cs=0; exact-file active overlay rows=0; no gated approval crossed.","NotRequiredForNonGatedTarget","None beyond normal POST-BATCH-Y and exact-file active-overlay preflight; no economy tuning, serializer, region behavior, or project/config/data changes allowed.","/goal SOURCE-BATCH-374 DDRelicVase Guard Repair","Yes","2026-07-02T00:22:14-05:00","Implemented, verified, and committed as cd8dff70."
"SOURCE-BATCH-INTAKE","SOURCE-BATCH-375","SourceBatchCommitted","InterviewComplete","Run fresh non-gated discovery and implement SB375-CAND-001 DDRelicTablet stale/null/mobile/source-item guard to DDRelicTablet.OnDoubleClick before house access checks, backpack checks, gump sends, or tablet read messages.","Items:Relics / DDRelicTablet","Data/Scripts/Items/Relics/DDRelicTablet.cs","RelicGoldValue, RelicFlipID1/RelicFlipID2, RelicDescription, search clue fields, house access behavior, backpack-read message, intelligence check, TabletGump behavior, serialization layout/versioning, namespace/type/file layout, and project/config/data files.","POST-BATCH-Y exact-file gate hits for DDRelicTablet.cs=0; exact-file active overlay rows=0; no gated approval crossed.","NotRequiredForNonGatedTarget","None beyond normal POST-BATCH-Y and exact-file active-overlay preflight; no economy tuning, serializer, region behavior, or project/config/data changes allowed.","/goal SOURCE-BATCH-375 DDRelicTablet Guard Repair","Yes","2026-07-02T00:28:06-05:00","Implemented, verified, and committed as 71e21682."
"SOURCE-BATCH-INTAKE","SOURCE-BATCH-376","SourceBatchCommitted","InterviewComplete","Run fresh non-gated discovery and implement SB376-CAND-001 DDRelicDrink stale/null/mobile/source-item guard to DDRelicDrink.OnDoubleClick before stamina, thirst, consumption, sound, or container-return behavior.","Items:Relics / DDRelicDrink","Data/Scripts/Items/Relics/DDRelicDrink.cs","RelicGoldValue, randomized item IDs, randomized hue/name/weight/liquid setup, thirst/stamina assignment, Consume behavior, sound behavior, container return behavior, messages, serialization layout/versioning, namespace/type/file layout, and project/config/data files.","POST-BATCH-Y exact-file gate hits for DDRelicDrink.cs=0; exact-file active overlay rows=0; no gated approval crossed.","NotRequiredForNonGatedTarget","None beyond normal POST-BATCH-Y and exact-file active-overlay preflight; no economy tuning, serializer, region behavior, or project/config/data changes allowed.","/goal SOURCE-BATCH-376 DDRelicDrink Guard Repair","Yes","2026-07-02T00:33:43-05:00","Implemented, verified, and committed as 3d461f9d."
"SOURCE-BATCH-INTAKE","SOURCE-BATCH-377","SourceBatchCommitted","InterviewComplete","Run fresh non-gated discovery and implement SB377-CAND-001 DDRelicOrbs stale/null/mobile/source-item/NetState guard to DDRelicOrbs.OnDoubleClick before random vision text or private overhead messaging.","Items:Relics / DDRelicOrbs","Data/Scripts/Items/Relics/DDRelicOrbs.cs","RelicGoldValue, randomized item IDs, randomized hue/name setup, random vision text choices, PrivateOverheadMessage text and hue, serialization layout/versioning, namespace/type/file layout, and project/config/data files.","POST-BATCH-Y exact-file gate hits for DDRelicOrbs.cs=0; exact-file active overlay rows=0; no gated approval crossed.","NotRequiredForNonGatedTarget","None beyond normal POST-BATCH-Y and exact-file active-overlay preflight; no economy tuning, serializer, region behavior, or project/config/data changes allowed.","/goal SOURCE-BATCH-377 DDRelicOrbs Guard Repair","Yes","2026-07-02T00:39:16-05:00","Implemented, verified, and committed as cf6726e0."
"SOURCE-BATCH-INTAKE","SOURCE-BATCH-378","SourceBatchCommitted","InterviewComplete","Run fresh non-gated discovery and implement SB378-CAND-001 DoorStuck stale/null/mobile/source-door guards to OnDoubleClick and OnDoubleClickDead before the existing locked-door message.","Items:Doors / DoorStuck","Data/Scripts/Items/Doors/DoorStuck.cs","Door item ID/name, locked-door message text, valid-mobile message behavior, serialization layout/versioning, namespace/type/file layout, and project/config/data files.","POST-BATCH-Y exact-file gate hits for DoorStuck.cs=0; exact-file active overlay rows=0; no gated approval crossed.","NotRequiredForNonGatedTarget","None beyond normal POST-BATCH-Y and exact-file active-overlay preflight; no economy tuning, serializer, region behavior, or project/config/data changes allowed.","/goal SOURCE-BATCH-378 DoorStuck Guard Repair","Yes","2026-07-02T00:46:36-05:00","Implemented, verified, and committed as 03a05bc1."
"SOURCE-BATCH-INTAKE","SOURCE-BATCH-379","SourceBatchCommitted","InterviewComplete","Run fresh non-gated discovery and implement SB379-CAND-001 GypsyShelf stale/null/mobile/source-shelf/backpack guard before existing guide-book lookup or grant behavior.","Items:Containers / GypsyShelf","Data/Scripts/Items/Containers/GypsyShelf.cs","Shelf item ID/name, duplicate-book message, GetRidOf behavior, BookGuideToAdventure owner assignment, sound, AddToBackpack behavior, grant message, serialization layout/versioning, namespace/type/file layout, and project/config/data files.","POST-BATCH-Y exact-file gate hits for GypsyShelf.cs=0; exact-file active overlay rows=0; no gated approval crossed.","NotRequiredForNonGatedTarget","None beyond normal POST-BATCH-Y and exact-file active-overlay preflight; no economy tuning, serializer, region behavior, or project/config/data changes allowed.","/goal SOURCE-BATCH-379 GypsyShelf Guard Repair","Yes","2026-07-02T00:55:25-05:00","Implemented, verified, and committed as b59794bf."
"SOURCE-BATCH-INTAKE","SOURCE-BATCH-380","SourceBatchCommitted","InterviewComplete","Run fresh non-gated discovery and implement SB380-CAND-001 Safe stale/null/mobile/source-safe guards before existing secure-access checks or bank-box opening.","Items:Containers / Safe","Data/Scripts/Items/Containers/Safe.cs","Safe item ID/name/weight, movable-secured failure message, range/visibility/line-of-sight checks and messages, house secure-access policy, BankBox.Open behavior, context menu behavior, serialization layout/versioning, namespace/type/file layout, and project/config/data files.","POST-BATCH-Y exact-file gate hits for Safe.cs=0; exact-file active overlay rows=0; no gated approval crossed.","NotRequiredForNonGatedTarget","None beyond normal POST-BATCH-Y and exact-file active-overlay preflight; no economy tuning, serializer, region behavior, or project/config/data changes allowed.","/goal SOURCE-BATCH-380 Safe Guard Repair","Yes","2026-07-02T12:13:03-05:00","Implemented, verified, and committed as e970df96."
"SOURCE-BATCH-INTAKE","SOURCE-BATCH-381","SourceBatchCommitted","InterviewComplete","Run fresh non-gated discovery and implement SB381-CAND-001 DoomFlayerNote stale/null/mobile/source-note guard before existing range checks, gump creation, sound playback, or too-far messaging.","Items:Books / DoomFlayerNote","Data/Scripts/Items/Books/DoomFlayerNote.cs","DoomFlayerNote item ID/name/weight/hue, ClueGump text and layout, range requirement, gump send behavior, sound 0x249 behavior, localized too-far message 502138, serialization layout/versioning, namespace/type/file layout, and project/config/data files.","POST-BATCH-Y exact-file gate hits for DoomFlayerNote.cs=0; exact-file active overlay rows=0; no gated approval crossed.","NotRequiredForNonGatedTarget","None beyond normal POST-BATCH-Y and exact-file active-overlay preflight; no economy tuning, serializer, region behavior, or project/config/data changes allowed.","/goal SOURCE-BATCH-381 DoomFlayerNote Guard Repair","Yes","2026-07-02T12:18:50-05:00","Implemented, verified, and committed as 514c8bdb."
"SOURCE-BATCH-INTAKE","SOURCE-BATCH-382","SourceBatchCommitted","InterviewComplete","Run fresh non-gated discovery and implement SB382-CAND-001 BardsTaleNote stale/null/mobile/source-note/backpack guards before existing backpack checks, gump creation, sound playback, or backpack-use messaging.","Items:Books / BardsTaleNote","Data/Scripts/Items/Books/BardsTaleNote.cs","BardsTaleNote randomized item ID/name/hue/weight, clue message choices, ScrollMessage persistence, ClueGump text and layout, backpack-use failure message, gump close/send behavior, sound 0x249 behavior, serialization layout/versioning, namespace/type/file layout, and project/config/data files.","POST-BATCH-Y exact-file gate hits for BardsTaleNote.cs=0; exact-file active overlay rows=0; no gated approval crossed.","NotRequiredForNonGatedTarget","None beyond normal POST-BATCH-Y and exact-file active-overlay preflight; no economy tuning, serializer, region behavior, or project/config/data changes allowed.","/goal SOURCE-BATCH-382 BardsTaleNote Guard Repair","Yes","2026-07-02T12:24:27-05:00","Implemented, verified, and committed as e35abb78."
"SOURCE-BATCH-INTAKE","SOURCE-BATCH-383","SourceBatchCommitted","InterviewComplete","Run fresh non-gated discovery and implement SB383-CAND-001 AssassinNote stale/null/mobile/source-note guard before existing range, visibility, line-of-sight, gump creation, or sound behavior.","Items:Books / BulletinBoards / AssassinNote","Data/Scripts/Items/Books/BulletinBoards/AssassinNote.cs","AssassinNote item ID/name/weight/hue, LetterMessage persistence, KillGump text and layout, range/visibility/line-of-sight requirement, gump close/send behavior, sound 0x249 behavior, serialization layout/versioning, namespace/type/file layout, and project/config/data files.","POST-BATCH-Y exact-file gate hits for AssassinNote.cs=0; exact-file active overlay rows=0; no gated approval crossed.","NotRequiredForNonGatedTarget","None beyond normal POST-BATCH-Y and exact-file active-overlay preflight; no economy tuning, serializer, region behavior, or project/config/data changes allowed.","/goal SOURCE-BATCH-383 AssassinNote Guard Repair","Yes","2026-07-02T12:30:44-05:00","Implemented, verified, and committed as a1df70a0."
"SOURCE-BATCH-INTAKE","SOURCE-BATCH-384","SourceBatchCommitted","InterviewComplete","Run fresh non-gated discovery and implement SB384-CAND-001 GuardNote stale/null/mobile/source-note/backpack guards before existing backpack checks, gump creation, sound playback, or backpack-use messaging.","Items:Books / BulletinBoards / GuardNote","Data/Scripts/Items/Books/BulletinBoards/GuardNote.cs","GuardNote item ID/name/weight/hue, ScrollText persistence, ReadGump text and layout, backpack-use failure message, gump send behavior, sound 0x249 behavior, serialization layout/versioning, namespace/type/file layout, and project/config/data files.","POST-BATCH-Y exact-file gate hits for GuardNote.cs=0; exact-file active overlay rows=0; no gated approval crossed.","NotRequiredForNonGatedTarget","None beyond normal POST-BATCH-Y and exact-file active-overlay preflight; no economy tuning, serializer, region behavior, or project/config/data changes allowed.","/goal SOURCE-BATCH-384 GuardNote Guard Repair","Yes","2026-07-02T12:38:42-05:00","Implemented, verified, and committed as 7fd55c7b."
"SOURCE-BATCH-INTAKE","SOURCE-BATCH-385","SourceBatchCommitted","InterviewComplete","Run fresh non-gated discovery and implement SB385-CAND-001 StatusBoard stale/null/mobile/source-board/gump-response guards before existing range checks, gump construction, pagination, or mobile-state dereferences.","Items:Books / BulletinBoards / StatusBoard","Data/Scripts/Items/Books/BulletinBoards/StatusBoard.cs","StatusBoard item ID/name/weight/hue, range requirement, localized too-far message 502138, StatusGump layout, displayed account/client/server values, access-level visibility filtering, pagination behavior, button IDs, serialization layout/versioning, namespace/type/file layout, and project/config/data files.","POST-BATCH-Y exact-file gate hits for StatusBoard.cs=0; exact-file active overlay rows=0; no gated approval crossed.","NotRequiredForNonGatedTarget","None beyond normal POST-BATCH-Y and exact-file active-overlay preflight; no economy tuning, serializer, region behavior, staff/access policy, or project/config/data changes allowed.","/goal SOURCE-BATCH-385 StatusBoard Guard Repair","Yes","2026-07-02T12:47:19-05:00","Implemented, verified, and committed as def3fe0e."
"SOURCE-BATCH-INTAKE","SOURCE-BATCH-386","SourceBatchCommitted","InterviewComplete","Run fresh non-gated discovery and implement SB386-CAND-001 Clock stale/null/mobile/source-clock guard before existing time calculation and localized time-message sends.","Items:Trades / Tinkering / Clock","Data/Scripts/Items/Trades/Tinkering/Clocks.cs","Clock item IDs, flipable variants, weight, server start initialization, time and moon phase calculations, localized message IDs 1042950 through 1042958, serialization layout/versioning, namespace/type/file layout, and project/config/data files.","POST-BATCH-Y exact-file gate hits for Clocks.cs=0; exact-file active overlay rows=0; no gated approval crossed.","NotRequiredForNonGatedTarget","None beyond normal POST-BATCH-Y and exact-file active-overlay preflight; no economy tuning, serializer, region behavior, staff/access policy, or project/config/data changes allowed.","/goal SOURCE-BATCH-386 Clock Guard Repair","Yes","2026-07-02T12:54:43-05:00","Implemented, verified, and committed as 2aa0c17e."
"SOURCE-BATCH-INTAKE","SOURCE-BATCH-387","SourceBatchCommitted","InterviewComplete","Run fresh non-gated discovery and implement SB387-CAND-001 MedicalRecord stale/null/mobile/source-record/gump-response guards before existing gump operations and sound playback.","Items:Technology / MedicalRecord","Data/Scripts/Items/Technology/MedicalRecord.cs","MedicalRecord item ID/name/weight/light/hue, randomized patient/planet setup, MedicalRecordGump text and layout, sound 0x54D behavior, DataPatient/DataPlanet persistence, serialization layout/versioning, namespace/type/file layout, and project/config/data files.","POST-BATCH-Y exact-file gate hits for MedicalRecord.cs=0; exact-file active overlay rows=0; no gated approval crossed.","NotRequiredForNonGatedTarget","None beyond normal POST-BATCH-Y and exact-file active-overlay preflight; no economy tuning, serializer, region behavior, staff/access policy, or project/config/data changes allowed.","/goal SOURCE-BATCH-387 MedicalRecord Guard Repair","Yes","2026-07-02T13:01:33-05:00","Implemented, verified, and committed as 164d39cf."
"SOURCE-BATCH-INTAKE","SOURCE-BATCH-388","SourceBatchCommitted","InterviewComplete","Run fresh non-gated discovery and implement SB388-CAND-001 WetClothes stale/null/mobile/source-item guard before existing squeeze message, sound playback, dry clothing creation, or source deletion.","Items:Trades / Fishing / WetClothes","Data/Scripts/Items/Trades/Fishing/WetClothes.cs","WetClothes randomized adjective, clothing type, item ID, hue, name, weight, squeeze message, sound 0x026, dry clothing output mappings, Utility.RandomDyedHue behavior, AddToBackpack behavior, source Delete semantics, serialization layout/versioning, namespace/type/file layout, and project/config/data files.","POST-BATCH-Y exact-file gate hits for WetClothes.cs=0; exact-file active overlay rows=0; no gated approval crossed.","NotRequiredForNonGatedTarget","None beyond normal POST-BATCH-Y and exact-file active-overlay preflight; no economy tuning, serializer, region behavior, staff/access policy, or project/config/data changes allowed.","/goal SOURCE-BATCH-388 WetClothes Guard Repair","Yes","2026-07-02T13:13:54-05:00","Implemented, verified, and committed as aa8ab2f1."
"SOURCE-BATCH-INTAKE","SOURCE-BATCH-389","SourceBatchCommitted","InterviewComplete","Run fresh non-gated discovery and implement SB389-CAND-001 HalloweenMaiden stale/null/mobile/source-item guard before existing item-ID toggle behavior.","Items:Gifts / Holiday / Halloween / HalloweenMaiden","Data/Scripts/Items/Gifts/Holiday/Halloween/Rewards/HalloweenMaiden.cs","HalloweenMaiden item IDs 0x124B and 0x1249, Name Iron Maiden, Weight 1.0, Furniture classification, valid item-ID toggle behavior, old Weight 4.0 normalization in Deserialize, serialization layout/versioning, namespace/type/file layout, and project/config/data files.","POST-BATCH-Y exact-file gate hits for HalloweenMaiden.cs=0; exact-file active overlay rows=0; no gated approval crossed.","NotRequiredForNonGatedTarget","None beyond normal POST-BATCH-Y and exact-file active-overlay preflight; no economy tuning, serializer, region behavior, staff/access policy, or project/config/data changes allowed.","/goal SOURCE-BATCH-389 HalloweenMaiden Guard Repair","Yes","2026-07-02T13:20:47-05:00","Implemented, verified, and committed as 15e86646."
"SOURCE-BATCH-INTAKE","SOURCE-BATCH-390","SourceBatchCommitted","InterviewComplete","Run fresh non-gated discovery and implement SB390-CAND-001 ChocolateMonster stale/null/mobile/source-item guard before existing sound, animation, overhead text, stat restoration, hunger/thirst assignment, or source deletion.","Items:Gifts / Holiday / Halloween / ChocolateMonster","Data/Scripts/Items/Gifts/Holiday/Halloween/HalloweenBag.cs","ChocolateMonster randomized candy names, item IDs, hues, weight, sound Utility.Random(0x3A, 3), human unmounted animation, phrase choices, PrivateOverheadMessage behavior, Stam/Hits/Mana restoration, Thirst/Hunger assignments, source Delete semantics, serialization layout/versioning, namespace/type/file layout, and project/config/data files.","POST-BATCH-Y exact-file gate hits for HalloweenBag.cs=0; exact-file active overlay rows=0; no gated approval crossed.","NotRequiredForNonGatedTarget","None beyond normal POST-BATCH-Y and exact-file active-overlay preflight; no economy tuning, serializer, region behavior, staff/access policy, or project/config/data changes allowed.","/goal SOURCE-BATCH-390 ChocolateMonster Guard Repair","Yes","2026-07-02T13:27:37-05:00","Implemented, verified, and committed as 1f95e98b."
"SOURCE-BATCH-INTAKE","SOURCE-BATCH-391","SourceBatchCommitted","InterviewComplete","Run fresh non-gated discovery and implement SB391-CAND-001 LiarsDice stale/null/mobile/source-item guard before existing range, bank-balance, freeze, or game-gump behavior.","Items:Misc / Games / LiarsDice","Data/Scripts/Items/Misc/Games/LiarsDice/LiarsDice.cs","LiarsDice item ID, name, weight, hue, game constants, DiceState initialization, range check, Banker.GetBalance threshold, Frozen assignment, ShowNewGameGump behavior, insufficient-bank message, serialization layout/versioning, namespace/type/file layout, and project/config/data files.","POST-BATCH-Y exact-file gate hits for LiarsDice.cs=0; exact-file active overlay rows=0; no gated approval crossed.","NotRequiredForNonGatedTarget","None beyond normal POST-BATCH-Y and exact-file active-overlay preflight; no economy tuning, serializer, region behavior, staff/access policy, or project/config/data changes allowed.","/goal SOURCE-BATCH-391 LiarsDice Guard Repair","Yes","2026-07-02T13:36:06-05:00","Implemented, verified, and committed as e257619d."
"SOURCE-BATCH-INTAKE","SOURCE-BATCH-392","SourceBatchCommitted","InterviewComplete","Run fresh non-gated discovery and implement SB392-CAND-001 MahjongGame stale/null/mobile/source-item guard before existing player cleanup and join behavior.","Items:Misc / Games / Mahjong","Data/Scripts/Items/Misc/Games/Mahjong/MahjongGame.cs","MahjongGame item ID/name/weight, MahjongPlayers initialization, context menu behavior, player cleanup, join behavior, reset/recreate-game behavior, pending-player behavior, serialization layout/versioning, namespace/type/file layout, project/config/data files, staff/access behavior, economy/reward tuning, region/map policy, and reorganization state.","POST-BATCH-Y exact-file gate hits for MahjongGame.cs=0; exact-file active overlay rows=0; no gated approval crossed.","NotRequiredForNonGatedTarget","None beyond normal POST-BATCH-Y and exact-file active-overlay preflight; no economy tuning, serializer, region behavior, staff/access policy, or project/config/data changes allowed.","/goal SOURCE-BATCH-392 MahjongGame Guard Repair","Yes","2026-07-02T13:45:27-05:00","Implemented, verified, and committed as 4059e74b."
"SOURCE-BATCH-INTAKE","SOURCE-BATCH-393","SourceBatchCommitted","InterviewComplete","Run fresh non-gated discovery and implement SB393-CAND-001 PlayersHandbook stale/null/mobile/source-book/deleted-target guards before existing DandD lookup messages, target assignment, sound, or gump sends.","Items:Misc / Games / DandD / PlayersHandbook","Data/Scripts/Items/Misc/Games/DandD/PlayersHandbook.cs","PlayersHandbook item ID/name/weight, Dungeons & Dragons property label, target range, people classification rules, target eligibility messages, StatsGump construction, DruidismGump construction, sound 0x55 behavior, serialization layout/versioning, namespace/type/file layout, project/config/data files, staff/access behavior, economy/reward tuning, region/map policy, and reorganization state.","POST-BATCH-Y exact-file gate hits for PlayersHandbook.cs=0; exact-file active overlay rows=0; no gated approval crossed.","NotRequiredForNonGatedTarget","None beyond normal POST-BATCH-Y and exact-file active-overlay preflight; no economy tuning, serializer, region behavior, staff/access policy, or project/config/data changes allowed.","/goal SOURCE-BATCH-393 PlayersHandbook Guard Repair","Yes","2026-07-02T13:53:24-05:00","Implemented, verified, and committed as 3e87c803."
"SOURCE-BATCH-INTAKE","SOURCE-BATCH-394","SourceBatchCommitted","InterviewComplete","Run fresh non-gated discovery and implement SB394-CAND-001 MonsterManual stale/null/mobile/source-book/deleted-target guards before existing DandD lookup messages, target assignment, sound, or gump sends.","Items:Misc / Games / DandD / MonsterManual","Data/Scripts/Items/Misc/Games/DandD/MonsterManual.cs","MonsterManual item ID/name/weight, Dungeons & Dragons property label, target range, target eligibility messages, PlayersHandbook.IsPeople delegation, DruidismGump construction, sound 0x55 behavior, serialization layout/versioning, namespace/type/file layout, project/config/data files, staff/access behavior, economy/reward tuning, region/map policy, and reorganization state.","POST-BATCH-Y exact-file gate hits for MonsterManual.cs=0; exact-file active overlay rows=0; no gated approval crossed.","NotRequiredForNonGatedTarget","None beyond normal POST-BATCH-Y and exact-file active-overlay preflight; no economy tuning, serializer, region behavior, staff/access policy, or project/config/data changes allowed.","/goal SOURCE-BATCH-394 MonsterManual Guard Repair","Yes","2026-07-02T13:59:34-05:00","Implemented, verified, and committed as aacd93c9."
"SOURCE-BATCH-INTAKE","SOURCE-BATCH-395","SourceBatchCommitted","InterviewComplete","Run fresh non-gated discovery and implement SB395-CAND-001 Tarot stale/null/mobile/source-item guards before existing fortune behavior, gump sends, or decorative item-ID toggles.","Items:Misc / Games / Tarot","Data/Scripts/Items/Misc/Games/Tarot.cs","TarotDeck and DecoTarotDeck item IDs, Flipable behavior, fortune randomization, fortune text/image mappings, PublicOverheadMessage content, TarotGump construction, open/closed item-ID toggles, OnAdded normalization, serialization layout/versioning, namespace/type/file layout, project/config/data files, staff/access behavior, economy/reward tuning, region/map policy, and reorganization state.","POST-BATCH-Y exact-file gate hits for Tarot.cs=0; exact-file active overlay rows=0; no gated approval crossed.","NotRequiredForNonGatedTarget","None beyond normal POST-BATCH-Y and exact-file active-overlay preflight; no economy tuning, serializer, region behavior, staff/access policy, or project/config/data changes allowed.","/goal SOURCE-BATCH-395 Tarot Guard Repair","Yes","2026-07-02T14:06:03-05:00","Implemented, verified, and committed as 89627fd0."
"SOURCE-BATCH-INTAKE","SOURCE-BATCH-396","SourceBatchCommitted","InterviewComplete","Run fresh non-gated discovery and implement SB396-CAND-001 Tarot Poker stale/null/mobile/source-item guard before existing range checks, tarot card gumps, public overhead messages, or betting instruction text.","Items:Misc / Games / Tarot Poker","Data/Scripts/Items/Misc/Games/tarotpoker.cs","tarotpoker item IDs, Flipable behavior, name, weight, Stackable false, IsNoisy command property behavior, range 4 rule, card randomization, TarotGump image IDs, public overhead message text including betting instructions, serialization layout/versioning, namespace/type/file layout, project/config/data files, staff/access behavior, economy/reward tuning, region/map policy, and reorganization state.","POST-BATCH-Y exact-file gate hits for tarotpoker.cs=0; exact-file active overlay rows=0; no gated approval crossed.","NotRequiredForNonGatedTarget","None beyond normal POST-BATCH-Y and exact-file active-overlay preflight; no economy tuning, serializer, region behavior, staff/access policy, or project/config/data changes allowed.","/goal SOURCE-BATCH-396 TarotPoker Guard Repair","Yes","2026-07-02T14:13:45-05:00","Implemented and committed as c78f2bed."
"SOURCE-BATCH-INTAKE","SOURCE-BATCH-397","SourceBatchCommitted","InterviewComplete","Run fresh non-gated discovery and implement SB397-CAND-001 FireworksWand stale/null/mobile/source-wand guard before existing map, charge, launch-message, effect, and finish-timer behavior.","Items:Weapons / Maces / FireworksWand","Data/Scripts/Items/Weapons/Maces/FireworksWand.cs","FireworksWand label, blessed loot type, charge display, charge decrement behavior for valid launch attempts, empty-charge message 502412, launch message 502615, moving effect, randomized endpoint, delayed finish timer, sound, hue, render, location effect behavior, serialization layout/versioning, namespace/type/file layout, project/config/data files, staff/access behavior, economy/reward tuning, region/map policy, and reorganization state.","POST-BATCH-Y exact-file gate hits for FireworksWand.cs=0; exact-file active overlay rows=0; no gated approval crossed.","NotRequiredForNonGatedTarget","None beyond normal POST-BATCH-Y and exact-file active-overlay preflight; no economy tuning, serializer, region behavior, staff/access policy, or project/config/data changes allowed.","/goal SOURCE-BATCH-397 FireworksWand Guard Repair","Yes","2026-07-02T14:24:01-05:00","Implemented, verified, and committed as 14faa7f6."
"SOURCE-BATCH-INTAKE","SOURCE-BATCH-398","SourceBatchCommitted","InterviewComplete","Run fresh non-gated discovery and implement SB398-CAND-001 BaseHat cowl hood stale/null/mobile/source-hat/target-item guard before existing color matching behavior.","Items:Clothing / Hats / BaseHat cowl hood color matching","Data/Scripts/Items/Clothing/Hats.cs","BaseHat inherited serialization behavior, cowl-hood-only activation, equipped hat requirement, target range, all eligible clothing layers, distinct-color requirement, hue assignment, existing messages, namespace/type/file layout, project/config/data files, staff/access behavior, economy/reward tuning, region/map policy, and reorganization state.","POST-BATCH-Y exact-file gate hits for Hats.cs=0; exact-file active overlay rows=0; no gated approval crossed.","NotRequiredForNonGatedTarget","None beyond normal POST-BATCH-Y and exact-file active-overlay preflight; no economy tuning, serializer, region behavior, staff/access policy, or project/config/data changes allowed.","/goal SOURCE-BATCH-398 BaseHat Cowl Hood Guard Repair","Yes","2026-07-02T14:30:43-05:00","Implemented, verified, and committed as 183bf23c."
"SOURCE-BATCH-INTAKE","SOURCE-BATCH-399","SourceBatchCommitted","InterviewComplete","Run fresh non-gated discovery and implement SB399-CAND-001 Sextant stale/null/mobile/source-sextant guard before existing coordinate formatting and region-specific message behavior.","Items:Trades / Fishing / Misc / Sextant","Data/Scripts/Items/Trades/Fishing/Misc/Sextant.cs","Sextant and MagicSextant inherited use behavior, coordinate formatting, world and region message decisions, MagicSextant Underworld behavior, existing messages, serialization layout/versioning, namespace/type/file layout, project/config/data files, staff/access behavior, economy/reward tuning, region/map policy, and reorganization state.","POST-BATCH-Y exact-file gate hits for Sextant.cs=0; exact-file active overlay rows=0; no gated approval crossed.","NotRequiredForNonGatedTarget","None beyond normal POST-BATCH-Y and exact-file active-overlay preflight; no economy tuning, serializer, region behavior, staff/access policy, or project/config/data changes allowed.","/goal SOURCE-BATCH-399 Sextant Guard Repair","Yes","2026-07-02T14:40:45-05:00","Implemented, verified, and committed as 86cf559a."
"SOURCE-BATCH-INTAKE","SOURCE-BATCH-400","SourceBatchCommitted","InterviewComplete","Run fresh non-gated discovery and implement SB400-CAND-001 BaseKnife stale/null/mobile/source-knife guard before existing bladed-item use prompt and target assignment.","Items:Weapons / Knives / BaseKnife bladed-item use","Data/Scripts/Items/Weapons/Knives/BaseKnife.cs","BaseKnife combat defaults, weapon skill/type/animation, hit and miss sounds, localized prompt 1010018, BladedItemTarget assignment, serialization layout/versioning, namespace/type/file layout, project/config/data files, staff/access behavior, economy/reward tuning, region/map policy, and reorganization state.","POST-BATCH-Y exact-file gate hits for BaseKnife.cs=0; exact-file active overlay rows=0; no gated approval crossed.","NotRequiredForNonGatedTarget","None beyond normal POST-BATCH-Y and exact-file active-overlay preflight; no economy tuning, serializer, region behavior, staff/access policy, or project/config/data changes allowed.","/goal SOURCE-BATCH-400 BaseKnife Guard Repair","Yes","2026-07-02T14:48:19-05:00","Implemented, verified, and committed as c92a7ac1."
"SOURCE-BATCH-INTAKE","SOURCE-BATCH-401","SourceBatchCommitted","InterviewComplete","Run fresh non-gated discovery and implement SB401-CAND-001 BaseSword stale/null/mobile/source-sword guard before existing bladed-item use prompt and target assignment.","Items:Weapons / Swords / BaseSword bladed-item use","Data/Scripts/Items/Weapons/Swords/BaseSword.cs","BaseSword combat defaults, weapon skill/type/animation, localized prompt 1010018, BladedItemTarget assignment, serialization layout/versioning, namespace/type/file layout, project/config/data files, staff/access behavior, economy/reward tuning, region/map policy, and reorganization state.","POST-BATCH-Y exact-file gate hits for BaseSword.cs=0; exact-file active overlay rows=0; no gated approval crossed.","NotRequiredForNonGatedTarget","None beyond normal POST-BATCH-Y and exact-file active-overlay preflight; no economy tuning, serializer, region behavior, staff/access policy, or project/config/data changes allowed.","/goal SOURCE-BATCH-401 BaseSword Guard Repair","Yes","2026-07-02T14:55:00-05:00","Implemented, verified, and committed as 18a59ad1."
"SOURCE-BATCH-INTAKE","SOURCE-BATCH-402","SourceBatchCommitted","InterviewComplete","Run fresh non-gated discovery and implement SB402-CAND-001 ThrowingWeapon stale/null/mobile/source-item/backpack guard before existing ammo cycling behavior.","Items:Weapons / Marksman / ThrowingWeapon ammo cycling","Data/Scripts/Items/Weapons/Marksman/ThrowingWeapon.cs","ThrowingWeapon randomized setup, ammo labels, stack behavior, OnMoveOver pickup, backpack-use message, ammo cycling order, jester-only card/tomato branches, item ID/name changes, final ammo-change message, InvalidateProperties call, serialization layout/versioning, namespace/type/file layout, project/config/data files, staff/access behavior, economy/reward tuning, region/map policy, and reorganization state.","POST-BATCH-Y exact-file gate hits for ThrowingWeapon.cs=0; exact-file active overlay rows=0; no gated approval crossed.","NotRequiredForNonGatedTarget","None beyond normal POST-BATCH-Y and exact-file active-overlay preflight; no economy tuning, serializer, region behavior, staff/access policy, or project/config/data changes allowed.","/goal SOURCE-BATCH-402 ThrowingWeapon Guard Repair","Yes","2026-07-02T15:02:20-05:00","Implemented, verified, and committed as 03599b66."
"SOURCE-BATCH-INTAKE","SOURCE-BATCH-403","SourceBatchCommitted","InterviewComplete","Run fresh non-gated discovery and implement SB403-CAND-001 ThrowingGloves stale/null/mobile/source-gloves/backpack guard before existing glove type cycling behavior.","Items:Weapons / Marksman / ThrowingGloves type cycling","Data/Scripts/Items/Weapons/Marksman/ThrowingGloves.cs","ThrowingGloves defaults, weapon skill/type/animation, glove type cycling order, jester-only card/tomato branches, backpack-use message, final glove-change message, InvalidateProperties call, serialization layout/versioning, namespace/type/file layout, project/config/data files, staff/access behavior, economy/reward tuning, region/map policy, and reorganization state.","POST-BATCH-Y exact-file gate hits for ThrowingGloves.cs=0; exact-file active overlay rows=0; no gated approval crossed.","NotRequiredForNonGatedTarget","None beyond normal POST-BATCH-Y and exact-file active-overlay preflight; no economy tuning, serializer, region behavior, staff/access policy, or project/config/data changes allowed.","/goal SOURCE-BATCH-403 ThrowingGloves Guard Repair","Yes","2026-07-02T15:08:52-05:00","Implemented, verified, and committed as 6b3712c8."
"SOURCE-BATCH-INTAKE","SOURCE-BATCH-404","SourceBatchCommitted","InterviewComplete","Run fresh non-gated discovery and implement SB404-CAND-001 LevelThrowingGloves stale/null/mobile/source-gloves/backpack guard before existing glove type cycling behavior.","Items:Magical / God / Weapons / LevelThrowingGloves type cycling","Data/Scripts/Items/Magical/God/Weapons/LevelThrowingGloves.cs","LevelThrowingGloves defaults, weapon skill/type/animation, glove type cycling order, backpack-use message, final glove-change message, InvalidateProperties call, serialization layout/versioning, namespace/type/file layout, project/config/data files, staff/access behavior, economy/reward tuning, region/map policy, and reorganization state.","POST-BATCH-Y exact-file gate hits for LevelThrowingGloves.cs=0; exact-file active overlay rows=0; no gated approval crossed.","NotRequiredForNonGatedTarget","None beyond normal POST-BATCH-Y and exact-file active-overlay preflight; no economy tuning, serializer, region behavior, staff/access policy, or project/config/data changes allowed.","/goal SOURCE-BATCH-404 LevelThrowingGloves Guard Repair","Yes","2026-07-02T15:19:22-05:00","Implemented, verified, and committed as a5a1fb30."
"SOURCE-BATCH-INTAKE","SOURCE-BATCH-405","SourceBatchCommitted","InterviewComplete","Run fresh non-gated discovery and implement SB405-CAND-001 ThrowingDagger stale/null/mobile/source-dagger/target-mobile guard before existing harmful throw behavior.","Items:Weapons / Knives / ThrowingDagger harmful throw","Data/Scripts/Items/Weapons/Knives/ThrowingDagger.cs","ThrowingDagger default name, item ID, weight, layer, held-weapon requirement, target range, TargetFlags.Harmful, HarmfulCheck, direction and animation behavior, hit chance, damage calculation, dagger MoveToWorld behavior, moving effects, miss message, serialization layout/versioning, namespace/type/file layout, project/config/data files, staff/access behavior, economy/reward tuning, region/map policy, and reorganization state.","POST-BATCH-Y exact-file gate hits for ThrowingDagger.cs=0; exact-file active overlay rows=0; no gated approval crossed.","NotRequiredForNonGatedTarget","None beyond normal POST-BATCH-Y and exact-file active-overlay preflight; no economy tuning, serializer, region behavior, staff/access policy, or project/config/data changes allowed.","/goal SOURCE-BATCH-405 ThrowingDagger Guard Repair","Yes","2026-07-02T22:12:09-05:00","Implemented, verified, and committed as adb027dd."
"SOURCE-BATCH-INTAKE","SOURCE-BATCH-406","SourceBatchCommitted","InterviewComplete","Run fresh non-gated discovery and implement SB406-CAND-001 Scissors stale/null/mobile/source-scissors guard before existing target assignment and IScissorable dispatch behavior.","Items:Trades / Tailor Items / Scissors targeting","Data/Scripts/Items/Trades/Tailor Items/Scissors.cs","Scissors item ID, weight, target prompt message, target range, TargetFlags.None, self-scissor localized messages, running-with-scissors localized message, movable/nonmovable IScissorable dispatch, invalid-target message, success sound 0x248, serialization layout/versioning, namespace/type/file layout, project/config/data files, staff/access behavior, economy/reward tuning, region/map policy, and reorganization state.","POST-BATCH-Y exact-file gate hits for Scissors.cs=0; exact-file active overlay rows=0; no gated approval crossed.","NotRequiredForNonGatedTarget","None beyond normal POST-BATCH-Y and exact-file active-overlay preflight; no economy tuning, serializer, region behavior, staff/access policy, or project/config/data changes allowed.","/goal SOURCE-BATCH-406 Scissors Guard Repair","Yes","2026-07-02T22:19:47-05:00","Implemented, verified, and committed as df625beb."
"SOURCE-BATCH-INTAKE","SOURCE-BATCH-407","SourceBatchCommitted","InterviewComplete","Run fresh non-gated discovery and implement SB407-CAND-001 NewPlayerTicket stale/null/mobile/source-ticket/backpack/target-ticket/gump-response guard before existing owner-only ticket pairing and reward behavior.","Items:Deeds / NewPlayerTicket pairing","Data/Scripts/Items/Deeds/NewPlayerTicket.cs","NewPlayerTicket label/properties, blessed loot type, owner persistence, owner-only use rule, backpack-use message, target range, pairing messages, gump layout, reward choices, reward messages, AddToBackpack behavior, ticket Delete semantics, serialization layout/versioning, namespace/type/file layout, project/config/data files, staff/access behavior, economy/reward tuning, region/map policy, and reorganization state.","POST-BATCH-Y exact-file gate hits for NewPlayerTicket.cs=0; exact-file active overlay rows=0; no gated approval crossed.","NotRequiredForNonGatedTarget","None beyond normal POST-BATCH-Y and exact-file active-overlay preflight; no economy tuning, serializer, region behavior, staff/access policy, or project/config/data changes allowed.","/goal SOURCE-BATCH-407 NewPlayerTicket Guard Repair","Yes","2026-07-02T22:28:00-05:00","Implemented, verified, and committed as 880a4142."
"SOURCE-BATCH-INTAKE","SOURCE-BATCH-408","SourceBatchCommitted","InterviewComplete","Run fresh non-gated discovery and implement SB408-CAND-001 TitleChangeDeed stale/null/mobile/source-deed/backpack guard before existing title prompt and deed deletion behavior.","Items:Books / TitleChangeDeed","Data/Scripts/Items/Books/TitleChangeDeed.cs","TitleChangeDeed item ID/name/weight, backpack-use localized message, title prompt text, prompt assignment, deed Delete behavior, RetitlePrompt stale-response guards, title assignment, title confirmation message, serialization layout/versioning, namespace/type/file layout, project/config/data files, staff/access behavior, economy/reward tuning, region/map policy, and reorganization state.","POST-BATCH-Y exact-file gate hits for TitleChangeDeed.cs=0; exact-file active overlay rows=0; no gated approval crossed.","NotRequiredForNonGatedTarget","None beyond normal POST-BATCH-Y and exact-file active-overlay preflight; no economy tuning, serializer, region behavior, staff/access policy, or project/config/data changes allowed.","/goal SOURCE-BATCH-408 TitleChangeDeed Guard Repair","Yes","2026-07-02T22:35:00-05:00","Implemented, verified, and committed as 420b67a8."
"SOURCE-BATCH-INTAKE","SOURCE-BATCH-409","SourceBatchCommitted","InterviewComplete","Run fresh non-gated discovery and implement SB409-CAND-001 BaseStatue stale/null/mobile/source-statue/prompt-response guard before existing rename prompt and name assignment behavior.","Trades:Stone / BaseStatue rename prompt","Data/Scripts/Trades/Stone/BaseStatue.cs","BaseStatue crafter/resource properties, material display, color mapping, rename prompt text, prompt assignment, name assignment, confirmation message, IsNotGraveStone behavior, serialization layout/versioning, namespace/type/file layout, project/config/data files, staff/access behavior, economy/reward tuning, region/map policy, and reorganization state.","POST-BATCH-Y exact-file gate hits for BaseStatue.cs=0; exact-file active overlay rows=0; no gated approval crossed.","NotRequiredForNonGatedTarget","None beyond normal POST-BATCH-Y and exact-file active-overlay preflight; no economy tuning, serializer, region behavior, staff/access policy, or project/config/data changes allowed.","/goal SOURCE-BATCH-409 BaseStatue Guard Repair","Yes","2026-07-02T22:41:00-05:00","Implemented, verified, and committed as 3d45afed."
"SOURCE-BATCH-INTAKE","SOURCE-BATCH-410","SourceBatchCommitted","InterviewComplete","Run fresh non-gated discovery and implement SB410-CAND-001 BaseBook stale/null/mobile/source-book guard before existing writable-book author initialization and book packet sends.","Items:Books / BaseBook double-click display","Data/Scripts/Items/Books/BaseBook.cs","BaseBook title/author defaults, writable-book author initialization, BookHeader send, BookPageDetails send, packet handler behavior, content editing, secure-level behavior, serialization layout/versioning, namespace/type/file layout, project/config/data files, staff/access behavior, economy/reward tuning, region/map policy, and reorganization state.","POST-BATCH-Y exact-file gate hits for BaseBook.cs=0; exact-file active overlay rows=0; no gated approval crossed.","NotRequiredForNonGatedTarget","None beyond normal POST-BATCH-Y and exact-file active-overlay preflight; no economy tuning, serializer, region behavior, staff/access policy, or project/config/data changes allowed.","/goal SOURCE-BATCH-410 BaseBook Guard Repair","Yes","2026-07-02T22:48:00-05:00","Implemented, verified, and committed as 2839662e."
"SOURCE-BATCH-INTAKE","SOURCE-BATCH-411","SourceBatchCommitted","InterviewComplete","Run fresh non-gated discovery and implement SB411-CAND-001 SackOfHolding stale/null/mobile/source-sack/context-menu/gump-response guard before existing owner/open/information-gump behavior.","Items:Containers / SackOfHolding","Data/Scripts/Items/Containers/SackOfHolding.cs","SackOfHolding randomized item setup, owner assignment, open behavior, BagGump text/layout/sound, context menu label, container rejection rules, weight reduction behavior, MaxItems behavior, SackOwner serialization, deserialize normalization, namespace/type/file layout, project/config/data files, staff/access behavior, economy/reward tuning, region/map policy, and reorganization state.","POST-BATCH-Y exact-file gate hits for SackOfHolding.cs=0; exact-file active overlay rows=0; no gated approval crossed.","NotRequiredForNonGatedTarget","None beyond normal POST-BATCH-Y and exact-file active-overlay preflight; no economy tuning, serializer, region behavior, staff/access policy, or project/config/data changes allowed.","/goal SOURCE-BATCH-411 SackOfHolding Guard Repair","Yes","2026-07-02T22:53:00-05:00","Implemented, verified, and committed as e0651a81."
"SOURCE-BATCH-INTAKE","SOURCE-BATCH-412","SourceBatchCommitted","InterviewComplete","Run fresh non-gated discovery and implement SB412-CAND-001 Watcher stale/null/mobile/source-mobile guard before existing PackAnimal pack-open and context-menu delegation.","Mobiles:Unusual / Watcher pack animal","Data/Scripts/Mobiles/Unusual/Watcher.cs","Watcher stats, breath behavior, taming settings, pack creation, pack animal access policy, drag/drop behavior, death inventory behavior, meat/hides/favorite food, PackAnimal.TryPackOpen delegation, PackAnimal.GetContextMenuEntries delegation, serialization layout/versioning, namespace/type/file layout, project/config/data files, staff/access behavior, economy/reward tuning, region/map policy, and reorganization state.","POST-BATCH-Y exact-file gate hits for Watcher.cs=0; exact-file active overlay rows=0; no gated approval crossed.","NotRequiredForNonGatedTarget","None beyond normal POST-BATCH-Y and exact-file active-overlay preflight; no economy tuning, serializer, region behavior, staff/access policy, or project/config/data changes allowed.","/goal SOURCE-BATCH-412 Watcher Guard Repair","Yes","2026-07-02T22:58:00-05:00","Implemented, verified, and committed as e7767a59."
"SOURCE-BATCH-INTAKE","SOURCE-BATCH-413","SourceBatchCommitted","InterviewComplete","Run fresh non-gated discovery and implement SB413-CAND-001 ColoringBook stale/null/mobile/source-book/backpack/target/gump-response guard before existing prismatic color selection and item hue application.","Items:Magical Artifacts / ColoringBook","Data/Scripts/Items/Magical/Artifacts/Minor/ColoringBook.cs","Prismatic color list, page navigation, MagicColor and MagicPage state, item hue application, target range, backpack-use message, invalid-target messages, sound 0x55, sound 0x1FA, RevealingAction, serialization layout/versioning, namespace/type/file layout, project/config/data files, staff/access behavior, economy/reward tuning, region/map policy, and reorganization state.","POST-BATCH-Y exact-file gate hits for ColoringBook.cs=0; exact-file active overlay rows=0; no gated approval crossed.","NotRequiredForNonGatedTarget","None beyond normal POST-BATCH-Y and exact-file active-overlay preflight; no economy tuning, serializer, region behavior, staff/access policy, or project/config/data changes allowed.","/goal SOURCE-BATCH-413 ColoringBook Guard Repair","Yes","2026-07-02T23:07:00-05:00","Implemented, verified, and committed as 33d1807f."
"SOURCE-BATCH-INTAKE","SOURCE-BATCH-414","SourceBatchCommitted","InterviewComplete","Run fresh non-gated discovery and implement SB414-CAND-001 HintItem stale/null/mobile/source-item guard before existing hint message dispatch.","Items:Misc / WarningItem HintItem","Data/Scripts/Items/Misc/WarningItem.cs","WarningItem movement broadcast behavior, pooled enumerable ownership, neighbor broadcast behavior, HintItem message dispatch, warning/hint string and number persistence, range/reset behavior, serialization layout/versioning, namespace/type/file layout, project/config/data files, staff/access behavior, economy/reward tuning, region/map policy, and reorganization state.","POST-BATCH-Y exact-file gate hits for WarningItem.cs=0; exact-file active overlay rows=0; no gated approval crossed.","NotRequiredForNonGatedTarget","None beyond normal POST-BATCH-Y and exact-file active-overlay preflight; no economy tuning, serializer, region behavior, staff/access policy, or project/config/data changes allowed.","/goal SOURCE-BATCH-414 HintItem Guard Repair","Yes","2026-07-02T23:15:00-05:00","Implemented, verified, and committed as b27bb575."
"SOURCE-BATCH-INTAKE","SOURCE-BATCH-415","SourceBatchCommitted","InterviewComplete","Run fresh non-gated discovery and implement SB415-CAND-001 WindChimes stale/null/mobile/source-chime/gump-response guard before existing owner check and TurnedOn toggle behavior.","Items:Misc / WindChimes","Data/Scripts/Items/Misc/WindChimes.cs","Owner-only use rule, OnOffGump layout, OK/cancel button behavior, locked-down reminder, cancel message, TurnedOn toggle, movement sound behavior, sound table, serialization layout/versioning, namespace/type/file layout, project/config/data files, staff/access behavior, economy/reward tuning, region/map policy, and reorganization state.","POST-BATCH-Y exact-file gate hits for WindChimes.cs=0; exact-file active overlay rows=0; no gated approval crossed.","NotRequiredForNonGatedTarget","None beyond normal POST-BATCH-Y and exact-file active-overlay preflight; no economy tuning, serializer, region behavior, staff/access policy, or project/config/data changes allowed.","/goal SOURCE-BATCH-415 WindChimes Guard Repair","Yes","2026-07-02T23:21:00-05:00","Implemented, verified, and committed as e10d3ed9."
"SOURCE-BATCH-INTAKE","SOURCE-BATCH-416","SourceBatchCommitted","InterviewComplete","Run fresh non-gated discovery and implement SB416-CAND-001 HouseSign stale/null/mobile/source-sign guard before existing sign rename prompt message and prompt assignment.","Items:Decorations / HouseSign rename signs","Data/Scripts/Items/Decorations/HouseSign.cs","Current rename access policy, sign item IDs/names/weights/movable flags, prompt text, prompt assignment, prompt response validation, name assignment, confirmation message, serialization layout/versioning, namespace/type/file layout, project/config/data files, staff/access behavior, economy/reward tuning, region/map policy, and reorganization state.","POST-BATCH-Y exact-file gate hits for HouseSign.cs=0; exact-file active overlay rows=0; no gated approval crossed.","NotRequiredForNonGatedTarget","None beyond normal POST-BATCH-Y and exact-file active-overlay preflight; no economy tuning, serializer, region behavior, staff/access policy, or project/config/data changes allowed.","/goal SOURCE-BATCH-416 HouseSign Rename Guard Repair","Yes","2026-07-02T23:28:00-05:00","Implemented, verified, and committed as e84ae272."
"SOURCE-BATCH-INTAKE","SOURCE-BATCH-417","SourceBatchCommitted","InterviewComplete","Run fresh non-gated discovery and implement SB417-CAND-001 TarotCards stale/null/mobile/source-card/gump-response/static-send guard before existing range checks, gump sends, and gump refresh behavior.","Items:Special / Rares / TarotCards","Data/Scripts/Items/Special/Rares/TarotCards/DecoDeckOfTarot.cs; Data/Scripts/Items/Special/Rares/TarotCards/DecoDeckOfTarot2.cs; Data/Scripts/Items/Special/Rares/TarotCards/DecoTarot.cs; Data/Scripts/Items/Special/Rares/TarotCards/DecoTarot2.cs; Data/Scripts/Items/Special/Rares/TarotCards/DecoTarot3.cs; Data/Scripts/Items/Special/Rares/TarotCards/DecoTarot4.cs; Data/Scripts/Items/Special/Rares/TarotCards/DecoTarot5.cs; Data/Scripts/Items/Special/Rares/TarotCards/DecoTarot6.cs; Data/Scripts/Items/Special/Rares/TarotCards/DecoTarot7.cs","Tarot item IDs, names, movable/stackable flags, range check/localized reach message, TarotCardsGump layout, random tarot text generation, card image selection, refresh/cancel button behavior, gypsy sound, base sound 0x5BB, serialization layout/versioning, namespace/type/file layout, project/config/data files, staff/access behavior, economy/reward tuning, region/map policy, and reorganization state.","POST-BATCH-Y exact-file gate hits for the nine TarotCards files=0; exact-file active overlay rows=0; no gated approval crossed.","NotRequiredForNonGatedTarget","None beyond normal POST-BATCH-Y and exact-file active-overlay preflight; no economy tuning, serializer, region behavior, staff/access policy, or project/config/data changes allowed.","/goal SOURCE-BATCH-417 TarotCards Guard Repair","Yes","2026-07-02T23:37:00-05:00","Implemented, verified, and committed as dc9df648."
"SOURCE-BATCH-INTAKE","SOURCE-BATCH-418","SourceBatchCommitted","InterviewComplete","Run fresh non-gated discovery and implement SB418-CAND-001 HolidayBells stale/null/mobile/source-bell/gump-response guard before existing owner check and TurnedOn toggle behavior.","Items:Special / Holiday / HolidayBells","Data/Scripts/Items/Special/Holiday/HolidayBells.cs","House owner rule, OnOffGump layout, OK/cancel button behavior, locked-down reminder, cancel message, TurnedOn toggle, movement sound behavior, sound table, holiday bell item definitions, serialization layout/versioning, namespace/type/file layout, project/config/data files, staff/access behavior, economy/reward tuning, region/map policy, and reorganization state.","POST-BATCH-Y exact-file gate hits for HolidayBells.cs=0; exact-file active overlay rows=0; no gated approval crossed.","NotRequiredForNonGatedTarget","None beyond normal POST-BATCH-Y and exact-file active-overlay preflight; no economy tuning, serializer, region behavior, staff/access policy, or project/config/data changes allowed.","/goal SOURCE-BATCH-418 HolidayBells Guard Repair","Yes","2026-07-02T23:48:00-05:00","Implemented, verified, and committed as 2b86a32f."
"SOURCE-BATCH-INTAKE","SOURCE-BATCH-419","SourceBatchCommitted","InterviewComplete","Run fresh non-gated discovery and implement SB419-CAND-001 Halloween dart boards stale/null/mobile/source-board/delayed-callback guard before existing direction, range, line-of-sight, knife, scoring, sound, timer, and reset behavior.","Items:Gifts / Holiday / Halloween / DartBoards","Data/Scripts/Items/Gifts/Holiday/Halloween/Rewards/MongbatDartBoard.cs; Data/Scripts/Items/Gifts/Holiday/Halloween/Rewards/DaemonDartBoard.cs","Scoring thresholds and localized messages, BaseKnife-only eligibility, range/line-of-sight and facing checks, animation choice, moving effect, sounds, timer delays, item ID hit/reset behavior, addon/deed definitions, serialization layout/versioning, namespace/type/file layout, project/config/data files, staff/access behavior, economy/reward tuning, region/map policy, and reorganization state.","POST-BATCH-Y exact-file gate hits for both dart board files=0; exact-file active overlay rows=0; no gated approval crossed.","NotRequiredForNonGatedTarget","None beyond normal POST-BATCH-Y and exact-file active-overlay preflight; no economy tuning, serializer, region behavior, staff/access policy, or project/config/data changes allowed.","/goal SOURCE-BATCH-419 DartBoards Guard Repair","Yes","2026-07-03T00:01:00-05:00","Implemented, verified, and committed as c8a06efe."
"SOURCE-BATCH-INTAKE","SOURCE-BATCH-420","SourceBatchCommitted","InterviewComplete","Run fresh non-gated discovery and implement SB420-CAND-001 Halloween grave rename stale/null/mobile/source-grave guard before existing prompt message and prompt assignment.","Items:Gifts / Holiday / Halloween / Grave rename decorations","Data/Scripts/Items/Gifts/Holiday/Halloween/Rewards/HalloweenGrave1.cs; Data/Scripts/Items/Gifts/Holiday/Halloween/Rewards/HalloweenGrave2.cs; Data/Scripts/Items/Gifts/Holiday/Halloween/Rewards/HalloweenGrave3.cs","Grave item IDs, Flipable attributes, Furniture attributes, default Name and Weight, rename prompt message, prompt assignment, prompt response stale-state guard, name assignment, confirmation message, old Weight 4.0 normalization, serialization layout/versioning, namespace/type/file layout, project/config/data files, staff/access behavior, economy/reward tuning, region/map policy, and reorganization state.","POST-BATCH-Y exact-file gate hits for all three grave files=0; exact-file active overlay rows=0; no gated approval crossed.","NotRequiredForNonGatedTarget","None beyond normal POST-BATCH-Y and exact-file active-overlay preflight; no economy tuning, serializer, region behavior, staff/access policy, or project/config/data changes allowed.","/goal SOURCE-BATCH-420 HalloweenGraves Rename Guard Repair","Yes","2026-07-03T00:08:00-05:00","Implemented, verified, and committed as 5e053a11."
"SOURCE-BATCH-INTAKE","SOURCE-BATCH-421","SourceBatchCommitted","InterviewComplete","Run fresh non-gated discovery and implement SB421-CAND-001 Guillotine stale/null/mobile/source-item/delayed-callback guard before existing reach, damage, sound, blood, timer, and reset behavior.","Items:Misc / Guillotine","Data/Scripts/Items/Misc/Guillotine.cs","Range and line-of-sight check, localized reach failure message, Visible and ItemID eligibility, m_NextUse cooldown, damage chance and Utility.Dice(2, 10, 5), hurt sound, Ouch overhead, blade sound 0x387, blood creation, Timer.DelayCall timings, item ID down/reset behavior, deserialize reset behavior, serialization layout/versioning, namespace/type/file layout, project/config/data files, staff/access behavior, economy/reward tuning, region/map policy, and reorganization state.","POST-BATCH-Y exact-file gate hits for Guillotine.cs=0; exact-file active overlay rows=0; no gated approval crossed.","NotRequiredForNonGatedTarget","None beyond normal POST-BATCH-Y and exact-file active-overlay preflight; no economy tuning, serializer, region behavior, staff/access policy, or project/config/data changes allowed.","/goal SOURCE-BATCH-421 Guillotine Guard Repair","Yes","2026-07-03T00:14:00-05:00","Implemented, verified, and committed as 217ec173."
"SOURCE-BATCH-INTAKE","SOURCE-BATCH-422","SourceBatchCommitted","InterviewComplete","Run fresh non-gated discovery and implement SB422-CAND-001 BaseImprisonedMobile stale/null/mobile/source-item guard before existing backpack check and confirmation gump behavior.","Items:Special / Imprisoned mobile crystal base","Data/Scripts/Items/Special/BaseImprisonedMobile.cs","Backpack requirement, ConfirmBreakCrystalGump creation/send, localized backpack-use message 1042001, Summon abstract property, Release virtual hook, serialization layout/versioning, namespace/type/file layout, project/config/data files, staff/access behavior, economy/reward tuning, region/map policy, and reorganization state.","POST-BATCH-Y exact-file gate hits for BaseImprisonedMobile.cs=0; exact-file active overlay rows=0; no gated approval crossed.","NotRequiredForNonGatedTarget","None beyond normal POST-BATCH-Y and exact-file active-overlay preflight; no economy tuning, serializer, region behavior, staff/access policy, or project/config/data changes allowed.","/goal SOURCE-BATCH-422 BaseImprisonedMobile Guard Repair","Yes","2026-07-03T00:20:00-05:00","Implemented, verified, and committed as e7e94692."
"SOURCE-BATCH-INTAKE","SOURCE-BATCH-423","SourceBatchCommitted","InterviewComplete","Run fresh non-gated discovery and implement SB423-CAND-001 PowderOfTranslocation stale/null/mobile/source-powder guard before existing target assignment and target handling behavior.","Items:Special / Solen Items / PowderOfTranslocation","Data/Scripts/Items/Special/Solen Items/PowderOfTranslocation.cs","Range requirement, target assignment, TranslocationItem interface contract, charge cap check, max recharge check, partial recharge delta math, full powder consumption Delete behavior, localized messages 1054137 through 1054140, serialization layout/versioning, namespace/type/file layout, project/config/data files, staff/access behavior, economy/reward tuning, region/map policy, and reorganization state.","POST-BATCH-Y exact-file gate hits for PowderOfTranslocation.cs=0; exact-file active overlay rows=0; no gated approval crossed.","NotRequiredForNonGatedTarget","None beyond normal POST-BATCH-Y and exact-file active-overlay preflight; no economy tuning, serializer, region behavior, staff/access policy, or project/config/data changes allowed.","/goal SOURCE-BATCH-423 PowderOfTranslocation Guard Repair","Yes","2026-07-03T00:26:00-05:00","Implemented, verified, and committed as 790920b1."
"SOURCE-BATCH-INTAKE","SOURCE-BATCH-424","SourceBatchCommitted","InterviewComplete","Run fresh non-gated discovery and implement SB424-CAND-001 HairDye stale/null/mobile/source-dye/gump-response guard before existing range checks, gump display, hue selection, hue assignment, messages, sound, and delete behavior.","Items:Misc / HairDye","Data/Scripts/Items/Misc/HairDye.cs","Range requirement, HairDyeGump layout, hue entry table, selected hue calculation, no-hair rejection, backpack requirement, hair and facial hair hue assignment, dye Delete behavior, localized messages 501199, 501200, 502623, and 1042010, sound 0x4E, serialization layout/versioning, namespace/type/file layout, project/config/data files, staff/access behavior, economy/reward tuning, region/map policy, and reorganization state.","POST-BATCH-Y exact-file gate hits for HairDye.cs=0; exact-file active overlay rows=0; no gated approval crossed.","NotRequiredForNonGatedTarget","None beyond normal POST-BATCH-Y and exact-file active-overlay preflight; no economy tuning, serializer, region behavior, staff/access policy, or project/config/data changes allowed.","/goal SOURCE-BATCH-424 HairDye Guard Repair","Yes","2026-07-03T00:34:25-05:00","Implemented, verified, and committed as 45f03b5a."
"SOURCE-BATCH-INTAKE","SOURCE-BATCH-425","SourceBatchCommitted","InterviewComplete","Run fresh non-gated discovery and implement SB425-CAND-001 SpecialHairDye stale/null/mobile/source-dye/gump-response guard before existing range checks, gump display, hue selection, hair hue assignment, messages, sound, and delete behavior.","Items:Misc / SpecialHairDye","Data/Scripts/Items/Misc/SpecialHairDye.cs","Range requirement, SpecialHairDyeGump layout, hue entry table, selected hue calculation, no-hair rejection, backpack requirement, hair hue assignment, dye Delete behavior, localized messages 501199, 501200, 502623, and 1042010, sound 0x4E, serialization layout/versioning, namespace/type/file layout, project/config/data files, staff/access behavior, economy/reward tuning, region/map policy, and reorganization state.","POST-BATCH-Y exact-file gate hits for SpecialHairDye.cs=0; exact-file active overlay rows=0; no gated approval crossed.","NotRequiredForNonGatedTarget","None beyond normal POST-BATCH-Y and exact-file active-overlay preflight; no economy tuning, serializer, region behavior, staff/access policy, or project/config/data changes allowed.","/goal SOURCE-BATCH-425 SpecialHairDye Guard Repair","Yes","2026-07-03T00:41:31-05:00","Implemented, verified, and committed as 954572a8."
"SOURCE-BATCH-INTAKE","SOURCE-BATCH-426","SourceBatchCommitted","InterviewComplete","Run fresh non-gated discovery and implement SB426-CAND-001 SpecialBeardDye stale/null/mobile/source-dye/gump-response guard before existing range checks, gump display, hue selection, facial hair hue assignment, messages, sound, and delete behavior.","Items:Misc / SpecialBeardDye","Data/Scripts/Items/Misc/SpecialBeardDye.cs","Range requirement, SpecialBeardDyeGump layout, hue entry table, selected hue calculation, no-facial-hair rejection, backpack requirement, facial hair hue assignment, dye Delete behavior, localized messages 501199, 501200, 502623, and 1042010, sound 0x4E, serialization layout/versioning, namespace/type/file layout, project/config/data files, staff/access behavior, economy/reward tuning, region/map policy, and reorganization state.","POST-BATCH-Y exact-file gate hits for SpecialBeardDye.cs=0; exact-file active overlay rows=0; no gated approval crossed.","NotRequiredForNonGatedTarget","None beyond normal POST-BATCH-Y and exact-file active-overlay preflight; no economy tuning, serializer, region behavior, staff/access policy, or project/config/data changes allowed.","/goal SOURCE-BATCH-426 SpecialBeardDye Guard Repair","Yes","2026-07-03T00:46:37-05:00","Implemented, verified, and committed as 9de620cc."
"SOURCE-BATCH-INTAKE","SOURCE-BATCH-427","SourceBatchCommitted","InterviewComplete","Run fresh non-gated discovery and implement SB427-CAND-001 RuneOfVirtue stale/null/mobile/source-rune guard before existing backpack check, backpack-use message, and RuneLook cycling behavior.","Items:Magical / RuneOfVirtue","Data/Scripts/Items/Magical/RuneOfVirtue.cs","Backpack-use localized message 1060640, RuneLook name/item ID cycle, morality side hue behavior, owner/side fields, OnEquip and MoralityCheck behavior, serialization layout/versioning, namespace/type/file layout, project/config/data files, staff/access behavior, economy/reward tuning, region/map policy, and reorganization state.","POST-BATCH-Y exact-file gate hits for RuneOfVirtue.cs=0; exact-file active overlay rows=0; no gated approval crossed.","NotRequiredForNonGatedTarget","None beyond normal POST-BATCH-Y and exact-file active-overlay preflight; no economy tuning, serializer, region behavior, staff/access policy, or project/config/data changes allowed.","/goal SOURCE-BATCH-427 RuneOfVirtue Guard Repair","Yes","2026-07-03T00:53:51-05:00","Implemented, verified, and committed as 22464be5."
"SOURCE-BATCH-INTAKE","SOURCE-BATCH-428","SourceBatchCommitted","InterviewComplete","Run fresh non-gated discovery and implement SB428-CAND-001 SoulLantern stale/null/mobile/source-lantern guard before existing equipped-layer lookup and equip/unequip behavior.","Magic:Death Knight / SoulLantern","Data/Scripts/Magic/Death Knight/SoulLantern.cs","Owner comparison, equipped-layer detection, backpack-use localized message 1042001, item ID transitions 0xA18 and 0xA15, sounds 0x4BB and 0x47, base OnRemoved/OnEquip calls, TrappedSouls and owner fields, serialization layout/versioning, namespace/type/file layout, project/config/data files, staff/access behavior, economy/reward tuning, region/map policy, and reorganization state.","POST-BATCH-Y exact-file gate hits for SoulLantern.cs=0; exact-file active overlay rows=0; no gated approval crossed.","NotRequiredForNonGatedTarget","None beyond normal POST-BATCH-Y and exact-file active-overlay preflight; no economy tuning, serializer, region behavior, staff/access policy, or project/config/data changes allowed.","/goal SOURCE-BATCH-428 SoulLantern Guard Repair","Yes","2026-07-03T01:06:00-05:00","Implemented, verified, and committed as fe3737e9."
"SOURCE-BATCH-INTAKE","SOURCE-BATCH-429","SourceBatchCommitted","InterviewComplete","Run fresh non-gated discovery and implement SB429-CAND-001 ForgetfulGem stale/null/mobile/response-state guard before existing magic-skill checks, CrystalGump navigation, sounds, skill reset, and location effect behavior.","Magic:Base / ForgetfulGem","Data/Scripts/Magic/Base/ForgetfulGem.cs","Magery/Necromancy/Elementalism skill checks, CrystalGump text/page navigation, sound IDs 0x5C9/0x4A/0x65C, skill BaseFixedPoint reset to 0, location effect 0x3039, no-skill warm-touch message, stationary crystal item setup, serialization layout/versioning, namespace/type/file layout, project/config/data files, staff/access behavior, economy/reward tuning, region/map policy, and reorganization state.","POST-BATCH-Y exact-file gate hits for ForgetfulGem.cs=0; exact-file active overlay rows=0; no gated approval crossed.","NotRequiredForNonGatedTarget","None beyond normal POST-BATCH-Y and exact-file active-overlay preflight; no economy tuning, serializer, region behavior, staff/access policy, or project/config/data changes allowed.","/goal SOURCE-BATCH-429 ForgetfulGem Guard Repair","Yes","2026-07-03T01:12:00-05:00","Implemented, verified, and committed as d33ddc40."
"SOURCE-BATCH-INTAKE","SOURCE-BATCH-430","SourceBatchCommitted","InterviewComplete","Run fresh non-gated discovery and implement SB430-CAND-001 SongBook stale/null/mobile/source-book guard before existing range check and SongBookGump behavior.","Magic:Bard / SongBook","Data/Scripts/Magic/Bard/SongBook.cs","SpellbookType.Song, BookOffset 351, BookCount 16, range requirement 1, SongBookGump close/open behavior, Instrument field persistence, serialization layout/versioning, namespace/type/file layout, project/config/data files, staff/access behavior, economy/reward tuning, region/map policy, and reorganization state.","POST-BATCH-Y exact-file gate hits for SongBook.cs=0; exact-file active overlay rows=0; no gated approval crossed.","NotRequiredForNonGatedTarget","None beyond normal POST-BATCH-Y and exact-file active-overlay preflight; no economy tuning, serializer, region behavior, staff/access policy, or project/config/data changes allowed.","/goal SOURCE-BATCH-430 SongBook Guard Repair","Yes","2026-07-03T01:18:00-05:00","Implemented, verified, and committed as 6b067895."
"SOURCE-BATCH-INTAKE","SOURCE-BATCH-431","SourceBatchCommitted","InterviewComplete","Run fresh non-gated discovery and implement SB431-CAND-001 MagicObjectTarget stale/null/mobile/source-magic-object guard before existing BaseMagicObject.DoMagicObjectTarget dispatch.","Magic:Misc / MagicObjectTarget","Data/Scripts/Magic/Misc/MagicObjectTarget.cs","Target range 6, harmful flag false, TargetFlags.None, BaseMagicObject.DoMagicObjectTarget dispatch, targeted object pass-through, BaseMagicObject.OnMagicObjectUse target assignment, BaseMagicObject.DoMagicObjectTarget rules, serialization layout/versioning, namespace/type/file layout, project/config/data files, staff/access behavior, economy/reward tuning, region/map policy, and reorganization state.","POST-BATCH-Y exact-file gate hits for MagicObjectTarget.cs=0; exact-file active overlay rows=0; no gated approval crossed.","NotRequiredForNonGatedTarget","None beyond normal POST-BATCH-Y and exact-file active-overlay preflight; no economy tuning, serializer, region behavior, staff/access policy, or project/config/data changes allowed.","/goal SOURCE-BATCH-431 MagicObjectTarget Guard Repair","Yes","2026-07-03T01:26:00-05:00","Implemented, verified, and committed as 7dc34d16."
"SOURCE-BATCH-INTAKE","SOURCE-BATCH-432","SourceBatchCommitted","InterviewComplete","Run fresh non-gated discovery and implement SB432-CAND-001 RobeOfTeleportation stale/null/mobile/source-robe guard before existing worn-state check, failure message, and TeleportSpell cast behavior.","Items:Magical / Artifact_RobeOfTeleportation","Data/Scripts/Items/Magical/Artifacts/Artifact_RobeOfTeleportation.cs","Wearing requirement Parent == from, message 'You must be wearing the robe to teleport.', TeleportSpell(from, this).Cast behavior, Arty setup level/text, randomized hue, name, serialization layout/versioning, namespace/type/file layout, project/config/data files, staff/access behavior, economy/reward tuning, region/map policy, and reorganization state.","POST-BATCH-Y exact-file gate hits for Artifact_RobeOfTeleportation.cs=0; exact-file active overlay rows=0; no gated approval crossed.","NotRequiredForNonGatedTarget","None beyond normal POST-BATCH-Y and exact-file active-overlay preflight; no economy tuning, serializer, region behavior, staff/access policy, or project/config/data changes allowed.","/goal SOURCE-BATCH-432 RobeOfTeleportation Guard Repair","Yes","2026-07-03T01:36:00-05:00","Implemented, verified, and committed as 7023f0c7."
"SOURCE-BATCH-INTAKE","SOURCE-BATCH-433","SourceBatchCommitted","InterviewComplete","Run fresh non-gated discovery and implement SB433-CAND-001 RecipeScroll stale/null/mobile/source-scroll guard before existing range, recipe, skill, learn, message, and scroll deletion behavior.","Items:Trades / RecipeScroll","Data/Scripts/Items/Trades/Misc/RecipeScroll.cs","Range 2 rule, localized reach failure 1019045, Recipe property lookup, PlayerMobile learning requirement, HasRecipe check, CraftItem.GetSuccessChance skill gate, localized messages 1073451, 1044153, and 1073427, AcquireRecipe behavior, scroll Delete semantics, RecipeID persistence, serialization layout/versioning, namespace/type/file layout, project/config/data files, staff/access behavior, economy/reward tuning, region/map policy, and reorganization state.","POST-BATCH-Y exact-file gate hits for RecipeScroll.cs=0; exact-file active overlay rows=0; no gated approval crossed.","NotRequiredForNonGatedTarget","None beyond normal POST-BATCH-Y and exact-file active-overlay preflight; no economy tuning, serializer, region behavior, staff/access policy, or project/config/data changes allowed.","/goal SOURCE-BATCH-433 RecipeScroll Guard Repair","Yes","2026-07-03T01:44:00-05:00","Implemented, verified, and committed as c08e7e82."
"SOURCE-BATCH-INTAKE","SOURCE-BATCH-434","SourceBatchCommitted","InterviewComplete","Run fresh non-gated discovery and implement SB434-CAND-001 MysticPack stale/null/mobile/source-pack/dropped-item guards before existing owner, FistFighting, monk, open, drag/drop, message, and weight behavior.","Magic:Mystic / MysticPack","Data/Scripts/Magic/Mystic/MysticPack.cs","Owner comparison, FistFighting >= 100 threshold, GetPlayerInfo.isMonk check, Open(from) behavior, base drag/drop behavior, failure message 'You cannot seem to open the rucksack.', Weight, MaxItems, name/hue, owner persistence, weight reduction overrides, serialization layout/versioning, namespace/type/file layout, project/config/data files, staff/access behavior, economy/reward tuning, region/map policy, and reorganization state.","POST-BATCH-Y exact-file gate hits for MysticPack.cs=0; exact-file active overlay rows=0; no gated approval crossed.","NotRequiredForNonGatedTarget","None beyond normal POST-BATCH-Y and exact-file active-overlay preflight; no economy tuning, serializer, region behavior, staff/access policy, or project/config/data changes allowed.","/goal SOURCE-BATCH-434 MysticPack Guard Repair","Yes","2026-07-03T01:53:00-05:00","Implemented, verified, and committed as 0dbe8aaa."
"SOURCE-BATCH-INTAKE","SOURCE-BATCH-435","SourceBatchCommitted","InterviewComplete","Run fresh non-gated discovery and implement SB435-CAND-001 Fukiya stale/null/mobile/source-item guard before existing Ninjitsu weapon dispatch behavior.","Items:Trades / Ninjitsu / Fukiya","Data/Scripts/Items/Trades/Ninjitsu/Fukiya.cs","NinjaWeapon.AttemptShoot((PlayerMobile)from, this) dispatch, PlayerMobile cast behavior, ammo type FukiyaDarts, range 0 to 6, damage 4 to 6, localized message IDs 1063325 through 1063330, AttackAnimation behavior, uses/poison properties, serialization layout/versioning, namespace/type/file layout, project/config/data files, staff/access behavior, economy/reward tuning, region/map policy, and reorganization state.","POST-BATCH-Y exact-file gate hits for Fukiya.cs=0; exact-file active overlay rows=0; no gated approval crossed.","NotRequiredForNonGatedTarget","None beyond normal POST-BATCH-Y and exact-file active-overlay preflight; no economy tuning, serializer, region behavior, staff/access policy, or project/config/data changes allowed.","/goal SOURCE-BATCH-435 Fukiya Guard Repair","Yes","2026-07-03T14:16:00-05:00","Implemented, verified, and committed as 5258080f."
"SOURCE-BATCH-INTAKE","SOURCE-BATCH-436","SourceBatchCommitted","InterviewComplete","Run fresh non-gated discovery and implement SB436-CAND-001 LeatherNinjaBelt stale/null/mobile/source-item guard before existing Ninjitsu weapon dispatch behavior.","Items:Trades / Ninjitsu / LeatherNinjaBelt","Data/Scripts/Items/Trades/Ninjitsu/LeatherNinjaBelt.cs","NinjaWeapon.AttemptShoot((PlayerMobile)from, this) dispatch, PlayerMobile cast behavior, ammo type Shuriken, range 2 to 10, damage 3 to 5, localized message IDs 1063297 through 1063302, AttackAnimation behavior, uses/poison properties, context menu load/unload behavior, serialization layout/versioning, namespace/type/file layout, project/config/data files, staff/access behavior, economy/reward tuning, region/map policy, and reorganization state.","POST-BATCH-Y exact-file gate hits for LeatherNinjaBelt.cs=0; exact-file active overlay rows=0; no gated approval crossed.","NotRequiredForNonGatedTarget","None beyond normal POST-BATCH-Y and exact-file active-overlay preflight; no economy tuning, serializer, region behavior, staff/access policy, or project/config/data changes allowed.","/goal SOURCE-BATCH-436 LeatherNinjaBelt Guard Repair","Yes","2026-07-03T14:19:00-05:00","Implemented, verified, and committed as 6a463cf2."
"SOURCE-BATCH-INTAKE","SOURCE-BATCH-437","SourceBatchCommitted","InterviewComplete","Run fresh non-gated discovery and implement SB437-CAND-001 GandalfsStaff stale/null/mobile/source-staff guard before existing cooldown, held-staff messages, and SummonDragonSpell dispatch behavior.","Items:Magical / Artifacts / GandalfsStaff","Data/Scripts/Items/Magical/Artifacts/Artifact_GandalfsStaff.cs","Merlin staff name/hue, artifact setup, skill bonuses and attributes, cooldown calculation, held-staff requirement, failure/wait messages, SummonDragonSpell cast, TimeUsed update, TimeUsed serialization layout/versioning, namespace/type/file layout, project/config/data files, staff/access behavior, economy/reward tuning, region/map policy, and reorganization state.","POST-BATCH-Y exact-file gate hits for Artifact_GandalfsStaff.cs=0; exact-file active overlay rows=0; inactive FalsePositive backlog rows=1; no gated approval crossed.","NotRequiredForNonGatedTarget","None beyond normal POST-BATCH-Y and exact-file active-overlay preflight; no economy tuning, serializer, region behavior, staff/access policy, or project/config/data changes allowed.","/goal SOURCE-BATCH-437 GandalfsStaff Guard Repair","Yes","2026-07-03T14:26:00-05:00","Implemented, verified, and committed as e055c0f4."
"SOURCE-BATCH-INTAKE","SOURCE-BATCH-438","SourceBatchCommitted","InterviewComplete","Run fresh non-gated discovery and implement SB438-CAND-001 StaffofSnakes stale/null/mobile/source-staff guard before existing cooldown, held-staff messages, and SummonSnakesSpell dispatch behavior.","Items:Magical / Artifacts / StaffofSnakes","Data/Scripts/Items/Magical/Artifacts/Artifact_StaffofSnakes.cs","Staff name/hue, artifact setup, poison elemental damage, spell channeling, SlayerName.SnakesBane, HitPoisonArea, cooldown calculation, held-staff requirement, failure/wait messages, SummonSnakesSpell cast, TimeUsed update, TimeUsed serialization layout/versioning, namespace/type/file layout, project/config/data files, staff/access behavior, economy/reward tuning, region/map policy, and reorganization state.","POST-BATCH-Y exact-file gate hits for Artifact_StaffofSnakes.cs=0; exact-file active overlay rows=0; inactive FalsePositive backlog rows=1; no gated approval crossed.","NotRequiredForNonGatedTarget","None beyond normal POST-BATCH-Y and exact-file active-overlay preflight; no economy tuning, serializer, region behavior, staff/access policy, or project/config/data changes allowed.","/goal SOURCE-BATCH-438 StaffofSnakes Guard Repair","Yes","2026-07-03T14:32:00-05:00","Implemented, verified, and committed as 491b8903."
"SOURCE-BATCH-INTAKE","SOURCE-BATCH-439","SourceBatchCommitted","InterviewComplete","Run fresh non-gated discovery and implement SB439-CAND-001 Head stale/null/mobile/source-head guard before existing item-ID cycling behavior.","Items:Misc / Bodies / Head","Data/Scripts/Items/Misc/Bodies/Head.cs","DefaultName behavior, HeadType values, PlayerName/Job properties, AddNameProperties, item-ID cycling sequence, serialization layout/versioning, namespace/type/file layout, project/config/data files, staff/access behavior, economy/reward tuning, region/map policy, and reorganization state.","POST-BATCH-Y exact-file gate hits for Head.cs=0; exact-file active overlay rows=0; inactive backlog rows=1; no gated approval crossed.","NotRequiredForNonGatedTarget","None beyond normal POST-BATCH-Y and exact-file active-overlay preflight; no economy tuning, serializer, region behavior, staff/access policy, or project/config/data changes allowed.","/goal SOURCE-BATCH-439 Head Guard Repair","Yes","2026-07-03T14:39:00-05:00","Implemented, verified, and committed as 03b9a84d."
"SOURCE-BATCH-INTAKE","SOURCE-BATCH-440","SourceBatchCommitted","InterviewComplete","Run fresh non-gated discovery and implement SB440-CAND-001 EssenceOrb stale/null/mobile/source-orb guard before existing owner assignment, morph toggles, player appearance mutations, effects, and messages.","Items:Misc / Dyes / EssenceOrb","Data/Scripts/Items/Misc/Dyes/Essence/EssenceOrb.cs","Owner comparison and assignment, m_OriginalName value, morph status toggle, TurnOtherOrbsOff behavior, player hue/hair/facial-hair mutation, item name/hue changes, sound 0x659, particle effect 0x373A, success/failure messages, serialized owner/morph/status/type fields, serialization layout/versioning, namespace/type/file layout, project/config/data files, staff/access behavior, economy/reward tuning, region/map policy, and reorganization state.","POST-BATCH-Y exact-file gate hits for EssenceOrb.cs=0; exact-file active overlay rows=0; no gated approval crossed.","NotRequiredForNonGatedTarget","None beyond normal POST-BATCH-Y and exact-file active-overlay preflight; no economy tuning, serializer, region behavior, staff/access policy, or project/config/data changes allowed.","/goal SOURCE-BATCH-440 EssenceOrb Guard Repair","Yes","2026-07-03T14:47:00-05:00","Implemented, verified, and committed as e2b9b79a."
"SOURCE-BATCH-INTAKE","SOURCE-BATCH-441","SourceBatchCommitted","InterviewComplete","Run fresh non-gated discovery and implement SB441-CAND-001 TapestryOfSosaria stale/null/mobile/source-tapestry guard before existing range check and display gump behavior.","Items:Special / TapestryOfSosaria","Data/Scripts/Items/Special/TapestryOfSosaria.cs","Range requirement, localized reach message 1019045, InternalGump image 0x2C95, secure-level context menu behavior, Level persistence, serialization layout/versioning, namespace/type/file layout, project/config/data files, staff/access behavior, economy/reward tuning, region/map policy, and reorganization state.","POST-BATCH-Y exact-file gate hits for TapestryOfSosaria.cs=0; exact-file active overlay rows=0; no gated approval crossed.","NotRequiredForNonGatedTarget","None beyond normal POST-BATCH-Y and exact-file active-overlay preflight; no economy tuning, serializer, region behavior, staff/access policy, or project/config/data changes allowed.","/goal SOURCE-BATCH-441 TapestryOfSosaria Guard Repair","Yes","2026-07-03T15:00:00-05:00","Implemented, verified, and committed as a09b0db1."
"SOURCE-BATCH-INTAKE","SOURCE-BATCH-442","SourceBatchCommitted","InterviewComplete","Run fresh non-gated discovery and implement SB442-CAND-001 TowerLanternArtifact stale/null/mobile/source-lantern guard before existing range check, IsOn toggle, and sound behavior.","Items:Decorations / SEDecorationArtifacts / TowerLanternArtifact","Data/Scripts/Items/Decorations/Artifacts/SEDecorationArtifacts.cs","TowerLanternArtifact item IDs 0x24BF/0x24C0, IsOn property semantics, range requirement, sounds 0x3BE and 0x47, localized reach message 1019045, LightType.Circle225 constructor/deserialize behavior, all other SE decoration artifact classes, serialization layout/versioning, namespace/type/file layout, project/config/data files, staff/access behavior, economy/reward tuning, region/map policy, and reorganization state.","POST-BATCH-Y exact-file gate hits for SEDecorationArtifacts.cs=0; exact-file active overlay rows=0; no gated approval crossed.","NotRequiredForNonGatedTarget","None beyond normal POST-BATCH-Y and exact-file active-overlay preflight; no economy tuning, serializer, region behavior, staff/access policy, or project/config/data changes allowed.","/goal SOURCE-BATCH-442 TowerLanternArtifact Guard Repair","Yes","2026-07-03T15:11:00-05:00","Implemented, verified, and committed as 1e2b63a4."
"SOURCE-BATCH-INTAKE","SOURCE-BATCH-443","SourceBatchCommitted","InterviewComplete","Run fresh non-gated discovery and implement SB443-CAND-001 Lockpick stale/null/mobile/source-lockpick/deleted-target/timer-state guards before existing prompt, target assignment, lock checks, lockpicking skill checks, timer work, sounds, messages, lockpick consumption, and lock success/failure behavior.","Items:Trades / Thieving / Lockpick","Data/Scripts/Items/Trades/Thieving/LockPick.cs","Lockpick item IDs, stack/weight behavior, target prompt localized message 502068, target range, spaceship/key-card rules, dungeon-door rules, lockpicking skill thresholds, sounds 0x54B/0x241/0x549/0x3A4/0x4A, success/failure messages, lockpick Consume behavior, TreasureMapChest failure side effects, serialization layout/versioning, namespace/type/file layout, project/config/data files, staff/access behavior, economy/reward tuning, region/map policy, and reorganization state.","POST-BATCH-Y exact-file gate hits for LockPick.cs=0; exact-file active overlay rows=0; no gated approval crossed.","NotRequiredForNonGatedTarget","None beyond normal POST-BATCH-Y and exact-file active-overlay preflight; no economy tuning, serializer, region behavior, staff/access policy, or project/config/data changes allowed.","/goal SOURCE-BATCH-443 Lockpick Guard Repair","Yes","2026-07-03T15:17:00-05:00","Implemented, verified, and committed as 7136d0ce."
"SOURCE-BATCH-INTAKE","SOURCE-BATCH-444","SourceBatchCommitted","InterviewComplete","Run fresh non-gated discovery and implement SB444-CAND-001 DoorSwitch stale/null/mobile/source-switch/deleted-door/list guards before existing target prompt, door add/remove logic, switch targeting, open/close toggles, and add/remove messages.","Items:Doors / DoorSwitch","Data/Scripts/Items/Doors/DoorSwitch.cs","DoorSwitch item ID 0x108F, name Door locker, hue 38, blessed loot type, Movable behavior, target prompt text, target range 15, add/remove messages, controlled-door list semantics, open/close toggle semantics, serialized door list, serialization layout/versioning, namespace/type/file layout, project/config/data files, staff/access behavior, economy/reward tuning, region/map policy, and reorganization state.","POST-BATCH-Y exact-file gate hits for DoorSwitch.cs=0; exact-file active overlay rows=0; no gated approval crossed.","NotRequiredForNonGatedTarget","None beyond normal POST-BATCH-Y and exact-file active-overlay preflight; no economy tuning, serializer, region behavior, staff/access policy, or project/config/data changes allowed.","/goal SOURCE-BATCH-444 DoorSwitch Guard Repair","Yes","2026-07-03T15:26:00-05:00","Implemented, verified, and committed as b3e72fcd."
"SOURCE-BATCH-INTAKE","SOURCE-BATCH-445","SourceBatchCommitted","InterviewComplete","Run fresh non-gated discovery and implement SB445-CAND-001 MagicStaffTarget stale/null/mobile/source-staff guard before existing BaseMagicStaff.DoMagicStaffTarget dispatch.","Items:Wands / MagicStaffTarget","Data/Scripts/Items/Wands/MagicStaffTarget.cs","Target range 6, harmful flag false, TargetFlags.None, BaseMagicStaff.DoMagicStaffTarget dispatch, targeted object pass-through, BaseMagicStaff behavior, serialization layout/versioning, namespace/type/file layout, project/config/data files, staff/access behavior, economy/reward tuning, region/map policy, and reorganization state.","POST-BATCH-Y exact-file gate hits for MagicStaffTarget.cs=0; exact-file active overlay rows=0; no gated approval crossed.","NotRequiredForNonGatedTarget","None beyond normal POST-BATCH-Y and exact-file active-overlay preflight; no economy tuning, serializer, region behavior, staff/access policy, or project/config/data changes allowed.","/goal SOURCE-BATCH-445 MagicStaffTarget Guard Repair","Yes","2026-07-03T15:33:00-05:00","Implemented, verified, and committed as c8a6ede1."
"SOURCE-BATCH-INTAKE","SOURCE-BATCH-446","SourceBatchCommitted","InterviewComplete","Run fresh non-gated discovery and implement SB446-CAND-001 CustomHuePickerGump stale response/list/callback guards before existing hue callback dispatch.","Items:Misc / Dyes / CustomHuePickerGump","Data/Scripts/Items/Misc/Dyes/CustomHuePicker.cs","CustomHuePicker.SpecialDyeTub and LeatherDyeTub definitions, CustomHueGroup hue/name data, gump layout, button IDs 1 and 2, OK/default callback behavior, selected-hue index math, caller callback/state semantics, dye tub behavior, serialization absence, namespace/type/file layout, project/config/data files, staff/access behavior, economy/reward tuning, region/map policy, and reorganization state.","POST-BATCH-Y exact-file gate hits for CustomHuePicker.cs=0; exact-file active overlay rows=0; no gated approval crossed.","NotRequiredForNonGatedTarget","None beyond normal POST-BATCH-Y and exact-file active-overlay preflight; no economy tuning, serializer, region behavior, staff/access policy, or project/config/data changes allowed.","/goal SOURCE-BATCH-446 CustomHuePickerGump Guard Repair","Yes","2026-07-03T15:46:00-05:00","Implemented, verified, and committed as 5198e2bb."
"SOURCE-BATCH-INTAKE","SOURCE-BATCH-447","SourceBatchCommitted","InterviewComplete","Run fresh non-gated discovery and implement SB447-CAND-001 BankCheck stale/null/mobile/source-check guards before existing label send and bank-box lookup behavior.","Items:Misc / BankCheck","Data/Scripts/Items/Misc/BankCheck.cs","Hue 0xB51, blessed loot type, label/property display, worth persistence, single-click localized label packet, bank-box-only use rule, Delete before conversion, 60000-gold chunking, TryDropItem fallback behavior, new BankCheck remainder behavior, localized messages 1042672 and 1047026, serialization layout/versioning, namespace/type/file layout, project/config/data files, staff/access behavior, economy/reward tuning, region/map policy, and reorganization state.","POST-BATCH-Y exact-file gate hits for BankCheck.cs=0; exact-file active overlay rows=0; no gated approval crossed.","NotRequiredForNonGatedTarget","None beyond normal POST-BATCH-Y and exact-file active-overlay preflight; no economy tuning, serializer, region behavior, staff/access policy, or project/config/data changes allowed.","/goal SOURCE-BATCH-447 BankCheck Guard Repair","Yes","2026-07-03T15:54:00-05:00","Implemented, verified, and committed as 3ff3cc22."
"SOURCE-BATCH-INTAKE","SOURCE-BATCH-448","SourceBatchCommitted","InterviewComplete","Run fresh non-gated discovery and implement SB448-CAND-001 Wreath stale/null/mobile/source/deed/dye/gump/placement guards before existing house co-owner, placement, dye, redeed, and wall-orientation behavior.","Items:Special / Holiday / Wreath","Data/Scripts/Items/Special/Holiday/Wreath.cs","WreathAddon item IDs 0x232C and 0x232D, hue/random hue behavior, Movable=false, house co-owner rule, range checks 3 and 1, redeed gumps and button IDs, DyeTub hue assignment, WreathDeed placement target, wall-orientation choice, placement/range messages, BaseHouse.Addons insertion, Delete behavior, serialization layout/versioning, namespace/type/file layout, project/config/data files, staff/access behavior, economy/reward tuning, region/map policy, and reorganization state.","POST-BATCH-Y exact-file gate hits for Wreath.cs=0; exact-file active overlay rows=0; no gated approval crossed.","NotRequiredForNonGatedTarget","None beyond normal POST-BATCH-Y and exact-file active-overlay preflight; no economy tuning, serializer, region behavior, staff/access policy, or project/config/data changes allowed.","/goal SOURCE-BATCH-448 Wreath Guard Repair","Yes","2026-07-03T16:01:00-05:00","Implemented, verified, and committed as 5ad2808b."
"SOURCE-BATCH-INTAKE","SOURCE-BATCH-449","SourceBatchCommitted","InterviewComplete","Run fresh non-gated discovery and implement SB449-CAND-001 Mistletoe stale/null/mobile/source/deed/dye/gump/placement guards before existing house co-owner, placement, dye, redeed, label, and wall-orientation behavior.","Items:Gifts / Holiday / Christmas / Mistletoe","Data/Scripts/Items/Gifts/Holiday/Christmas/Christmas Gifts/Mistletoe.cs","MistletoeAddon item IDs 0x2374 and 0x2375, hue/random hue behavior, Movable=false, Winter 2004 label, house co-owner rule, range checks 3 and 1, redeed gumps and button IDs, DyeTub hue assignment, MistletoeDeed placement target, wall-orientation choice, placement/range messages, BaseHouse.Addons insertion, Delete behavior, serialization layout/versioning, namespace/type/file layout, project/config/data files, staff/access behavior, economy/reward tuning, region/map policy, and reorganization state.","POST-BATCH-Y exact-file gate hits for Mistletoe.cs=0; exact-file active overlay rows=0; no gated approval crossed.","NotRequiredForNonGatedTarget","None beyond normal POST-BATCH-Y and exact-file active-overlay preflight; no economy tuning, serializer, region behavior, staff/access policy, or project/config/data changes allowed.","/goal SOURCE-BATCH-449 Mistletoe Guard Repair","Yes","2026-07-03T16:10:02-05:00","Implemented, verified, and committed as 677e5a1e."
"SOURCE-BATCH-INTAKE","SOURCE-BATCH-450","SourceBatchCommitted","InterviewComplete","Run fresh non-gated discovery and implement SB450-CAND-001 MountedTrophyHead stale/null/mobile/source/backpack guards before existing backpack-only item ID flip behavior.","Items:Trades / Taxidermy / MountedTrophyHead","Data/Scripts/Trades/Taxidermy/MountedTrophyHead.cs","AnimalKiller and AnimalWhere properties and property-list display, all mounted trophy item ID flip pairs, existing backpack-use failure message, constructed item ID/name/weight, serialization layout/versioning, namespace/type/file layout, Taxidermy corpse trophy generation and corpse visited state, project/config/data files, staff/access behavior, economy/reward tuning, region/map policy, and reorganization state.","POST-BATCH-Y exact-file gate hits for MountedTrophyHead.cs=0; exact-file active overlay rows=0; no gated approval crossed.","NotRequiredForNonGatedTarget","None beyond normal POST-BATCH-Y and exact-file active-overlay preflight; no economy tuning, serializer, region behavior, staff/access policy, Taxidermy reward changes, or project/config/data changes allowed.","/goal SOURCE-BATCH-450 MountedTrophyHead Guard Repair","Yes","2026-07-03T16:17:32-05:00","Implemented, verified, and committed as 469123b8."
"SOURCE-BATCH-INTAKE","SOURCE-BATCH-451+","CandidateDiscoveryRequired","InterviewComplete","Run fresh non-gated candidate discovery for the next safe narrow guard or bug-fix target after SOURCE-BATCH-450 commits.","Pending fresh discovery","TBD after fresh exact-file discovery.","Staff/access, command policy, balance/economy, region/map, serializer migration/layout, project/config/data, XML/config/data, and reorganization boundaries remain excluded unless explicitly approved.","No source file selected yet for SOURCE-BATCH-451+; any future candidate must have exact-file POST-BATCH-Y gate hits=0 and active overlay rows=0 before source edits.","NotRequiredForDiscovery","None for discovery. Source edits require a concrete zero-gate, zero-overlay target and normal verification.","/goal SOURCE-BATCH-451+ Candidate Discovery Or Non-Gated Guard Repair","No","2026-07-03T16:14:17-05:00","Pending fresh non-gated source-batch discovery after SOURCE-BATCH-450 commit."
"SOURCE-BATCH-INTAKE","GATED-SOURCE-BATCH-STAFF","BlockedPendingApproval","InterviewCompleteNoApproval","Staff workflow/access changes are not approved.","Staff tooling / Command access","Gate-specific files from post-batch-y-source-change-gate-register.csv","Current staff workflow, command access, generated gump/tool behavior, and event workflow.","POST-BATCH-Y gates remain Staff tooling AcceptedFence=32; Command access AcceptedFence=2.","NotApproved","Explicit approval naming staff tool, command, workflow, access rule, systems/files, and intended policy.","n/a","No","2026-06-15T15:45:07.1199481-05:00","Keep blocked pending explicit approval."
"SOURCE-BATCH-INTAKE","GATED-SOURCE-BATCH-BALANCE","BlockedPendingApproval","InterviewCompleteNoApproval","Economy/reward tuning changes are not approved.","Economy and reward loops","Gate-specific relationships from post-batch-y-source-change-gate-register.csv","Current reward, progression, economy, spawn reward, vendor/economy, crafting/harvest/gardening, and paired-system tuning behavior.","POST-BATCH-Y gates remain Economy and reward loops AcceptedFence=26.","NotApproved","Explicit gameplay/design approval naming relationship/system/reward path and desired tuning policy.","n/a","No","2026-06-15T15:45:07.1199481-05:00","Keep blocked pending explicit approval."
"SOURCE-BATCH-INTAKE","GATED-SOURCE-BATCH-REGION","BlockedPendingApproval","InterviewCompleteNoApproval","Region/map behavior changes are not approved.","Region and map assumptions","Gate-specific files from post-batch-y-source-change-gate-register.csv","Current travel, spawning, PvP, housing, government, vendor, map, and region-precedence behavior.","POST-BATCH-Y gates remain Region and map assumptions AcceptedFence=23.","NotApproved","Explicit policy approval naming region/map behavior and intended precedence or interaction change.","n/a","No","2026-06-15T15:45:07.1199481-05:00","Keep blocked pending explicit approval."
"SOURCE-BATCH-INTAKE","GATED-SOURCE-BATCH-HOUSEFOUNDATION","BlockedPendingApproval","InterviewCompleteNoApproval","HouseFoundation serializer ordering or migration changes are not approved.","Items:Houses / HouseFoundation","Data/Scripts/Items/Houses/HouseFoundation.cs","Current subclass-before-base serializer ordering, save format, old-save compatibility, and serialized type behavior.","POST-BATCH-Y gate remains Save compatibility BlocksOnlyThisDomain=1 for RB-00724.","NotApproved","Explicit save-migration approval choosing preserve-current order, approved conversion, or approved dual-format loader strategy.","n/a","No","2026-06-15T15:45:07.1199481-05:00","Keep blocked pending explicit approval."
"SOURCE-BATCH-INTAKE","GATED-SOURCE-BATCH-REORG","BlockedPendingApproval","InterviewCompleteNoApproval","Folder/namespace/package reorganization changes are not approved.","Folder and namespace cleanup","Gate-specific systems/files from post-batch-y-source-change-gate-register.csv","Current folders, namespaces, type names, project paths, package containment, serialized type locations, and docs source traces.","POST-BATCH-Y gates remain Folder and namespace cleanup BlocksOnlyThisDomain=6.","NotApproved","Explicit reorganization approval naming exact systems/files, namespace/type policy, and rollback expectations.","n/a","No","2026-06-15T15:45:07.1199481-05:00","Keep blocked pending explicit approval."
