"ControllerId","RoadmapOrder","SourceBatchId","ControllerStatus","CompletionStatus","SourceEditsAllowedNow","SourceEditsMade","Reason","RequiredUserInputOrApproval","GateRows","VerificationStatus","CommitStatus","ReviewedAt","Notes"
"SOURCE-BATCH-CONTROLLER","1","SOURCE-BATCH-001","Committed","SourceBatchCommitted","No","Yes","SOURCE-BATCH-001 implemented OilCloth stale/null/backpack guards while preserving poison cleaning, firebomb conversion, oil cloth consumption, messages, targeting flow, serialization, region/map behavior, economy/reward tuning, staff/access behavior, and layout.","None. Source batch closeout is recorded in source-batch-001-oilcloth-guard-repair-closeout.md.","OilCloth.cs gate hits=0; no POST-BATCH-Y gate crossed.","Targeted OilCloth source scan passed; serializer diff scan showed no serialization changes; Server.csproj Debug/x86 build passed; compile-only runtime verification passed; git diff --check passed with expected LF-to-CRLF warnings only; generated root build artifacts restored.","Committed by the focused SOURCE-BATCH-001 batch commit; final hash is reported by git history.","2026-06-15T16:44:08.0818812-05:00","Closed. SOURCE-BATCH-002+ remains pending a concrete non-gated source target."
"SOURCE-BATCH-CONTROLLER","2","SOURCE-BATCH-002","Committed","SourceBatchCommitted","No","Yes","SOURCE-BATCH-002 implemented OilCloth Dye and Scissor stale/null guards while preserving SOURCE-BATCH-001 interaction guards, dye hue assignment, scissor bandage conversion, serialization, and layout.","None. Source batch closeout is recorded in source-batch-002-oilcloth-dye-scissor-guard-repair-closeout.md.","OilCloth.cs gate hits=0; active overlay OilCloth matches=0; no POST-BATCH-Y gate crossed.","Targeted OilCloth source scan passed; serializer diff scan showed no serialization changes; no command/hook/gump/timer/packet/region/startup/project/XML/config/data/reorganization changes were present; Server.csproj Debug/x86 build passed; compile-only runtime verification passed; git diff --check passed with expected LF-to-CRLF warnings only; generated root build artifacts restored.","Committed by the focused SOURCE-BATCH-002 batch commit; final hash is reported by git history.","2026-06-15T18:45:22.3593239-05:00","Closed. SOURCE-BATCH-003+ remains pending a concrete non-gated source target."
"SOURCE-BATCH-CONTROLLER","3","SOURCE-BATCH-003","Committed","SourceBatchCommitted","No","Yes","SOURCE-BATCH-003 implemented Firebomb stale/null/backpack guards while preserving serialization, timers, damage tuning, effects, messages, targeting flow, region/map behavior, economy/reward tuning, staff/access behavior, command access, and layout.","None. Source batch closeout is recorded in source-batch-003-firebomb-interaction-guard-repair-closeout.md.","Firebomb.cs gate hits=0; active overlay Firebomb matches=3 and all are SafeNoChange or IntentionalLegacy serializer rows; no POST-BATCH-Y gate crossed.","Targeted Firebomb source scan passed; serializer diff scan showed no serialization changes; forbidden-surface diff scan showed no timer/hook/command/gump/packet/region/startup/project/XML/config/data/reorganization changes; Server.csproj Debug/x86 build passed; compile-only runtime verification passed; git diff --check passed with expected LF-to-CRLF warning only; generated root build artifacts restored.","Committed as daca74d1 fix: guard Firebomb interactions.","2026-06-15T19:36:50.2500868-05:00","Closed. SOURCE-BATCH-004+ remains pending a concrete non-gated source target."
"SOURCE-BATCH-CONTROLLER","4","SOURCE-BATCH-004","Committed","SourceBatchCommitted","No","Yes","SOURCE-BATCH-004 implemented ArcaneGem stale/null/backpack guards while preserving charge math, item eligibility, messages, gem consumption, serialization, region/map behavior, economy/reward tuning, staff/access behavior, and layout.","None. Source batch closeout is recorded in source-batch-004-arcanegem-interaction-guard-repair-closeout.md.","ArcaneGem.cs gate hits=0; active overlay ArcaneGem matches=0; no POST-BATCH-Y gate crossed.","Targeted ArcaneGem source scan passed; serializer diff scan showed no serialization changes; forbidden-surface diff scan showed no command/hook/gump/timer/packet/region/startup/project/XML/config/data/reorganization changes; Server.csproj Debug/x86 build passed after sandbox escalation; compile-only runtime verification passed; git diff --check passed with expected LF-to-CRLF warnings only; generated root build artifacts restored.","Committed as 890c4809 fix: guard ArcaneGem interactions.","2026-06-16T11:15:37.0000000-05:00","Closed. SOURCE-BATCH-005+ remains pending a concrete non-gated source target."
"SOURCE-BATCH-CONTROLLER","5","SOURCE-BATCH-005","Committed","SourceBatchCommitted","No","Yes","SOURCE-BATCH-005 implemented PowerCrystal stale/null/backpack target guards while preserving target eligibility, charge cap, charge increment behavior, messages, sound/revealing behavior, InvalidateProperties, crystal consumption, serialization, region/map behavior, economy/reward tuning, staff/access behavior, and layout.","None. Source batch closeout is recorded in source-batch-005-powercrystal-target-guard-repair-closeout.md.","PowerCrystal.cs gate hits=0; active overlay PowerCrystal matches=0; no POST-BATCH-Y gate crossed.","Targeted PowerCrystal source scan passed; serializer diff scan showed no serialization changes; forbidden-surface diff scan showed no command/hook/gump/timer/packet/region/startup/project/XML/config/data/reorganization changes; Server.csproj Debug/x86 build passed; compile-only runtime verification passed; git diff --check passed with expected LF-to-CRLF warnings only; generated root build artifacts restored.","Committed as 124c51a3 fix: guard PowerCrystal interactions.","2026-06-16T11:22:52.2093583-05:00","Closed. SOURCE-BATCH-006+ remains pending a concrete non-gated source target."
"SOURCE-BATCH-CONTROLLER","6","SOURCE-BATCH-006","Committed","SourceBatchCommitted","No","Yes","SOURCE-BATCH-006 implemented ClockworkAssembly stale/null/backpack guards while preserving tinkering threshold, follower-slot requirement, scalar calculation, resource quantities, consume-order messages, golem creation/control behavior, assembly deletion, serialization, region/map behavior, economy/reward tuning, staff/access behavior, and layout.","None. Source batch closeout is recorded in source-batch-006-clockworkassembly-guard-repair-closeout.md.","ClockworkAssembly.cs gate hits=0; active overlay ClockworkAssembly matches=0; no POST-BATCH-Y gate crossed.","Targeted ClockworkAssembly source scan passed; serializer diff scan showed no serialization changes; forbidden-surface diff scan showed no command/hook/gump/timer/packet/region/startup/project/XML/config/data/reorganization changes; Server.csproj Debug/x86 build passed; compile-only runtime verification passed; git diff --check passed with expected LF-to-CRLF warnings only; generated root build artifacts restored.","Committed by the focused SOURCE-BATCH-006 batch commit; final hash is reported by git history.","2026-06-16T11:29:34.9621783-05:00","Closed. SOURCE-BATCH-007+ remains pending a concrete non-gated source target; Origami and KeyRing remain excluded from this sweep because active save-compat overlay rows exist."
"SOURCE-BATCH-CONTROLLER","7","SOURCE-BATCH-007","Committed","SourceBatchCommitted","No","Yes","SOURCE-BATCH-007 implemented UnusualDyes stale/null/backpack guards while preserving DyeColor persistence, randomized jar names and hues, DyeTub.Redyable behavior, BlackDyeTub rejection, MagicPigment hue assignment, RevealingAction, sound, empty Jar return, dye consumption, serialization, region/map behavior, economy/reward tuning, staff/access behavior, and layout.","None. Source batch closeout is recorded in source-batch-007-unusualdyes-target-guard-repair-closeout.md.","UnusualDyes.cs gate hits=0; active overlay UnusualDyes matches=0; no POST-BATCH-Y gate crossed.","Targeted UnusualDyes source scan passed; serializer diff scan showed no serialization changes; forbidden-surface diff scan showed no command/hook/gump/timer/packet/region/startup/project/XML/config/data/reorganization changes; Server.csproj Debug/x86 build passed; compile-only runtime verification passed; git diff --check passed with expected LF-to-CRLF warnings only; generated root build artifacts restored.","Committed by the focused SOURCE-BATCH-007 batch commit; final hash is reported by git history.","2026-06-16T14:53:11.7853163-05:00","Closed. SOURCE-BATCH-008+ remains pending a concrete non-gated source target."
"SOURCE-BATCH-CONTROLLER","8","SOURCE-BATCH-008","Committed","SourceBatchCommitted","No","Yes","SOURCE-BATCH-008 implemented VelocityDeed stale/null/backpack guards while preserving BaseRanged-only eligibility, +10 Velocity increment, messages, RootParent ownership rule, deed deletion, serialization, region/map behavior, economy/reward tuning, staff/access behavior, and layout.","None. Source batch closeout is recorded in source-batch-008-velocitydeed-guard-repair-closeout.md.","VelocityDeed.cs gate hits=0; active overlay VelocityDeed matches=0; no POST-BATCH-Y gate crossed.","Targeted VelocityDeed source scan passed; serializer diff scan showed no serialization changes; forbidden-surface diff scan showed no command/hook/gump/timer/packet/region/startup/project/XML/config/data/reorganization changes; Server.csproj Debug/x86 build passed; compile-only runtime verification passed; git diff --check passed with expected LF-to-CRLF warnings only; generated root build artifacts restored.","Committed by the focused SOURCE-BATCH-008 batch commit; final hash is reported by git history.","2026-06-16T18:08:44.8478282-05:00","Closed. SOURCE-BATCH-009+ remains pending the next concrete non-gated source target."
"SOURCE-BATCH-CONTROLLER","9","SOURCE-BATCH-009","Committed","SourceBatchCommitted","No","Yes","SOURCE-BATCH-009 implemented WeaponRenamingTool stale/null guards while preserving reward usability, BaseWeapon eligibility, text entry flow, truncation, blank-name removal, messages, tool deletion, IsRewardItem serialization, region/map behavior, economy/reward tuning, staff/access behavior, and layout.","None. Source batch closeout is recorded in source-batch-009-weaponrenamingtool-guard-repair-closeout.md.","WeaponRenamingTool.cs gate hits=0; active overlay WeaponRenamingTool matches=0; no POST-BATCH-Y gate crossed.","Targeted WeaponRenamingTool source scan passed; serializer diff scan showed no serialization changes; forbidden-surface diff scan showed no command/hook/timer/packet/region/startup/project/XML/config/data/reorganization changes beyond the named gump-response guard repair; Server.csproj Debug/x86 build passed; compile-only runtime verification passed; git diff --check passed with expected LF-to-CRLF warnings only; generated root build artifacts restored.","Committed by the focused SOURCE-BATCH-009 batch commit; final hash is reported by git history.","2026-06-16T18:14:26.8607304-05:00","Closed. SOURCE-BATCH-010+ remains pending the next concrete non-gated source target."
"SOURCE-BATCH-CONTROLLER","10","SOURCE-BATCH-010","Committed","SourceBatchCommitted","No","Yes","SOURCE-BATCH-010 implemented Scales stale/null guards while preserving target range, self-weigh rejection, RootParent awkward-location rule, movable-object rule, weight formatting, messages, serialization, region/map behavior, economy/reward tuning, staff/access behavior, and layout.","None. Source batch closeout is recorded in source-batch-010-scales-guard-repair-closeout.md.","Scales.cs gate hits=0; active overlay Scales matches=0; no POST-BATCH-Y gate crossed.","Targeted Scales source scan passed; serializer diff scan showed no serialization changes; forbidden-surface diff scan showed no command/hook/gump/timer/packet/region/startup/project/XML/config/data/reorganization changes; Server.csproj Debug/x86 build passed; compile-only runtime verification passed; git diff --check passed with expected LF-to-CRLF warnings only; generated root build artifacts restored.","Committed by the focused SOURCE-BATCH-010 batch commit; final hash is reported by git history.","2026-06-16T18:18:35.5080479-05:00","Closed. SOURCE-BATCH-011+ remains pending the next concrete non-gated source target."
"SOURCE-BATCH-CONTROLLER","11","SOURCE-BATCH-011","Committed","SourceBatchCommitted","No","Yes","SOURCE-BATCH-011 implemented MagicScissors stale/null/backpack guards while preserving backpack message, target range, ownership rule, artifact policy, all item transforms, sound, messages, serialization, region/map behavior, economy/reward tuning, staff/access behavior, and layout.","None. Source batch closeout is recorded in source-batch-011-magicscissors-guard-repair-closeout.md.","MagicScissors.cs gate hits=0; active overlay MagicScissors matches=0; no POST-BATCH-Y gate crossed.","Targeted MagicScissors source scan passed; serializer diff scan showed no serialization changes; forbidden-surface diff scan showed no command/hook/gump/timer/packet/region/startup/project/XML/config/data/reorganization changes; Server.csproj Debug/x86 build passed; compile-only runtime verification passed; git diff --check passed with expected LF-to-CRLF warnings only; generated root build artifacts restored.","Committed by the focused SOURCE-BATCH-011 batch commit; final hash is reported by git history.","2026-06-16T18:22:39.1548451-05:00","Closed. SOURCE-BATCH-012+ remains pending candidate discovery because the current candidate list is exhausted."
"SOURCE-BATCH-CONTROLLER","12","SOURCE-BATCH-012","Committed","SourceBatchCommitted","No","Yes","SOURCE-BATCH-012 implemented BalancingDeed stale/null/backpack guards while preserving BaseRanged eligibility, Balanced flag behavior, RootParent ownership, messages, deed deletion, serialization, region/map behavior, economy/reward tuning, staff/access behavior, and layout.","None. Source batch closeout is recorded in source-batch-012-balancingdeed-guard-repair-closeout.md.","BalancingDeed.cs gate hits=0; active overlay BalancingDeed matches=0; no POST-BATCH-Y gate crossed.","Targeted BalancingDeed source scan passed; serializer diff scan showed no serialization changes; forbidden-surface diff scan showed no command/hook/gump/timer/packet/region/startup/project/XML/config/data/reorganization changes; Server.csproj Debug/x86 build passed; compile-only runtime verification passed; git diff --check passed with expected LF-to-CRLF warnings only; generated root build artifacts restored.","Committed by the focused SOURCE-BATCH-012 batch commit; final hash is reported by git history.","2026-06-16T18:32:00.1198582-05:00","Closed. SOURCE-BATCH-013+ remains pending the next concrete non-gated source target."
"SOURCE-BATCH-CONTROLLER","13","SOURCE-BATCH-013","Committed","SourceBatchCommitted","No","Yes","SOURCE-BATCH-013 implemented HydraTooth stale/null/backpack guards while preserving DesignContext, pack message, SummonSkeletonSpell construction, Cast behavior, item id/name/amount/stacking, serialization, region/map behavior, economy/reward tuning, staff/access behavior, and layout.","None. Source batch closeout is recorded in source-batch-013-hydratooth-guard-repair-closeout.md.","HydraTooth.cs gate hits=0; active overlay HydraTooth matches=0; no POST-BATCH-Y gate crossed.","Targeted HydraTooth source scan passed; serializer diff scan showed no serialization changes; forbidden-surface diff scan showed no command/hook/gump/timer/packet/region/startup/project/XML/config/data/reorganization changes; Server.csproj Debug/x86 build passed; compile-only runtime verification passed; git diff --check passed with expected LF-to-CRLF warnings only; generated root build artifacts restored.","Committed by the focused SOURCE-BATCH-013 batch commit; final hash is reported by git history.","2026-06-16T18:37:56.3208151-05:00","Closed. SOURCE-BATCH-014+ remains pending the next concrete non-gated source target."
"SOURCE-BATCH-CONTROLLER","14","SOURCE-BATCH-014","Committed","SourceBatchCommitted","No","Yes","SOURCE-BATCH-014 implemented MagicHammer stale/null/backpack guards while preserving backpack message, target range, ownership rule, artifact policy, item transforms, weapon replacement/deletion behavior, sounds, messages, serialization, region/map behavior, economy/reward tuning, staff/access behavior, and layout.","None. Source batch closeout is recorded in source-batch-014-magichammer-guard-repair-closeout.md.","MagicHammer.cs gate hits=0; active overlay MagicHammer matches=0; no POST-BATCH-Y gate crossed.","Targeted MagicHammer source scan passed; serializer diff scan showed no serialization changes; forbidden-surface diff scan showed no command/hook/gump/timer/packet/region/startup/project/XML/config/data/reorganization changes; Server.csproj Debug/x86 build passed; compile-only runtime verification passed; git diff --check passed with expected LF-to-CRLF warnings only; generated root build artifacts restored.","Committed by the focused SOURCE-BATCH-014 batch commit; final hash is reported by git history.","2026-06-16T18:43:10.0827741-05:00","Closed. SOURCE-BATCH-015+ remains pending the next concrete non-gated source target."
"SOURCE-BATCH-CONTROLLER","15","SOURCE-BATCH-015","Committed","SourceBatchCommitted","No","Yes","SOURCE-BATCH-015 implemented BookofDead stale/null/backpack guards while preserving backpack message, Necromancy threshold, Spiritualism math, follower requirement, resource consumption, corpse creation/control behavior, serialization, region/map behavior, economy/reward tuning, staff/access behavior, and layout.","None. Source batch closeout is recorded in source-batch-015-bookofdead-guard-repair-closeout.md.","BookofDead.cs gate hits=0; active overlay BookofDead matches=0; no POST-BATCH-Y gate crossed.","Targeted BookofDead source scan passed; serializer diff scan showed no serialization changes; forbidden-surface diff scan showed no command/hook/gump/timer/packet/region/startup/project/XML/config/data/reorganization changes; Server.csproj Debug/x86 build passed; compile-only runtime verification passed; git diff --check passed with expected LF-to-CRLF warnings only; generated root build artifacts restored.","Committed by the focused SOURCE-BATCH-015 batch commit; final hash is reported by git history.","2026-06-16T18:47:37.0216166-05:00","Closed. SOURCE-BATCH-016+ remains pending the next concrete non-gated source target."
"SOURCE-BATCH-CONTROLLER","16","SOURCE-BATCH-016","Committed","SourceBatchCommitted","No","Yes","SOURCE-BATCH-016 implemented MagicPigment stale/null/backpack guards while preserving randomized pigment names, backpack-use message, target range, backpack-as-target rule, in-backpack paint rule, exclusions, hue assignment/reset, RevealingAction, sound, messages, serialization, region/map behavior, economy/reward tuning, staff/access behavior, and layout.","None. Source batch closeout is recorded in source-batch-016-magicpigment-guard-repair-closeout.md.","MagicPigment.cs gate hits=0; active overlay MagicPigment matches=0; no POST-BATCH-Y gate crossed.","Targeted MagicPigment source scan passed; serializer diff scan showed no serialization changes; forbidden-surface diff scan showed no command/hook/gump/timer/packet/region/startup/project/XML/config/data/reorganization changes; Server.csproj Debug/x86 build passed; compile-only runtime verification passed; git diff --check passed with expected LF-to-CRLF warnings only; generated root build artifacts restored.","Committed by the focused SOURCE-BATCH-016 batch commit; final hash is reported by git history.","2026-06-16T18:52:04.9029004-05:00","Closed. Current SOURCE-BATCH-012 candidate list is exhausted; SOURCE-BATCH-017+ remains pending candidate discovery."
"SOURCE-BATCH-CONTROLLER","17","SOURCE-BATCH-017","Committed","SourceBatchCommitted","No","Yes","SOURCE-BATCH-017 implemented PromotionalToken stale/null/backpack/gump-response guards while preserving pack message, gump layout/buttons/text, ButtonID 1 redemption path, CreateItemFor, bank delivery, receive message, token deletion, serialization, region/map behavior, economy/reward tuning, staff/access behavior, and layout.","None. Source batch closeout is recorded in source-batch-017-promotionaltoken-guard-repair-closeout.md.","PromotionalToken.cs gate hits=0; active overlay PromotionalToken matches=0; no POST-BATCH-Y gate crossed.","Targeted PromotionalToken source scan passed; serializer diff scan showed no serialization changes; forbidden-surface diff scan showed no command/hook/timer/packet/region/startup/project/XML/config/data/reorganization changes beyond the named gump-response guard repair; Server.csproj Debug/x86 build passed; compile-only runtime verification passed; git diff --check passed with expected LF-to-CRLF warnings only; generated root build artifacts restored.","Committed by the focused SOURCE-BATCH-017 batch commit; final hash is reported by git history.","2026-06-16T19:03:28.5856904-05:00","Closed. SOURCE-BATCH-018+ remains pending the next concrete non-gated source target."
"SOURCE-BATCH-CONTROLLER","18","SOURCE-BATCH-018","Committed","SourceBatchCommitted","No","Yes","SOURCE-BATCH-018 implemented MagicalDyes stale/null/backpack guards while preserving randomized dye names/hues, backpack-use message, target range, backpack-as-target rule, in-backpack dye rule, exclusions, hue assignment/reset, RevealingAction, sound, Bottle return, Consume semantics, serialization, region/map behavior, economy/reward tuning, staff/access behavior, and layout.","None. Source batch closeout is recorded in source-batch-018-magicaldyes-guard-repair-closeout.md.","MagicalDyes.cs gate hits=0; active overlay MagicalDyes matches=0; no POST-BATCH-Y gate crossed.","Targeted MagicalDyes source scan passed; serializer diff scan showed no serialization changes; forbidden-surface diff scan showed no command/hook/gump/timer/packet/region/startup/project/XML/config/data/reorganization changes; Server.csproj Debug/x86 build passed; compile-only runtime verification passed; git diff --check passed with expected LF-to-CRLF warnings only; generated root build artifacts restored.","Committed by the focused SOURCE-BATCH-018 batch commit; final hash is reported by git history.","2026-06-16T19:08:27.3028568-05:00","Closed. SOURCE-BATCH-019+ remains pending the next concrete non-gated source target."
"SOURCE-BATCH-CONTROLLER","19","SOURCE-BATCH-019","Committed","SourceBatchCommitted","No","Yes","SOURCE-BATCH-019 implemented AllDyeTubsArmor stale/null/source-tub/target guards while preserving AllowPack behavior, target range, armor/shield eligibility, 100 gold cost behavior, charged tub deletion/charge decrement behavior, hue assignment, sound, messages, serialization, region/map behavior, economy/reward tuning, staff/access behavior, and layout.","None. Source batch closeout is recorded in source-batch-019-alldyetubsarmor-guard-repair-closeout.md.","AllDyeTubsArmor.cs gate hits=0; active overlay AllDyeTubsArmor matches=0; no POST-BATCH-Y gate crossed.","Targeted AllDyeTubsArmor source scan passed; serializer diff scan showed no serialization changes; forbidden-surface diff scan showed no command/hook/gump/timer/packet/region/startup/project/XML/config/data/reorganization changes; Server.csproj Debug/x86 build passed; compile-only runtime verification passed; git diff --check passed with expected LF-to-CRLF warnings only; generated root build artifacts restored.","Committed by the focused SOURCE-BATCH-019 batch commit; final hash is reported by git history.","2026-06-16T19:13:19.7195952-05:00","Closed. SOURCE-BATCH-020+ remains pending the next concrete non-gated source target."
"SOURCE-BATCH-CONTROLLER","20","SOURCE-BATCH-020","Committed","SourceBatchCommitted","No","Yes","SOURCE-BATCH-020 implemented AllDyeTubsWeapon stale/null/source-tub/target guards while preserving AllowPack behavior, target range, weapon eligibility, 100 gold cost behavior, charged tub deletion/charge decrement behavior, hue assignment, sound, messages, serialization, region/map behavior, economy/reward tuning, staff/access behavior, and layout.","None. Source batch closeout is recorded in source-batch-020-alldyetubsweapon-guard-repair-closeout.md.","AllDyeTubsWeapon.cs gate hits=0; active overlay AllDyeTubsWeapon matches=0; no POST-BATCH-Y gate crossed.","Targeted AllDyeTubsWeapon source scan passed; serializer diff scan showed no serialization changes; forbidden-surface diff scan showed no command/hook/gump/timer/packet/region/startup/project/XML/config/data/reorganization changes; Server.csproj Debug/x86 build passed; compile-only runtime verification passed; git diff --check passed with expected LF-to-CRLF warnings only; generated root build artifacts restored.","Committed by the focused SOURCE-BATCH-020 batch commit; final hash is reported by git history.","2026-06-16T19:19:55.8367442-05:00","Closed. SOURCE-BATCH-021+ remains pending the next concrete non-gated source target."
"SOURCE-BATCH-CONTROLLER","21","SOURCE-BATCH-021","Committed","SourceBatchCommitted","No","Yes","SOURCE-BATCH-021 implemented AllDyeTubsFurniture stale/null/source-tub/target guards while preserving AllowPack behavior, target range, furniture eligibility, 100 gold cost behavior, charged tub deletion/charge decrement behavior, hue assignment, sound, messages, serialization, region/map behavior, economy/reward tuning, staff/access behavior, and layout.","None. Source batch closeout is recorded in source-batch-021-alldyetubsfurniture-guard-repair-closeout.md.","AllDyeTubsFurniture.cs gate hits=0; active overlay AllDyeTubsFurniture matches=0; no POST-BATCH-Y gate crossed.","Targeted AllDyeTubsFurniture source scan passed; serializer diff scan showed no serialization changes; forbidden-surface diff scan showed no command/hook/gump/timer/packet/region/startup/project/XML/config/data/reorganization changes; Server.csproj Debug/x86 build passed; compile-only runtime verification passed; git diff --check passed with expected LF-to-CRLF warnings only; generated root build artifacts restored.","Committed by the focused SOURCE-BATCH-021 batch commit; final hash is reported by git history.","2026-06-16T19:24:10.9554142-05:00","Closed. SOURCE-BATCH-022+ remains pending candidate discovery because source-batch-017-candidate-discovery.csv is exhausted."
"SOURCE-BATCH-CONTROLLER","22","SOURCE-BATCH-022","Committed","SourceBatchCommitted","No","Yes","SOURCE-BATCH-022 implemented AllDyeTubsBookRune stale/null/source-tub/target guards while preserving AllowPack behavior, target range, Runebook eligibility, 100 gold cost behavior, charged tub deletion/charge decrement behavior, hue assignment, sound, messages, serialization, region/map behavior, economy/reward tuning, staff/access behavior, and layout.","None. Source batch closeout is recorded in source-batch-022-alldyetubsbookrune-guard-repair-closeout.md.","AllDyeTubsBookRune.cs gate hits=0; active overlay AllDyeTubsBookRune matches=0; no POST-BATCH-Y gate crossed.","Targeted AllDyeTubsBookRune source scan passed; serializer diff scan showed no serialization changes; forbidden-surface diff scan showed no command/hook/gump/timer/packet/region/startup/project/XML/config/data/reorganization changes; Server.csproj Debug/x86 build passed; compile-only runtime verification passed; git diff --check passed with expected LF-to-CRLF warnings only; generated root build artifacts restored.","Committed by the focused SOURCE-BATCH-022 batch commit; final hash is reported by git history.","2026-06-16T19:31:49.9389645-05:00","Closed. SOURCE-BATCH-023+ remains pending the next concrete non-gated source target."
"SOURCE-BATCH-CONTROLLER","23","SOURCE-BATCH-023","Committed","SourceBatchCommitted","No","Yes","SOURCE-BATCH-023 implemented AllDyeTubsBookSpell stale/null/source-tub/target guards while preserving AllowPack behavior, target range, Spellbook eligibility, 100 gold cost behavior, charged tub deletion/charge decrement behavior, hue assignment, sound, messages, serialization, region/map behavior, economy/reward tuning, staff/access behavior, and layout.","None. Source batch closeout is recorded in source-batch-023-alldyetubsbookspell-guard-repair-closeout.md.","AllDyeTubsBookSpell.cs gate hits=0; active overlay AllDyeTubsBookSpell matches=0; no POST-BATCH-Y gate crossed.","Targeted AllDyeTubsBookSpell source scan passed; serializer diff scan showed no serialization changes; forbidden-surface diff scan showed no command/hook/gump/timer/packet/region/startup/project/XML/config/data/reorganization changes; Server.csproj Debug/x86 build passed; compile-only runtime verification passed; git diff --check passed with expected LF-to-CRLF warnings only; generated root build artifacts restored.","Committed by the focused SOURCE-BATCH-023 batch commit; final hash is reported by git history.","2026-06-16T19:35:56.9822424-05:00","Closed. SOURCE-BATCH-024+ remains pending the next concrete non-gated source target."
"SOURCE-BATCH-CONTROLLER","24","SOURCE-BATCH-024","Committed","SourceBatchCommitted","No","Yes","SOURCE-BATCH-024 implemented AllDyeTubsMountEthereal stale/null/source-tub/target guards while preserving AllowPack behavior, target range, EtherealMount eligibility, 100 gold cost behavior, charged tub deletion/charge decrement behavior, hue assignment, sound, messages, serialization, region/map behavior, economy/reward tuning, staff/access behavior, and layout.","None. Source batch closeout is recorded in source-batch-024-alldyetubsmountethereal-guard-repair-closeout.md.","AllDyeTubsMountEthereal.cs gate hits=0; active overlay AllDyeTubsMountEthereal matches=0; no POST-BATCH-Y gate crossed.","Targeted AllDyeTubsMountEthereal source scan passed; serializer diff scan showed no serialization changes; forbidden-surface diff scan showed no command/hook/gump/timer/packet/region/startup/project/XML/config/data/reorganization changes; Server.csproj Debug/x86 build passed; compile-only runtime verification passed; git diff --check passed with expected LF-to-CRLF warnings only; generated root build artifacts restored.","Committed by the focused SOURCE-BATCH-024 batch commit; final hash is reported by git history.","2026-06-16T19:40:06.2516530-05:00","Closed. SOURCE-BATCH-025+ remains pending candidate discovery because source-batch-022-candidate-discovery.csv is exhausted."
"SOURCE-BATCH-CONTROLLER","25","SOURCE-BATCH-025","Committed","SourceBatchCommitted","No","Yes","SOURCE-BATCH-025 implemented LuckyHorseShoes stale/null/backpack/source-deed/target guards while preserving eligible target types, ownership rule, luck increment, luck cap, messages, deed deletion behavior, serialization, region/map behavior, economy/reward tuning, staff/access behavior, and layout.","None. Source batch closeout is recorded in source-batch-025-luckyhorseshoes-guard-repair-closeout.md.","LuckyHorseShoes.cs gate hits=0; active overlay LuckyHorseShoes matches=0; no POST-BATCH-Y gate crossed.","Targeted LuckyHorseShoes source scan passed; serializer diff scan showed no serialization changes; forbidden-surface diff scan showed no command/hook/gump/timer/packet/region/startup/project/XML/config/data/reorganization changes; Server.csproj Debug/x86 build passed; compile-only runtime verification passed; git diff --check passed with expected LF-to-CRLF warnings only; generated root build artifacts restored.","Committed by the focused SOURCE-BATCH-025 batch commit; final hash is reported by git history.","2026-06-16T20:06:00-05:00","Closed. SOURCE-BATCH-026+ remains pending the next concrete non-gated source target from source-batch-025-candidate-discovery.csv."
"SOURCE-BATCH-CONTROLLER","26","SOURCE-BATCH-026","Committed","SourceBatchCommitted","No","Yes","SOURCE-BATCH-026 implemented SlayerDeed stale/null/backpack/source-deed/target guards while preserving eligible target types, HolyManSpellbook exclusion, slayer mapping, slayer-slot order, messages, deed deletion behavior, serialization, region/map behavior, economy/reward tuning, staff/access behavior, and layout.","None. Source batch closeout is recorded in source-batch-026-slayerdeed-guard-repair-closeout.md.","SlayerDeed.cs gate hits=0; active overlay SlayerDeed matches=0; no POST-BATCH-Y gate crossed.","Targeted SlayerDeed source scan passed; serializer diff scan showed no serialization changes; forbidden-surface diff scan showed no command/hook/gump/timer/packet/region/startup/project/XML/config/data/reorganization changes; Server.csproj Debug/x86 build passed; compile-only runtime verification passed; git diff --check passed with expected LF-to-CRLF warnings only; generated root build artifacts restored.","Committed by the focused SOURCE-BATCH-026 batch commit; final hash is reported by git history.","2026-06-16T20:10:00-05:00","Closed. SOURCE-BATCH-027+ remains pending the next concrete non-gated source target from source-batch-025-candidate-discovery.csv."
"SOURCE-BATCH-CONTROLLER","27","SOURCE-BATCH-027","Committed","SourceBatchCommitted","No","Yes","SOURCE-BATCH-027 implemented ArtifactManual stale/null/backpack/source-manual/target guards while preserving charges behavior, item-identification outcomes, item transfer and deletion semantics, messages, serialization, region/map behavior, economy/reward tuning, staff/access behavior, and layout.","None. Source batch closeout is recorded in source-batch-027-artifactmanual-guard-repair-closeout.md.","ArtifactManual.cs gate hits=0; active overlay ArtifactManual matches=0; no POST-BATCH-Y gate crossed.","Targeted ArtifactManual source scan passed; serializer diff scan showed no serialization changes; forbidden-surface diff scan showed no command/hook/gump/timer/packet/region/startup/project/XML/config/data/reorganization changes; Server.csproj Debug/x86 build passed; compile-only runtime verification passed; git diff --check passed with expected LF-to-CRLF warnings only; generated root build artifacts restored.","Committed by the focused SOURCE-BATCH-027 batch commit; final hash is reported by git history.","2026-06-16T20:14:00-05:00","Closed. The source-batch-025-candidate-discovery.csv implementation queue is exhausted; SOURCE-BATCH-028+ remains pending candidate discovery."
"SOURCE-BATCH-CONTROLLER","28","SOURCE-BATCH-028","Committed","SourceBatchCommitted","No","Yes","SOURCE-BATCH-028 implemented DyeTub stale/null/mobile/source-tub/target guards while preserving dye eligibility, furniture house/co-owner behavior, hue assignment, sound, messages, serialization, region/map behavior, economy/reward tuning, staff/access behavior, and layout.","None. Source batch closeout is recorded in source-batch-028-dyetub-guard-repair-closeout.md.","DyeTub.cs gate hits=0; active overlay DyeTub matches=0; no POST-BATCH-Y gate crossed.","Targeted DyeTub source scan passed; serializer diff scan showed no serialization changes; forbidden-surface diff scan showed no command/hook/gump/timer/packet/region/startup/project/XML/config/data/reorganization changes; Server.csproj Debug/x86 build passed; compile-only runtime verification passed; git diff --check passed with expected LF-to-CRLF warning only; generated root build artifacts restored.","Committed by the focused SOURCE-BATCH-028 batch commit; final hash is reported by git history.","2026-06-16T20:09:30-05:00","Closed. SOURCE-BATCH-029+ remains pending the next concrete non-gated source target from source-batch-028-candidate-discovery.csv."
"SOURCE-BATCH-CONTROLLER","29","SOURCE-BATCH-029","Committed","SourceBatchCommitted","No","Yes","SOURCE-BATCH-029 implemented Key stale/null/mobile/source-key/backpack/target guards while preserving key matching, lock/unlock behavior, rename flow, copy skill check, key destruction chance, messages, serialization, region/map behavior, economy/reward tuning, staff/access behavior, and layout.","None. Source batch closeout is recorded in source-batch-029-key-interaction-guard-repair-closeout.md.","Key.cs gate hits=0; active overlay Key matches=0; no POST-BATCH-Y gate crossed.","Targeted Key source scan passed; serializer diff scan showed no serialization changes; forbidden-surface diff scan showed no command/hook/gump/timer/packet/region/startup/project/XML/config/data/reorganization changes; Server.csproj Debug/x86 build passed; compile-only runtime verification passed; git diff --check passed with expected LF-to-CRLF warning only; generated root build artifacts restored.","Committed by the focused SOURCE-BATCH-029 batch commit; final hash is reported by git history.","2026-06-16T20:14:30-05:00","Closed. SOURCE-BATCH-030+ remains pending the next concrete non-gated source target from source-batch-028-candidate-discovery.csv."
"SOURCE-BATCH-CONTROLLER","30","SOURCE-BATCH-030","Committed","SourceBatchCommitted","No","Yes","SOURCE-BATCH-030 implemented PuzzleCube stale/null/mobile/backpack guards while preserving puzzle item IDs, random success check, sound, messages, serialization, region/map behavior, economy/reward tuning, staff/access behavior, and layout.","None. Source batch closeout is recorded in source-batch-030-puzzlecube-guard-repair-closeout.md.","PuzzleCube.cs gate hits=0; active overlay PuzzleCube matches=0; no POST-BATCH-Y gate crossed.","Targeted PuzzleCube source scan passed; serializer diff scan showed no serialization changes; forbidden-surface diff scan showed no command/hook/gump/timer/packet/region/startup/project/XML/config/data/reorganization changes; Server.csproj Debug/x86 build passed; compile-only runtime verification passed; git diff --check passed with expected LF-to-CRLF warning only; generated root build artifacts restored.","Committed by the focused SOURCE-BATCH-030 batch commit; final hash is reported by git history.","2026-06-16T20:18:00-05:00","Closed. The source-batch-028-candidate-discovery.csv implementation queue is exhausted; SOURCE-BATCH-031+ remains pending candidate discovery."
"SOURCE-BATCH-CONTROLLER","31","SOURCE-BATCH-031","Committed","SourceBatchCommitted","No","Yes","SOURCE-BATCH-031 implemented Dice4 stale/null/mobile/deleted-item guards while preserving dice sides, overhead message, telekinesis effects, sounds, serialization, region/map behavior, economy/reward tuning, staff/access behavior, and layout.","None. Source batch closeout is recorded in source-batch-031-dice4-guard-repair-closeout.md.","Dice4.cs gate hits=0; active overlay Dice4 matches=0; no POST-BATCH-Y gate crossed.","Targeted Dice4 source scan passed; serializer diff scan showed no serialization changes; forbidden-surface diff scan showed no command/hook/gump/timer/packet/region/startup/project/XML/config/data/reorganization changes; Server.csproj Debug/x86 build passed; compile-only runtime verification passed; git diff --check passed with expected LF-to-CRLF warning only; generated root build artifacts restored.","Committed by the focused SOURCE-BATCH-031 batch commit; final hash is reported by git history.","2026-06-16T20:25:00-05:00","Closed. SOURCE-BATCH-032+ remains pending the next concrete non-gated source target from source-batch-031-candidate-discovery.csv."
"SOURCE-BATCH-CONTROLLER","32","SOURCE-BATCH-032","Committed","SourceBatchCommitted","No","Yes","SOURCE-BATCH-032 implemented Dice6 stale/null/mobile/deleted-item guards while preserving dice sides, overhead message, telekinesis effects, sounds, serialization, region/map behavior, economy/reward tuning, staff/access behavior, and layout.","None. Source batch closeout is recorded in source-batch-032-dice6-guard-repair-closeout.md.","Dice6.cs gate hits=0; active overlay Dice6 matches=0; no POST-BATCH-Y gate crossed.","Targeted Dice6 source scan passed; serializer diff scan showed no serialization changes; forbidden-surface diff scan showed no command/hook/gump/timer/packet/region/startup/project/XML/config/data/reorganization changes; Server.csproj Debug/x86 build passed; compile-only runtime verification passed; git diff --check passed with expected LF-to-CRLF warning only; generated root build artifacts restored.","Committed by the focused SOURCE-BATCH-032 batch commit; final hash is reported by git history.","2026-06-16T20:28:00-05:00","Closed. SOURCE-BATCH-033+ remains pending the next concrete non-gated source target from source-batch-031-candidate-discovery.csv."
"SOURCE-BATCH-CONTROLLER","33","SOURCE-BATCH-033","Committed","SourceBatchCommitted","No","Yes","SOURCE-BATCH-033 implemented Dice8 stale/null/mobile/deleted-item guards while preserving dice sides, overhead message, telekinesis effects, sounds, serialization, region/map behavior, economy/reward tuning, staff/access behavior, and layout.","None. Source batch closeout is recorded in source-batch-033-dice8-guard-repair-closeout.md.","Dice8.cs gate hits=0; active overlay Dice8 matches=0; no POST-BATCH-Y gate crossed.","Targeted Dice8 source scan passed; serializer diff scan showed no serialization changes; forbidden-surface diff scan showed no command/hook/gump/timer/packet/region/startup/project/XML/config/data/reorganization changes; Server.csproj Debug/x86 build passed; compile-only runtime verification passed; git diff --check passed with expected LF-to-CRLF warning only; generated root build artifacts restored.","Committed by the focused SOURCE-BATCH-033 batch commit; final hash is reported by git history.","2026-06-16T20:31:00-05:00","Closed. SOURCE-BATCH-034+ remains pending the next concrete non-gated source target from source-batch-031-candidate-discovery.csv."
"SOURCE-BATCH-CONTROLLER","34","SOURCE-BATCH-034","Committed","SourceBatchCommitted","No","Yes","SOURCE-BATCH-034 implemented Dice10 stale/null/mobile/deleted-item guards while preserving dice sides, overhead message, telekinesis effects, sounds, serialization, region/map behavior, economy/reward tuning, staff/access behavior, and layout.","None. Source batch closeout is recorded in source-batch-034-dice10-guard-repair-closeout.md.","Dice10.cs gate hits=0; active overlay Dice10 matches=0; no POST-BATCH-Y gate crossed.","Targeted Dice10 source scan passed; serializer diff scan showed no serialization changes; forbidden-surface diff scan showed no command/hook/gump/timer/packet/region/startup/project/XML/config/data/reorganization changes; Server.csproj Debug/x86 build passed; compile-only runtime verification passed; git diff --check passed with expected LF-to-CRLF warning only; generated root build artifacts restored.","Committed by the focused SOURCE-BATCH-034 batch commit; final hash is reported by git history.","2026-06-16T20:34:00-05:00","Closed. SOURCE-BATCH-035+ remains pending the next concrete non-gated source target from source-batch-031-candidate-discovery.csv."
"SOURCE-BATCH-CONTROLLER","35","SOURCE-BATCH-035","Committed","SourceBatchCommitted","No","Yes","SOURCE-BATCH-035 implemented Dice12 stale/null/mobile/deleted-item guards while preserving dice sides, overhead message, telekinesis effects, sounds, serialization, region/map behavior, economy/reward tuning, staff/access behavior, and layout.","None. Source batch closeout is recorded in source-batch-035-dice12-guard-repair-closeout.md.","Dice12.cs gate hits=0; active overlay Dice12 matches=0; no POST-BATCH-Y gate crossed.","Targeted Dice12 source scan passed; serializer diff scan showed no serialization changes; forbidden-surface diff scan showed no command/hook/gump/timer/packet/region/startup/project/XML/config/data/reorganization changes; Server.csproj Debug/x86 build passed; compile-only runtime verification passed; git diff --check passed with expected LF-to-CRLF warning only; generated root build artifacts restored.","Committed by the focused SOURCE-BATCH-035 batch commit; final hash is reported by git history.","2026-06-16T20:39:00-05:00","Closed. SOURCE-BATCH-036+ remains pending the next concrete non-gated source target from source-batch-031-candidate-discovery.csv."
"SOURCE-BATCH-CONTROLLER","36","SOURCE-BATCH-036","Committed","SourceBatchCommitted","No","Yes","SOURCE-BATCH-036 implemented Dice20 stale/null/mobile/deleted-item guards while preserving dice sides, overhead message, telekinesis effects, sounds, serialization, region/map behavior, economy/reward tuning, staff/access behavior, and layout.","None. Source batch closeout is recorded in source-batch-036-dice20-guard-repair-closeout.md.","Dice20.cs gate hits=0; active overlay Dice20 matches=0; no POST-BATCH-Y gate crossed.","Targeted Dice20 source scan passed; serializer diff scan showed no serialization changes; forbidden-surface diff scan showed no command/hook/gump/timer/packet/region/startup/project/XML/config/data/reorganization changes; Server.csproj Debug/x86 build passed; compile-only runtime verification passed; git diff --check passed with expected LF-to-CRLF warning only; generated root build artifacts restored.","Committed by the focused SOURCE-BATCH-036 batch commit; final hash is reported by git history.","2026-06-16T20:44:00-05:00","Closed. The source-batch-031-candidate-discovery.csv implementation queue is exhausted; SOURCE-BATCH-037+ remains pending candidate discovery."
"SOURCE-BATCH-CONTROLLER","37","SOURCE-BATCH-037","Committed","SourceBatchCommitted","No","Yes","SOURCE-BATCH-037 implemented EverlastingBottle stale/null/mobile/deleted-item guards while preserving thirst refill behavior, item identity, sound, message, serialization, region/map behavior, economy/reward tuning, staff/access behavior, and layout.","None. Source batch closeout is recorded in source-batch-037-everlastingbottle-guard-repair-closeout.md.","EverlastingBottle.cs gate hits=0; active overlay EverlastingBottle matches=0; no POST-BATCH-Y gate crossed.","Targeted EverlastingBottle source scan passed; serializer diff scan showed no serialization changes; forbidden-surface diff scan showed no command/hook/gump/timer/packet/region/startup/project/XML/config/data/reorganization changes; Server.csproj Debug/x86 build passed; compile-only runtime verification passed; git diff --check passed with expected LF-to-CRLF warning only; generated root build artifacts restored.","Committed by the focused SOURCE-BATCH-037 batch commit; final hash is reported by git history.","2026-06-16T20:55:00-05:00","Closed. SOURCE-BATCH-038+ remains pending the next concrete non-gated source target from source-batch-037-candidate-discovery.csv."
"SOURCE-BATCH-CONTROLLER","38","SOURCE-BATCH-038","Committed","SourceBatchCommitted","No","Yes","SOURCE-BATCH-038 implemented EverlastingLoaf stale/null/mobile/deleted-item guards while preserving hunger refill behavior, animation condition, item identity, sound, message, serialization, region/map behavior, economy/reward tuning, staff/access behavior, and layout.","None. Source batch closeout is recorded in source-batch-038-everlastingloaf-guard-repair-closeout.md.","EverlastingLoaf.cs gate hits=0; active overlay EverlastingLoaf matches=0; no POST-BATCH-Y gate crossed.","Targeted EverlastingLoaf source scan passed; serializer diff scan showed no serialization changes; forbidden-surface diff scan showed no command/hook/gump/timer/packet/region/startup/project/XML/config/data/reorganization changes; Server.csproj Debug/x86 build passed; compile-only runtime verification passed; git diff --check passed with expected LF-to-CRLF warning only; generated root build artifacts restored.","Committed by the focused SOURCE-BATCH-038 batch commit; final hash is reported by git history.","2026-06-16T20:59:00-05:00","Closed. SOURCE-BATCH-039+ remains pending the next concrete non-gated source target from source-batch-037-candidate-discovery.csv."
"SOURCE-BATCH-CONTROLLER","39","SOURCE-BATCH-039","Committed","SourceBatchCommitted","No","Yes","SOURCE-BATCH-039 implemented MusicBox stale/null/mobile/deleted-item guards while preserving song order, messages, Mplay increment/reset behavior, serialization, region/map behavior, economy/reward tuning, staff/access behavior, and layout.","None. Source batch closeout is recorded in source-batch-039-musicbox-guard-repair-closeout.md.","MusicBox.cs gate hits=0; active overlay MusicBox matches=0; no POST-BATCH-Y gate crossed.","Targeted MusicBox source scan passed; serializer diff scan showed no serialization changes; forbidden-surface diff scan showed no command/hook/gump/timer/packet/region/startup/project/XML/config/data/reorganization changes; Server.csproj Debug/x86 build passed; compile-only runtime verification passed; git diff --check passed with expected LF-to-CRLF warning only; generated root build artifacts restored.","Committed by the focused SOURCE-BATCH-039 batch commit; final hash is reported by git history.","2026-06-16T21:04:00-05:00","Closed. The source-batch-037-candidate-discovery.csv implementation queue is exhausted; SOURCE-BATCH-040+ remains pending candidate discovery."
"SOURCE-BATCH-CONTROLLER","40","SOURCE-BATCH-040","Committed","SourceBatchCommitted","No","Yes","SOURCE-BATCH-040 implemented RewardBlackDyeTub stale/null/mobile/deleted-item guards while preserving reward usability checks, base DyeTub behavior, hue, messages, serialization, region/map behavior, economy/reward tuning, staff/access behavior, and layout.","None. Source batch closeout is recorded in source-batch-040-rewardblackdyetub-guard-repair-closeout.md.","RewardBlackDyeTub.cs gate hits=0; active overlay RewardBlackDyeTub matches=0; no POST-BATCH-Y gate crossed.","Targeted RewardBlackDyeTub source scan passed; serializer diff scan showed no serialization changes; forbidden-surface diff scan showed no command/hook/gump/timer/packet/region/startup/project/XML/config/data/reorganization changes; Server.csproj Debug/x86 build passed; compile-only runtime verification passed; git diff --check passed with expected LF-to-CRLF warning only; generated root build artifacts restored.","Committed by the focused SOURCE-BATCH-040 batch commit; final hash is reported by git history.","2026-06-16T21:15:00-05:00","Closed. SOURCE-BATCH-041+ remains pending the next concrete non-gated source target from source-batch-040-candidate-discovery.csv."
"SOURCE-BATCH-CONTROLLER","41","SOURCE-BATCH-041","Committed","SourceBatchCommitted","No","Yes","SOURCE-BATCH-041 implemented SpecialDyeTub stale/null/mobile/deleted-item guards while preserving reward usability checks, base DyeTub behavior, hue picker, messages, serialization, region/map behavior, economy/reward tuning, staff/access behavior, and layout.","None. Source batch closeout is recorded in source-batch-041-specialdyetub-guard-repair-closeout.md.","SpecialDyeTub.cs gate hits=0; active overlay SpecialDyeTub matches=0; no POST-BATCH-Y gate crossed.","Targeted SpecialDyeTub source scan passed; serializer diff scan showed no serialization changes; forbidden-surface diff scan showed no command/hook/gump/timer/packet/region/startup/project/XML/config/data/reorganization changes; Server.csproj Debug/x86 build passed; compile-only runtime verification passed; git diff --check passed with expected LF-to-CRLF warning only; generated root build artifacts restored.","Committed by the focused SOURCE-BATCH-041 batch commit; final hash is reported by git history.","2026-06-16T21:19:00-05:00","Closed. SOURCE-BATCH-042+ remains pending the next concrete non-gated source target from source-batch-040-candidate-discovery.csv."
"SOURCE-BATCH-CONTROLLER","42","SOURCE-BATCH-042","Committed","SourceBatchCommitted","No","Yes","SOURCE-BATCH-042 implemented LeatherDyeTub stale/null/mobile/deleted-item guards while preserving reward usability checks, leather dye targeting, hue picker, messages, serialization, region/map behavior, economy/reward tuning, staff/access behavior, and layout.","None. Source batch closeout is recorded in source-batch-042-leatherdyetub-guard-repair-closeout.md.","LeatherDyeTub.cs gate hits=0; active overlay LeatherDyeTub matches=0; no POST-BATCH-Y gate crossed.","Targeted LeatherDyeTub source scan passed; serializer diff scan showed no serialization changes; forbidden-surface diff scan showed no command/hook/gump/timer/packet/region/startup/project/XML/config/data/reorganization changes; Server.csproj Debug/x86 build passed; compile-only runtime verification passed; git diff --check passed with expected LF-to-CRLF warning only; generated root build artifacts restored.","Committed by the focused SOURCE-BATCH-042 batch commit; final hash is reported by git history.","2026-06-16T21:23:00-05:00","Closed. SOURCE-BATCH-043+ remains pending the next concrete non-gated source target from source-batch-040-candidate-discovery.csv."
"SOURCE-BATCH-CONTROLLER","43","SOURCE-BATCH-043","Committed","SourceBatchCommitted","No","Yes","SOURCE-BATCH-043 implemented FurnitureDyeTub stale/null/mobile/deleted-item guards while preserving reward usability checks, furniture dye targeting, messages, blessed loot fallback, serialization, region/map behavior, economy/reward tuning, staff/access behavior, and layout.","None. Source batch closeout is recorded in source-batch-043-furnituredyetub-guard-repair-closeout.md.","FurnitureDyeTub.cs gate hits=0; active overlay FurnitureDyeTub matches=0; no POST-BATCH-Y gate crossed.","Targeted FurnitureDyeTub source scan passed; serializer diff scan showed no serialization changes; forbidden-surface diff scan showed no command/hook/gump/timer/packet/region/startup/project/XML/config/data/reorganization changes; Server.csproj Debug/x86 build passed; compile-only runtime verification passed; git diff --check passed with expected LF-to-CRLF warning only; generated root build artifacts restored.","Committed by the focused SOURCE-BATCH-043 batch commit; final hash is reported by git history.","2026-06-16T21:27:00-05:00","Closed. SOURCE-BATCH-044+ remains pending the next concrete non-gated source target from source-batch-040-candidate-discovery.csv."
"SOURCE-BATCH-CONTROLLER","44","SOURCE-BATCH-044","Committed","SourceBatchCommitted","No","Yes","SOURCE-BATCH-044 implemented RunebookDyeTub stale/null/mobile/deleted-item guards while preserving reward usability checks, runebook/runestone dye targeting, hue picker, messages, serialization, region/map behavior, economy/reward tuning, staff/access behavior, and layout.","None. Source batch closeout is recorded in source-batch-044-runebookdyetub-guard-repair-closeout.md.","RunebookDyeTub.cs gate hits=0; active overlay RunebookDyeTub matches=0; no POST-BATCH-Y gate crossed.","Targeted RunebookDyeTub source scan passed; serializer diff scan showed no serialization changes; forbidden-surface diff scan showed no command/hook/gump/timer/packet/region/startup/project/XML/config/data/reorganization changes; Server.csproj Debug/x86 build passed; compile-only runtime verification passed; git diff --check passed with expected LF-to-CRLF warning only; generated root build artifacts restored.","Committed by the focused SOURCE-BATCH-044 batch commit; final hash is reported by git history.","2026-06-16T21:31:00-05:00","Closed. SOURCE-BATCH-045+ remains pending the next concrete non-gated source target from source-batch-040-candidate-discovery.csv."
"SOURCE-BATCH-CONTROLLER","45","SOURCE-BATCH-045","Committed","SourceBatchCommitted","No","Yes","SOURCE-BATCH-045 implemented StatuetteDyeTub stale/null/mobile/deleted-item guards while preserving reward usability checks, statuette dye targeting, hue picker, messages, serialization, region/map behavior, economy/reward tuning, staff/access behavior, and layout.","None. Source batch closeout is recorded in source-batch-045-statuettedyetub-guard-repair-closeout.md.","StatuetteDyeTub.cs gate hits=0; active overlay StatuetteDyeTub matches=0; no POST-BATCH-Y gate crossed.","Targeted StatuetteDyeTub source scan passed; serializer diff scan showed no serialization changes; forbidden-surface diff scan showed no command/hook/gump/timer/packet/region/startup/project/XML/config/data/reorganization changes; Server.csproj Debug/x86 build passed; compile-only runtime verification passed; git diff --check passed with expected LF-to-CRLF warning only; generated root build artifacts restored.","Committed by the focused SOURCE-BATCH-045 batch commit; final hash is reported by git history.","2026-06-16T21:32:00-05:00","Closed. The source-batch-040-candidate-discovery.csv implementation queue is exhausted; SOURCE-BATCH-046+ remains pending candidate discovery."
"SOURCE-BATCH-CONTROLLER","46","SOURCE-BATCH-046","Committed","SourceBatchCommitted","No","Yes","SOURCE-BATCH-046 implemented OilMetal stale/null/mobile/backpack/source-oil/target-item/oil-cloth guards while preserving skill threshold, material eligibility, artifact rejection, oil cloth consumption, morphing behavior, messages, serialization, and layout.","None. Source batch closeout is recorded in source-batch-046-oilmetal-guard-repair-closeout.md.","OilMetal.cs gate hits=0; active overlay OilMetal matches=0; no POST-BATCH-Y gate crossed.","Targeted OilMetal source scan passed; serializer diff scan showed no serialization changes; forbidden-surface diff scan showed no command/hook/gump/timer/packet/region/startup/project/XML/config/data/reorganization changes; Server.csproj Debug/x86 build passed; compile-only runtime verification passed; git diff --check passed with expected LF-to-CRLF warning only; generated root build artifacts restored.","Committed by the focused SOURCE-BATCH-046 batch commit; final hash is reported by git history.","2026-06-16T21:40:00-05:00","Closed. SOURCE-BATCH-047+ remains pending the next concrete non-gated source target from source-batch-046-candidate-discovery.csv."
"SOURCE-BATCH-CONTROLLER","47","SOURCE-BATCH-047","Committed","SourceBatchCommitted","No","Yes","SOURCE-BATCH-047 implemented OilLeather stale/null/mobile/backpack/source-oil/target-item/oil-cloth guards while preserving skill threshold, material eligibility, artifact rejection, oil cloth consumption, morphing behavior, messages, serialization, and layout.","None. Source batch closeout is recorded in source-batch-047-oilleather-guard-repair-closeout.md.","OilLeather.cs gate hits=0; active overlay OilLeather matches=0; no POST-BATCH-Y gate crossed.","Targeted OilLeather source scan passed; serializer diff scan showed no serialization changes; forbidden-surface diff scan showed no command/hook/gump/timer/packet/region/startup/project/XML/config/data/reorganization changes; Server.csproj Debug/x86 build passed; compile-only runtime verification passed; git diff --check passed with expected LF-to-CRLF warning only; generated root build artifacts restored.","Committed by the focused SOURCE-BATCH-047 batch commit; final hash is reported by git history.","2026-06-16T21:44:00-05:00","Closed. SOURCE-BATCH-048+ remains pending the next concrete non-gated source target from source-batch-046-candidate-discovery.csv."
"SOURCE-BATCH-CONTROLLER","48","SOURCE-BATCH-048","Committed","SourceBatchCommitted","No","Yes","SOURCE-BATCH-048 implemented OilWood stale/null/mobile/backpack/source-oil/target-item/oil-cloth guards while preserving skill thresholds, material eligibility, artifact rejection, oil cloth consumption, morphing behavior, messages, serialization, and layout.","None. Source batch closeout is recorded in source-batch-048-oilwood-guard-repair-closeout.md.","OilWood.cs gate hits=0; active overlay OilWood matches=0; no POST-BATCH-Y gate crossed.","Targeted OilWood source scan passed; serializer diff scan showed no serialization changes; forbidden-surface diff scan showed no command/hook/gump/timer/packet/region/startup/project/XML/config/data/reorganization changes; Server.csproj Debug/x86 build passed; compile-only runtime verification passed; git diff --check passed with expected LF-to-CRLF warning only; generated root build artifacts restored.","Committed by the focused SOURCE-BATCH-048 batch commit; final hash is reported by git history.","2026-06-16T21:48:00-05:00","Closed. The source-batch-046-candidate-discovery.csv implementation queue is exhausted; SOURCE-BATCH-049+ remains pending candidate discovery."
"SOURCE-BATCH-CONTROLLER","49","SOURCE-BATCH-049","Committed","SourceBatchCommitted","No","Yes","SOURCE-BATCH-049 implemented OilAmethyst stale/null/mobile/backpack/source-oil/target-item/oil-cloth guards while preserving skill threshold, metal item eligibility, artifact rejection, oil cloth consumption, morphing behavior, messages, serialization, and layout.","None. Source batch closeout is recorded in source-batch-049-oilamethyst-guard-repair-closeout.md.","OilAmethyst.cs gate hits=0; active overlay OilAmethyst matches=0; no POST-BATCH-Y gate crossed.","Targeted OilAmethyst source scan passed; serializer diff scan showed no serialization changes; forbidden-surface diff scan showed no command/hook/gump/timer/packet/region/startup/project/XML/config/data/reorganization changes; Server.csproj Debug/x86 build passed after sandbox escalation for SDK-cache access; compile-only runtime verification passed; git diff --check passed with expected LF-to-CRLF warning only; generated root build artifacts restored.","Committed by the focused SOURCE-BATCH-049 batch commit; final hash is reported by git history.","2026-06-16T22:16:04-05:00","Closed. SOURCE-BATCH-050+ remains pending the next concrete non-gated source target from source-batch-049-candidate-discovery.csv."
"SOURCE-BATCH-CONTROLLER","50","SOURCE-BATCH-050","Committed","SourceBatchCommitted","No","Yes","SOURCE-BATCH-050 implemented OilCaddellite stale/null/mobile/backpack/source-oil/target-item/oil-cloth guards while preserving skill threshold, metal item eligibility, artifact rejection, oil cloth consumption, morphing behavior, messages, serialization, and layout.","None. Source batch closeout is recorded in source-batch-050-oilcaddellite-guard-repair-closeout.md.","OilCaddellite.cs gate hits=0; active overlay OilCaddellite matches=0; no POST-BATCH-Y gate crossed.","Targeted OilCaddellite source scan passed; serializer diff scan showed no serialization changes; forbidden-surface diff scan showed no command/hook/gump/timer/packet/region/startup/project/XML/config/data/reorganization changes; Server.csproj Debug/x86 build passed; compile-only runtime verification passed; git diff --check passed with expected LF-to-CRLF warning only; generated root build artifacts restored.","Committed by the focused SOURCE-BATCH-050 batch commit; final hash is reported by git history.","2026-06-16T22:19:53-05:00","Closed. SOURCE-BATCH-051+ remains pending the next concrete non-gated source target from source-batch-049-candidate-discovery.csv."
"SOURCE-BATCH-CONTROLLER","51","SOURCE-BATCH-051","Committed","SourceBatchCommitted","No","Yes","SOURCE-BATCH-051 implemented OilEmerald stale/null/mobile/backpack/source-oil/target-item/oil-cloth guards while preserving skill threshold, metal item eligibility, artifact rejection, oil cloth consumption, morphing behavior, messages, serialization, and layout.","None. Source batch closeout is recorded in source-batch-051-oilemerald-guard-repair-closeout.md.","OilEmerald.cs gate hits=0; active overlay OilEmerald matches=0; no POST-BATCH-Y gate crossed.","Targeted OilEmerald source scan passed; serializer diff scan showed no serialization changes; forbidden-surface diff scan showed no command/hook/gump/timer/packet/region/startup/project/XML/config/data/reorganization changes; Server.csproj Debug/x86 build passed; compile-only runtime verification passed; git diff --check passed with expected LF-to-CRLF warning only; generated root build artifacts restored.","Committed by the focused SOURCE-BATCH-051 batch commit; final hash is reported by git history.","2026-06-16T22:23:48-05:00","Closed. SOURCE-BATCH-052+ remains pending the next concrete non-gated source target from source-batch-049-candidate-discovery.csv."
"SOURCE-BATCH-CONTROLLER","52","SOURCE-BATCH-052","Committed","SourceBatchCommitted","No","Yes","SOURCE-BATCH-052 implemented OilGarnet stale/null/mobile/backpack/source-oil/target-item/oil-cloth guards while preserving skill threshold, metal item eligibility, artifact rejection, oil cloth consumption, morphing behavior, messages, serialization, and layout.","None. Source batch closeout is recorded in source-batch-052-oilgarnet-guard-repair-closeout.md.","OilGarnet.cs gate hits=0; active overlay OilGarnet matches=0; no POST-BATCH-Y gate crossed.","Targeted OilGarnet source scan passed; serializer diff scan showed no serialization changes; forbidden-surface diff scan showed no command/hook/gump/timer/packet/region/startup/project/XML/config/data/reorganization changes; Server.csproj Debug/x86 build passed; compile-only runtime verification passed; git diff --check passed with expected LF-to-CRLF warning only; generated root build artifacts restored.","Committed by the focused SOURCE-BATCH-052 batch commit; final hash is reported by git history.","2026-06-16T22:27:12-05:00","Closed. SOURCE-BATCH-053+ remains pending the next concrete non-gated source target from source-batch-049-candidate-discovery.csv."
"SOURCE-BATCH-CONTROLLER","53","SOURCE-BATCH-053","Committed","SourceBatchCommitted","No","Yes","SOURCE-BATCH-053 implemented OilIce stale/null/mobile/backpack/source-oil/target-item/oil-cloth guards while preserving skill threshold, metal item eligibility, artifact rejection, oil cloth consumption, morphing behavior, messages, serialization, and layout.","None. Source batch closeout is recorded in source-batch-053-oilice-guard-repair-closeout.md.","OilIce.cs gate hits=0; active overlay OilIce matches=0; no POST-BATCH-Y gate crossed.","Targeted OilIce source scan passed; serializer diff scan showed no serialization changes; forbidden-surface diff scan showed no command/hook/gump/timer/packet/region/startup/project/XML/config/data/reorganization changes; Server.csproj Debug/x86 build passed; compile-only runtime verification passed; git diff --check passed with expected LF-to-CRLF warning only; generated root build artifacts restored.","Committed by the focused SOURCE-BATCH-053 batch commit; final hash is reported by git history.","2026-06-16T22:30:40-05:00","Closed. SOURCE-BATCH-054+ remains pending the next concrete non-gated source target from source-batch-049-candidate-discovery.csv."
"SOURCE-BATCH-CONTROLLER","54","SOURCE-BATCH-054","Committed","SourceBatchCommitted","No","Yes","SOURCE-BATCH-054 implemented OilJade stale/null/mobile/backpack/source-oil/target-item/oil-cloth guards while preserving skill threshold, metal item eligibility, artifact rejection, oil cloth consumption, morphing behavior, messages, serialization, and layout.","None. Source batch closeout is recorded in source-batch-054-oiljade-guard-repair-closeout.md.","OilJade.cs gate hits=0; active overlay OilJade matches=0; no POST-BATCH-Y gate crossed.","Targeted OilJade source scan passed; serializer diff scan showed no serialization changes; forbidden-surface diff scan showed no command/hook/gump/timer/packet/region/startup/project/XML/config/data/reorganization changes; Server.csproj Debug/x86 build passed; compile-only runtime verification passed; git diff --check passed with expected LF-to-CRLF warning only; generated root build artifacts restored.","Committed by the focused SOURCE-BATCH-054 batch commit; final hash is reported by git history.","2026-06-16T22:33:59-05:00","Closed. SOURCE-BATCH-055+ remains pending the next concrete non-gated source target from source-batch-049-candidate-discovery.csv."
"SOURCE-BATCH-CONTROLLER","55","SOURCE-BATCH-055","Committed","SourceBatchCommitted","No","Yes","SOURCE-BATCH-055 implemented OilMarble stale/null/mobile/backpack/source-oil/target-item/oil-cloth guards while preserving skill threshold, metal item eligibility, artifact rejection, oil cloth consumption, morphing behavior, messages, serialization, and layout.","None. Source batch closeout is recorded in source-batch-055-oilmarble-guard-repair-closeout.md.","OilMarble.cs gate hits=0; active overlay OilMarble matches=0; no POST-BATCH-Y gate crossed.","Targeted OilMarble source scan passed; serializer diff scan showed no serialization changes; forbidden-surface diff scan showed no command/hook/gump/timer/packet/region/startup/project/XML/config/data/reorganization changes; Server.csproj Debug/x86 build passed; compile-only runtime verification passed; git diff --check passed with expected LF-to-CRLF warning only; generated root build artifacts restored.","Committed by the focused SOURCE-BATCH-055 batch commit; final hash is reported by git history.","2026-06-16T22:37:54-05:00","Closed. SOURCE-BATCH-056+ remains pending the next concrete non-gated source target from source-batch-049-candidate-discovery.csv."
"SOURCE-BATCH-CONTROLLER","56","SOURCE-BATCH-056","Committed","SourceBatchCommitted","No","Yes","SOURCE-BATCH-056 implemented OilOnyx stale/null/mobile/backpack/source-oil/target-item/oil-cloth guards while preserving skill threshold, metal item eligibility, artifact rejection, oil cloth consumption, morphing behavior, messages, serialization, and layout.","None. Source batch closeout is recorded in source-batch-056-oilonyx-guard-repair-closeout.md.","OilOnyx.cs gate hits=0; active overlay OilOnyx matches=0; no POST-BATCH-Y gate crossed.","Targeted OilOnyx source scan passed; serializer diff scan showed no serialization changes; forbidden-surface diff scan showed no command/hook/gump/timer/packet/region/startup/project/XML/config/data/reorganization changes; Server.csproj Debug/x86 build passed; compile-only runtime verification passed; git diff --check passed with expected LF-to-CRLF warning only; generated root build artifacts restored.","Committed by the focused SOURCE-BATCH-056 batch commit; final hash is reported by git history.","2026-06-16T22:41:25-05:00","Closed. SOURCE-BATCH-057+ remains pending the next concrete non-gated source target from source-batch-049-candidate-discovery.csv."
"SOURCE-BATCH-CONTROLLER","57","SOURCE-BATCH-057","Committed","SourceBatchCommitted","No","Yes","SOURCE-BATCH-057 implemented OilQuartz stale/null/mobile/backpack/source-oil/target-item/oil-cloth guards while preserving skill threshold, metal item eligibility, artifact rejection, oil cloth consumption, morphing behavior, messages, serialization, and layout.","None. Source batch closeout is recorded in source-batch-057-oilquartz-guard-repair-closeout.md.","OilQuartz.cs gate hits=0; active overlay OilQuartz matches=0; no POST-BATCH-Y gate crossed.","Targeted OilQuartz source scan passed; serializer diff scan showed no serialization changes; forbidden-surface diff scan showed no command/hook/gump/timer/packet/region/startup/project/XML/config/data/reorganization changes; Server.csproj Debug/x86 build passed; compile-only runtime verification passed; git diff --check passed with expected LF-to-CRLF warning only; generated root build artifacts restored.","Committed by the focused SOURCE-BATCH-057 batch commit; final hash is reported by git history.","2026-06-16T22:44:40-05:00","Closed. SOURCE-BATCH-058+ remains pending the next concrete non-gated source target from source-batch-049-candidate-discovery.csv."
"SOURCE-BATCH-CONTROLLER","58","SOURCE-BATCH-058","Committed","SourceBatchCommitted","No","Yes","SOURCE-BATCH-058 implemented OilRuby stale/null/mobile/backpack/source-oil/target-item/oil-cloth guards while preserving skill threshold, metal item eligibility, artifact rejection, oil cloth consumption, morphing behavior, messages, serialization, and layout.","None. Source batch closeout is recorded in source-batch-058-oilruby-guard-repair-closeout.md.","OilRuby.cs gate hits=0; active overlay OilRuby matches=0; no POST-BATCH-Y gate crossed.","Targeted OilRuby source scan passed; serializer diff scan showed no serialization changes; forbidden-surface diff scan showed no command/hook/gump/timer/packet/region/startup/project/XML/config/data/reorganization changes; Server.csproj Debug/x86 build passed; compile-only runtime verification passed; git diff --check passed with expected LF-to-CRLF warning only; generated root build artifacts restored.","Committed by the focused SOURCE-BATCH-058 batch commit; final hash is reported by git history.","2026-06-16T22:47:58-05:00","Closed. SOURCE-BATCH-059+ remains pending the next concrete non-gated source target from source-batch-049-candidate-discovery.csv."
"SOURCE-BATCH-CONTROLLER","59","SOURCE-BATCH-059","Committed","SourceBatchCommitted","No","Yes","SOURCE-BATCH-059 implemented OilSapphire stale/null/mobile/backpack/source-oil/target-item/oil-cloth guards while preserving skill threshold, metal item eligibility, artifact rejection, oil cloth consumption, morphing behavior, messages, serialization, and layout.","None. Source batch closeout is recorded in source-batch-059-oilsapphire-guard-repair-closeout.md.","OilSapphire.cs gate hits=0; active overlay OilSapphire matches=0; no POST-BATCH-Y gate crossed.","Targeted OilSapphire source scan passed; serializer diff scan showed no serialization changes; forbidden-surface diff scan showed no command/hook/gump/timer/packet/region/startup/project/XML/config/data/reorganization changes; Server.csproj Debug/x86 build passed; compile-only runtime verification passed; git diff --check passed with expected LF-to-CRLF warning only; generated root build artifacts restored.","Committed by the focused SOURCE-BATCH-059 batch commit; final hash is reported by git history.","2026-06-16T22:53:25-05:00","Closed. SOURCE-BATCH-060+ remains pending the next concrete non-gated source target from source-batch-049-candidate-discovery.csv."
"SOURCE-BATCH-CONTROLLER","60","SOURCE-BATCH-060","Committed","SourceBatchCommitted","No","Yes","SOURCE-BATCH-060 implemented OilSilver stale/null/mobile/backpack/source-oil/target-item/oil-cloth guards while preserving skill threshold, metal item eligibility, artifact rejection, oil cloth consumption, morphing behavior, messages, serialization, and layout.","None. Source batch closeout is recorded in source-batch-060-oilsilver-guard-repair-closeout.md.","OilSilver.cs gate hits=0; active overlay OilSilver matches=0; no POST-BATCH-Y gate crossed.","Targeted OilSilver source scan passed; serializer diff scan showed no serialization changes; forbidden-surface diff scan showed no command/hook/gump/timer/packet/region/startup/project/XML/config/data/reorganization changes; Server.csproj Debug/x86 build passed; compile-only runtime verification passed; git diff --check passed with expected LF-to-CRLF warning only; generated root build artifacts restored.","Committed by the focused SOURCE-BATCH-060 batch commit; final hash is reported by git history.","2026-06-16T22:58:07-05:00","Closed. SOURCE-BATCH-061+ remains pending the next concrete non-gated source target from source-batch-049-candidate-discovery.csv."
"SOURCE-BATCH-CONTROLLER","61","SOURCE-BATCH-061","Committed","SourceBatchCommitted","No","Yes","SOURCE-BATCH-061 implemented OilSpinel stale/null/mobile/backpack/source-oil/target-item/oil-cloth guards while preserving skill threshold, metal item eligibility, artifact rejection, oil cloth consumption, morphing behavior, messages, serialization, and layout.","None. Source batch closeout is recorded in source-batch-061-oilspinel-guard-repair-closeout.md.","OilSpinel.cs gate hits=0; active overlay OilSpinel matches=0; no POST-BATCH-Y gate crossed.","Targeted OilSpinel source scan passed; serializer diff scan showed no serialization changes; forbidden-surface diff scan showed no command/hook/gump/timer/packet/region/startup/project/XML/config/data/reorganization changes; Server.csproj Debug/x86 build passed; compile-only runtime verification passed; git diff --check passed with expected LF-to-CRLF warning only; generated root build artifacts restored.","Committed by the focused SOURCE-BATCH-061 batch commit; final hash is reported by git history.","2026-06-16T23:02:09-05:00","Closed. SOURCE-BATCH-062+ remains pending the next concrete non-gated source target from source-batch-049-candidate-discovery.csv."
"SOURCE-BATCH-CONTROLLER","62","SOURCE-BATCH-062","Committed","SourceBatchCommitted","No","Yes","SOURCE-BATCH-062 implemented OilStarRuby stale/null/mobile/backpack/source-oil/target-item/oil-cloth guards while preserving skill threshold, metal item eligibility, artifact rejection, oil cloth consumption, morphing behavior, messages, serialization, and layout.","None. Source batch closeout is recorded in source-batch-062-oilstarruby-guard-repair-closeout.md.","OilStarRuby.cs gate hits=0; active overlay OilStarRuby matches=0; no POST-BATCH-Y gate crossed.","Targeted OilStarRuby source scan passed; serializer diff scan showed no serialization changes; forbidden-surface diff scan showed no command/hook/gump/timer/packet/region/startup/project/XML/config/data/reorganization changes; Server.csproj Debug/x86 build passed; compile-only runtime verification passed; git diff --check passed with expected LF-to-CRLF warning only; generated root build artifacts restored.","Committed by the focused SOURCE-BATCH-062 batch commit; final hash is reported by git history.","2026-06-16T23:05:59-05:00","Closed. SOURCE-BATCH-063+ remains pending the next concrete non-gated source target from source-batch-049-candidate-discovery.csv."
"SOURCE-BATCH-CONTROLLER","63","SOURCE-BATCH-063","Committed","SourceBatchCommitted","No","Yes","SOURCE-BATCH-063 implemented OilTopaz stale/null/mobile/backpack/source-oil/target-item/oil-cloth guards while preserving skill threshold, metal item eligibility, artifact rejection, oil cloth consumption, morphing behavior, messages, serialization, and layout.","None. Source batch closeout is recorded in source-batch-063-oiltopaz-guard-repair-closeout.md.","OilTopaz.cs gate hits=0; active overlay OilTopaz matches=0; no POST-BATCH-Y gate crossed.","Targeted OilTopaz source scan passed; serializer diff scan showed no serialization changes; forbidden-surface diff scan showed no command/hook/gump/timer/packet/region/startup/project/XML/config/data/reorganization changes; Server.csproj Debug/x86 build passed; compile-only runtime verification passed; git diff --check passed with expected LF-to-CRLF warning only; generated root build artifacts restored.","Committed by the focused SOURCE-BATCH-063 batch commit; final hash is reported by git history.","2026-06-16T23:09:56-05:00","Closed. The source-batch-049-candidate-discovery.csv implementation queue is exhausted; SOURCE-BATCH-064+ requires fresh candidate discovery."
"SOURCE-BATCH-CONTROLLER","64","SOURCE-BATCH-064","Committed","SourceBatchCommitted","No","Yes","SOURCE-BATCH-064 candidate discovery selected SB064-CAND-001 and implemented GlassblowingBook stale/null/mobile/backpack/source-book guards while preserving Grandmaster Alchemy learning behavior, messages, serialization, and layout.","None. Source batch closeout is recorded in source-batch-064-glassblowingbook-guard-repair-closeout.md.","GlassblowingBook.cs gate hits=0; active overlay GlassblowingBook matches=0; no POST-BATCH-Y gate crossed.","Candidate discovery CSV imported successfully; targeted GlassblowingBook source scan passed; serializer diff scan showed no serialization changes; forbidden-surface diff scan showed no command/hook/gump/timer/packet/region/startup/project/XML/config/data/reorganization changes; Server.csproj Debug/x86 build passed; compile-only runtime verification passed; git diff --check passed with expected LF-to-CRLF warning only; generated root build artifacts restored.","Committed by the focused SOURCE-BATCH-064 batch commit; final hash is reported by git history.","2026-06-16T23:16:19-05:00","Closed. SOURCE-BATCH-065+ remains pending the next concrete non-gated source target from source-batch-064-candidate-discovery.csv."
"SOURCE-BATCH-CONTROLLER","65","SOURCE-BATCH-065","Committed","SourceBatchCommitted","No","Yes","SOURCE-BATCH-065 implemented SandMiningBook stale/null/mobile/backpack/source-book guards while preserving Grandmaster Mining learning behavior, messages, serialization, and layout.","None. Source batch closeout is recorded in source-batch-065-sandminingbook-guard-repair-closeout.md.","SandMiningBook.cs gate hits=0; active overlay SandMiningBook matches=0; no POST-BATCH-Y gate crossed.","Targeted SandMiningBook source scan passed; serializer diff scan showed no serialization changes; forbidden-surface diff scan showed no command/hook/gump/timer/packet/region/startup/project/XML/config/data/reorganization changes; Server.csproj Debug/x86 build passed; compile-only runtime verification passed; git diff --check passed with expected LF-to-CRLF warning only; generated root build artifacts restored.","Committed by the focused SOURCE-BATCH-065 batch commit; final hash is reported by git history.","2026-06-16T23:20:08-05:00","Closed. SOURCE-BATCH-066+ remains pending the next concrete non-gated source target from source-batch-064-candidate-discovery.csv."
"SOURCE-BATCH-CONTROLLER","66","SOURCE-BATCH-066","Committed","SourceBatchCommitted","No","Yes","SOURCE-BATCH-066 implemented SmokeBomb stale/null/mobile/backpack/source-item guards while preserving Ninjitsu threshold, mana/timing behavior, hiding flow, effects, consumption, messages, serialization, and layout.","None. Source batch closeout is recorded in source-batch-066-smokebomb-guard-repair-closeout.md.","SmokeBomb.cs gate hits=0; active overlay SmokeBomb matches=0; no POST-BATCH-Y gate crossed.","Targeted SmokeBomb source scan passed; serializer diff scan showed no serialization changes; forbidden-surface diff scan showed no command/hook/gump/timer/packet/region/startup/project/XML/config/data/reorganization changes; Server.csproj Debug/x86 build passed; compile-only runtime verification passed; git diff --check passed with expected LF-to-CRLF warning only; generated root build artifacts restored.","Committed by the focused SOURCE-BATCH-066 batch commit; final hash is reported by git history.","2026-06-16T23:23:47-05:00","Closed. SOURCE-BATCH-067+ remains pending the next concrete non-gated source target from source-batch-064-candidate-discovery.csv."
"SOURCE-BATCH-CONTROLLER","67","SOURCE-BATCH-067","Committed","SourceBatchCommittedWithVerificationLimitation","No","Yes","SOURCE-BATCH-067 implemented EggBomb stale/null/mobile/backpack/source-item guards while preserving Ninjitsu threshold, mana/timing behavior, hiding flow, effects, consumption, item ID compatibility, messages, serialization, and layout.","Build verification was unavailable because MSBuild escalation was rejected after the session hit its usage limit. Runtime compile-only was unavailable with the restored tracked executable because it did not honor -compileonly and failed on an existing duplicate TargetFrameworkAttribute script compile issue.","EggBomb.cs gate hits=0; active overlay EggBomb matches=0; no POST-BATCH-Y gate crossed.","Targeted EggBomb source scan passed; serializer diff scan showed no serialization changes; forbidden-surface diff scan showed no command/hook/gump/timer/packet/region/startup/project/XML/config/data/reorganization changes; git diff --check passed with expected LF-to-CRLF warning only; Server.csproj Debug/x86 build unavailable; runtime compile-only unavailable with evidence.","Committed by the focused SOURCE-BATCH-067 batch commit; final hash is reported by git history.","2026-06-16T23:30:12-05:00","Closed with verification limitation recorded. SOURCE-BATCH-068+ requires fresh candidate discovery once build verification is available again."
"SOURCE-BATCH-CONTROLLER","68","SOURCE-BATCH-068","Committed","SourceBatchCommitted","No","Yes","SOURCE-BATCH-068 restored build/runtime verification, created source-batch-068-candidate-discovery.csv, selected SB068-CAND-001, and implemented SkeletonsKey stale/null/mobile/backpack/source-key guards while preserving lock/unlock eligibility, messages, sounds, key consumption, serialization, and layout.","None. Source batch closeout is recorded in source-batch-068-skeletonskey-guard-repair-closeout.md.","SkeltonsKey.cs gate hits=0; active overlay SkeltonsKey matches=0; no POST-BATCH-Y gate crossed.","Verification recovery gate passed before discovery; candidate discovery CSV imported successfully; targeted SkeletonsKey source scan passed; serializer diff scan showed no serialization changes; forbidden-surface diff scan showed no command/hook/gump/timer/packet/region/startup/project/XML/config/data/reorganization changes; Server.csproj Debug/x86 build passed; compile-only runtime verification passed; git diff --check passed with expected LF-to-CRLF warning only; generated root build artifacts restored.","Committed by the focused SOURCE-BATCH-068 batch commit; final hash is reported by git history.","2026-06-25T21:06:59-05:00","Closed. SOURCE-BATCH-069+ remains pending the next concrete non-gated source target from source-batch-068-candidate-discovery.csv."
"SOURCE-BATCH-CONTROLLER","69","SOURCE-BATCH-069","Committed","SourceBatchCommitted","No","Yes","SOURCE-BATCH-069 implemented MagicSkeltonsKey stale/null/mobile/backpack/source-key guards while preserving lock/unlock eligibility, messages, sounds, magic-key wear/consumption behavior, serialization, and layout.","None. Source batch closeout is recorded in source-batch-069-magicskeltonskey-guard-repair-closeout.md.","MagicSkeltonsKey.cs gate hits=0; active overlay MagicSkeltonsKey matches=0; no POST-BATCH-Y gate crossed.","Targeted MagicSkeltonsKey source scan passed; serializer diff scan showed no serialization changes; forbidden-surface diff scan showed no command/hook/gump/timer/packet/region/startup/project/XML/config/data/reorganization changes; Server.csproj Debug/x86 build passed; compile-only runtime verification passed; git diff --check passed with expected LF-to-CRLF warning only; generated root build artifacts restored.","Committed by the focused SOURCE-BATCH-069 batch commit; final hash is reported by git history.","2026-06-25T21:23:32-05:00","Closed. SOURCE-BATCH-070+ remains pending the next concrete non-gated source target from source-batch-068-candidate-discovery.csv."
"SOURCE-BATCH-CONTROLLER","70","SOURCE-BATCH-070","Committed","SourceBatchCommitted","No","Yes","SOURCE-BATCH-070 implemented MasterSkeletonsKey stale/null/mobile/backpack/source-key guards while preserving lock/unlock eligibility, messages, sounds, key consumption, serialization, and layout.","None. Source batch closeout is recorded in source-batch-070-masterskeletonskey-guard-repair-closeout.md.","MasterSkeltonsKey.cs gate hits=0; active overlay MasterSkeltonsKey matches=0; no POST-BATCH-Y gate crossed.","Targeted MasterSkeletonsKey source scan passed; serializer diff scan showed no serialization changes; forbidden-surface diff scan showed no command/hook/gump/timer/packet/region/startup/project/XML/config/data/reorganization changes; Server.csproj Debug/x86 build passed; compile-only runtime verification passed; git diff --check passed with expected LF-to-CRLF warning only; generated root build artifacts restored.","Committed by the focused SOURCE-BATCH-070 batch commit; final hash is reported by git history.","2026-06-25T21:28:15-05:00","Closed. The source-batch-068-candidate-discovery.csv implementation queue is exhausted; SOURCE-BATCH-071+ requires fresh candidate discovery."
"SOURCE-BATCH-CONTROLLER","71","SOURCE-BATCH-071","Committed","SourceBatchCommitted","No","Yes","SOURCE-BATCH-071 candidate discovery selected SB071-CAND-001 and implemented DecoStatueDeed stale/null/mobile/backpack/source-deed guards while preserving decoration generation, messages, deed deletion, serialization, and layout.","None. Source batch closeout is recorded in source-batch-071-decostatuedeed-guard-repair-closeout.md.","DecoIngotDeed.cs gate hits=0; active overlay DecoIngotDeed matches=0; no POST-BATCH-Y gate crossed.","Candidate discovery CSV imported successfully; targeted DecoStatueDeed source scan passed; serializer diff scan showed no serialization changes; forbidden-surface diff scan showed no command/hook/gump/timer/packet/region/startup/project/XML/config/data/reorganization changes; Server.csproj Debug/x86 build passed; compile-only runtime verification passed; git diff --check passed with expected LF-to-CRLF warning only; generated root build artifacts restored.","Committed by the focused SOURCE-BATCH-071 batch commit; final hash is reported by git history.","2026-06-25T21:35:24-05:00","Closed. SOURCE-BATCH-072+ remains pending the next concrete non-gated source target from source-batch-071-candidate-discovery.csv."
"SOURCE-BATCH-CONTROLLER","72","SOURCE-BATCH-072","Committed","SourceBatchCommitted","No","Yes","SOURCE-BATCH-072 implemented MonsterStatueDeed stale/null/mobile/backpack/source-deed guards while preserving statuette generation, messages, deed deletion, serialization, and layout.","None. Source batch closeout is recorded in source-batch-072-monsterstatuedeed-guard-repair-closeout.md.","MonsterStatueDeed.cs gate hits=0; active overlay MonsterStatueDeed matches=0; no POST-BATCH-Y gate crossed.","Targeted MonsterStatueDeed source scan passed; serializer diff scan showed no serialization changes; forbidden-surface diff scan showed no command/hook/gump/timer/packet/region/startup/project/XML/config/data/reorganization changes; Server.csproj Debug/x86 build passed; compile-only runtime verification passed; git diff --check passed with expected LF-to-CRLF warning only; generated root build artifacts restored.","Committed by the focused SOURCE-BATCH-072 batch commit; final hash is reported by git history.","2026-06-25T21:40:58-05:00","Closed. The source-batch-071-candidate-discovery.csv implementation queue is exhausted; SOURCE-BATCH-073+ requires fresh candidate discovery."
"SOURCE-BATCH-CONTROLLER","73","SOURCE-BATCH-073","Committed","SourceBatchCommitted","No","Yes","SOURCE-BATCH-073 candidate discovery selected SB073-CAND-001 and implemented MasonryBook stale/null/mobile/backpack/source-book guards while preserving learning behavior, messages, book deletion, serialization, and layout.","None. Source batch closeout is recorded in source-batch-073-masonrybook-guard-repair-closeout.md.","MasonryBook.cs gate hits=0; active overlay MasonryBook matches=0; no POST-BATCH-Y gate crossed.","Candidate discovery CSV imported successfully; targeted MasonryBook source scan passed; serializer diff scan showed no serialization changes; forbidden-surface diff scan showed no command/hook/gump/timer/packet/region/startup/project/XML/config/data/reorganization changes; Server.csproj Debug/x86 build passed; compile-only runtime verification passed; git diff --check passed with expected LF-to-CRLF warning only; generated root build artifacts restored.","Committed by the focused SOURCE-BATCH-073 batch commit; final hash is reported by git history.","2026-06-25T21:46:32-05:00","Closed. SOURCE-BATCH-074+ remains pending the next concrete non-gated source target from source-batch-073-candidate-discovery.csv."
"SOURCE-BATCH-CONTROLLER","74","SOURCE-BATCH-074","Committed","SourceBatchCommitted","No","Yes","SOURCE-BATCH-074 implemented StoneMiningBook stale/null/mobile/backpack/source-book guards while preserving learning behavior, messages, book deletion, serialization, and layout.","None. Source batch closeout is recorded in source-batch-074-stoneminingbook-guard-repair-closeout.md.","StoneMiningBook.cs gate hits=0; active overlay StoneMiningBook matches=0; no POST-BATCH-Y gate crossed.","Targeted StoneMiningBook source scan passed; serializer diff scan showed no serialization changes; forbidden-surface diff scan showed no command/hook/gump/timer/packet/region/startup/project/XML/config/data/reorganization changes; Server.csproj Debug/x86 build passed; compile-only runtime verification passed; git diff --check passed with expected LF-to-CRLF warning only; generated root build artifacts restored.","Committed by the focused SOURCE-BATCH-074 batch commit; final hash is reported by git history.","2026-06-25T21:51:33-05:00","Closed. The source-batch-073-candidate-discovery.csv implementation queue is exhausted; SOURCE-BATCH-075+ requires fresh candidate discovery."
"SOURCE-BATCH-CONTROLLER","75","SOURCE-BATCH-075","Committed","SourceBatchCommitted","No","Yes","SOURCE-BATCH-075 candidate discovery selected SB075-CAND-001 and implemented DwarvenForge stale/null/mobile/source-forge guards while preserving forge toggle behavior, messages, sound, serialization, and layout.","None. Source batch closeout is recorded in source-batch-075-dwarvenforge-guard-repair-closeout.md.","DwarvenForge.cs gate hits=0; active overlay DwarvenForge matches=0; no POST-BATCH-Y gate crossed.","Candidate discovery CSV imported successfully; targeted DwarvenForge source scan passed; serializer diff scan showed no serialization changes; forbidden-surface diff scan showed no command/hook/gump/timer/packet/region/startup/project/XML/config/data/reorganization changes; Server.csproj Debug/x86 build passed; compile-only runtime verification passed; git diff --check passed with expected LF-to-CRLF warning only; generated root build artifacts restored.","Committed by the focused SOURCE-BATCH-075 batch commit; final hash is reported by git history.","2026-06-28T01:00:32-05:00","Closed. The source-batch-075-candidate-discovery.csv implementation queue is exhausted; SOURCE-BATCH-076+ requires fresh candidate discovery."
"SOURCE-BATCH-CONTROLLER","76","SOURCE-BATCH-076","Committed","SourceBatchCommitted","No","Yes","SOURCE-BATCH-076 candidate discovery selected SB076-CAND-001 and implemented TaxidermyKit stale/null/mobile/backpack/source-kit guards while preserving target eligibility, messages, board consumption, trophy creation, fish/corpse behavior, kit deletion, serialization, and layout.","None. Source batch closeout is recorded in source-batch-076-taxidermykit-guard-repair-closeout.md.","TaxidermyKit.cs gate hits=0; active overlay TaxidermyKit matches=0; no POST-BATCH-Y gate crossed.","Candidate discovery CSV imported successfully; targeted TaxidermyKit source scan passed; serializer diff scan showed no serialization changes; forbidden-surface diff scan showed no command/hook/gump/timer/packet/region/startup/project/XML/config/data/reorganization changes; Server.csproj Debug/x86 build passed; compile-only runtime verification passed; git diff --check passed with expected LF-to-CRLF warning only; generated root build artifacts restored.","Committed by the focused SOURCE-BATCH-076 batch commit; final hash is reported by git history.","2026-06-28T01:06:14-05:00","Closed. The source-batch-076-candidate-discovery.csv implementation queue is exhausted; SOURCE-BATCH-077+ requires fresh candidate discovery."
"SOURCE-BATCH-CONTROLLER","77","SOURCE-BATCH-077","Committed","SourceBatchCommitted","No","Yes","SOURCE-BATCH-077 candidate discovery selected SB077-CAND-001 and implemented MysticalPearl stale/null/mobile/backpack/source-pearl guards while preserving jewelry eligibility, morphing names/templates, messages, reveal/sound behavior, pearl consumption, serialization, and layout.","None. Source batch closeout is recorded in source-batch-077-mysticalpearl-guard-repair-closeout.md.","MysticalPearl.cs gate hits=0; active overlay MysticalPearl matches=0; no POST-BATCH-Y gate crossed.","Candidate discovery CSV imported successfully; targeted MysticalPearl source scan passed; serializer diff scan showed no serialization changes; forbidden-surface diff scan showed no command/hook/gump/timer/packet/region/startup/project/XML/config/data/reorganization changes; Server.csproj Debug/x86 build passed; compile-only runtime verification passed; git diff --check passed with expected LF-to-CRLF warning only; generated root build artifacts restored.","Committed by the focused SOURCE-BATCH-077 batch commit; final hash is reported by git history.","2026-06-28T01:13:42-05:00","Closed. The source-batch-077-candidate-discovery.csv implementation queue is exhausted; SOURCE-BATCH-078+ requires fresh candidate discovery."
"SOURCE-BATCH-CONTROLLER","78","SOURCE-BATCH-078","Committed","SourceBatchCommitted","No","Yes","SOURCE-BATCH-078 candidate discovery selected SB078-CAND-001 and implemented CrystallineJar stale/null/mobile/backpack/source-jar/null-target guards while preserving scoop behavior, throw behavior, splatter behavior, reset behavior, messages, serialization, and layout.","None. Source batch closeout is recorded in source-batch-078-crystallinejar-guard-repair-closeout.md.","CrystallineJar.cs gate hits=0; active overlay CrystallineJar matches=0; no POST-BATCH-Y gate crossed.","Candidate discovery CSV imported successfully; targeted CrystallineJar source scan passed; serializer diff scan showed no serialization changes; forbidden-surface diff scan showed no command/hook/gump/timer/packet/region/startup/project/XML/config/data/reorganization changes; Server.csproj Debug/x86 build passed; compile-only runtime verification passed; git diff --check passed with expected LF-to-CRLF warning only; generated root build artifacts restored.","Committed by the focused SOURCE-BATCH-078 batch commit; final hash is reported by git history.","2026-06-28T01:24:04-05:00","Closed. SOURCE-BATCH-079+ remains pending the next concrete non-gated source target from source-batch-078-candidate-discovery.csv."
"SOURCE-BATCH-CONTROLLER","79","SOURCE-BATCH-079","Committed","SourceBatchCommitted","No","Yes","SOURCE-BATCH-079 implemented SB078-CAND-002 BottleOfAcid stale/null/mobile/backpack/source-acid/deleted-target guards while preserving lock/trap behavior, door behavior, head conversion, return-container behavior, messages, serialization, and layout.","None. Source batch closeout is recorded in source-batch-079-bottleofacid-guard-repair-closeout.md.","BottleOfAcid.cs gate hits=0; active overlay BottleOfAcid matches=0; no POST-BATCH-Y gate crossed.","Candidate discovery CSV still imported successfully; targeted BottleOfAcid source scan passed; serializer diff scan showed no serialization changes; forbidden-surface diff scan showed no command/hook/gump/timer/packet/region/startup/project/XML/config/data/reorganization changes; Server.csproj Debug/x86 build passed; compile-only runtime verification passed; git diff --check passed with expected LF-to-CRLF warning only; generated root build artifacts restored.","Committed by the focused SOURCE-BATCH-079 batch commit; final hash is reported by git history.","2026-06-28T01:29:37-05:00","Closed. SOURCE-BATCH-080+ remains pending the next concrete non-gated source target from source-batch-078-candidate-discovery.csv."
"SOURCE-BATCH-CONTROLLER","80","SOURCE-BATCH-080","Committed","SourceBatchCommitted","No","Yes","SOURCE-BATCH-080 implemented SB078-CAND-003 RepairDeed stale/null/mobile/backpack/source-deed guards while preserving Repair.Do, VerifyRegion, nearby craft-station messages, RepairSkillInfo behavior, crafter/name properties, serialization, and layout.","None. Source batch closeout is recorded in source-batch-080-repairdeed-guard-repair-closeout.md.","RepairDeed.cs gate hits=0; active overlay RepairDeed matches=0; no POST-BATCH-Y gate crossed.","Candidate discovery CSV still imported successfully; targeted RepairDeed source scan passed; serializer diff scan showed no serialization changes; forbidden-surface added/removed-line scan showed no command/hook/gump/timer/packet/region/startup/project/XML/config/data/reorganization changes; Server.csproj Debug/x86 build passed; compile-only runtime verification passed; git diff --check passed with expected LF-to-CRLF warning only; generated root build artifacts restored.","Committed by the focused SOURCE-BATCH-080 batch commit; final hash is reported by git history.","2026-06-28T01:34:36-05:00","Closed. The source-batch-078-candidate-discovery.csv implementation queue is exhausted; SOURCE-BATCH-081+ requires fresh candidate discovery."
"SOURCE-BATCH-CONTROLLER","81","SOURCE-BATCH-081","Committed","SourceBatchCommitted","No","Yes","SOURCE-BATCH-081 candidate discovery selected SB081-CAND-001 and implemented ArrowsAndBolts stale/null/mobile/backpack/source-bundle guards while preserving bundle quantities, AddToBackpack behavior, overhead messages, Delete semantics, serialization, and layout.","None. Source batch closeout is recorded in source-batch-081-arrowsandbolts-guard-repair-closeout.md.","ArrowsAndBolts.cs gate hits=0; active overlay ArrowsAndBolts matches=0; no POST-BATCH-Y gate crossed.","Candidate discovery CSV imported successfully; targeted ArrowsAndBolts source scan passed; serializer diff scan showed no serialization changes; forbidden-surface added/removed-line scan showed no command/hook/gump/timer/packet/region/startup/project/XML/config/data/reorganization changes; Server.csproj Debug/x86 build passed; compile-only runtime verification passed; git diff --check passed with expected LF-to-CRLF warning only; generated root build artifacts restored.","Committed by the focused SOURCE-BATCH-081 batch commit; final hash is reported by git history.","2026-06-28T01:40:13-05:00","Closed. The source-batch-081-candidate-discovery.csv implementation queue is exhausted; SOURCE-BATCH-082+ requires fresh candidate discovery."
"SOURCE-BATCH-CONTROLLER","82","SOURCE-BATCH-082","Committed","SourceBatchCommitted","No","Yes","SOURCE-BATCH-082 candidate discovery selected SB082-CAND-001 and implemented ClothingBlessDeed stale/null/mobile/backpack/source-deed/deleted-target guards while preserving blessing eligibility, messages, LootType assignment, deed deletion, serialization, and layout.","None. Source batch closeout is recorded in source-batch-082-clothingblessdeed-guard-repair-closeout.md.","ClothingBlessDeed.cs gate hits=0; active overlay ClothingBlessDeed matches=0; no POST-BATCH-Y gate crossed.","Candidate discovery CSV imported successfully; targeted ClothingBlessDeed source scan passed; serializer diff scan showed no serialization changes; forbidden-surface scan showed no command/hook/gump/timer/packet/region/startup/project/XML/config/data/reorganization changes; Server.csproj Debug/x86 build passed; compile-only runtime verification passed; git diff --check passed with expected LF-to-CRLF warning only; generated root build artifacts restored.","Committed by the focused SOURCE-BATCH-082 batch commit; final hash is reported by git history.","2026-06-28T01:50:00-05:00","Closed. SOURCE-BATCH-083+ remains pending the next concrete non-gated source target from source-batch-082-candidate-discovery.csv."
"SOURCE-BATCH-CONTROLLER","83","SOURCE-BATCH-083","Committed","SourceBatchCommitted","No","Yes","SOURCE-BATCH-083 implemented SB082-CAND-002 HairRestylingDeed stale/null/mobile/backpack/source-deed/gump-response guards while preserving localized message 1042001, gump layout/button IDs, hair ID arrays, PlayerMobile hair update behavior, deed deletion, serialization, and layout.","None. Source batch closeout is recorded in source-batch-083-hairrestylingdeed-guard-repair-closeout.md.","HairRestylingDeed.cs gate hits=0; active overlay HairRestylingDeed matches=0; no POST-BATCH-Y gate crossed.","Candidate discovery CSV still imported successfully; targeted HairRestylingDeed source scan passed; serializer diff scan showed no serialization changes; forbidden-surface scan showed no command/hook/timer/packet/region/startup/project/XML/config/data/reorganization changes; Server.csproj Debug/x86 build passed; compile-only runtime verification passed; git diff --check passed with expected LF-to-CRLF warning only; generated root build artifacts restored.","Committed by the focused SOURCE-BATCH-083 batch commit; final hash is reported by git history.","2026-06-28T01:59:00-05:00","Closed. The source-batch-082-candidate-discovery.csv implementation queue is exhausted; SOURCE-BATCH-084+ requires fresh candidate discovery."
"SOURCE-BATCH-CONTROLLER","84","SOURCE-BATCH-084","Committed","SourceBatchCommitted","No","Yes","SOURCE-BATCH-084 candidate discovery selected SB084-CAND-001 and implemented PotionOfWisdom stale/null/mobile/backpack/source-potion guards while preserving stat-cap checks, chance thresholds, RawInt mutation, messages, drink effect, consume behavior, serialization, and layout.","None. Source batch closeout is recorded in source-batch-084-potionofwisdom-guard-repair-closeout.md.","PotionOfWisdom.cs gate hits=0; active overlay PotionOfWisdom matches=0; no POST-BATCH-Y gate crossed.","Candidate discovery CSV imported successfully; targeted PotionOfWisdom source scan passed; serializer diff scan showed no serialization changes; forbidden-surface scan showed no command/hook/gump/timer/packet/region/startup/project/XML/config/data/reorganization changes; Server.csproj Debug/x86 build passed; compile-only runtime verification passed; git diff --check passed with expected LF-to-CRLF warning only; generated root build artifacts restored.","Committed by the focused SOURCE-BATCH-084 batch commit; final hash is reported by git history.","2026-06-28T02:07:00-05:00","Closed. SOURCE-BATCH-085+ remains pending the next concrete non-gated source target from source-batch-084-candidate-discovery.csv."
"SOURCE-BATCH-CONTROLLER","85","SOURCE-BATCH-085","Committed","SourceBatchCommitted","No","Yes","SOURCE-BATCH-085 implemented SB084-CAND-002 PotionOfMight stale/null/mobile/backpack/source-potion guards while preserving stat-cap checks, chance thresholds, RawStr mutation, messages, drink effect, consume behavior, serialization, and layout.","None. Source batch closeout is recorded in source-batch-085-potionofmight-guard-repair-closeout.md.","PotionOfMight.cs gate hits=0; active overlay PotionOfMight matches=0; no POST-BATCH-Y gate crossed.","Candidate discovery CSV still imported successfully; targeted PotionOfMight source scan passed; serializer diff scan showed no serialization changes; forbidden-surface scan showed no command/hook/gump/timer/packet/region/startup/project/XML/config/data/reorganization changes; Server.csproj Debug/x86 build passed; compile-only runtime verification passed; git diff --check passed with expected LF-to-CRLF warning only; generated root build artifacts restored.","Committed by the focused SOURCE-BATCH-085 batch commit; final hash is reported by git history.","2026-06-28T02:12:00-05:00","Closed. SOURCE-BATCH-086+ remains pending the next concrete non-gated source target from source-batch-084-candidate-discovery.csv."
"SOURCE-BATCH-CONTROLLER","86","SOURCE-BATCH-086","Committed","SourceBatchCommitted","No","Yes","SOURCE-BATCH-086 implemented SB084-CAND-003 PotionOfDexterity stale/null/mobile/backpack/source-potion guards while preserving stat-cap checks, chance thresholds, RawDex mutation, messages, drink effect, consume behavior, serialization, and layout.","None. Source batch closeout is recorded in source-batch-086-potionofdexterity-guard-repair-closeout.md.","PotionOfDexterity.cs gate hits=0; active overlay PotionOfDexterity matches=0; no POST-BATCH-Y gate crossed.","Candidate discovery CSV still imported successfully; targeted PotionOfDexterity source scan passed; serializer diff scan showed no serialization changes; forbidden-surface scan showed no command/hook/gump/timer/packet/region/startup/project/XML/config/data/reorganization changes; Server.csproj Debug/x86 build passed; compile-only runtime verification passed; git diff --check passed with expected LF-to-CRLF warning only; generated root build artifacts restored.","Committed by the focused SOURCE-BATCH-086 batch commit; final hash is reported by git history.","2026-06-28T02:16:00-05:00","Closed. The source-batch-084-candidate-discovery.csv implementation queue is exhausted; SOURCE-BATCH-087+ requires fresh candidate discovery."
"SOURCE-BATCH-CONTROLLER","87","SOURCE-BATCH-087","Committed","SourceBatchCommitted","No","Yes","SOURCE-BATCH-087 candidate discovery selected SB087-CAND-001 and implemented HairDyePotion stale/null/mobile/backpack/source-potion guards while preserving race restrictions, hair hue behavior, messages, drink effect, sound, consume behavior, serialization, and layout.","None. Source batch closeout is recorded in source-batch-087-hairdyepotion-guard-repair-closeout.md.","HairDyePotion.cs gate hits=0; active overlay HairDyePotion matches=0; no POST-BATCH-Y gate crossed.","Candidate discovery CSV imported successfully; targeted HairDyePotion source scan passed; serializer diff scan showed no serialization changes; forbidden-surface scan showed no command/hook/gump/timer/packet/region/startup/project/XML/config/data/reorganization changes; Server.csproj Debug/x86 build passed; compile-only runtime verification passed; git diff --check passed with expected LF-to-CRLF warning only; generated root build artifacts restored.","Committed by the focused SOURCE-BATCH-087 batch commit; final hash is reported by git history.","2026-06-28T02:26:00-05:00","Closed. SOURCE-BATCH-088+ remains pending the next concrete non-gated source target from source-batch-087-candidate-discovery.csv."
"SOURCE-BATCH-CONTROLLER","88","SOURCE-BATCH-088","Committed","SourceBatchCommitted","No","Yes","SOURCE-BATCH-088 implemented SB087-CAND-002 HairDyeBottle stale/null/mobile/backpack/source-bottle guards while preserving race restrictions, hair hue behavior, messages, sound, delete behavior, serialization, and layout.","None. Source batch closeout is recorded in source-batch-088-hairdyebottle-guard-repair-closeout.md.","HairDyeBottle.cs gate hits=0; active overlay HairDyeBottle matches=0; no POST-BATCH-Y gate crossed.","Candidate discovery CSV still imported successfully; targeted HairDyeBottle source scan passed; serializer diff scan showed no serialization changes; forbidden-surface scan showed no command/hook/gump/timer/packet/region/startup/project/XML/config/data/reorganization changes; Server.csproj Debug/x86 build passed; compile-only runtime verification passed; git diff --check passed with expected LF-to-CRLF warning only; generated root build artifacts restored.","Committed by the focused SOURCE-BATCH-088 batch commit; final hash is reported by git history.","2026-06-28T02:31:00-05:00","Closed. SOURCE-BATCH-089+ remains pending the next concrete non-gated source target from source-batch-087-candidate-discovery.csv."
"SOURCE-BATCH-CONTROLLER","89","SOURCE-BATCH-089","Committed","SourceBatchCommitted","No","Yes","SOURCE-BATCH-089 implemented SB087-CAND-003 GenderPotion stale/null/mobile/backpack/source-potion guards while preserving race restrictions, body/gender transforms, hair behavior, messages, sound, delete and bottle-return behavior, serialization, and layout.","None. Source batch closeout is recorded in source-batch-089-genderpotion-guard-repair-closeout.md.","GenderPotion.cs gate hits=0; active overlay GenderPotion matches=0; no POST-BATCH-Y gate crossed.","Candidate discovery CSV still imported successfully; targeted GenderPotion source scan passed; serializer diff scan showed no serialization changes; forbidden-surface scan showed no command/hook/gump/timer/packet/region/startup/project/XML/config/data/reorganization changes; Server.csproj Debug/x86 build passed; compile-only runtime verification passed; git diff --check passed with expected LF-to-CRLF warning only; generated root build artifacts restored.","Committed by the focused SOURCE-BATCH-089 batch commit; final hash is reported by git history.","2026-06-28T02:35:00-05:00","Closed. SOURCE-BATCH-090+ remains pending the next concrete non-gated source target from source-batch-087-candidate-discovery.csv."
"SOURCE-BATCH-CONTROLLER","90","SOURCE-BATCH-090","Committed","SourceBatchCommitted","No","Yes","SOURCE-BATCH-090 implemented SB087-CAND-004 NecroSkinPotion stale/null/mobile/backpack/source-potion guards while preserving race restrictions, hue/hair restore, Necromancy threshold, thirst fallback, messages, delete and jar-return behavior, serialization, and layout.","None. Source batch closeout is recorded in source-batch-090-necroskinpotion-guard-repair-closeout.md.","NecroSkinPotion.cs gate hits=0; active overlay NecroSkinPotion matches=0; no POST-BATCH-Y gate crossed.","Candidate discovery CSV still imported successfully; targeted NecroSkinPotion source scan passed; serializer diff scan showed no serialization changes; forbidden-surface scan showed no command/hook/gump/timer/packet/region/startup/project/XML/config/data/reorganization changes; Server.csproj Debug/x86 build passed; compile-only runtime verification passed; git diff --check passed with expected LF-to-CRLF warning only; generated root build artifacts restored.","Committed by the focused SOURCE-BATCH-090 batch commit; final hash is reported by git history.","2026-06-28T02:39:00-05:00","Closed. SOURCE-BATCH-091+ remains pending the next concrete non-gated source target from source-batch-087-candidate-discovery.csv."
"SOURCE-BATCH-CONTROLLER","91","SOURCE-BATCH-091","Committed","SourceBatchCommitted","No","Yes","SOURCE-BATCH-091 implemented SB087-CAND-005 HairOilPotion stale/null/mobile/backpack/source-potion and gump-response guards while preserving race restrictions, gump layout/button IDs, hair style IDs, messages, effect, sound, consume behavior, serialization, and layout.","None. Source batch closeout is recorded in source-batch-091-hairoilpotion-guard-repair-closeout.md.","HairOilPotion.cs gate hits=0; active overlay HairOilPotion matches=0; no POST-BATCH-Y gate crossed.","Candidate discovery CSV still imported successfully; targeted HairOilPotion source scan passed; serializer diff scan showed no serialization changes; forbidden-surface scan showed no command/hook/timer/packet/region/startup/project/XML/config/data/reorganization changes beyond the named gump-response guard; Server.csproj Debug/x86 build passed; compile-only runtime verification passed; git diff --check passed with expected LF-to-CRLF warning only; generated root build artifacts restored.","Committed by the focused SOURCE-BATCH-091 batch commit; final hash is reported by git history.","2026-06-28T02:44:00-05:00","Closed. The source-batch-087-candidate-discovery.csv implementation queue is exhausted; SOURCE-BATCH-092+ requires fresh candidate discovery."
"SOURCE-BATCH-CONTROLLER","92","SOURCE-BATCH-092","Committed","SourceBatchCommitted","No","Yes","SOURCE-BATCH-092 candidate discovery selected SB092-CAND-001 and implemented HueStone stale/null/mobile/source-stone/deleted-target guards while preserving charge cost, gold behavior, hue cycle, messages, sounds, serialization, and layout.","None. Source batch closeout is recorded in source-batch-092-huestone-guard-repair-closeout.md.","HueStone.cs gate hits=0; active overlay HueStone matches=0; no POST-BATCH-Y gate crossed.","Candidate discovery CSV imported successfully; targeted HueStone source scan passed; serializer diff scan showed no serialization changes; forbidden-surface scan showed no command/hook/gump/timer/packet/region/startup/project/XML/config/data/reorganization changes; Server.csproj Debug/x86 build passed; compile-only runtime verification passed; git diff --check passed with expected LF-to-CRLF warning only; generated root build artifacts restored.","Committed by the focused SOURCE-BATCH-092 batch commit; final hash is reported by git history.","2026-06-28T02:49:00-05:00","Closed. The source-batch-092-candidate-discovery.csv implementation queue is exhausted; SOURCE-BATCH-093+ requires fresh candidate discovery."
"SOURCE-BATCH-CONTROLLER","93","SOURCE-BATCH-093","Committed","SourceBatchCommitted","No","Yes","SOURCE-BATCH-093 candidate discovery selected SB093-CAND-001 and implemented BloodDrink stale/null/mobile/backpack/source-drink guards while preserving race eligibility, hunger/thirst behavior, messages, consume, sound, animation, karma, serialization, and layout.","None. Source batch closeout is recorded in source-batch-093-blooddrink-guard-repair-closeout.md.","BloodDrink.cs gate hits=0; active overlay BloodDrink matches=0; no POST-BATCH-Y gate crossed.","Candidate discovery CSV imported successfully; targeted BloodDrink source scan passed; serializer diff scan showed no serialization changes; forbidden-surface scan showed no command/hook/gump/timer/packet/region/startup/project/XML/config/data/reorganization changes; Server.csproj Debug/x86 build passed; compile-only runtime verification passed; git diff --check passed with expected LF-to-CRLF warning only; generated root build artifacts restored.","Committed by the focused SOURCE-BATCH-093 batch commit; final hash is reported by git history.","2026-06-28T02:56:00-05:00","Closed. SOURCE-BATCH-094+ remains pending the next concrete non-gated source target from source-batch-093-candidate-discovery.csv."
"SOURCE-BATCH-CONTROLLER","94","SOURCE-BATCH-094","Committed","SourceBatchCommitted","No","Yes","SOURCE-BATCH-094 implemented SB093-CAND-002 FreshBrain stale/null/mobile/backpack/source-food guards while preserving race eligibility, hunger/thirst behavior, messages, consume, sound, animation, karma, serialization, and layout.","None. Source batch closeout is recorded in source-batch-094-freshbrain-guard-repair-closeout.md.","FreshBrain.cs gate hits=0; active overlay FreshBrain matches=0; no POST-BATCH-Y gate crossed.","Candidate discovery CSV still imported successfully; targeted FreshBrain source scan passed; serializer diff scan showed no serialization changes; forbidden-surface scan showed no command/hook/gump/timer/packet/region/startup/project/XML/config/data/reorganization changes; Server.csproj Debug/x86 build passed; compile-only runtime verification passed; git diff --check passed with expected LF-to-CRLF warning only; generated root build artifacts restored.","Committed by the focused SOURCE-BATCH-094 batch commit; final hash is reported by git history.","2026-06-28T03:02:00-05:00","Closed. SOURCE-BATCH-095+ remains pending the next concrete non-gated source target from source-batch-093-candidate-discovery.csv."
"SOURCE-BATCH-CONTROLLER","95","SOURCE-BATCH-095","Committed","SourceBatchCommitted","No","Yes","SOURCE-BATCH-095 implemented SB093-CAND-003 TastyHeart stale/null/mobile/backpack/source-food guards while preserving race eligibility, hunger/thirst behavior, messages, consume, sound, animation, Tasting heal, karma, serialization, and layout.","None. Source batch closeout is recorded in source-batch-095-tastyheart-guard-repair-closeout.md.","TastyHeart.cs gate hits=0; active overlay TastyHeart matches=0; no POST-BATCH-Y gate crossed.","Candidate discovery CSV still imported successfully; targeted TastyHeart source scan passed; serializer diff scan showed no serialization changes; forbidden-surface scan showed no command/hook/gump/timer/packet/region/startup/project/XML/config/data/reorganization changes; Server.csproj Debug/x86 build passed; compile-only runtime verification passed; git diff --check passed with expected LF-to-CRLF warning only; generated root build artifacts restored.","Pending focused SOURCE-BATCH-095 batch commit.","2026-06-28T03:07:13-05:00","Closed. SOURCE-BATCH-096+ remains pending the next concrete non-gated source target from source-batch-093-candidate-discovery.csv."
"SOURCE-BATCH-CONTROLLER","96","SOURCE-BATCH-096","Committed","SourceBatchCommitted","No","Yes","SOURCE-BATCH-096 implemented SB093-CAND-004 BakedBread stale/null/mobile/backpack/source-food guards while preserving race rejection, hunger behavior, messages, consume, sound, animation, Tasting heal, poison cure, serialization, and layout.","None. Source batch closeout is recorded in source-batch-096-bakedbread-guard-repair-closeout.md.","BakedBread.cs gate hits=0; active overlay BakedBread matches=0; no POST-BATCH-Y gate crossed.","Candidate discovery CSV still imported successfully; targeted BakedBread source scan passed; serializer diff scan showed no serialization changes; forbidden-surface scan showed no command/hook/gump/timer/packet/region/startup/project/XML/config/data/reorganization changes; Server.csproj Debug/x86 build passed; compile-only runtime verification passed; git diff --check passed with expected LF-to-CRLF warning only; generated root build artifacts restored.","Pending focused SOURCE-BATCH-096 batch commit.","2026-06-28T03:11:22-05:00","Closed. SOURCE-BATCH-097+ remains pending the next concrete non-gated source target from source-batch-093-candidate-discovery.csv."
"SOURCE-BATCH-CONTROLLER","97","SOURCE-BATCH-097","Committed","SourceBatchCommitted","No","Yes","SOURCE-BATCH-097 implemented SB093-CAND-005 WaterFlask stale/null/mobile/source-flask guards while preserving DrinkingFunctions.OnDrink delegation, deserialize reset behavior, serialization, and layout.","None. Source batch closeout is recorded in source-batch-097-waterflask-guard-repair-closeout.md.","WaterFlask.cs gate hits=0; active overlay WaterFlask matches=0; no POST-BATCH-Y gate crossed.","Candidate discovery CSV still imported successfully; targeted WaterFlask source scan passed; serializer diff scan showed no serialization changes; forbidden-surface scan showed no command/hook/gump/timer/packet/region/startup/project/XML/config/data/reorganization changes; Server.csproj Debug/x86 build passed; compile-only runtime verification passed; git diff --check passed with expected LF-to-CRLF warning only; generated root build artifacts restored.","Pending focused SOURCE-BATCH-097 batch commit.","2026-06-28T03:14:44-05:00","Closed. SOURCE-BATCH-098+ remains pending the next concrete non-gated source target from source-batch-093-candidate-discovery.csv."
"SOURCE-BATCH-CONTROLLER","98","SOURCE-BATCH-098","Committed","SourceBatchCommitted","No","Yes","SOURCE-BATCH-098 implemented SB093-CAND-006 WaterVial stale/null/mobile/source-vial guards while preserving DrinkingFunctions.OnDrink delegation, deserialize reset behavior, serialization, and layout.","None. Source batch closeout is recorded in source-batch-098-watervial-guard-repair-closeout.md.","WaterVial.cs gate hits=0; active overlay WaterVial matches=0; no POST-BATCH-Y gate crossed.","Candidate discovery CSV still imported successfully; targeted WaterVial source scan passed; serializer diff scan showed no serialization changes; forbidden-surface scan showed no command/hook/gump/timer/packet/region/startup/project/XML/config/data/reorganization changes; Server.csproj Debug/x86 build passed; compile-only runtime verification passed; git diff --check passed with expected LF-to-CRLF warning only; generated root build artifacts restored.","Pending focused SOURCE-BATCH-098 batch commit.","2026-06-28T03:18:09-05:00","Closed. The source-batch-093-candidate-discovery.csv implementation queue is exhausted; SOURCE-BATCH-099+ requires fresh candidate discovery."
"SOURCE-BATCH-CONTROLLER","99","SOURCE-BATCH-099","Committed","SourceBatchCommitted","No","Yes","SOURCE-BATCH-099 created fresh candidate discovery, selected SB099-CAND-001, and implemented Wool stale/null/mobile/backpack/source-wool/target/dye-sender guards while preserving spinning-wheel conversion, dye valid-state behavior, messages, serialization, and layout.","None. Candidate discovery and source batch closeout are recorded in source-batch-099-candidate-discovery-closeout.md and source-batch-099-wool-guard-repair-closeout.md.","Wool.cs gate hits=0; active overlay Wool matches=0; no POST-BATCH-Y gate crossed.","Candidate discovery CSV imported successfully; targeted Wool source scan passed; serializer diff scan showed no serialization changes; forbidden-surface scan showed no command/hook/gump/timer/packet/region/startup/project/XML/config/data/reorganization changes; Server.csproj Debug/x86 build passed; compile-only runtime verification passed; git diff --check passed with expected LF-to-CRLF warning only; generated root build artifacts restored.","Pending focused SOURCE-BATCH-099 batch commit.","2026-06-28T03:24:07-05:00","Closed. SOURCE-BATCH-100+ remains pending the next concrete non-gated source target from source-batch-099-candidate-discovery.csv."
"SOURCE-BATCH-CONTROLLER","100","SOURCE-BATCH-100","Committed","SourceBatchCommitted","No","Yes","SOURCE-BATCH-100 implemented SB099-CAND-002 Cotton stale/null/mobile/source-cotton/backpack/target/dye-sender guards while preserving movable/access rules, spinning-wheel conversion, dye valid-state behavior, messages, serialization, and layout.","None. Source batch closeout is recorded in source-batch-100-cotton-guard-repair-closeout.md.","Cotton.cs gate hits=0; active overlay Cotton matches=0; no POST-BATCH-Y gate crossed.","Candidate discovery CSV still imported successfully; targeted Cotton source scan passed; serializer diff scan showed no serialization changes; forbidden-surface scan showed no command/hook/gump/timer/packet/region/startup/project/XML/config/data/reorganization changes; Server.csproj Debug/x86 build passed; compile-only runtime verification passed; git diff --check passed with expected LF-to-CRLF warning only; generated root build artifacts restored.","Pending focused SOURCE-BATCH-100 batch commit.","2026-06-28T03:28:09-05:00","Closed. SOURCE-BATCH-101+ remains pending the next concrete non-gated source target from source-batch-099-candidate-discovery.csv."
"SOURCE-BATCH-CONTROLLER","101","SOURCE-BATCH-101","Committed","SourceBatchCommitted","No","Yes","SOURCE-BATCH-101 implemented SB099-CAND-003 Flax stale/null/mobile/source-flax/backpack/target guards while preserving movable/access rules, spinning-wheel conversion, messages, serialization, and layout.","None. Source batch closeout is recorded in source-batch-101-flax-guard-repair-closeout.md.","Flax.cs gate hits=0; active overlay Flax matches=0; no POST-BATCH-Y gate crossed.","Candidate discovery CSV still imported successfully; targeted Flax source scan passed; serializer diff scan showed no serialization changes; forbidden-surface scan showed no command/hook/gump/timer/packet/region/startup/project/XML/config/data/reorganization changes; Server.csproj Debug/x86 build passed; compile-only runtime verification passed; git diff --check passed with expected LF-to-CRLF warning only; generated root build artifacts restored.","Pending focused SOURCE-BATCH-101 batch commit.","2026-06-28T03:32:15-05:00","Closed. SOURCE-BATCH-102+ remains pending the next concrete non-gated source target from source-batch-099-candidate-discovery.csv."
"SOURCE-BATCH-CONTROLLER","102","SOURCE-BATCH-102","Committed","SourceBatchCommitted","No","Yes","SOURCE-BATCH-102 implemented SB099-CAND-004 YarnsAndThreads stale/null/mobile/source-material/backpack/target/dye-sender guards while preserving loom conversion, dye valid-state behavior, messages, serialization, and layout.","None. Source batch closeout is recorded in source-batch-102-yarnsandthreads-guard-repair-closeout.md.","YarnsAndThreads.cs gate hits=0; active overlay YarnsAndThreads matches=0; no POST-BATCH-Y gate crossed.","Candidate discovery CSV still imported successfully; targeted YarnsAndThreads source scan passed; serializer diff scan showed no serialization changes; forbidden-surface scan showed no command/hook/gump/timer/packet/region/startup/project/XML/config/data/reorganization changes; Server.csproj Debug/x86 build passed; compile-only runtime verification passed; git diff --check passed with expected LF-to-CRLF warning only; generated root build artifacts restored.","Pending focused SOURCE-BATCH-102 batch commit.","2026-06-28T03:36:17-05:00","Closed. SOURCE-BATCH-103+ remains pending the next concrete non-gated source target from source-batch-099-candidate-discovery.csv."
"SOURCE-BATCH-CONTROLLER","103","SOURCE-BATCH-103","Committed","SourceBatchCommitted","No","Yes","SOURCE-BATCH-103 implemented SB099-CAND-005 PolishBoneBrush stale/null/mobile/source-brush/backpack/target guards while preserving bone polishing item-ID/output behavior, messages, serialization, and layout.","None. Source batch closeout is recorded in source-batch-103-polishbonebrush-guard-repair-closeout.md.","PolishBoneBrush.cs gate hits=0; active overlay PolishBoneBrush matches=0; no POST-BATCH-Y gate crossed.","Candidate discovery CSV still imported successfully; targeted PolishBoneBrush source scan passed; serializer diff scan showed no serialization changes; forbidden-surface scan showed no command/hook/gump/timer/packet/region/startup/project/XML/config/data/reorganization changes; Server.csproj Debug/x86 build passed; compile-only runtime verification passed; git diff --check passed with expected LF-to-CRLF warning only; generated root build artifacts restored.","Pending focused SOURCE-BATCH-103 batch commit.","2026-06-28T03:40:48-05:00","Closed. The source-batch-099-candidate-discovery.csv implementation queue is exhausted; SOURCE-BATCH-104+ requires fresh candidate discovery."
"SOURCE-BATCH-CONTROLLER","104","SOURCE-BATCH-104","Committed","SourceBatchCommitted","No","Yes","SOURCE-BATCH-104 created fresh candidate discovery and implemented SB104-CAND-001 Cloth stale/null/mobile/source-cloth/dye-sender/scissors guards while preserving fold, dye, scissor, single-click, serialization, and layout behavior.","None. Source batch closeout is recorded in source-batch-104-cloth-guard-repair-closeout.md.","Cloth.cs gate hits=0; active overlay Cloth matches=0; no POST-BATCH-Y gate crossed.","Candidate discovery CSV imported successfully; targeted Cloth source scan passed; serializer diff scan showed no serialization changes; forbidden-surface scan showed no command/hook/gump/timer/packet/region/startup/project/XML/config/data/reorganization changes; Server.csproj Debug/x86 build passed; compile-only runtime verification passed; git diff --check passed with expected LF-to-CRLF warning only; generated root build artifacts restored.","Pending focused SOURCE-BATCH-104 batch commit.","2026-06-28T03:48:30-05:00","Closed. SOURCE-BATCH-105+ remains pending the next concrete non-gated source target from source-batch-104-candidate-discovery.csv."
"SOURCE-BATCH-CONTROLLER","105","SOURCE-BATCH-105","Committed","SourceBatchCommitted","No","Yes","SOURCE-BATCH-105 implemented SB104-CAND-002 BoltOfCloth stale/null/mobile/source-bolt/dye-sender/scissors guards while preserving dye, cloth-cut output, single-click, deserialize reset, serialization, and layout behavior.","None. Source batch closeout is recorded in source-batch-105-boltofcloth-guard-repair-closeout.md.","BoltOfCloth.cs gate hits=0; active overlay BoltOfCloth matches=0; no POST-BATCH-Y gate crossed.","Candidate discovery CSV still imported successfully; targeted BoltOfCloth source scan passed; serializer diff scan showed no serialization changes; forbidden-surface scan showed no command/hook/gump/timer/packet/region/startup/project/XML/config/data/reorganization changes; Server.csproj Debug/x86 build passed; compile-only runtime verification passed; git diff --check passed with expected LF-to-CRLF warning only; generated root build artifacts restored.","Pending focused SOURCE-BATCH-105 batch commit.","2026-06-28T03:53:00-05:00","Closed. SOURCE-BATCH-106+ remains pending the next concrete non-gated source target from source-batch-104-candidate-discovery.csv."
"SOURCE-BATCH-CONTROLLER","106","SOURCE-BATCH-106","Committed","SourceBatchCommitted","No","Yes","SOURCE-BATCH-106 implemented SB104-CAND-003 UncutCloth stale/null/mobile/source-uncut-cloth/dye-sender/scissors guards while preserving dye, bandage-cut output, single-click, deserialize reset, serialization, and layout behavior.","None. Source batch closeout is recorded in source-batch-106-uncutcloth-guard-repair-closeout.md.","UncutCloth.cs gate hits=0; active overlay UncutCloth matches=0; no POST-BATCH-Y gate crossed.","Candidate discovery CSV still imported successfully; targeted UncutCloth source scan passed; serializer diff scan showed no serialization changes; forbidden-surface scan showed no command/hook/gump/timer/packet/region/startup/project/XML/config/data/reorganization changes; Server.csproj Debug/x86 build passed; compile-only runtime verification passed; git diff --check passed with expected LF-to-CRLF warning only; generated root build artifacts restored.","Pending focused SOURCE-BATCH-106 batch commit.","2026-06-28T03:57:30-05:00","Closed. The source-batch-104-candidate-discovery.csv implementation queue is exhausted; SOURCE-BATCH-107+ requires fresh candidate discovery."
"SOURCE-BATCH-CONTROLLER","107","SOURCE-BATCH-107","Committed","SourceBatchCommitted","No","Yes","SOURCE-BATCH-107 created fresh candidate discovery and implemented SB107-CAND-001 CaddelliteOre stale/null/mobile/source-ore/backpack/region guards while preserving Dwarven Forge conversion, skill threshold, messages, sound/animation, source deletion, serialization, and layout behavior.","None. Candidate discovery and source batch closeout are recorded in source-batch-107-candidate-discovery-closeout.md and source-batch-107-caddelliteore-guard-repair-closeout.md.","CaddelliteOre.cs gate hits=0; active overlay CaddelliteOre matches=0; no POST-BATCH-Y gate crossed.","Candidate discovery CSV imported successfully; targeted CaddelliteOre source scan passed; serializer diff scan showed no serialization changes; forbidden-surface scan showed no command/hook/gump/timer/packet/startup/project/XML/config/data/reorganization changes; Server.csproj Debug/x86 build passed; compile-only runtime verification passed; git diff --check passed with expected LF-to-CRLF warning only; generated root build artifacts restored.","Pending focused SOURCE-BATCH-107 batch commit.","2026-06-28T04:07:14-05:00","Closed. SOURCE-BATCH-108+ remains pending the next concrete non-gated source target from source-batch-107-candidate-discovery.csv."
"SOURCE-BATCH-CONTROLLER","108","SOURCE-BATCH-108","Committed","SourceBatchCommitted","No","Yes","SOURCE-BATCH-108 implemented SB107-CAND-002 RareMetals stale/null/mobile/source-stones/backpack guards while preserving rare-stone smelting mappings, forge requirement, skill threshold, messages, sound, source deletion, serialization, and layout behavior.","None. Source batch closeout is recorded in source-batch-108-raremetals-guard-repair-closeout.md.","RareMetals.cs gate hits=0; active overlay RareMetals matches=0; no POST-BATCH-Y gate crossed.","Candidate discovery CSV still imported successfully; targeted RareMetals source scan passed; serializer diff scan showed no serialization changes; forbidden-surface scan showed no command/hook/gump/timer/packet/region/startup/project/XML/config/data/reorganization changes; Server.csproj Debug/x86 build passed; compile-only runtime verification passed; git diff --check passed with expected LF-to-CRLF warning only; generated root build artifacts restored.","Pending focused SOURCE-BATCH-108 batch commit.","2026-06-28T04:12:04-05:00","Closed. SOURCE-BATCH-109+ remains pending the next concrete non-gated source target from source-batch-107-candidate-discovery.csv."
"SOURCE-BATCH-CONTROLLER","109","SOURCE-BATCH-109","Committed","SourceBatchCommitted","No","Yes","SOURCE-BATCH-109 implemented SB107-CAND-003 HardScales stale/null/mobile/source-scales/backpack guards while preserving hard-scale smelting mappings, forge requirement, skill threshold, messages, sound, source deletion, serialization, and layout behavior.","None. Source batch closeout is recorded in source-batch-109-hardscales-guard-repair-closeout.md.","HardScales.cs gate hits=0; active overlay HardScales matches=0; no POST-BATCH-Y gate crossed.","Candidate discovery CSV still imported successfully; targeted HardScales source scan passed; serializer diff scan showed no serialization changes; forbidden-surface scan showed no command/hook/gump/timer/packet/region/startup/project/XML/config/data/reorganization changes; Server.csproj Debug/x86 build passed; compile-only runtime verification passed; git diff --check passed with expected LF-to-CRLF warning only; generated root build artifacts restored.","Pending focused SOURCE-BATCH-109 batch commit.","2026-06-28T04:16:19-05:00","Closed. SOURCE-BATCH-110+ remains pending the next concrete non-gated source target from source-batch-107-candidate-discovery.csv."
"SOURCE-BATCH-CONTROLLER","110","SOURCE-BATCH-110","Committed","SourceBatchCommitted","No","Yes","SOURCE-BATCH-110 implemented SB107-CAND-004 HardCrystals stale/null/mobile/source-crystals/backpack guards while preserving hard-crystal smelting mappings, forge requirement, skill threshold, messages, sound, source deletion, serialization, and layout behavior.","None. Source batch closeout is recorded in source-batch-110-hardcrystals-guard-repair-closeout.md.","HardCrystals.cs gate hits=0; active overlay HardCrystals matches=0; no POST-BATCH-Y gate crossed.","Candidate discovery CSV still imported successfully; targeted HardCrystals source scan passed; serializer diff scan showed no serialization changes; forbidden-surface scan showed no command/hook/gump/timer/packet/region/startup/project/XML/config/data/reorganization changes; Server.csproj Debug/x86 build passed; compile-only runtime verification passed; git diff --check passed with expected LF-to-CRLF warning only; generated root build artifacts restored.","Pending focused SOURCE-BATCH-110 batch commit.","2026-06-28T04:20:33-05:00","Closed. The source-batch-107-candidate-discovery.csv implementation queue is exhausted; SOURCE-BATCH-111+ requires fresh candidate discovery."
"SOURCE-BATCH-CONTROLLER","111","SOURCE-BATCH-111","Committed","SourceBatchCommitted","No","Yes","SOURCE-BATCH-111 created fresh candidate discovery and implemented SB111-CAND-001 BrokenGear stale/null/mobile/source-item guards while preserving the existing no-effect message, constructor state, serialization, and layout behavior.","None. Candidate discovery and source batch closeout are recorded in source-batch-111-candidate-discovery-closeout.md and source-batch-111-brokengear-guard-repair-closeout.md.","BrokenGear.cs gate hits=0; active overlay BrokenGear matches=0; no POST-BATCH-Y gate crossed.","Candidate discovery CSV imported successfully; targeted BrokenGear source scan passed; serializer diff scan showed no serialization changes; forbidden-surface scan showed no command/hook/gump/timer/packet/region/startup/project/XML/config/data/reorganization changes; Server.csproj Debug/x86 build passed; compile-only runtime verification passed; git diff --check passed with expected LF-to-CRLF warning only; generated root build artifacts restored.","Pending focused SOURCE-BATCH-111 batch commit.","2026-06-28T04:26:41-05:00","Closed. SOURCE-BATCH-112+ remains pending the next concrete non-gated source target from source-batch-111-candidate-discovery.csv."
"SOURCE-BATCH-CONTROLLER","112","SOURCE-BATCH-112","Committed","SourceBatchCommitted","No","Yes","SOURCE-BATCH-112 implemented SB111-CAND-002 CurseItem stale/null/mobile/source-item guards while preserving the existing cursed-item message, constructor state, serialization, and layout behavior.","None. Source batch closeout is recorded in source-batch-112-curseitem-guard-repair-closeout.md.","CurseItem.cs gate hits=0; active overlay CurseItem matches=0; no POST-BATCH-Y gate crossed.","Candidate discovery CSV still imported successfully; targeted CurseItem source scan passed; serializer diff scan showed no serialization changes; forbidden-surface scan showed no command/hook/gump/timer/packet/region/startup/project/XML/config/data/reorganization changes; Server.csproj Debug/x86 build passed; compile-only runtime verification passed; git diff --check passed with expected LF-to-CRLF warning only; generated root build artifacts restored.","Pending focused SOURCE-BATCH-112 batch commit.","2026-06-28T04:30:50-05:00","Closed. SOURCE-BATCH-113+ remains pending the next concrete non-gated source target from source-batch-111-candidate-discovery.csv."
"SOURCE-BATCH-CONTROLLER","113","SOURCE-BATCH-113","Committed","SourceBatchCommitted","No","Yes","SOURCE-BATCH-113 implemented SB111-CAND-003 TaintedBandage stale/null/mobile/source-item guards while preserving the existing tainted-bandage message, property label, constructor state, serialization, and layout behavior.","None. Source batch closeout is recorded in source-batch-113-taintedbandage-guard-repair-closeout.md.","TaintedBandage.cs gate hits=0; active overlay TaintedBandage matches=0; no POST-BATCH-Y gate crossed.","Candidate discovery CSV still imported successfully; targeted TaintedBandage source scan passed; serializer diff scan showed no serialization changes; forbidden-surface scan showed no command/hook/gump/timer/packet/region/startup/project/XML/config/data/reorganization changes; Server.csproj Debug/x86 build passed; compile-only runtime verification passed; git diff --check passed with expected LF-to-CRLF warning only; generated root build artifacts restored.","Pending focused SOURCE-BATCH-113 batch commit.","2026-06-28T04:34:59-05:00","Closed. SOURCE-BATCH-114+ remains pending the next concrete non-gated source target from source-batch-111-candidate-discovery.csv."
"SOURCE-BATCH-CONTROLLER","114","SOURCE-BATCH-114","Committed","SourceBatchCommitted","No","Yes","SOURCE-BATCH-114 implemented SB111-CAND-004 WeedItem stale/null/mobile/source-item guards while preserving the existing weeds message, property labels, constructor state, serialization, and layout behavior.","None. Source batch closeout is recorded in source-batch-114-weeditem-guard-repair-closeout.md.","WeedItem.cs gate hits=0; active overlay WeedItem matches=0; no POST-BATCH-Y gate crossed.","Candidate discovery CSV still imported successfully; targeted WeedItem source scan passed; serializer diff scan showed no serialization changes; forbidden-surface scan showed no command/hook/gump/timer/packet/region/startup/project/XML/config/data/reorganization changes; Server.csproj Debug/x86 build passed; compile-only runtime verification passed; git diff --check passed with expected LF-to-CRLF warning only; generated root build artifacts restored.","Pending focused SOURCE-BATCH-114 batch commit.","2026-06-28T04:38:55-05:00","Closed. SOURCE-BATCH-115+ remains pending the next concrete non-gated source target from source-batch-111-candidate-discovery.csv."
"SOURCE-BATCH-CONTROLLER","115","SOURCE-BATCH-115","Committed","SourceBatchCommitted","No","Yes","SOURCE-BATCH-115 implemented SB111-CAND-005 SlimeItem stale/null/mobile/source-item guards while preserving the existing slime message, property labels, constructor state, serialization, and layout behavior.","None. Source batch closeout is recorded in source-batch-115-slimeitem-guard-repair-closeout.md.","SlimeItem.cs gate hits=0; active overlay SlimeItem matches=0; no POST-BATCH-Y gate crossed.","Candidate discovery CSV still imported successfully; targeted SlimeItem source scan passed; serializer diff scan showed no serialization changes; forbidden-surface scan showed no command/hook/gump/timer/packet/region/startup/project/XML/config/data/reorganization changes; Server.csproj Debug/x86 build passed; compile-only runtime verification passed; git diff --check passed with expected LF-to-CRLF warning only; generated root build artifacts restored.","Pending focused SOURCE-BATCH-115 batch commit.","2026-06-28T04:43:42-05:00","Closed. SOURCE-BATCH-116+ remains pending the next concrete non-gated source target from source-batch-111-candidate-discovery.csv."
"SOURCE-BATCH-CONTROLLER","116","SOURCE-BATCH-116","Committed","SourceBatchCommitted","No","Yes","SOURCE-BATCH-116 implemented SB111-CAND-006 SewageItem stale/null/mobile/source-item guards while preserving the existing sewage message, property labels, constructor state, serialization, and layout behavior.","None. Source batch closeout is recorded in source-batch-116-sewageitem-guard-repair-closeout.md.","SewageItem.cs gate hits=0; active overlay SewageItem matches=0; no POST-BATCH-Y gate crossed.","Candidate discovery CSV still imported successfully; targeted SewageItem source scan passed; serializer diff scan showed no serialization changes; forbidden-surface scan showed no command/hook/gump/timer/packet/region/startup/project/XML/config/data/reorganization changes; Server.csproj Debug/x86 build passed; compile-only runtime verification passed; git diff --check passed with expected LF-to-CRLF warning only; generated root build artifacts restored.","Pending focused SOURCE-BATCH-116 batch commit.","2026-06-28T04:47:29-05:00","Closed. SOURCE-BATCH-117+ remains pending the next concrete non-gated source target from source-batch-111-candidate-discovery.csv."
"SOURCE-BATCH-CONTROLLER","117","SOURCE-BATCH-117","Committed","SourceBatchCommitted","No","Yes","SOURCE-BATCH-117 implemented SB111-CAND-007 RottedReagents stale/null/mobile/source-reagents guards while preserving the existing useless-reagents message, RottedCount behavior, constructor state, serialization, and layout behavior.","None. Source batch closeout is recorded in source-batch-117-rottedreagents-guard-repair-closeout.md.","RottedReagents.cs gate hits=0; active overlay RottedReagents matches=0; no POST-BATCH-Y gate crossed.","Candidate discovery CSV still imported successfully; targeted RottedReagents source scan passed; serializer diff scan showed no serialization changes and RottedCount write/read alignment remained unchanged; forbidden-surface scan showed no command/hook/gump/timer/packet/region/startup/project/XML/config/data/reorganization changes; Server.csproj Debug/x86 build passed; compile-only runtime verification passed; git diff --check passed with expected LF-to-CRLF warning only; generated root build artifacts restored.","Pending focused SOURCE-BATCH-117 batch commit.","2026-06-28T04:51:34-05:00","Closed. SOURCE-BATCH-118+ remains pending the next concrete non-gated source target from source-batch-111-candidate-discovery.csv."
"SOURCE-BATCH-CONTROLLER","118","SOURCE-BATCH-118","Committed","SourceBatchCommitted","No","Yes","SOURCE-BATCH-118 implemented SB111-CAND-008 RuinedGems stale/null/mobile/source-gems guards while preserving the existing useless-rock message, RuinedCount behavior, constructor state, serialization, and layout behavior.","None. Source batch closeout is recorded in source-batch-118-ruinedgems-guard-repair-closeout.md.","RuinedGems.cs gate hits=0; active overlay RuinedGems matches=0; no POST-BATCH-Y gate crossed.","Candidate discovery CSV still imported successfully; targeted RuinedGems source scan passed; serializer diff scan showed no serialization changes and RuinedCount write/read alignment remained unchanged; forbidden-surface scan showed no command/hook/gump/timer/packet/region/startup/project/XML/config/data/reorganization changes; Server.csproj Debug/x86 build passed; compile-only runtime verification passed; git diff --check passed with expected LF-to-CRLF warning only; generated root build artifacts restored.","Pending focused SOURCE-BATCH-118 batch commit.","2026-06-28T04:55:17-05:00","Closed. The source-batch-111-candidate-discovery.csv queue is exhausted; SOURCE-BATCH-119+ requires fresh candidate discovery before source edits."
"SOURCE-BATCH-CONTROLLER","119","SOURCE-BATCH-119","Committed","SourceBatchCommitted","No","Yes","SOURCE-BATCH-119 created fresh Pagan reagent candidate discovery and implemented SB119-CAND-001 DecoBlackmoor stale/null/mobile/source-item guards while preserving the collectible message, base.OnDragLift return behavior, constructor state, serialization, and layout behavior.","None. Candidate discovery and source batch closeout are recorded in source-batch-119-candidate-discovery-closeout.md and source-batch-119-decoblackmoor-guard-repair-closeout.md.","DecoBlackmoor.cs gate hits=0; active overlay DecoBlackmoor matches=0; no POST-BATCH-Y gate crossed.","Candidate discovery CSV imported successfully; targeted DecoBlackmoor source scan passed; serializer diff scan showed no serialization changes; forbidden-surface scan showed no command/hook/gump/timer/packet/region/startup/project/XML/config/data/reorganization changes; Server.csproj Debug/x86 build passed; compile-only runtime verification passed; git diff --check passed with expected LF-to-CRLF warning only; generated root build artifacts restored.","Pending focused SOURCE-BATCH-119 batch commit.","2026-06-28T05:00:45-05:00","Closed. SOURCE-BATCH-120+ remains pending the next concrete non-gated source target from source-batch-119-candidate-discovery.csv."
"SOURCE-BATCH-CONTROLLER","120","SOURCE-BATCH-120","Committed","SourceBatchCommitted","No","Yes","SOURCE-BATCH-120 implemented SB119-CAND-002 DecoBloodspawn stale/null/mobile/source-item guards while preserving the collectible message, base.OnDragLift return behavior, constructor state, serialization, and layout behavior.","None. Source batch closeout is recorded in source-batch-120-decobloodspawn-guard-repair-closeout.md.","DecoBloodspawn.cs gate hits=0; active overlay DecoBloodspawn matches=0; no POST-BATCH-Y gate crossed.","Candidate discovery CSV still imported successfully; targeted DecoBloodspawn source scan passed; serializer diff scan showed no serialization changes; forbidden-surface scan showed no command/hook/gump/timer/packet/region/startup/project/XML/config/data/reorganization changes; Server.csproj Debug/x86 build passed; compile-only runtime verification passed; git diff --check passed with expected LF-to-CRLF warning only; generated root build artifacts restored.","Pending focused SOURCE-BATCH-120 batch commit.","2026-06-28T08:07:11-05:00","Closed. SOURCE-BATCH-121+ remains pending the next concrete non-gated source target from source-batch-119-candidate-discovery.csv."
"SOURCE-BATCH-CONTROLLER","121","SOURCE-BATCH-121","Committed","SourceBatchCommitted","No","Yes","SOURCE-BATCH-121 implemented SB119-CAND-003 DecoBrimstone stale/null/mobile/source-item guards while preserving the collectible message, base.OnDragLift return behavior, constructor state, serialization, and layout behavior.","None. Source batch closeout is recorded in source-batch-121-decobrimstone-guard-repair-closeout.md.","DecoBrimstone.cs gate hits=0; active overlay DecoBrimstone matches=0; no POST-BATCH-Y gate crossed.","Candidate discovery CSV still imported successfully; targeted DecoBrimstone source scan passed; serializer diff scan showed no serialization changes; forbidden-surface scan showed no command/hook/gump/timer/packet/region/startup/project/XML/config/data/reorganization changes; Server.csproj Debug/x86 build passed; compile-only runtime verification passed; git diff --check passed with expected LF-to-CRLF warning only; generated root build artifacts restored.","Pending focused SOURCE-BATCH-121 batch commit.","2026-06-28T08:10:45-05:00","Closed. SOURCE-BATCH-122+ remains pending the next concrete non-gated source target from source-batch-119-candidate-discovery.csv."
"SOURCE-BATCH-CONTROLLER","122","SOURCE-BATCH-122","Committed","SourceBatchCommitted","No","Yes","SOURCE-BATCH-122 implemented SB119-CAND-004 DecoDragonsBlood stale/null/mobile/source-item guards while preserving the collectible message, base.OnDragLift return behavior, constructor state, serialization, and layout behavior.","None. Source batch closeout is recorded in source-batch-122-decodragonsblood-guard-repair-closeout.md.","DecoDragonsBlood.cs gate hits=0; active overlay DecoDragonsBlood matches=0; no POST-BATCH-Y gate crossed.","Candidate discovery CSV still imported successfully; targeted DecoDragonsBlood source scan passed; serializer diff scan showed no serialization changes; forbidden-surface scan showed no command/hook/gump/timer/packet/region/startup/project/XML/config/data/reorganization changes; Server.csproj Debug/x86 build passed; compile-only runtime verification passed; git diff --check passed with expected LF-to-CRLF warning only; generated root build artifacts restored.","Pending focused SOURCE-BATCH-122 batch commit.","2026-06-28T08:15:06-05:00","Closed. SOURCE-BATCH-123+ remains pending the next concrete non-gated source target from source-batch-119-candidate-discovery.csv."
"SOURCE-BATCH-CONTROLLER","123","SOURCE-BATCH-123","Committed","SourceBatchCommitted","No","Yes","SOURCE-BATCH-123 implemented SB119-CAND-005 DecoDragonsBlood2 stale/null/mobile/source-item guards while preserving the collectible message, base.OnDragLift return behavior, constructor state, serialization, and layout behavior.","None. Source batch closeout is recorded in source-batch-123-decodragonsblood2-guard-repair-closeout.md.","DecoDragonsBlood2.cs gate hits=0; active overlay DecoDragonsBlood2 matches=0; no POST-BATCH-Y gate crossed.","Candidate discovery CSV still imported successfully; targeted DecoDragonsBlood2 source scan passed; serializer diff scan showed no serialization changes; forbidden-surface scan showed no command/hook/gump/timer/packet/region/startup/project/XML/config/data/reorganization changes; Server.csproj Debug/x86 build passed; compile-only runtime verification passed; git diff --check passed with expected LF-to-CRLF warning only; generated root build artifacts restored.","Pending focused SOURCE-BATCH-123 batch commit.","2026-06-28T08:21:23-05:00","Closed. SOURCE-BATCH-124+ remains pending the next concrete non-gated source target from source-batch-119-candidate-discovery.csv."
"SOURCE-BATCH-CONTROLLER","124","SOURCE-BATCH-124","Committed","SourceBatchCommitted","No","Yes","SOURCE-BATCH-124 implemented SB119-CAND-006 DecoEyeOfNewt stale/null/mobile/source-item guards while preserving the collectible message, base.OnDragLift return behavior, constructor state, serialization, and layout behavior.","None. Source batch closeout is recorded in source-batch-124-decoeyeofnewt-guard-repair-closeout.md.","DecoEyeOfNewt.cs gate hits=0; active overlay DecoEyeOfNewt matches=0; no POST-BATCH-Y gate crossed.","Candidate discovery CSV still imported successfully; targeted DecoEyeOfNewt source scan passed; serializer diff scan showed no serialization changes; forbidden-surface scan showed no command/hook/gump/timer/packet/region/startup/project/XML/config/data/reorganization changes; Server.csproj Debug/x86 build passed; compile-only runtime verification passed; git diff --check passed with expected LF-to-CRLF warning only; generated root build artifacts restored.","Pending focused SOURCE-BATCH-124 batch commit.","2026-06-28T08:25:39-05:00","Closed. SOURCE-BATCH-125+ remains pending the next concrete non-gated source target from source-batch-119-candidate-discovery.csv."
"SOURCE-BATCH-CONTROLLER","125","SOURCE-BATCH-125","Committed","SourceBatchCommitted","No","Yes","SOURCE-BATCH-125 implemented SB119-CAND-007 DecoGarlic stale/null/mobile/source-item guards while preserving the collectible message, base.OnDragLift return behavior, constructor state, serialization, and layout behavior.","None. Source batch closeout is recorded in source-batch-125-decogarlic-guard-repair-closeout.md.","DecoGarlic.cs gate hits=0; active overlay DecoGarlic matches=0; no POST-BATCH-Y gate crossed.","Candidate discovery CSV still imported successfully; targeted DecoGarlic source scan passed; serializer diff scan showed no serialization changes; forbidden-surface scan showed no command/hook/gump/timer/packet/region/startup/project/XML/config/data/reorganization changes; Server.csproj Debug/x86 build passed; compile-only runtime verification passed; git diff --check passed with expected LF-to-CRLF warning only; generated root build artifacts restored.","Pending focused SOURCE-BATCH-125 batch commit.","2026-06-28T08:29:41-05:00","Closed. SOURCE-BATCH-126+ remains pending the next concrete non-gated source target from source-batch-119-candidate-discovery.csv."
"SOURCE-BATCH-CONTROLLER","126","SOURCE-BATCH-126","Committed","SourceBatchCommitted","No","Yes","SOURCE-BATCH-126 implemented SB119-CAND-008 DecoGarlic2 stale/null/mobile/source-item guards while preserving the collectible message, base.OnDragLift return behavior, constructor state, serialization, and layout behavior.","None. Source batch closeout is recorded in source-batch-126-decogarlic2-guard-repair-closeout.md.","DecoGarlic2.cs gate hits=0; active overlay DecoGarlic2 matches=0; no POST-BATCH-Y gate crossed.","Candidate discovery CSV still imported successfully; targeted DecoGarlic2 source scan passed; serializer diff scan showed no serialization changes; forbidden-surface scan showed no command/hook/gump/timer/packet/region/startup/project/XML/config/data/reorganization changes; Server.csproj Debug/x86 build passed; compile-only runtime verification passed; git diff --check passed with expected LF-to-CRLF warning only; generated root build artifacts restored.","Pending focused SOURCE-BATCH-126 batch commit.","2026-06-28T08:34:34-05:00","Closed. SOURCE-BATCH-127+ remains pending the next concrete non-gated source target from source-batch-119-candidate-discovery.csv."
"SOURCE-BATCH-CONTROLLER","127","SOURCE-BATCH-127","Committed","SourceBatchCommitted","No","Yes","SOURCE-BATCH-127 implemented SB119-CAND-009 DecoGarlicBulb stale/null/mobile/source-item guards while preserving the collectible message, base.OnDragLift return behavior, constructor state, serialization, and layout behavior.","None. Source batch closeout is recorded in source-batch-127-decogarlicbulb-guard-repair-closeout.md.","DecoGarlicBulb.cs gate hits=0; active overlay DecoGarlicBulb matches=0; no POST-BATCH-Y gate crossed.","Candidate discovery CSV still imported successfully; targeted DecoGarlicBulb source scan passed; serializer diff scan showed no serialization changes; forbidden-surface scan showed no command/hook/gump/timer/packet/region/startup/project/XML/config/data/reorganization changes; Server.csproj Debug/x86 build passed; compile-only runtime verification passed; git diff --check passed with expected LF-to-CRLF warning only; generated root build artifacts restored.","Pending focused SOURCE-BATCH-127 batch commit.","2026-06-28T08:38:54-05:00","Closed. SOURCE-BATCH-128+ remains pending the next concrete non-gated source target from source-batch-119-candidate-discovery.csv."
"SOURCE-BATCH-CONTROLLER","128","SOURCE-BATCH-128","Committed","SourceBatchCommitted","No","Yes","SOURCE-BATCH-128 implemented SB119-CAND-010 DecoGarlicBulb2 stale/null/mobile/source-item guards while preserving the collectible message, base.OnDragLift return behavior, constructor state, serialization, and layout behavior.","None. Source batch closeout is recorded in source-batch-128-decogarlicbulb2-guard-repair-closeout.md.","DecoGarlicBulb2.cs gate hits=0; active overlay DecoGarlicBulb2 matches=0; no POST-BATCH-Y gate crossed.","Candidate discovery CSV still imported successfully; targeted DecoGarlicBulb2 source scan passed; serializer diff scan showed no serialization changes; forbidden-surface scan showed no command/hook/gump/timer/packet/region/startup/project/XML/config/data/reorganization changes; Server.csproj Debug/x86 build passed; compile-only runtime verification passed; git diff --check passed with expected LF-to-CRLF warning only; generated root build artifacts restored.","Pending focused SOURCE-BATCH-128 batch commit.","2026-06-28T08:43:32-05:00","Closed. SOURCE-BATCH-129+ remains pending the next concrete non-gated source target from source-batch-119-candidate-discovery.csv."
"SOURCE-BATCH-CONTROLLER","129","SOURCE-BATCH-129","Committed","SourceBatchCommitted","No","Yes","SOURCE-BATCH-129 implemented SB119-CAND-011 DecoGinseng stale/null/mobile/source-item guards while preserving the collectible message, base.OnDragLift return behavior, constructor state, serialization, and layout behavior.","None. Source batch closeout is recorded in source-batch-129-decoginseng-guard-repair-closeout.md.","DecoGinseng.cs gate hits=0; active overlay DecoGinseng matches=0; no POST-BATCH-Y gate crossed.","Candidate discovery CSV still imported successfully; targeted DecoGinseng source scan passed; serializer diff scan showed no serialization changes; forbidden-surface scan showed no command/hook/gump/timer/packet/region/startup/project/XML/config/data/reorganization changes; Server.csproj Debug/x86 build passed; compile-only runtime verification passed; git diff --check passed with expected LF-to-CRLF warning only; generated root build artifacts restored.","Pending focused SOURCE-BATCH-129 batch commit.","2026-06-28T08:48:04-05:00","Closed. SOURCE-BATCH-130+ remains pending the next concrete non-gated source target from source-batch-119-candidate-discovery.csv."
"SOURCE-BATCH-CONTROLLER","130","SOURCE-BATCH-130","Committed","SourceBatchCommitted","No","Yes","SOURCE-BATCH-130 implemented SB119-CAND-012 DecoGinseng2 stale/null/mobile/source-item guards while preserving the collectible message, base.OnDragLift return behavior, constructor state, serialization, and layout behavior.","None. Source batch closeout is recorded in source-batch-130-decoginseng2-guard-repair-closeout.md.","DecoGinseng2.cs gate hits=0; active overlay DecoGinseng2 matches=0; no POST-BATCH-Y gate crossed.","Candidate discovery CSV still imported successfully; targeted DecoGinseng2 source scan passed; serializer diff scan showed no serialization changes; forbidden-surface scan showed no command/hook/gump/timer/packet/region/startup/project/XML/config/data/reorganization changes; Server.csproj Debug/x86 build passed; compile-only runtime verification passed; git diff --check passed with expected LF-to-CRLF warning only; generated root build artifacts restored.","Pending focused SOURCE-BATCH-130 batch commit.","2026-06-28T08:53:02-05:00","Closed. SOURCE-BATCH-131+ remains pending the next concrete non-gated source target from source-batch-119-candidate-discovery.csv."
"SOURCE-BATCH-CONTROLLER","131","SOURCE-BATCH-131","Committed","SourceBatchCommitted","No","Yes","SOURCE-BATCH-131 implemented SB119-CAND-013 DecoGinsengRoot stale/null/mobile/source-item guards while preserving the collectible message, base.OnDragLift return behavior, constructor state, serialization, and layout behavior.","None. Source batch closeout is recorded in source-batch-131-decoginsengroot-guard-repair-closeout.md.","DecoGinsengRoot.cs gate hits=0; active overlay DecoGinsengRoot matches=0; no POST-BATCH-Y gate crossed.","Candidate discovery CSV still imported successfully; targeted DecoGinsengRoot source scan passed; serializer diff scan showed no serialization changes; forbidden-surface scan showed no command/hook/gump/timer/packet/region/startup/project/XML/config/data/reorganization changes; Server.csproj Debug/x86 build passed; compile-only runtime verification passed; git diff --check passed with expected LF-to-CRLF warning only; generated root build artifacts restored.","Pending focused SOURCE-BATCH-131 batch commit.","2026-06-28T08:57:35-05:00","Closed. SOURCE-BATCH-132+ remains pending the next concrete non-gated source target from source-batch-119-candidate-discovery.csv."
"SOURCE-BATCH-CONTROLLER","132","SOURCE-BATCH-132","Committed","SourceBatchCommitted","No","Yes","SOURCE-BATCH-132 implemented SB119-CAND-014 DecoGinsengRoot2 stale/null/mobile/source-item guards while preserving the collectible message, base.OnDragLift return behavior, constructor state, serialization, and layout behavior.","None. Source batch closeout is recorded in source-batch-132-decoginsengroot2-guard-repair-closeout.md.","DecoGinsengRoot2.cs gate hits=0; active overlay DecoGinsengRoot2 matches=0; no POST-BATCH-Y gate crossed.","Candidate discovery CSV still imported successfully; targeted DecoGinsengRoot2 source scan passed; serializer diff scan showed no serialization changes; forbidden-surface scan showed no command/hook/gump/timer/packet/region/startup/project/XML/config/data/reorganization changes; Server.csproj Debug/x86 build passed; compile-only runtime verification passed; git diff --check passed with expected LF-to-CRLF warning only; generated root build artifacts restored.","Pending focused SOURCE-BATCH-132 batch commit.","2026-06-28T09:01:59-05:00","Closed. SOURCE-BATCH-133+ remains pending the next concrete non-gated source target from source-batch-119-candidate-discovery.csv."
"SOURCE-BATCH-CONTROLLER","133","SOURCE-BATCH-133","Committed","SourceBatchCommitted","No","Yes","SOURCE-BATCH-133 implemented SB119-CAND-015 DecoMandrake stale/null/mobile/source-item guards while preserving the collectible message, base.OnDragLift return behavior, constructor state, serialization, and layout behavior.","None. Source batch closeout is recorded in source-batch-133-decomandrake-guard-repair-closeout.md.","DecoMandrake.cs gate hits=0; active overlay DecoMandrake matches=0; no POST-BATCH-Y gate crossed.","Candidate discovery CSV still imported successfully; targeted DecoMandrake source scan passed; serializer diff scan showed no serialization changes; forbidden-surface scan showed no command/hook/gump/timer/packet/region/startup/project/XML/config/data/reorganization changes; Server.csproj Debug/x86 build passed; compile-only runtime verification passed; git diff --check passed with expected LF-to-CRLF warning only; generated root build artifacts restored.","Pending focused SOURCE-BATCH-133 batch commit.","2026-06-28T09:06:51-05:00","Closed. SOURCE-BATCH-134+ remains pending the next concrete non-gated source target from source-batch-119-candidate-discovery.csv."
"SOURCE-BATCH-CONTROLLER","134","SOURCE-BATCH-134","Committed","SourceBatchCommitted","No","Yes","SOURCE-BATCH-134 implemented SB119-CAND-016 DecoMandrake2 stale/null/mobile/source-item guards while preserving the collectible message, base.OnDragLift return behavior, constructor state, serialization, and layout behavior.","None. Source batch closeout is recorded in source-batch-134-decomandrake2-guard-repair-closeout.md.","DecoMandrake2.cs gate hits=0; active overlay DecoMandrake2 matches=0; no POST-BATCH-Y gate crossed.","Candidate discovery CSV still imported successfully; targeted DecoMandrake2 source scan passed; serializer diff scan showed no serialization changes; forbidden-surface scan showed no command/hook/gump/timer/packet/region/startup/project/XML/config/data/reorganization changes; Server.csproj Debug/x86 build passed; compile-only runtime verification passed; git diff --check passed with expected LF-to-CRLF warning only; generated root build artifacts restored.","Pending focused SOURCE-BATCH-134 batch commit.","2026-06-28T09:11:56-05:00","Closed. SOURCE-BATCH-135+ remains pending the next concrete non-gated source target from source-batch-119-candidate-discovery.csv."
"SOURCE-BATCH-CONTROLLER","135","SOURCE-BATCH-135","Committed","SourceBatchCommitted","No","Yes","SOURCE-BATCH-135 implemented SB119-CAND-017 DecoMandrake3 stale/null/mobile/source-item guards while preserving the collectible message, base.OnDragLift return behavior, constructor state, serialization, and layout behavior.","None. Source batch closeout is recorded in source-batch-135-decomandrake3-guard-repair-closeout.md.","DecoMandrake3.cs gate hits=0; active overlay DecoMandrake3 matches=0; no POST-BATCH-Y gate crossed.","Candidate discovery CSV still imported successfully; targeted DecoMandrake3 source scan passed; serializer diff scan showed no serialization changes; forbidden-surface scan showed no command/hook/gump/timer/packet/region/startup/project/XML/config/data/reorganization changes; Server.csproj Debug/x86 build passed; compile-only runtime verification passed; git diff --check passed with expected LF-to-CRLF warning only; generated root build artifacts restored.","Pending focused SOURCE-BATCH-135 batch commit.","2026-06-28T09:53:56-05:00","Closed. SOURCE-BATCH-136+ remains pending the next concrete non-gated source target from source-batch-119-candidate-discovery.csv."
"SOURCE-BATCH-CONTROLLER","136","SOURCE-BATCH-136","Committed","SourceBatchCommitted","No","Yes","SOURCE-BATCH-136 implemented SB119-CAND-018 DecoMandrakeRoot stale/null/mobile/source-item guards while preserving the collectible message, base.OnDragLift return behavior, constructor state, serialization, and layout behavior.","None. Source batch closeout is recorded in source-batch-136-decomandrakeroot-guard-repair-closeout.md.","DecoMandrakeRoot.cs gate hits=0; active overlay DecoMandrakeRoot matches=0; no POST-BATCH-Y gate crossed.","Candidate discovery CSV still imported successfully; targeted DecoMandrakeRoot source scan passed; serializer diff scan showed no serialization changes; forbidden-surface scan showed no command/hook/gump/timer/packet/region/startup/project/XML/config/data/reorganization changes; Server.csproj Debug/x86 build passed; compile-only runtime verification passed; git diff --check passed with expected LF-to-CRLF warning only; generated root build artifacts restored.","Pending focused SOURCE-BATCH-136 batch commit.","2026-06-28T10:01:45-05:00","Closed. SOURCE-BATCH-137+ remains pending the next concrete non-gated source target from source-batch-119-candidate-discovery.csv."
"SOURCE-BATCH-CONTROLLER","137","SOURCE-BATCH-137","Committed","SourceBatchCommitted","No","Yes","SOURCE-BATCH-137 implemented SB119-CAND-019 DecoMandrakeRoot2 stale/null/mobile/source-item guards while preserving the collectible message, base.OnDragLift return behavior, constructor state, serialization, and layout behavior.","None. Source batch closeout is recorded in source-batch-137-decomandrakeroot2-guard-repair-closeout.md.","DecoMandrakeRoot2.cs gate hits=0; active overlay DecoMandrakeRoot2 matches=0; no POST-BATCH-Y gate crossed.","Candidate discovery CSV still imported successfully; targeted DecoMandrakeRoot2 source scan passed; serializer diff scan showed no serialization changes; forbidden-surface scan showed no command/hook/gump/timer/packet/region/startup/project/XML/config/data/reorganization changes; Server.csproj Debug/x86 build passed; compile-only runtime verification passed; git diff --check passed with expected LF-to-CRLF warning only; generated root build artifacts restored.","Pending focused SOURCE-BATCH-137 batch commit.","2026-06-28T10:06:33-05:00","Closed. SOURCE-BATCH-138+ remains pending the next concrete non-gated source target from source-batch-119-candidate-discovery.csv."
"SOURCE-BATCH-CONTROLLER","138","SOURCE-BATCH-138","Committed","SourceBatchCommitted","No","Yes","SOURCE-BATCH-138 implemented SB119-CAND-020 DecoNightshade stale/null/mobile/source-item guards while preserving the collectible message, base.OnDragLift return behavior, constructor state, serialization, and layout behavior.","None. Source batch closeout is recorded in source-batch-138-deconightshade-guard-repair-closeout.md.","DecoNightshade.cs gate hits=0; active overlay DecoNightshade matches=0; no POST-BATCH-Y gate crossed.","Candidate discovery CSV still imported successfully; targeted DecoNightshade source scan passed; serializer diff scan showed no serialization changes; forbidden-surface scan showed no command/hook/gump/timer/packet/region/startup/project/XML/config/data/reorganization changes; Server.csproj Debug/x86 build passed; compile-only runtime verification passed; git diff --check passed with expected LF-to-CRLF warning only; generated root build artifacts restored.","Pending focused SOURCE-BATCH-138 batch commit.","2026-06-28T10:11:27-05:00","Closed. SOURCE-BATCH-139+ remains pending the next concrete non-gated source target from source-batch-119-candidate-discovery.csv."
"SOURCE-BATCH-CONTROLLER","139","SOURCE-BATCH-139","Committed","SourceBatchCommitted","No","Yes","SOURCE-BATCH-139 implemented SB119-CAND-021 DecoNightshade2 stale/null/mobile/source-item guards while preserving the collectible message, base.OnDragLift return behavior, constructor state, serialization, and layout behavior.","None. Source batch closeout is recorded in source-batch-139-deconightshade2-guard-repair-closeout.md.","DecoNightshade2.cs gate hits=0; active overlay DecoNightshade2 matches=0; no POST-BATCH-Y gate crossed.","Candidate discovery CSV still imported successfully; targeted DecoNightshade2 source scan passed; serializer diff scan showed no serialization changes; forbidden-surface scan showed no command/hook/gump/timer/packet/region/startup/project/XML/config/data/reorganization changes; Server.csproj Debug/x86 build passed; compile-only runtime verification passed; git diff --check passed with expected LF-to-CRLF warning only; generated root build artifacts restored.","Pending focused SOURCE-BATCH-139 batch commit.","2026-06-28T10:16:22-05:00","Closed. SOURCE-BATCH-140+ remains pending the next concrete non-gated source target from source-batch-119-candidate-discovery.csv."
"SOURCE-BATCH-CONTROLLER","140","SOURCE-BATCH-140","Committed","SourceBatchCommitted","No","Yes","SOURCE-BATCH-140 implemented SB119-CAND-022 DecoNightshade3 stale/null/mobile/source-item guards while preserving the collectible message, base.OnDragLift return behavior, constructor state, serialization, and layout behavior.","None. Source batch closeout is recorded in source-batch-140-deconightshade3-guard-repair-closeout.md.","DecoNightshade3.cs gate hits=0; active overlay DecoNightshade3 matches=0; no POST-BATCH-Y gate crossed.","Candidate discovery CSV still imported successfully; targeted DecoNightshade3 source scan passed; serializer diff scan showed no serialization changes; forbidden-surface scan showed no command/hook/gump/timer/packet/region/startup/project/XML/config/data/reorganization changes; Server.csproj Debug/x86 build passed; compile-only runtime verification passed; git diff --check passed with expected LF-to-CRLF warning only; generated root build artifacts restored.","Pending focused SOURCE-BATCH-140 batch commit.","2026-06-28T10:21:09-05:00","Closed. SOURCE-BATCH-141+ remains pending the next concrete non-gated source target from source-batch-119-candidate-discovery.csv."
"SOURCE-BATCH-CONTROLLER","141","SOURCE-BATCH-141","Committed","SourceBatchCommitted","No","Yes","SOURCE-BATCH-141 implemented SB119-CAND-023 DecoObsidian stale/null/mobile/source-item guards while preserving the collectible message, base.OnDragLift return behavior, constructor state, serialization, and layout behavior.","None. Source batch closeout is recorded in source-batch-141-decoobsidian-guard-repair-closeout.md.","DecoObsidian.cs gate hits=0; active overlay DecoObsidian matches=0; no POST-BATCH-Y gate crossed.","Candidate discovery CSV still imported successfully; targeted DecoObsidian source scan passed; serializer diff scan showed no serialization changes; forbidden-surface scan showed no command/hook/gump/timer/packet/region/startup/project/XML/config/data/reorganization changes; Server.csproj Debug/x86 build passed; compile-only runtime verification passed; git diff --check passed with expected LF-to-CRLF warning only; generated root build artifacts restored.","Pending focused SOURCE-BATCH-141 batch commit.","2026-06-28T10:26:03-05:00","Closed. SOURCE-BATCH-142+ remains pending the next concrete non-gated source target from source-batch-119-candidate-discovery.csv."
"SOURCE-BATCH-CONTROLLER","142","SOURCE-BATCH-142","Committed","SourceBatchCommitted","No","Yes","SOURCE-BATCH-142 implemented SB119-CAND-024 DecoPumice stale/null/mobile/source-item guards while preserving the collectible message, base.OnDragLift return behavior, constructor state, serialization, and layout behavior.","None. Source batch closeout is recorded in source-batch-142-decopumice-guard-repair-closeout.md.","DecoPumice.cs gate hits=0; active overlay DecoPumice matches=0; no POST-BATCH-Y gate crossed.","Candidate discovery CSV still imported successfully; targeted DecoPumice source scan passed; serializer diff scan showed no serialization changes; forbidden-surface scan showed no command/hook/gump/timer/packet/region/startup/project/XML/config/data/reorganization changes; Server.csproj Debug/x86 build passed; compile-only runtime verification passed; git diff --check passed with expected LF-to-CRLF warning only; generated root build artifacts restored.","Pending focused SOURCE-BATCH-142 batch commit.","2026-06-28T10:31:15-05:00","Closed. SOURCE-BATCH-143+ remains pending the next concrete non-gated source target from source-batch-119-candidate-discovery.csv."
"SOURCE-BATCH-CONTROLLER","143","SOURCE-BATCH-143","Committed","SourceBatchCommitted","No","Yes","SOURCE-BATCH-143 implemented SB119-CAND-025 DecoWyrmsHeart stale/null/mobile/source-item guards while preserving the collectible message, base.OnDragLift return behavior, constructor state, serialization, and layout behavior.","None. Source batch closeout is recorded in source-batch-143-decowyrmsheart-guard-repair-closeout.md.","DecoWyrmsHeart.cs gate hits=0; active overlay DecoWyrmsHeart matches=0; no POST-BATCH-Y gate crossed.","Candidate discovery CSV still imported successfully; targeted DecoWyrmsHeart source scan passed; serializer diff scan showed no serialization changes; forbidden-surface scan showed no command/hook/gump/timer/packet/region/startup/project/XML/config/data/reorganization changes; Server.csproj Debug/x86 build passed; compile-only runtime verification passed; git diff --check passed with expected LF-to-CRLF warning only; generated root build artifacts restored.","Pending focused SOURCE-BATCH-143 batch commit.","2026-06-28T10:36:49-05:00","Closed. The source-batch-119-candidate-discovery.csv implementation queue is exhausted; SOURCE-BATCH-144+ requires fresh candidate discovery."
"SOURCE-BATCH-CONTROLLER","144","SOURCE-BATCH-144","Committed","SourceBatchCommitted","No","Yes","SOURCE-BATCH-144 discovered a fresh non-gated queue and implemented SB144-CAND-001 CorpseChest stale/null/mobile/source-container guards while preserving delayed-fill loot behavior, luck bonus behavior, serialization, and layout behavior.","None. Candidate discovery is recorded in source-batch-144-candidate-discovery.csv and source-batch-144-candidate-discovery-closeout.md; source batch closeout is recorded in source-batch-144-corpsechest-guard-repair-closeout.md.","CorpseChest.cs gate hits=0; active overlay CorpseChest matches=0; no POST-BATCH-Y gate crossed.","Candidate discovery CSV imported successfully; targeted CorpseChest source scan passed; serializer diff scan showed no serialization changes; forbidden-surface scan showed no command/hook/gump/timer/packet/region/startup/project/XML/config/data/reorganization changes; Server.csproj Debug/x86 build passed; compile-only runtime verification passed; git diff --check passed with expected LF-to-CRLF warning only; generated root build artifacts restored.","Pending focused SOURCE-BATCH-144 batch commit.","2026-06-28T10:48:07-05:00","Closed. SOURCE-BATCH-145+ remains pending the next concrete non-gated source target from source-batch-144-candidate-discovery.csv."
"SOURCE-BATCH-CONTROLLER","145","SOURCE-BATCH-145","Committed","SourceBatchCommitted","No","Yes","SOURCE-BATCH-145 implemented SB144-CAND-002 CorpseSailor stale/null/mobile/source-container guards while preserving delayed-fill loot behavior, luck bonus behavior, serialization, and layout behavior.","None. Source batch closeout is recorded in source-batch-145-corpsesailor-guard-repair-closeout.md.","CorpseSailor.cs gate hits=0; active overlay CorpseSailor matches=0; no POST-BATCH-Y gate crossed.","Candidate discovery CSV still imported successfully; targeted CorpseSailor source scan passed; serializer diff scan showed no serialization changes; forbidden-surface scan showed no command/hook/gump/timer/packet/region/startup/project/XML/config/data/reorganization changes; Server.csproj Debug/x86 build passed; compile-only runtime verification passed; git diff --check passed with expected LF-to-CRLF warning only; generated root build artifacts restored.","Pending focused SOURCE-BATCH-145 batch commit.","2026-06-28T10:52:39-05:00","Closed. SOURCE-BATCH-146+ remains pending the next concrete non-gated source target from source-batch-144-candidate-discovery.csv."
"SOURCE-BATCH-CONTROLLER","146","SOURCE-BATCH-146","Committed","SourceBatchCommitted","No","Yes","SOURCE-BATCH-146 implemented SB144-CAND-003 LootBag stale/null/mobile/source-container guards while preserving delayed-fill loot behavior, luck bonus behavior, serialization, and layout behavior.","None. Source batch closeout is recorded in source-batch-146-lootbag-guard-repair-closeout.md.","LootBag.cs gate hits=0; active overlay LootBag matches=0; no POST-BATCH-Y gate crossed.","Candidate discovery CSV still imported successfully; targeted LootBag source scan passed; serializer diff scan showed no serialization changes; forbidden-surface scan showed no command/hook/gump/timer/packet/region/startup/project/XML/config/data/reorganization changes; Server.csproj Debug/x86 build passed; compile-only runtime verification passed; git diff --check passed with expected LF-to-CRLF warning only; generated root build artifacts restored.","Pending focused SOURCE-BATCH-146 batch commit.","2026-06-28T10:56:21-05:00","Closed. SOURCE-BATCH-147+ remains pending the next concrete non-gated source target from source-batch-144-candidate-discovery.csv."
"SOURCE-BATCH-CONTROLLER","147","SOURCE-BATCH-147","Committed","SourceBatchCommitted","No","Yes","SOURCE-BATCH-147 implemented SB144-CAND-004 LootChest stale/null/mobile/source-container guards while preserving delayed-fill loot behavior, luck bonus behavior, serialization, and layout behavior.","None. Source batch closeout is recorded in source-batch-147-lootchest-guard-repair-closeout.md.","LootChest.cs gate hits=0; active overlay LootChest matches=0; no POST-BATCH-Y gate crossed.","Candidate discovery CSV still imported successfully; targeted LootChest source scan passed; serializer diff scan showed no serialization changes; forbidden-surface scan showed no command/hook/gump/timer/packet/region/startup/project/XML/config/data/reorganization changes; Server.csproj Debug/x86 build passed; compile-only runtime verification passed; git diff --check passed with expected LF-to-CRLF warning only; generated root build artifacts restored.","Pending focused SOURCE-BATCH-147 batch commit.","2026-06-28T10:59:59-05:00","Closed. SOURCE-BATCH-148+ remains pending the next concrete non-gated source target from source-batch-144-candidate-discovery.csv."
"SOURCE-BATCH-CONTROLLER","148","SOURCE-BATCH-148","Committed","SourceBatchCommitted","No","Yes","SOURCE-BATCH-148 implemented SB144-CAND-005 PirateChest stale/null/mobile/source-container guards while preserving delayed-fill loot behavior, luck bonus behavior, ContainerOwner serialization, and layout behavior.","None. Source batch closeout is recorded in source-batch-148-piratechest-guard-repair-closeout.md.","PirateChest.cs gate hits=0; active overlay PirateChest matches=0; no POST-BATCH-Y gate crossed.","Candidate discovery CSV still imported successfully; targeted PirateChest source scan passed; serializer diff scan showed no serialization changes; forbidden-surface scan showed no command/hook/gump/timer/packet/region/startup/project/XML/config/data/reorganization changes; Server.csproj Debug/x86 build passed; compile-only runtime verification passed; git diff --check passed with expected LF-to-CRLF warning only; generated root build artifacts restored.","Pending focused SOURCE-BATCH-148 batch commit.","2026-06-28T11:03:46-05:00","Closed. SOURCE-BATCH-149+ remains pending the next concrete non-gated source target from source-batch-144-candidate-discovery.csv."
"SOURCE-BATCH-CONTROLLER","149","SOURCE-BATCH-149","Committed","SourceBatchCommitted","No","Yes","SOURCE-BATCH-149 implemented SB144-CAND-006 SunkenBag stale/null/mobile/source-container guards while preserving random naming, delayed-fill loot behavior, luck bonus behavior, serialization, and layout behavior.","None. Source batch closeout is recorded in source-batch-149-sunkenbag-guard-repair-closeout.md.","SunkenBag.cs gate hits=0; active overlay SunkenBag matches=0; no POST-BATCH-Y gate crossed.","Candidate discovery CSV still imported successfully; targeted SunkenBag source scan passed; serializer diff scan showed no serialization changes; forbidden-surface scan showed no command/hook/gump/timer/packet/region/startup/project/XML/config/data/reorganization changes; Server.csproj Debug/x86 build passed; compile-only runtime verification passed; git diff --check passed with expected LF-to-CRLF warning only; generated root build artifacts restored.","Pending focused SOURCE-BATCH-149 batch commit.","2026-06-28T11:07:30-05:00","Closed. SOURCE-BATCH-150+ remains pending the next concrete non-gated source target from source-batch-144-candidate-discovery.csv."
"SOURCE-BATCH-CONTROLLER","150","SOURCE-BATCH-150","Committed","SourceBatchCommitted","No","Yes","SOURCE-BATCH-150 implemented SB144-CAND-007 MovingBox stale/null/mobile/source-container guards while preserving owner assignment for valid mobiles, owner serialization, home/bank checks, open/drop behavior, and layout behavior.","None. Source batch closeout is recorded in source-batch-150-movingbox-guard-repair-closeout.md.","MovingBox.cs gate hits=0; active overlay MovingBox matches=0; no POST-BATCH-Y gate crossed.","Candidate discovery CSV still imported successfully; targeted MovingBox source scan passed; serializer diff scan showed no serialization changes; forbidden-surface scan showed no command/hook/gump/timer/packet/region/startup/project/XML/config/data/reorganization changes; Server.csproj Debug/x86 build passed; compile-only runtime verification passed; git diff --check passed with expected LF-to-CRLF warning only; generated root build artifacts restored.","Pending focused SOURCE-BATCH-150 batch commit.","2026-06-28T11:11:29-05:00","Closed. SOURCE-BATCH-151+ remains pending the next concrete non-gated source target from source-batch-144-candidate-discovery.csv."
"SOURCE-BATCH-CONTROLLER","151","SOURCE-BATCH-151","Committed","SourceBatchCommitted","No","Yes","SOURCE-BATCH-151 implemented SB144-CAND-008 AlchemistPouch stale/null/mobile/source-pouch guards while preserving the organize message, base.OnDragLift return behavior, pouch rules, gump behavior, hotbar behavior, serialization, and layout behavior.","None. Source batch closeout is recorded in source-batch-151-alchemistpouch-guard-repair-closeout.md.","AlchemistPouch.cs gate hits=0; active overlay AlchemistPouch matches=0; no POST-BATCH-Y gate crossed.","Candidate discovery CSV still imported successfully; targeted AlchemistPouch source scan passed; serializer diff scan showed no serialization changes; forbidden-surface scan showed no command/hook/gump/timer/packet/region/startup/project/XML/config/data/reorganization changes; Server.csproj Debug/x86 build passed; compile-only runtime verification passed; git diff --check passed with expected LF-to-CRLF warning only; generated root build artifacts restored.","Pending focused SOURCE-BATCH-151 batch commit.","2026-06-28T11:15:20-05:00","Closed. SOURCE-BATCH-152+ remains pending the next concrete non-gated source target from source-batch-144-candidate-discovery.csv."
"SOURCE-BATCH-CONTROLLER","152","SOURCE-BATCH-152","SkippedOverlayConflict","SkippedBeforeSourceEdit","No","No","SOURCE-BATCH-152 skipped SB144-CAND-009 BaseMagicStaff after fresh preflight found active post-audit overlay rows for Data/Scripts/Items/Wands/BaseMagicStaff.cs.","None for this skip. The candidate is fenced until the matching post-audit overlay rows are resolved or a later goal explicitly selects it with updated evidence.","BaseMagicStaff.cs POST-BATCH-Y gate hits=0; active overlay BaseMagicStaff matches=4: RB-06714, RB-06715, RB-06731, RB-06782.","Docs-only skip verification: active overlay scan found 4 matching rows; POST-BATCH-Y gate scan found 0 matching rows; source file was inspected but not edited; no source/project/XML/config/data files changed.","Pending docs-only SOURCE-BATCH-152 skip commit.","2026-06-28T11:21:04-05:00","Closed as skipped overlay conflict. SOURCE-BATCH-153+ remains pending the next concrete non-gated source target from source-batch-144-candidate-discovery.csv."
"SOURCE-BATCH-CONTROLLER","153","SOURCE-BATCH-153","Committed","SourceBatchCommitted","No","Yes","SOURCE-BATCH-153 implemented SB144-CAND-010 WindRunnerScroll stale/null/mobile/source-scroll guards while preserving owner-mismatch delete behavior for valid mobiles, owner double-click message, owner serialization, and layout behavior.","None. Source batch closeout is recorded in source-batch-153-windrunnerscroll-guard-repair-closeout.md.","WindRunnerScroll.cs gate hits=0; active overlay WindRunnerScroll matches=0; no POST-BATCH-Y gate crossed.","Candidate discovery CSV still imported successfully; targeted WindRunnerScroll source scan passed; serializer diff scan showed no serialization changes; forbidden-surface scan showed no command/hook/gump/timer/packet/region/startup/project/XML/config/data/reorganization changes in source diff; Server.csproj Debug/x86 build passed; compile-only runtime verification passed; git diff --check passed with expected LF-to-CRLF warning only; generated root build artifacts restored.","Pending focused SOURCE-BATCH-153 batch commit.","2026-06-28T11:25:17-05:00","Closed. source-batch-144-candidate-discovery.csv is exhausted; SOURCE-BATCH-154+ requires fresh non-gated candidate discovery."
"SOURCE-BATCH-CONTROLLER","154","SOURCE-BATCH-154","Committed","SourceBatchCommitted","No","Yes","SOURCE-BATCH-154 created fresh candidate discovery and implemented SB154-CAND-001 AstralProjectionScroll stale/null/mobile/source-scroll guards while preserving owner-mismatch delete behavior for valid mobiles, owner double-click message, owner serialization, and layout behavior.","None. Source batch closeout is recorded in source-batch-154-astralprojectionscroll-guard-repair-closeout.md.","AstralProjectionScroll.cs gate hits=0; active overlay AstralProjectionScroll matches=0; no POST-BATCH-Y gate crossed.","Candidate discovery CSV imported successfully with 9 complete candidates; targeted AstralProjectionScroll source scan passed; serializer diff scan showed no serialization changes; forbidden-surface source diff scan showed no command/hook/gump/timer/packet/region/startup/project/XML/config/data/reorganization changes; Server.csproj Debug/x86 build passed; compile-only runtime verification passed; git diff --check passed with expected LF-to-CRLF warning only; generated root build artifacts restored.","Pending focused SOURCE-BATCH-154 batch commit.","2026-06-28T11:31:00-05:00","Closed. SOURCE-BATCH-155+ remains pending the next concrete non-gated source target from source-batch-154-candidate-discovery.csv."
"SOURCE-BATCH-CONTROLLER","155","SOURCE-BATCH-155","Committed","SourceBatchCommitted","No","Yes","SOURCE-BATCH-155 implemented SB154-CAND-002 AstralTravelScroll stale/null/mobile/source-scroll guards while preserving owner-mismatch delete behavior for valid mobiles, owner double-click message, owner serialization, and layout behavior.","None. Source batch closeout is recorded in source-batch-155-astraltravelscroll-guard-repair-closeout.md.","AstralTravelScroll.cs gate hits=0; active overlay AstralTravelScroll matches=0; no POST-BATCH-Y gate crossed.","Targeted AstralTravelScroll source scan passed; serializer diff scan showed no serialization changes; forbidden-surface source diff scan showed no command/hook/gump/timer/packet/region/startup/project/XML/config/data/reorganization changes; Server.csproj Debug/x86 build passed; compile-only runtime verification passed; git diff --check passed with expected LF-to-CRLF warning only; generated root build artifacts restored.","Pending focused SOURCE-BATCH-155 batch commit.","2026-06-28T11:36:00-05:00","Closed. SOURCE-BATCH-156+ remains pending the next concrete non-gated source target from source-batch-154-candidate-discovery.csv."
"SOURCE-BATCH-CONTROLLER","156","SOURCE-BATCH-156","Committed","SourceBatchCommitted","No","Yes","SOURCE-BATCH-156 implemented SB154-CAND-003 CreateRobeScroll stale/null/mobile/source-scroll guards while preserving owner-mismatch delete behavior for valid mobiles, owner double-click message, owner serialization, and layout behavior.","None. Source batch closeout is recorded in source-batch-156-createrobescroll-guard-repair-closeout.md.","CreateRobeScroll.cs gate hits=0; active overlay CreateRobeScroll matches=0; no POST-BATCH-Y gate crossed.","Targeted CreateRobeScroll source scan passed; serializer diff scan showed no serialization changes; forbidden-surface source diff scan showed no command/hook/gump/timer/packet/region/startup/project/XML/config/data/reorganization changes; Server.csproj Debug/x86 build passed; compile-only runtime verification passed; git diff --check passed with expected LF-to-CRLF warning only; generated root build artifacts restored.","Pending focused SOURCE-BATCH-156 batch commit.","2026-06-28T11:41:00-05:00","Closed. SOURCE-BATCH-157+ remains pending the next concrete non-gated source target from source-batch-154-candidate-discovery.csv."
"SOURCE-BATCH-CONTROLLER","157","SOURCE-BATCH-157","Committed","SourceBatchCommitted","No","Yes","SOURCE-BATCH-157 implemented SB154-CAND-004 GentleTouchScroll stale/null/mobile/source-scroll guards while preserving owner-mismatch delete behavior for valid mobiles, owner double-click message, owner serialization, and layout behavior.","None. Source batch closeout is recorded in source-batch-157-gentletouchscroll-guard-repair-closeout.md.","GentleTouchScroll.cs gate hits=0; active overlay GentleTouchScroll matches=0; no POST-BATCH-Y gate crossed.","Targeted GentleTouchScroll source scan passed; serializer diff scan showed no serialization changes; forbidden-surface source diff scan showed no command/hook/gump/timer/packet/region/startup/project/XML/config/data/reorganization changes; Server.csproj Debug/x86 build passed; compile-only runtime verification passed; git diff --check passed with expected LF-to-CRLF warning only; generated root build artifacts restored.","Pending focused SOURCE-BATCH-157 batch commit.","2026-06-28T11:46:00-05:00","Closed. SOURCE-BATCH-158+ remains pending the next concrete non-gated source target from source-batch-154-candidate-discovery.csv."
"SOURCE-BATCH-CONTROLLER","158","SOURCE-BATCH-158","Committed","SourceBatchCommitted","No","Yes","SOURCE-BATCH-158 implemented SB154-CAND-005 LeapScroll stale/null/mobile/source-scroll guards while preserving owner-mismatch delete behavior for valid mobiles, owner double-click message, owner serialization, and layout behavior.","None. Source batch closeout is recorded in source-batch-158-leapscroll-guard-repair-closeout.md.","LeapScroll.cs gate hits=0; active overlay LeapScroll matches=0; no POST-BATCH-Y gate crossed.","Targeted LeapScroll source scan passed; serializer diff scan showed no serialization changes; forbidden-surface source diff scan showed no command/hook/gump/timer/packet/region/startup/project/XML/config/data/reorganization changes; Server.csproj Debug/x86 build passed; compile-only runtime verification passed; git diff --check passed with expected LF-to-CRLF warning only; generated root build artifacts restored.","Pending focused SOURCE-BATCH-158 batch commit.","2026-06-28T11:51:00-05:00","Closed. SOURCE-BATCH-159+ remains pending the next concrete non-gated source target from source-batch-154-candidate-discovery.csv."
"SOURCE-BATCH-CONTROLLER","159","SOURCE-BATCH-159","Committed","SourceBatchCommitted","No","Yes","SOURCE-BATCH-159 implemented SB154-CAND-006 PsionicBlastScroll stale/null/mobile/source-scroll guards while preserving owner-mismatch delete behavior for valid mobiles, owner double-click message, owner serialization, and layout behavior.","None. Source batch closeout is recorded in source-batch-159-psionicblastscroll-guard-repair-closeout.md.","PsionicBlastScroll.cs gate hits=0; active overlay PsionicBlastScroll matches=0; no POST-BATCH-Y gate crossed.","Targeted PsionicBlastScroll source scan passed; serializer diff scan showed no serialization changes; forbidden-surface source diff scan showed no command/hook/gump/timer/packet/region/startup/project/XML/config/data/reorganization changes; Server.csproj Debug/x86 build passed; compile-only runtime verification passed; git diff --check passed with expected LF-to-CRLF warning only; generated root build artifacts restored.","Pending focused SOURCE-BATCH-159 batch commit.","2026-06-28T11:56:00-05:00","Closed. SOURCE-BATCH-160+ remains pending the next concrete non-gated source target from source-batch-154-candidate-discovery.csv."
"SOURCE-BATCH-CONTROLLER","160","SOURCE-BATCH-160","Committed","SourceBatchCommitted","No","Yes","SOURCE-BATCH-160 implemented SB154-CAND-007 PsychicWallScroll stale/null/mobile/source-scroll guards while preserving owner-mismatch delete behavior for valid mobiles, owner double-click message, owner serialization, and layout behavior.","None. Source batch closeout is recorded in source-batch-160-psychicwallscroll-guard-repair-closeout.md.","PsychicWallScroll.cs gate hits=0; active overlay PsychicWallScroll matches=0; no POST-BATCH-Y gate crossed.","Targeted PsychicWallScroll source scan passed; serializer diff scan showed no serialization changes; forbidden-surface source diff scan showed no command/hook/gump/timer/packet/region/startup/project/XML/config/data/reorganization changes; Server.csproj Debug/x86 build passed; compile-only runtime verification passed; git diff --check passed with expected LF-to-CRLF warning only; generated root build artifacts restored.","Pending focused SOURCE-BATCH-160 batch commit.","2026-06-28T12:01:00-05:00","Closed. SOURCE-BATCH-161+ remains pending the next concrete non-gated source target from source-batch-154-candidate-discovery.csv."
"SOURCE-BATCH-CONTROLLER","161","SOURCE-BATCH-161","Committed","SourceBatchCommitted","No","Yes","SOURCE-BATCH-161 implemented SB154-CAND-008 PurityOfBodyScroll stale/null/mobile/source-scroll guards while preserving owner-mismatch delete behavior for valid mobiles, owner double-click message, owner serialization, and layout behavior.","None. Source batch closeout is recorded in source-batch-161-purityofbodyscroll-guard-repair-closeout.md.","PurityOfBodyScroll.cs gate hits=0; active overlay PurityOfBodyScroll matches=0; no POST-BATCH-Y gate crossed.","Targeted PurityOfBodyScroll source scan passed; serializer diff scan showed no serialization changes; forbidden-surface source diff scan showed no command/hook/gump/timer/packet/region/startup/project/XML/config/data/reorganization changes; Server.csproj Debug/x86 build passed; compile-only runtime verification passed; git diff --check passed with expected LF-to-CRLF warning only; generated root build artifacts restored.","Pending focused SOURCE-BATCH-161 batch commit.","2026-06-28T12:06:00-05:00","Closed. SOURCE-BATCH-162+ remains pending the next concrete non-gated source target from source-batch-154-candidate-discovery.csv."
"SOURCE-BATCH-CONTROLLER","162","SOURCE-BATCH-162","Committed","SourceBatchCommitted","No","Yes","SOURCE-BATCH-162 implemented SB154-CAND-009 QuiveringPalmScroll stale/null/mobile/source-scroll guards while preserving owner-mismatch delete behavior for valid mobiles, owner double-click message, owner serialization, and layout behavior.","None. Source batch closeout is recorded in source-batch-162-quiveringpalmscroll-guard-repair-closeout.md.","QuiveringPalmScroll.cs gate hits=0; active overlay QuiveringPalmScroll matches=0; no POST-BATCH-Y gate crossed.","Targeted QuiveringPalmScroll source scan passed; serializer diff scan showed no serialization changes; forbidden-surface source diff scan showed no command/hook/gump/timer/packet/region/startup/project/XML/config/data/reorganization changes; Server.csproj Debug/x86 build passed; compile-only runtime verification passed; git diff --check passed with expected LF-to-CRLF warning only; generated root build artifacts restored.","Pending focused SOURCE-BATCH-162 batch commit.","2026-06-28T12:11:00-05:00","Closed. source-batch-154-candidate-discovery.csv is exhausted; SOURCE-BATCH-163+ requires fresh non-gated candidate discovery."
"SOURCE-BATCH-CONTROLLER","163","SOURCE-BATCH-163","Committed","SourceBatchCommitted","No","Yes","SOURCE-BATCH-163 created fresh candidate discovery and implemented SB163-CAND-001 ArmysPaeonScroll stale/null/mobile/source-scroll guard while preserving the sheet-music message, constructor metadata, serialization, and layout behavior.","None. Source batch closeout is recorded in source-batch-163-armyspaeonscroll-guard-repair-closeout.md.","ArmysPaeon.cs exact-file gate hits=0; exact-file active overlay rows=0; no POST-BATCH-Y gate crossed.","Candidate CSV import passed; targeted ArmysPaeonScroll source scan passed; serializer diff scan showed no serialization changes; forbidden-surface source diff scan showed no command/hook/gump/timer/packet/region/startup/project/XML/config/data/reorganization changes; Server.csproj Debug/x86 build passed; compile-only runtime verification passed; git diff --check passed with expected LF-to-CRLF warning only; generated root build artifacts restored.","Pending focused SOURCE-BATCH-163 batch commit.","2026-06-28T13:27:45-05:00","Closed. SOURCE-BATCH-164+ remains pending the next concrete non-gated source target from source-batch-163-candidate-discovery.csv."
"SOURCE-BATCH-CONTROLLER","164","SOURCE-BATCH-164","Committed","SourceBatchCommitted","No","Yes","SOURCE-BATCH-164 implemented SB163-CAND-002 EnchantingEtudeScroll stale/null/mobile/source-scroll guard while preserving the sheet-music message, constructor metadata, serialization, and layout behavior.","None. Source batch closeout is recorded in source-batch-164-enchantingetudescroll-guard-repair-closeout.md.","EnchantingEtude.cs exact-file gate hits=0; exact-file active overlay rows=0; no POST-BATCH-Y gate crossed.","Targeted EnchantingEtudeScroll source scan passed; serializer diff scan showed no serialization changes; forbidden-surface source diff scan showed no command/hook/gump/timer/packet/region/startup/project/XML/config/data/reorganization changes; Server.csproj Debug/x86 build passed; compile-only runtime verification passed; git diff --check passed with expected LF-to-CRLF warning only; generated root build artifacts restored.","Pending focused SOURCE-BATCH-164 batch commit.","2026-06-28T13:37:41-05:00","Closed. SOURCE-BATCH-165+ remains pending the next concrete non-gated source target from source-batch-163-candidate-discovery.csv."
"SOURCE-BATCH-CONTROLLER","165","SOURCE-BATCH-165","Committed","SourceBatchCommitted","No","Yes","SOURCE-BATCH-165 implemented SB163-CAND-003 EnergyCarolScroll stale/null/mobile/source-scroll guard while preserving the sheet-music message, constructor metadata, serialization, and layout behavior.","None. Source batch closeout is recorded in source-batch-165-energycarolscroll-guard-repair-closeout.md.","EnergyCarol.cs exact-file gate hits=0; exact-file active overlay rows=0; no POST-BATCH-Y gate crossed.","Targeted EnergyCarolScroll source scan passed; serializer diff scan showed no serialization changes; forbidden-surface source diff scan showed no command/hook/gump/timer/packet/region/startup/project/XML/config/data/reorganization changes; Server.csproj Debug/x86 build passed; compile-only runtime verification passed; git diff --check passed with expected LF-to-CRLF warning only; generated root build artifacts restored.","Pending focused SOURCE-BATCH-165 batch commit.","2026-06-28T13:39:08-05:00","Closed. SOURCE-BATCH-166+ remains pending the next concrete non-gated source target from source-batch-163-candidate-discovery.csv."
"SOURCE-BATCH-CONTROLLER","166","SOURCE-BATCH-166","Committed","SourceBatchCommitted","No","Yes","SOURCE-BATCH-166 implemented SB163-CAND-004 EnergyThrenodyScroll stale/null/mobile/source-scroll guard while preserving the sheet-music message, constructor metadata, serialization, and layout behavior.","None. Source batch closeout is recorded in source-batch-166-energythrenodyscroll-guard-repair-closeout.md.","EnergyThrenody.cs exact-file gate hits=0; exact-file active overlay rows=0; no POST-BATCH-Y gate crossed.","Targeted EnergyThrenodyScroll source scan passed; serializer diff scan showed no serialization changes; forbidden-surface source diff scan showed no command/hook/gump/timer/packet/region/startup/project/XML/config/data/reorganization changes; Server.csproj Debug/x86 build passed; compile-only runtime verification passed; git diff --check passed with expected LF-to-CRLF warning only; generated root build artifacts restored.","Pending focused SOURCE-BATCH-166 batch commit.","2026-06-28T13:42:54-05:00","Closed. SOURCE-BATCH-167+ remains pending the next concrete non-gated source target from source-batch-163-candidate-discovery.csv."
"SOURCE-BATCH-CONTROLLER","167","SOURCE-BATCH-167","Committed","SourceBatchCommitted","No","Yes","SOURCE-BATCH-167 implemented SB163-CAND-005 FireCarolScroll stale/null/mobile/source-scroll guard while preserving the sheet-music message, constructor metadata, serialization, and layout behavior.","None. Source batch closeout is recorded in source-batch-167-firecarolscroll-guard-repair-closeout.md.","FireCarol.cs exact-file gate hits=0; exact-file active overlay rows=0; no POST-BATCH-Y gate crossed.","Targeted FireCarolScroll source scan passed; serializer diff scan showed no serialization changes; forbidden-surface source diff scan showed no command/hook/gump/timer/packet/region/startup/project/XML/config/data/reorganization changes; Server.csproj Debug/x86 build passed; compile-only runtime verification passed; git diff --check passed with expected LF-to-CRLF warning only; generated root build artifacts restored.","Pending focused SOURCE-BATCH-167 batch commit.","2026-06-28T13:44:25-05:00","Closed. SOURCE-BATCH-168+ remains pending the next concrete non-gated source target from source-batch-163-candidate-discovery.csv."
"SOURCE-BATCH-CONTROLLER","168","SOURCE-BATCH-168","Committed","SourceBatchCommitted","No","Yes","SOURCE-BATCH-168 implemented SB163-CAND-006 FireThrenodyScroll stale/null/mobile/source-scroll guard while preserving the sheet-music message, constructor metadata, serialization, and layout behavior.","None. Source batch closeout is recorded in source-batch-168-firethrenodyscroll-guard-repair-closeout.md.","FireThrenody.cs exact-file gate hits=0; exact-file active overlay rows=0; no POST-BATCH-Y gate crossed.","Targeted FireThrenodyScroll source scan passed; serializer diff scan showed no serialization changes; forbidden-surface source diff scan showed no command/hook/gump/timer/packet/region/startup/project/XML/config/data/reorganization changes; Server.csproj Debug/x86 build passed; compile-only runtime verification passed; git diff --check passed with expected LF-to-CRLF warning only; generated root build artifacts restored.","Pending focused SOURCE-BATCH-168 batch commit.","2026-06-28T13:44:37-05:00","Closed. SOURCE-BATCH-169+ remains pending the next concrete non-gated source target from source-batch-163-candidate-discovery.csv."
"SOURCE-BATCH-CONTROLLER","169","SOURCE-BATCH-169","Committed","SourceBatchCommitted","No","Yes","SOURCE-BATCH-169 implemented SB163-CAND-007 FoeRequiemScroll stale/null/mobile/source-scroll guard while preserving the sheet-music message, constructor metadata, serialization, and layout behavior.","None. Source batch closeout is recorded in source-batch-169-foerequiemscroll-guard-repair-closeout.md.","FoeRequiem.cs exact-file gate hits=0; exact-file active overlay rows=0; no POST-BATCH-Y gate crossed.","Targeted FoeRequiemScroll source scan passed; serializer diff scan showed no serialization changes; forbidden-surface source diff scan showed no command/hook/gump/timer/packet/region/startup/project/XML/config/data/reorganization changes; Server.csproj Debug/x86 build passed; compile-only runtime verification passed; git diff --check passed with expected LF-to-CRLF warning only; generated root build artifacts restored.","Pending focused SOURCE-BATCH-169 batch commit.","2026-06-28T13:44:49-05:00","Closed. SOURCE-BATCH-170+ remains pending the next concrete non-gated source target from source-batch-163-candidate-discovery.csv."
"SOURCE-BATCH-CONTROLLER","170","SOURCE-BATCH-170","Committed","SourceBatchCommitted","No","Yes","SOURCE-BATCH-170 implemented SB163-CAND-008 IceCarolScroll stale/null/mobile/source-scroll guard while preserving the sheet-music message, constructor metadata, serialization, and layout behavior.","None. Source batch closeout is recorded in source-batch-170-icecarolscroll-guard-repair-closeout.md.","IceCarol.cs exact-file gate hits=0; exact-file active overlay rows=0; no POST-BATCH-Y gate crossed.","Targeted IceCarolScroll source scan passed; serializer diff scan showed no serialization changes; forbidden-surface source diff scan showed no command/hook/gump/timer/packet/region/startup/project/XML/config/data/reorganization changes; Server.csproj Debug/x86 build passed; compile-only runtime verification passed; git diff --check passed with expected LF-to-CRLF warning only; generated root build artifacts restored.","Pending focused SOURCE-BATCH-170 batch commit.","2026-06-28T13:45:01-05:00","Closed. SOURCE-BATCH-171+ remains pending the next concrete non-gated source target from source-batch-163-candidate-discovery.csv."
"SOURCE-BATCH-CONTROLLER","171","SOURCE-BATCH-171","Committed","SourceBatchCommitted","No","Yes","SOURCE-BATCH-171 implemented SB163-CAND-009 IceThrenodyScroll stale/null/mobile/source-scroll guard while preserving the sheet-music message, constructor metadata, serialization, and layout behavior.","None. Source batch closeout is recorded in source-batch-171-icethrenodyscroll-guard-repair-closeout.md.","IceThrenody.cs exact-file gate hits=0; exact-file active overlay rows=0; no POST-BATCH-Y gate crossed.","Targeted IceThrenodyScroll source scan passed; serializer diff scan showed no serialization changes; forbidden-surface source diff scan showed no command/hook/gump/timer/packet/region/startup/project/XML/config/data/reorganization changes; Server.csproj Debug/x86 build passed; compile-only runtime verification passed; git diff --check passed with expected LF-to-CRLF warning only; generated root build artifacts restored.","Pending focused SOURCE-BATCH-171 batch commit.","2026-06-28T13:45:13-05:00","Closed. SOURCE-BATCH-172+ remains pending the next concrete non-gated source target from source-batch-163-candidate-discovery.csv."
"SOURCE-BATCH-CONTROLLER","172","SOURCE-BATCH-172","Committed","SourceBatchCommitted","No","Yes","SOURCE-BATCH-172 implemented SB163-CAND-010 KnightsMinneScroll stale/null/mobile/source-scroll guard while preserving the sheet-music message, constructor metadata, serialization, and layout behavior.","None. Source batch closeout is recorded in source-batch-172-knightsminnescroll-guard-repair-closeout.md.","KnightsMinne.cs exact-file gate hits=0; exact-file active overlay rows=0; no POST-BATCH-Y gate crossed.","Targeted KnightsMinneScroll source scan passed; serializer diff scan showed no serialization changes; forbidden-surface source diff scan showed no command/hook/gump/timer/packet/region/startup/project/XML/config/data/reorganization changes; Server.csproj Debug/x86 build passed; compile-only runtime verification passed; git diff --check passed with expected LF-to-CRLF warning only; generated root build artifacts restored.","Pending focused SOURCE-BATCH-172 batch commit.","2026-06-28T13:45:25-05:00","Closed. SOURCE-BATCH-173+ remains pending the next concrete non-gated source target from source-batch-163-candidate-discovery.csv."
"SOURCE-BATCH-CONTROLLER","173","SOURCE-BATCH-173","Committed","SourceBatchCommitted","No","Yes","SOURCE-BATCH-173 implemented SB163-CAND-011 MagesBalladScroll stale/null/mobile/source-scroll guard while preserving the sheet-music message, constructor metadata, serialization, and layout behavior.","None. Source batch closeout is recorded in source-batch-173-magesballadscroll-guard-repair-closeout.md.","MagesBallad.cs exact-file gate hits=0; exact-file active overlay rows=0; no POST-BATCH-Y gate crossed.","Targeted MagesBalladScroll source scan passed; serializer diff scan showed no serialization changes; forbidden-surface source diff scan showed no command/hook/gump/timer/packet/region/startup/project/XML/config/data/reorganization changes; Server.csproj Debug/x86 build passed; compile-only runtime verification passed; git diff --check passed with expected LF-to-CRLF warning only; generated root build artifacts restored.","Pending focused SOURCE-BATCH-173 batch commit.","2026-06-28T13:45:36-05:00","Closed. SOURCE-BATCH-174+ remains pending the next concrete non-gated source target from source-batch-163-candidate-discovery.csv."
"SOURCE-BATCH-CONTROLLER","174","SOURCE-BATCH-174","Committed","SourceBatchCommitted","No","Yes","SOURCE-BATCH-174 implemented SB163-CAND-012 MagicFinaleScroll stale/null/mobile/source-scroll guard while preserving the sheet-music message, constructor metadata, serialization, and layout behavior.","None. Source batch closeout is recorded in source-batch-174-magicfinalescroll-guard-repair-closeout.md.","MagicFinale.cs exact-file gate hits=0; exact-file active overlay rows=0; no POST-BATCH-Y gate crossed.","Targeted MagicFinaleScroll source scan passed; serializer diff scan showed no serialization changes; forbidden-surface source diff scan showed no command/hook/gump/timer/packet/region/startup/project/XML/config/data/reorganization changes; Server.csproj Debug/x86 build passed; compile-only runtime verification passed; git diff --check passed with expected LF-to-CRLF warning only; generated root build artifacts restored.","Pending focused SOURCE-BATCH-174 batch commit.","2026-06-28T13:45:48-05:00","Closed. SOURCE-BATCH-175+ remains pending the next concrete non-gated source target from source-batch-163-candidate-discovery.csv."
"SOURCE-BATCH-CONTROLLER","175","SOURCE-BATCH-175","Committed","SourceBatchCommitted","No","Yes","SOURCE-BATCH-175 implemented SB163-CAND-013 PoisonCarolScroll stale/null/mobile/source-scroll guard while preserving the sheet-music message, constructor metadata, serialization, and layout behavior.","None. Source batch closeout is recorded in source-batch-175-poisoncarolscroll-guard-repair-closeout.md.","PoisonCarol.cs exact-file gate hits=0; exact-file active overlay rows=0; no POST-BATCH-Y gate crossed.","Targeted PoisonCarolScroll source scan passed; serializer diff scan showed no serialization changes; forbidden-surface source diff scan showed no command/hook/gump/timer/packet/region/startup/project/XML/config/data/reorganization changes; Server.csproj Debug/x86 build passed; compile-only runtime verification passed; git diff --check passed with expected LF-to-CRLF warning only; generated root build artifacts restored.","Pending focused SOURCE-BATCH-175 batch commit.","2026-06-28T13:46:00-05:00","Closed. SOURCE-BATCH-176+ remains pending the next concrete non-gated source target from source-batch-163-candidate-discovery.csv."
"SOURCE-BATCH-CONTROLLER","176","SOURCE-BATCH-176","Committed","SourceBatchCommitted","No","Yes","SOURCE-BATCH-176 implemented SB163-CAND-014 PoisonThrenodyScroll stale/null/mobile/source-scroll guard while preserving the sheet-music message, constructor metadata, serialization, and layout behavior.","None. Source batch closeout is recorded in source-batch-176-poisonthrenodyscroll-guard-repair-closeout.md.","PoisonThrenody.cs exact-file gate hits=0; exact-file active overlay rows=0; no POST-BATCH-Y gate crossed.","Targeted PoisonThrenodyScroll source scan passed; serializer diff scan showed no serialization changes; forbidden-surface source diff scan showed no command/hook/gump/timer/packet/region/startup/project/XML/config/data/reorganization changes; Server.csproj Debug/x86 build passed; compile-only runtime verification passed; git diff --check passed with expected LF-to-CRLF warning only; generated root build artifacts restored.","Pending focused SOURCE-BATCH-176 batch commit.","2026-06-28T13:46:12-05:00","Closed. SOURCE-BATCH-177+ remains pending the next concrete non-gated source target from source-batch-163-candidate-discovery.csv."
"SOURCE-BATCH-CONTROLLER","177","SOURCE-BATCH-177","Committed","SourceBatchCommitted","No","Yes","SOURCE-BATCH-177 implemented SB163-CAND-015 SheepfoeMamboScroll stale/null/mobile/source-scroll guard while preserving the sheet-music message, constructor metadata, serialization, and layout behavior.","None. Source batch closeout is recorded in source-batch-177-sheepfoemamboscroll-guard-repair-closeout.md.","SheepfoeMambo.cs exact-file gate hits=0; exact-file active overlay rows=0; no POST-BATCH-Y gate crossed.","Targeted SheepfoeMamboScroll source scan passed; serializer diff scan showed no serialization changes; forbidden-surface source diff scan showed no command/hook/gump/timer/packet/region/startup/project/XML/config/data/reorganization changes; Server.csproj Debug/x86 build passed; compile-only runtime verification passed; git diff --check passed with expected LF-to-CRLF warning only; generated root build artifacts restored.","Pending focused SOURCE-BATCH-177 batch commit.","2026-06-28T13:46:24-05:00","Closed. SOURCE-BATCH-178+ remains pending the next concrete non-gated source target from source-batch-163-candidate-discovery.csv."
"SOURCE-BATCH-CONTROLLER","178","SOURCE-BATCH-178","Committed","SourceBatchCommitted","No","Yes","SOURCE-BATCH-178 implemented SB163-CAND-016 SinewyEtudeScroll stale/null/mobile/source-scroll guard while preserving the sheet-music message, constructor metadata, serialization, and layout behavior.","None. Source batch closeout is recorded in source-batch-178-sinewyetudescroll-guard-repair-closeout.md.","SinewyEtude.cs exact-file gate hits=0; exact-file active overlay rows=0; no POST-BATCH-Y gate crossed.","Targeted SinewyEtudeScroll source scan passed; serializer diff scan showed no serialization changes; forbidden-surface source diff scan showed no command/hook/gump/timer/packet/region/startup/project/XML/config/data/reorganization changes; Server.csproj Debug/x86 build passed; compile-only runtime verification passed; git diff --check passed with expected LF-to-CRLF warning only; generated root build artifacts restored.","Pending focused SOURCE-BATCH-178 batch commit.","2026-06-28T13:46:36-05:00","Closed. source-batch-163-candidate-discovery.csv is exhausted; SOURCE-BATCH-179+ requires fresh non-gated candidate discovery."
"SOURCE-BATCH-CONTROLLER","179","SOURCE-BATCH-179","Committed","SourceBatchCommitted","No","Yes","SOURCE-BATCH-179 created fresh candidate discovery and implemented SB179-CAND-001 DeathSkulls stale/null/mobile/source-token guards while preserving skull message, token metadata, serialization, and layout behavior.","None. Source batch closeout is recorded in source-batch-179-deathskulls-guard-repair-closeout.md.","DeathSkulls.cs exact-file gate hits=0; exact-file active overlay rows=0; no POST-BATCH-Y gate crossed.","Candidate CSV import passed; targeted DeathSkulls source scan passed with 14 guarded OnDoubleClick paths; serializer diff scan showed no serialization changes; forbidden-surface source diff scan showed no command/hook/gump/timer/packet/region/startup/project/XML/config/data/reorganization changes; Server.csproj Debug/x86 build passed; compile-only runtime verification passed; git diff --check passed with expected LF-to-CRLF warning only; generated root build artifacts restored.","Pending focused SOURCE-BATCH-179 batch commit.","2026-06-28T13:51:47-05:00","Closed. SOURCE-BATCH-180+ remains pending the next concrete non-gated source target from source-batch-179-candidate-discovery.csv."
"SOURCE-BATCH-CONTROLLER","180","SOURCE-BATCH-180","Committed","SourceBatchCommitted","No","Yes","SOURCE-BATCH-180 implemented SB179-CAND-002 HolySymbols stale/null/mobile/source-token guards while preserving holy symbol message, token metadata, serialization, and layout behavior.","None. Source batch closeout is recorded in source-batch-180-holysymbols-guard-repair-closeout.md.","HolySymbols.cs exact-file gate hits=0; exact-file active overlay rows=0; no POST-BATCH-Y gate crossed.","Targeted HolySymbols source scan passed with 14 guarded OnDoubleClick paths; serializer diff scan showed no serialization changes; forbidden-surface source diff scan showed no command/hook/gump/timer/packet/region/startup/project/XML/config/data/reorganization changes; Server.csproj Debug/x86 build passed; compile-only runtime verification passed; git diff --check passed with expected LF-to-CRLF warning only; generated root build artifacts restored.","Pending focused SOURCE-BATCH-180 batch commit.","2026-06-28T13:55:45-05:00","Closed. SOURCE-BATCH-181+ remains pending the next concrete non-gated source target from source-batch-179-candidate-discovery.csv."
"SOURCE-BATCH-CONTROLLER","181","SOURCE-BATCH-181","Committed","SourceBatchCommitted","No","Yes","SOURCE-BATCH-181 implemented SB179-CAND-003 DeathKnightSpellbook stale/null/mobile/source-book guard while preserving owner/backpack/gump behavior, serialization, and layout behavior.","None. Source batch closeout is recorded in source-batch-181-deathknightspellbook-guard-repair-closeout.md.","DeathKnightSpellBook.cs exact-file gate hits=0; exact-file active overlay rows=0; no POST-BATCH-Y gate crossed.","Targeted DeathKnightSpellbook source scan passed; serializer diff scan showed no serialization changes; forbidden-surface source diff scan showed no command/hook/gump policy expansion/timer/packet/region/startup/project/XML/config/data/reorganization changes; Server.csproj Debug/x86 build passed; compile-only runtime verification passed; git diff --check passed with expected LF-to-CRLF warning only; generated root build artifacts restored.","Pending focused SOURCE-BATCH-181 batch commit.","2026-06-28T13:59:13-05:00","Closed. SOURCE-BATCH-182+ remains pending the next concrete non-gated source target from source-batch-179-candidate-discovery.csv."
"SOURCE-BATCH-CONTROLLER","182","SOURCE-BATCH-182","Committed","SourceBatchCommitted","No","Yes","SOURCE-BATCH-182 implemented SB179-CAND-004 HolyManSpellbook stale/null/mobile/source-book guard while preserving owner/backpack/gump behavior, serialization, and layout behavior.","None. Source batch closeout is recorded in source-batch-182-holymanspellbook-guard-repair-closeout.md.","HolyManSpellBook.cs exact-file gate hits=0; exact-file active overlay rows=0; no POST-BATCH-Y gate crossed.","Targeted HolyManSpellbook source scan passed; serializer diff scan showed no serialization changes; forbidden-surface source diff scan showed no command/hook/gump policy expansion/timer/packet/region/startup/project/XML/config/data/reorganization changes; Server.csproj Debug/x86 build passed; compile-only runtime verification passed; git diff --check passed with expected LF-to-CRLF warning only; generated root build artifacts restored.","Pending focused SOURCE-BATCH-182 batch commit.","2026-06-28T14:03:07-05:00","Closed. source-batch-179-candidate-discovery.csv is exhausted; SOURCE-BATCH-183+ requires fresh non-gated candidate discovery."
"SOURCE-BATCH-CONTROLLER","183","SOURCE-BATCH-183","Committed","SourceBatchCommitted","No","Yes","SOURCE-BATCH-183 created fresh candidate discovery and implemented SB183-CAND-001 SythDatacrons stale/null/mobile/source-token guards while preserving datacron metadata, message behavior, serialization, and layout behavior.","None. Source batch closeout is recorded in source-batch-183-sythdatacrons-guard-repair-closeout.md.","SythDatacrons.cs exact-file gate hits=0; exact-file active overlay rows=0; no POST-BATCH-Y gate crossed.","Candidate CSV import passed; targeted SythDatacrons source scan passed with 10 guarded OnDoubleClick paths; serializer diff scan showed no serialization changes; forbidden-surface source diff scan showed no command/hook/gump/timer/packet/region/startup/project/XML/config/data/reorganization changes; Server.csproj Debug/x86 build passed; compile-only runtime verification passed; git diff --check passed with expected LF-to-CRLF warning only; generated root build artifacts restored.","Pending focused SOURCE-BATCH-183 batch commit.","2026-06-28T14:09:36-05:00","Closed. SOURCE-BATCH-184+ remains pending the next concrete non-gated source target from source-batch-183-candidate-discovery.csv."
"SOURCE-BATCH-CONTROLLER","184","SOURCE-BATCH-184","Committed","SourceBatchCommitted","No","Yes","SOURCE-BATCH-184 implemented SB183-CAND-002 JediDatacrons stale/null/mobile/source-token guards while preserving datacron metadata, message behavior, serialization, and layout behavior.","None. Source batch closeout is recorded in source-batch-184-jedidatacrons-guard-repair-closeout.md.","JediDatacrons.cs exact-file gate hits=0; exact-file active overlay rows=0; no POST-BATCH-Y gate crossed.","Targeted JediDatacrons source scan passed with 10 guarded OnDoubleClick paths; serializer diff scan showed no serialization changes; forbidden-surface source diff scan showed no command/hook/gump/timer/packet/region/startup/project/XML/config/data/reorganization changes; Server.csproj Debug/x86 build passed; compile-only runtime verification passed; git diff --check passed with expected LF-to-CRLF warning only; generated root build artifacts restored.","Pending focused SOURCE-BATCH-184 batch commit.","2026-06-28T14:13:23-05:00","Closed. SOURCE-BATCH-185+ remains pending the next concrete non-gated source target from source-batch-183-candidate-discovery.csv."
"SOURCE-BATCH-CONTROLLER","185","SOURCE-BATCH-185","Committed","SourceBatchCommitted","No","Yes","SOURCE-BATCH-185 implemented SB183-CAND-003 SythSpellbook stale/null/mobile/source-book guard while preserving owner/backpack/gump behavior, OnDragDrop transformations, serialization, and layout behavior.","None. Source batch closeout is recorded in source-batch-185-sythspellbook-guard-repair-closeout.md.","SythSpellbook.cs exact-file gate hits=0; exact-file active overlay rows=0; no POST-BATCH-Y gate crossed.","Targeted SythSpellbook source scan passed; serializer diff scan showed no serialization changes; forbidden-surface source diff scan showed no command/hook/gump policy expansion/timer/packet/region/startup/project/XML/config/data/reorganization changes; Server.csproj Debug/x86 build passed; compile-only runtime verification passed; git diff --check passed with expected LF-to-CRLF warning only; generated root build artifacts restored.","Pending focused SOURCE-BATCH-185 batch commit.","2026-06-28T14:17:10-05:00","Closed. SOURCE-BATCH-186+ remains pending the next concrete non-gated source target from source-batch-183-candidate-discovery.csv."
"SOURCE-BATCH-CONTROLLER","186","SOURCE-BATCH-186","Committed","SourceBatchCommitted","No","Yes","SOURCE-BATCH-186 implemented SB183-CAND-004 JediSpellbook stale/null/mobile/source-book guard while preserving owner/backpack/gump behavior, OnDragDrop transformations, serialization, and layout behavior.","None. Source batch closeout is recorded in source-batch-186-jedispellbook-guard-repair-closeout.md.","JediSpellbook.cs exact-file gate hits=0; exact-file active overlay rows=0; no POST-BATCH-Y gate crossed.","Targeted JediSpellbook source scan passed; serializer diff scan showed no serialization changes; forbidden-surface source diff scan showed no command/hook/gump policy expansion/timer/packet/region/startup/project/XML/config/data/reorganization changes; Server.csproj Debug/x86 build passed; compile-only runtime verification passed; git diff --check passed with expected LF-to-CRLF warning only; generated root build artifacts restored.","Pending focused SOURCE-BATCH-186 batch commit.","2026-06-28T14:20:51-05:00","Closed. source-batch-183-candidate-discovery.csv is exhausted; SOURCE-BATCH-187+ requires fresh non-gated candidate discovery."
"SOURCE-BATCH-CONTROLLER","187","SOURCE-BATCH-187","Committed","SourceBatchCommitted","No","Yes","SOURCE-BATCH-187 created fresh candidate discovery and implemented SB187-CAND-001 AncientSpellbook stale/null/mobile/source-book guard while preserving owner/backpack/gump behavior, serialization, and layout behavior.","None. Source batch closeout is recorded in source-batch-187-ancientspellbook-guard-repair-closeout.md.","AncientSpellBook.cs exact-file gate hits=0; exact-file active overlay rows=0; no POST-BATCH-Y gate crossed.","Candidate CSV import passed; targeted AncientSpellbook source scan passed; serializer diff scan showed no serialization changes; forbidden-surface source diff scan showed no command/hook/gump policy expansion/timer/packet/region/startup/project/XML/config/data/reorganization changes; Server.csproj Debug/x86 build passed; compile-only runtime verification passed; git diff --check passed with expected LF-to-CRLF warning only; generated root build artifacts restored.","Pending focused SOURCE-BATCH-187 batch commit.","2026-06-28T14:27:20-05:00","Closed. source-batch-187-candidate-discovery.csv is exhausted; SOURCE-BATCH-188+ requires fresh non-gated candidate discovery."
"SOURCE-BATCH-CONTROLLER","188","SOURCE-BATCH-188","Committed","SourceBatchCommitted","No","Yes","SOURCE-BATCH-188 created fresh candidate discovery and implemented SB188-CAND-001 CarvedPumpkins stale/null/mobile/source-light guards while preserving range, reach-message, base double-click, secure-level, serialization, and layout behavior.","None. Source batch closeout is recorded in source-batch-188-carvedpumpkins-guard-repair-closeout.md.","CarvedPumpkins.cs exact-file gate hits=0; exact-file active overlay rows=0; no POST-BATCH-Y gate crossed.","Candidate CSV import passed; targeted CarvedPumpkins source scan passed with twenty guarded OnDoubleClick paths; serializer diff scan showed no serialization changes; forbidden-surface source diff scan showed no command/hook/gump policy expansion/timer/packet/region/startup/project/XML/config/data/reorganization changes; Server.csproj Debug/x86 build passed; compile-only runtime verification passed; git diff --check passed with expected LF-to-CRLF warning only; generated root build artifacts restored.","Pending focused SOURCE-BATCH-188 batch commit.","2026-06-28T14:34:03-05:00","Closed. source-batch-188-candidate-discovery.csv is exhausted; SOURCE-BATCH-189+ requires fresh non-gated candidate discovery."
"SOURCE-BATCH-CONTROLLER","189","SOURCE-BATCH-189","Committed","SourceBatchCommitted","No","Yes","SOURCE-BATCH-189 created fresh candidate discovery and implemented SB189-CAND-001 WrappedCandy stale/null/mobile/source-package/backpack guards while preserving reward creation, message, delete, serialization, and layout behavior.","None. Source batch closeout is recorded in source-batch-189-wrappedcandy-guard-repair-closeout.md.","WrappedCandy.cs exact-file gate hits=0; exact-file active overlay rows=0; no POST-BATCH-Y gate crossed.","Candidate CSV import passed; targeted WrappedCandy source scan passed; serializer diff scan showed no serialization changes; forbidden-surface source diff scan showed no command/hook/gump policy expansion/timer/packet/region/startup/project/XML/config/data/reorganization changes; Server.csproj Debug/x86 build passed; compile-only runtime verification passed; git diff --check passed with expected LF-to-CRLF warning only; generated root build artifacts restored.","Pending focused SOURCE-BATCH-189 batch commit.","2026-06-28T14:47:00-05:00","Closed. SOURCE-BATCH-190+ remains pending the next concrete non-gated source target from source-batch-189-candidate-discovery.csv."
"SOURCE-BATCH-CONTROLLER","190","SOURCE-BATCH-190","Committed","SourceBatchCommitted","No","Yes","SOURCE-BATCH-190 implemented SB189-CAND-002 HalloweenPack stale/null/mobile/source-package/backpack guards while preserving gift creation, message, delete, serialization, and layout behavior.","None. Source batch closeout is recorded in source-batch-190-halloweenpack-guard-repair-closeout.md.","HalloweenPack.cs exact-file gate hits=0; exact-file active overlay rows=0; no POST-BATCH-Y gate crossed.","Targeted HalloweenPack source scan passed; serializer diff scan showed no serialization changes; forbidden-surface source diff scan showed no command/hook/gump policy expansion/timer/packet/region/startup/project/XML/config/data/reorganization changes; Server.csproj Debug/x86 build passed; compile-only runtime verification passed; git diff --check passed with expected LF-to-CRLF warning only; generated root build artifacts restored.","Pending focused SOURCE-BATCH-190 batch commit.","2026-06-28T14:47:37-05:00","Closed. SOURCE-BATCH-191+ remains pending the next concrete non-gated source target from source-batch-189-candidate-discovery.csv."
"SOURCE-BATCH-CONTROLLER","191","SOURCE-BATCH-191","Committed","SourceBatchCommitted","No","Yes","SOURCE-BATCH-191 implemented SB189-CAND-003 PackedCostume stale/null/mobile/source-package/backpack guards while preserving costume creation, message, delete, serialization, and layout behavior.","None. Source batch closeout is recorded in source-batch-191-packedcostume-guard-repair-closeout.md.","PackedCostume.cs exact-file gate hits=0; exact-file active overlay rows=0; no POST-BATCH-Y gate crossed.","Targeted PackedCostume source scan passed; serializer diff scan showed no serialization changes; forbidden-surface source diff scan showed no command/hook/gump policy expansion/timer/packet/region/startup/project/XML/config/data/reorganization changes; Server.csproj Debug/x86 build passed; compile-only runtime verification passed; git diff --check passed with expected LF-to-CRLF warning only; generated root build artifacts restored.","Pending focused SOURCE-BATCH-191 batch commit.","2026-06-28T14:52:23-05:00","Closed. source-batch-189-candidate-discovery.csv is exhausted; SOURCE-BATCH-192+ requires fresh non-gated candidate discovery."
"SOURCE-BATCH-CONTROLLER","192","SOURCE-BATCH-192","Committed","SourceBatchCommitted","No","Yes","SOURCE-BATCH-192 created fresh candidate discovery and implemented SB192-CAND-001 CrystalToken stale/null/mobile/source-token/backpack guard while preserving localized failure, gump open, serialization, and layout behavior.","None. Source batch closeout is recorded in source-batch-192-crystaltoken-guard-repair-closeout.md.","Crystal Token.cs exact-file gate hits=0; exact-file active overlay rows=0; no POST-BATCH-Y gate crossed.","Candidate CSV import passed; targeted CrystalToken source scan passed; serializer diff scan showed no serialization changes; forbidden-surface source diff scan showed no command/hook/gump policy expansion/timer/packet/region/startup/project/XML/config/data/reorganization changes; Server.csproj Debug/x86 build passed; compile-only runtime verification passed; git diff --check passed with expected LF-to-CRLF warning only; generated root build artifacts restored.","Pending focused SOURCE-BATCH-192 batch commit.","2026-06-28T14:58:09-05:00","Closed. source-batch-192-candidate-discovery.csv is exhausted; SOURCE-BATCH-193+ requires fresh non-gated candidate discovery."
"SOURCE-BATCH-CONTROLLER","193","SOURCE-BATCH-193","Committed","SourceBatchCommitted","No","Yes","SOURCE-BATCH-193 created fresh candidate discovery and implemented SB193-CAND-001 ShadowToken stale/null/mobile/source-token/backpack guard while preserving localized failure, gump open, serialization, and layout behavior.","None. Source batch closeout is recorded in source-batch-193-shadowtoken-guard-repair-closeout.md.","Shadow Token.cs exact-file gate hits=0; exact-file active overlay rows=0; no POST-BATCH-Y gate crossed.","Candidate CSV import passed; targeted ShadowToken source scan passed; serializer diff scan showed no serialization changes; forbidden-surface source diff scan showed no command/hook/gump policy expansion/timer/packet/region/startup/project/XML/config/data/reorganization changes; Server.csproj Debug/x86 build passed; compile-only runtime verification passed; git diff --check passed with expected LF-to-CRLF warning only; generated root build artifacts restored.","Pending focused SOURCE-BATCH-193 batch commit.","2026-06-28T15:03:37-05:00","Closed. source-batch-193-candidate-discovery.csv is exhausted; SOURCE-BATCH-194+ requires fresh non-gated candidate discovery."
"SOURCE-BATCH-CONTROLLER","194","SOURCE-BATCH-194","Committed","SourceBatchCommitted","No","Yes","SOURCE-BATCH-194 created fresh candidate discovery and implemented SB194-CAND-001 NinthAnniversaryCoin stale/null/mobile/source-token/backpack guard while preserving localized failure, gump open, serialization, and layout behavior.","None. Source batch closeout is recorded in source-batch-194-ninthanniversarycoin-guard-repair-closeout.md.","NinthAnniversaryCoin.cs exact-file gate hits=0; exact-file active overlay rows=0; no POST-BATCH-Y gate crossed.","Candidate CSV import passed; targeted NinthAnniversaryCoin source scan passed; serializer diff scan showed no serialization changes; forbidden-surface source diff scan showed no command/hook/gump policy expansion/timer/packet/region/startup/project/XML/config/data/reorganization changes; Server.csproj Debug/x86 build passed; compile-only runtime verification passed; git diff --check passed with expected LF-to-CRLF warning only; generated root build artifacts restored.","Pending focused SOURCE-BATCH-194 batch commit.","2026-06-28T15:14:00-05:00","Closed. source-batch-194-candidate-discovery.csv is exhausted; SOURCE-BATCH-195+ requires fresh non-gated candidate discovery."
"SOURCE-BATCH-CONTROLLER","195","SOURCE-BATCH-195","Committed","SourceBatchCommitted","No","Yes","SOURCE-BATCH-195 created fresh candidate discovery and implemented SB195-CAND-001 ECrystalAltar stale/null/mobile/source-component guard while preserving range message, addon/deed metadata, serialization, and layout behavior.","None. Source batch closeout is recorded in source-batch-195-ecrystalaltar-guard-repair-closeout.md.","ECrystalAltar.cs exact-file gate hits=0; exact-file active overlay rows=0; no POST-BATCH-Y gate crossed.","Candidate CSV import passed; targeted ECrystalAltar source scan passed; serializer diff scan showed no serialization changes; forbidden-surface source diff scan showed no command/hook/gump policy expansion/timer/packet/region/startup/project/XML/config/data/reorganization changes; Server.csproj Debug/x86 build passed; compile-only runtime verification passed; git diff --check passed with expected LF-to-CRLF warning only; generated root build artifacts restored.","Pending focused SOURCE-BATCH-195 batch commit.","2026-06-28T15:28:00-05:00","Closed. SOURCE-BATCH-196+ remains pending SB195-CAND-002 ECrystalBrazier from source-batch-195-candidate-discovery.csv."
"SOURCE-BATCH-CONTROLLER","196","SOURCE-BATCH-196","Committed","SourceBatchCommitted","No","Yes","SOURCE-BATCH-196 implemented SB195-CAND-002 ECrystalBrazier stale/null/mobile/source-component guard while preserving range message, light setting, addon/deed metadata, serialization, and layout behavior.","None. Source batch closeout is recorded in source-batch-196-ecrystalbrazier-guard-repair-closeout.md.","ECrystalBrazier.cs exact-file gate hits=0; exact-file active overlay rows=0; no POST-BATCH-Y gate crossed.","Candidate CSV import passed; targeted ECrystalBrazier source scan passed; serializer diff scan showed no serialization changes; forbidden-surface source diff scan showed no command/hook/gump policy expansion/timer/packet/region/startup/project/XML/config/data/reorganization changes; Server.csproj Debug/x86 build passed; compile-only runtime verification passed; git diff --check passed with expected LF-to-CRLF warning only; generated root build artifacts restored.","Pending focused SOURCE-BATCH-196 batch commit.","2026-06-28T15:41:00-05:00","Closed. SOURCE-BATCH-197+ remains pending SB195-CAND-003 EGlobeOfSosaria from source-batch-195-candidate-discovery.csv."
"SOURCE-BATCH-CONTROLLER","197","SOURCE-BATCH-197","Committed","SourceBatchCommitted","No","Yes","SOURCE-BATCH-197 implemented SB195-CAND-003 EGlobeOfSosaria stale/null/mobile/source-component guard while preserving range message, addon/deed metadata, serialization, and layout behavior.","None. Source batch closeout is recorded in source-batch-197-eglobeofsosaria-guard-repair-closeout.md.","EGlobeOfSosaria.cs exact-file gate hits=0; exact-file active overlay rows=0; no POST-BATCH-Y gate crossed.","Candidate CSV import passed; targeted EGlobeOfSosaria source scan passed; serializer diff scan showed no serialization changes; forbidden-surface source diff scan showed no command/hook/gump policy expansion/timer/packet/region/startup/project/XML/config/data/reorganization changes; Server.csproj Debug/x86 build passed; compile-only runtime verification passed; git diff --check passed with expected LF-to-CRLF warning only; generated root build artifacts restored.","Pending focused SOURCE-BATCH-197 batch commit.","2026-06-28T15:54:00-05:00","Closed. source-batch-195-candidate-discovery.csv is exhausted; SOURCE-BATCH-198+ requires fresh non-gated candidate discovery."
"SOURCE-BATCH-CONTROLLER","198","SOURCE-BATCH-198","Committed","SourceBatchCommitted","No","Yes","SOURCE-BATCH-198 created fresh candidate discovery and implemented SB198-CAND-001 EObsidianPillar stale/null/mobile/source-component guard while preserving range message, addon/deed metadata, deserialize correction, serialization, and layout behavior.","None. Source batch closeout is recorded in source-batch-198-eobsidianpillar-guard-repair-closeout.md.","EObsidianPillar.cs exact-file gate hits=0; exact-file active overlay rows=0; no POST-BATCH-Y gate crossed.","Candidate CSV import passed; targeted EObsidianPillar source scan passed; serializer diff scan showed no serialization changes; forbidden-surface source diff scan showed no command/hook/gump policy expansion/timer/packet/region/startup/project/XML/config/data/reorganization changes; Server.csproj Debug/x86 build passed; compile-only runtime verification passed; git diff --check passed with expected LF-to-CRLF warning only; generated root build artifacts restored.","Pending focused SOURCE-BATCH-198 batch commit.","2026-06-28T16:07:00-05:00","Closed. SOURCE-BATCH-199+ remains pending SB198-CAND-002 EObsidianRock from source-batch-198-candidate-discovery.csv."
"SOURCE-BATCH-CONTROLLER","199","SOURCE-BATCH-199","Committed","SourceBatchCommitted","No","Yes","SOURCE-BATCH-199 implemented SB198-CAND-002 EObsidianRock stale/null/mobile/source-component guard while preserving range message, addon/deed metadata, deserialize correction, serialization, and layout behavior.","None. Source batch closeout is recorded in source-batch-199-eobsidianrock-guard-repair-closeout.md.","EObsidianRock.cs exact-file gate hits=0; exact-file active overlay rows=0; no POST-BATCH-Y gate crossed.","Candidate CSV import passed; targeted EObsidianRock source scan passed; serializer diff scan showed no serialization changes; forbidden-surface source diff scan showed no command/hook/gump policy expansion/timer/packet/region/startup/project/XML/config/data/reorganization changes; Server.csproj Debug/x86 build passed; compile-only runtime verification passed; git diff --check passed with expected LF-to-CRLF warning only; generated root build artifacts restored.","Pending focused SOURCE-BATCH-199 batch commit.","2026-06-28T16:20:00-05:00","Closed. SOURCE-BATCH-200+ remains pending SB198-CAND-003 EShadowFirePit from source-batch-198-candidate-discovery.csv."
"SOURCE-BATCH-CONTROLLER","200","SOURCE-BATCH-200","Committed","SourceBatchCommitted","No","Yes","SOURCE-BATCH-200 implemented SB198-CAND-003 EShadowFirePit stale/null/mobile/source-component guard while preserving range message, light setting, addon/deed metadata, deserialize correction, serialization, and layout behavior.","None. Source batch closeout is recorded in source-batch-200-eshadowfirepit-guard-repair-closeout.md.","EShadowFirePit.cs exact-file gate hits=0; exact-file active overlay rows=0; no POST-BATCH-Y gate crossed.","Candidate CSV import passed; targeted EShadowFirePit source scan passed; serializer diff scan showed no serialization changes; forbidden-surface source diff scan showed no command/hook/gump policy expansion/timer/packet/region/startup/project/XML/config/data/reorganization changes; Server.csproj Debug/x86 build passed; compile-only runtime verification passed; git diff --check passed with expected LF-to-CRLF warning only; generated root build artifacts restored.","Pending focused SOURCE-BATCH-200 batch commit.","2026-06-28T16:33:00-05:00","Closed. source-batch-198-candidate-discovery.csv is exhausted; SOURCE-BATCH-201+ requires fresh non-gated candidate discovery."
"SOURCE-BATCH-CONTROLLER","201","SOURCE-BATCH-201","Committed","SourceBatchCommitted","No","Yes","SOURCE-BATCH-201 created fresh candidate discovery and implemented SB201-CAND-001 EShadowFirePitCross stale/null/mobile/source-component guard while preserving range message, light setting, addon/deed metadata, deserialize correction, serialization, and layout behavior.","None. Source batch closeout is recorded in source-batch-201-eshadowfirepitcross-guard-repair-closeout.md.","EShadowFirePitCross.cs exact-file gate hits=0; exact-file active overlay rows=0; no POST-BATCH-Y gate crossed.","Candidate CSV import passed; targeted EShadowFirePitCross source scan passed; serializer diff scan showed no serialization changes; forbidden-surface source diff scan showed no command/hook/gump policy expansion/timer/packet/region/startup/project/XML/config/data/reorganization changes; Server.csproj Debug/x86 build passed; compile-only runtime verification passed; git diff --check passed with expected LF-to-CRLF warning only; generated root build artifacts restored.","Pending focused SOURCE-BATCH-201 batch commit.","2026-06-28T16:46:00-05:00","Closed. SOURCE-BATCH-202+ remains pending SB201-CAND-002 EShadowPillar from source-batch-201-candidate-discovery.csv."
"SOURCE-BATCH-CONTROLLER","202","SOURCE-BATCH-202","Committed","SourceBatchCommitted","No","Yes","SOURCE-BATCH-202 implemented SB201-CAND-002 EShadowPillar stale/null/mobile/source-component guard while preserving range message, addon/deed metadata, deserialize correction, serialization, and layout behavior.","None. Source batch closeout is recorded in source-batch-202-eshadowpillar-guard-repair-closeout.md.","EShadowPillar.cs exact-file gate hits=0; exact-file active overlay rows=0; no POST-BATCH-Y gate crossed.","Candidate CSV import passed; targeted EShadowPillar source scan passed; serializer diff scan showed no serialization changes; forbidden-surface source diff scan showed no command/hook/gump policy expansion/timer/packet/region/startup/project/XML/config/data/reorganization changes; Server.csproj Debug/x86 build passed; compile-only runtime verification passed; git diff --check passed with expected LF-to-CRLF warning only; generated root build artifacts restored.","Pending focused SOURCE-BATCH-202 batch commit.","2026-06-28T16:59:00-05:00","Closed. SOURCE-BATCH-203+ remains pending SB201-CAND-003 ESpikeColumn from source-batch-201-candidate-discovery.csv."
"SOURCE-BATCH-CONTROLLER","203","SOURCE-BATCH-203","Committed","SourceBatchCommitted","No","Yes","SOURCE-BATCH-203 implemented SB201-CAND-003 ESpikeColumn stale/null/mobile/source-component guard while preserving range message, addon/deed metadata, deserialize correction, serialization, and layout behavior.","None. Source batch closeout is recorded in source-batch-203-espikecolumn-guard-repair-closeout.md.","ESpikeColumn.cs exact-file gate hits=0; exact-file active overlay rows=0; no POST-BATCH-Y gate crossed.","Candidate CSV import passed; targeted ESpikeColumn source scan passed; serializer diff scan showed no serialization changes; forbidden-surface source diff scan showed no command/hook/gump policy expansion/timer/packet/region/startup/project/XML/config/data/reorganization changes; Server.csproj Debug/x86 build passed; compile-only runtime verification passed; git diff --check passed with expected LF-to-CRLF warning only; generated root build artifacts restored.","Pending focused SOURCE-BATCH-203 batch commit.","2026-06-28T17:12:00-05:00","Closed. source-batch-201-candidate-discovery.csv implementation queue is exhausted; SOURCE-BATCH-204+ requires fresh non-gated candidate discovery."
"SOURCE-BATCH-CONTROLLER","204","SOURCE-BATCH-204","Committed","SourceBatchCommitted","No","Yes","SOURCE-BATCH-204 created fresh candidate discovery and implemented SB204-CAND-001 ESpikePostEast stale/null/mobile/source-component guard while preserving range message, addon/deed metadata, deserialize correction, serialization, and layout behavior.","None. Source batch closeout is recorded in source-batch-204-espikeposteast-guard-repair-closeout.md.","ESpikePostEast.cs exact-file gate hits=0; exact-file active overlay rows=0; no POST-BATCH-Y gate crossed.","Candidate CSV import passed; targeted ESpikePostEast source scan passed; serializer diff scan showed no serialization changes; forbidden-surface source diff scan showed no command/hook/gump policy expansion/timer/packet/region/startup/project/XML/config/data/reorganization changes; Server.csproj Debug/x86 build passed; compile-only runtime verification passed; git diff --check passed with expected LF-to-CRLF warning only; generated root build artifacts restored.","Pending focused SOURCE-BATCH-204 batch commit.","2026-06-28T17:25:00-05:00","Closed. SOURCE-BATCH-205+ remains pending SB204-CAND-002 ESpikePostSouth from source-batch-204-candidate-discovery.csv."
"SOURCE-BATCH-CONTROLLER","205","SOURCE-BATCH-205","Committed","SourceBatchCommitted","No","Yes","SOURCE-BATCH-205 implemented SB204-CAND-002 ESpikePostSouth stale/null/mobile/source-component guard while preserving range message, addon/deed metadata, deserialize correction, serialization, and layout behavior.","None. Source batch closeout is recorded in source-batch-205-espikepostsouth-guard-repair-closeout.md.","ESpikePostSouth.cs exact-file gate hits=0; exact-file active overlay rows=0; no POST-BATCH-Y gate crossed.","Candidate CSV import passed; targeted ESpikePostSouth source scan passed; serializer diff scan showed no serialization changes; forbidden-surface source diff scan showed no command/hook/gump policy expansion/timer/packet/region/startup/project/XML/config/data/reorganization changes; Server.csproj Debug/x86 build passed; compile-only runtime verification passed; git diff --check passed with expected LF-to-CRLF warning only; generated root build artifacts restored.","Pending focused SOURCE-BATCH-205 batch commit.","2026-06-28T17:38:00-05:00","Closed. source-batch-204-candidate-discovery.csv implementation queue is exhausted; SOURCE-BATCH-206+ requires fresh non-gated candidate discovery."
"SOURCE-BATCH-CONTROLLER","206","SOURCE-BATCH-206","Committed","SourceBatchCommitted","No","Yes","SOURCE-BATCH-206 created fresh candidate discovery and implemented SB206-CAND-001 QuestSouvenir stale/null/mobile/source-item guard while preserving souvenir effects, reward issuance, command properties, serialization, and layout behavior.","None. Source batch closeout is recorded in source-batch-206-questsouvenir-guard-repair-closeout.md.","QuestSouvenir.cs exact-file gate hits=0; exact-file active overlay rows=0; no POST-BATCH-Y gate crossed.","Candidate CSV import passed; targeted QuestSouvenir source scan passed; serializer diff scan showed no serialization changes; forbidden-surface source diff scan showed no command/hook/gump policy expansion/timer/packet/region/startup/project/XML/config/data/reorganization changes; Server.csproj Debug/x86 build passed; compile-only runtime verification passed; git diff --check passed with expected LF-to-CRLF warning only; generated root build artifacts restored.","Pending focused SOURCE-BATCH-206 batch commit.","2026-06-28T17:51:00-05:00","Closed. SOURCE-BATCH-207+ remains pending SB206-CAND-002 PileOfGlacialSnow from source-batch-206-candidate-discovery.csv."
"SOURCE-BATCH-CONTROLLER","207","SOURCE-BATCH-207","Committed","SourceBatchCommitted","No","Yes","SOURCE-BATCH-207 implemented SB206-CAND-002 PileOfGlacialSnow stale/null/mobile/source-item, target, and timer guards while preserving snowball messages, cooldown, effects, serialization, and layout behavior.","None. Source batch closeout is recorded in source-batch-207-pileofglacialsnow-guard-repair-closeout.md.","PileOfGlacialSnow.cs exact-file gate hits=0; exact-file active overlay rows=0; no POST-BATCH-Y gate crossed.","Candidate CSV import passed; targeted PileOfGlacialSnow source scan passed; serializer diff scan showed no serialization changes; forbidden-surface source diff scan showed no command/hook/gump policy expansion/packet/region/startup/project/XML/config/data/reorganization changes; Server.csproj Debug/x86 build passed; compile-only runtime verification passed; git diff --check passed with expected LF-to-CRLF warning only; generated root build artifacts restored.","Pending focused SOURCE-BATCH-207 batch commit.","2026-06-28T18:04:00-05:00","Closed. SOURCE-BATCH-208+ remains pending SB206-CAND-003 SnowPile from source-batch-206-candidate-discovery.csv."
"SOURCE-BATCH-CONTROLLER","208","SOURCE-BATCH-208","Committed","SourceBatchCommitted","No","Yes","SOURCE-BATCH-208 implemented SB206-CAND-003 SnowPile stale/null/mobile/source-item, target, and timer guards while preserving snowball messages, cooldown, effects, serialization, and layout behavior.","None. Source batch closeout is recorded in source-batch-208-snowpile-guard-repair-closeout.md.","SnowPile.cs exact-file gate hits=0; exact-file active overlay rows=0; no POST-BATCH-Y gate crossed.","Candidate CSV import passed; targeted SnowPile source scan passed; serializer diff scan showed no serialization changes; forbidden-surface source diff scan showed no command/hook/gump policy expansion/packet/region/startup/project/XML/config/data/reorganization changes; Server.csproj Debug/x86 build passed; compile-only runtime verification passed; git diff --check passed with expected LF-to-CRLF warning only; generated root build artifacts restored.","Pending focused SOURCE-BATCH-208 batch commit.","2026-06-28T18:17:00-05:00","Closed. SOURCE-BATCH-209+ remains pending SB206-CAND-004 AppleBobbingBarrel from source-batch-206-candidate-discovery.csv."
"SOURCE-BATCH-CONTROLLER","209","SOURCE-BATCH-209","Committed","SourceBatchCommitted","No","Yes","SOURCE-BATCH-209 implemented SB206-CAND-004 AppleBobbingBarrel stale/null/mobile/source-item and timer callback guards while preserving bobbing movement, animation, reward, messages, serialization, and layout behavior.","None. Source batch closeout is recorded in source-batch-209-applebobbingbarrel-guard-repair-closeout.md.","AppleBobbingBarrel.cs exact-file gate hits=0; exact-file active overlay rows=0; no POST-BATCH-Y gate crossed.","Passed: targeted source scan, exact-file gate/overlay scans, serializer diff scan, forbidden-surface diff scan, Server.csproj Debug/x86 build, compile-only runtime verification, git diff --check, and generated root artifact restoration.","Pending focused SOURCE-BATCH-209 batch commit.","2026-06-28T18:30:00-05:00","Closed. source-batch-206-candidate-discovery.csv implementation queue is exhausted; SOURCE-BATCH-210+ requires fresh non-gated candidate discovery."
"SOURCE-BATCH-CONTROLLER","210","SOURCE-BATCH-210","Committed","SourceBatchCommitted","No","Yes","SOURCE-BATCH-210 created fresh candidate discovery and implemented SB210-CAND-001 Artifact_HammerofThor stale/null/mobile/source-item guard while preserving hold-message, Parent rule, LightningSpell cast behavior, artifact metadata, serialization, and layout behavior.","None. Source batch closeout is recorded in source-batch-210-artifact-hammerofthor-guard-repair-closeout.md.","Artifact_HammerofThor.cs exact-file gate hits=0; exact-file active overlay rows=0; no POST-BATCH-Y gate crossed.","Passed: candidate CSV import, targeted source scan, exact-file gate/overlay scans, serializer diff scan, forbidden-surface diff scan, Server.csproj Debug/x86 build, compile-only runtime verification, git diff --check, and generated root artifact restoration.","Pending focused SOURCE-BATCH-210 batch commit.","2026-06-28T18:45:00-05:00","Closed. SOURCE-BATCH-211+ remains pending SB210-CAND-002 Artifact_HelmOfBrilliance from source-batch-210-candidate-discovery.csv."
"SOURCE-BATCH-CONTROLLER","211","SOURCE-BATCH-211","Committed","SourceBatchCommitted","No","Yes","SOURCE-BATCH-211 implemented SB210-CAND-002 Artifact_HelmOfBrilliance stale/null/mobile/source-item guard while preserving wear-message, Parent rule, FireballSpell cast behavior, artifact metadata, serialization, and layout behavior.","None. Source batch closeout is recorded in source-batch-211-artifact-helmofbrilliance-guard-repair-closeout.md.","Artifact_HelmOfBrilliance.cs exact-file gate hits=0; exact-file active overlay rows=0; no POST-BATCH-Y gate crossed.","Passed: targeted source scan, exact-file gate/overlay scans, serializer diff scan, forbidden-surface diff scan, Server.csproj Debug/x86 build, compile-only runtime verification, git diff --check, and generated root artifact restoration.","Pending focused SOURCE-BATCH-211 batch commit.","2026-06-28T19:00:00-05:00","Closed. source-batch-210-candidate-discovery.csv implementation queue is exhausted; SOURCE-BATCH-212+ requires fresh non-gated candidate discovery."
"SOURCE-BATCH-CONTROLLER","212","SOURCE-BATCH-212","Committed","SourceBatchCommitted","No","Yes","SOURCE-BATCH-212 created fresh candidate discovery and implemented SB212-CAND-001 BaseLight stale/null/mobile/source-item guard while preserving light toggle, range, protection, timer, clothing processing, serialization, and layout behavior.","None. Source batch closeout is recorded in source-batch-212-baselight-guard-repair-closeout.md.","BaseLight.cs exact-file gate hits=0; exact-file active overlay rows=0; no POST-BATCH-Y gate crossed.","Passed: candidate CSV import, targeted source scan, exact-file gate/overlay scans, serializer diff scan, forbidden-surface diff scan, Server.csproj Debug/x86 build, compile-only runtime verification, git diff --check, and generated root artifact restoration.","Pending focused SOURCE-BATCH-212 batch commit.","2026-06-28T19:15:00-05:00","Closed. SOURCE-BATCH-213+ remains pending SB212-CAND-002 TowerLantern from source-batch-212-candidate-discovery.csv."
"SOURCE-BATCH-CONTROLLER","213","SOURCE-BATCH-213","Committed","SourceBatchCommitted","No","Yes","SOURCE-BATCH-213 implemented SB212-CAND-002 TowerLantern stale/null/mobile/source-item guard while preserving range, localized reach message, BaseLight delegation, securable context menu behavior, serialization, and layout behavior.","None. Source batch closeout is recorded in source-batch-213-towerlantern-guard-repair-closeout.md.","TowerLantern.cs exact-file gate hits=0; exact-file active overlay rows=0; no POST-BATCH-Y gate crossed.","Passed: targeted source scan, exact-file gate/overlay scans, serializer diff scan, forbidden-surface diff scan, Server.csproj Debug/x86 build, compile-only runtime verification, git diff --check, and generated root artifact restoration.","Pending focused SOURCE-BATCH-213 batch commit.","2026-06-28T19:30:00-05:00","Closed. source-batch-212-candidate-discovery.csv implementation queue is exhausted; SOURCE-BATCH-214+ requires fresh non-gated candidate discovery."
"SOURCE-BATCH-CONTROLLER","214","SOURCE-BATCH-214","Committed","SourceBatchCommitted","No","Yes","SOURCE-BATCH-214 created fresh candidate discovery and implemented SB214-CAND-001 GemOfSeeing stale/null/mobile/source-item and target-callback guards while preserving charge use, reveal behavior, hidden chest deletion, serialization, and layout behavior.","None. Source batch closeout is recorded in source-batch-214-gemofseeing-guard-repair-closeout.md.","GemOfSeeing.cs exact-file gate hits=0; exact-file active overlay rows=0; no POST-BATCH-Y gate crossed.","Passed: candidate CSV import, targeted source scan, exact-file gate/overlay scans, serializer diff scan, forbidden-surface diff scan, Server.csproj Debug/x86 build, compile-only runtime verification, git diff --check, and generated root artifact restoration.","Pending focused SOURCE-BATCH-214 batch commit.","2026-06-28T19:45:00-05:00","Closed. SOURCE-BATCH-215+ remains pending SB214-CAND-002 GiftThrowingGloves from source-batch-214-candidate-discovery.csv."
"SOURCE-BATCH-CONTROLLER","215","SOURCE-BATCH-215","Committed","SourceBatchCommitted","No","Yes","SOURCE-BATCH-215 implemented SB214-CAND-002 GiftThrowingGloves stale/null/mobile/source-item guard while preserving backpack message, weapon-type cycle, success message, invalidate-properties call, serialization, and layout behavior.","None. Source batch closeout is recorded in source-batch-215-giftthrowinggloves-guard-repair-closeout.md.","GiftThrowingGloves.cs exact-file gate hits=0; exact-file active overlay rows=0; no POST-BATCH-Y gate crossed.","Passed: targeted source scan, exact-file gate/overlay scans, serializer diff scan, forbidden-surface diff scan, Server.csproj Debug/x86 build, compile-only runtime verification, git diff --check, and generated root artifact restoration.","Pending focused SOURCE-BATCH-215 batch commit.","2026-06-28T20:00:00-05:00","Closed. SOURCE-BATCH-216+ remains pending SB214-CAND-003 GiftShepherdsCrook from source-batch-214-candidate-discovery.csv."
"SOURCE-BATCH-CONTROLLER","216","SOURCE-BATCH-216","Committed","SourceBatchCommitted","No","Yes","SOURCE-BATCH-216 implemented SB214-CAND-003 GiftShepherdsCrook stale/null/mobile/source-item and target-callback guards while preserving herding prompts, target ranges, creature checks, localized messages, skill checks, serialization, and layout behavior.","None. Source batch closeout is recorded in source-batch-216-giftshepherdscrook-guard-repair-closeout.md.","GiftShepherdsCrook.cs exact-file gate hits=0; exact-file active overlay rows=0; no POST-BATCH-Y gate crossed.","Passed: targeted source scan, exact-file gate/overlay scans, serializer diff scan, forbidden-surface diff scan, Server.csproj Debug/x86 build, compile-only runtime verification, git diff --check, and generated root artifact restoration.","Pending focused SOURCE-BATCH-216 batch commit.","2026-06-28T20:15:00-05:00","Closed. source-batch-214-candidate-discovery.csv implementation queue is exhausted; SOURCE-BATCH-217+ requires fresh non-gated candidate discovery."
"SOURCE-BATCH-CONTROLLER","217","SOURCE-BATCH-217","Committed","SourceBatchCommitted","No","Yes","SOURCE-BATCH-217 created fresh special-item candidate discovery and implemented SB217-CAND-001 RewardCake stale/null/mobile/source-item guard while preserving reach message, valid in-range no-op behavior, metadata, serialization, and layout behavior.","None. Source batch closeout is recorded in source-batch-217-rewardcake-guard-repair-closeout.md.","RewardCake.cs exact-file gate hits=0; exact-file active overlay rows=0; no POST-BATCH-Y gate crossed.","Passed: candidate CSV import, targeted source scan, exact-file gate/overlay scans, serializer diff scan, forbidden-surface diff scan, Server.csproj Debug/x86 build, compile-only runtime verification, git diff --check, and generated root artifact restoration.","Pending focused SOURCE-BATCH-217 batch commit.","2026-06-28T20:30:00-05:00","Closed. SOURCE-BATCH-218+ remains pending SB217-CAND-002 HolidayBell from source-batch-217-candidate-discovery.csv."
"SOURCE-BATCH-CONTROLLER","218","SOURCE-BATCH-218","Committed","SourceBatchCommitted","No","Yes","SOURCE-BATCH-218 implemented SB217-CAND-002 HolidayBell stale/null/mobile/source-item guard while preserving range, too-far message, sound playback, metadata, serialization, and layout behavior.","None. Source batch closeout is recorded in source-batch-218-holidaybell-guard-repair-closeout.md.","HolidayBell.cs exact-file gate hits=0; exact-file active overlay rows=0; no POST-BATCH-Y gate crossed.","Passed: targeted source scan, exact-file gate/overlay scans, serializer diff scan, forbidden-surface diff scan, Server.csproj Debug/x86 build, compile-only runtime verification, git diff --check, and generated root artifact restoration.","Pending focused SOURCE-BATCH-218 batch commit.","2026-06-28T20:45:00-05:00","Closed. SOURCE-BATCH-219+ remains pending SB217-CAND-003 ValentinesCard from source-batch-217-candidate-discovery.csv."
"SOURCE-BATCH-CONTROLLER","219","SOURCE-BATCH-219","Committed","SourceBatchCommitted","No","Yes","SOURCE-BATCH-219 implemented SB217-CAND-003 ValentinesCard stale/null/mobile/source-card and target-callback guards while preserving signing messages, To/From assignment, metadata, serialization, and layout behavior.","None. Source batch closeout is recorded in source-batch-219-valentinescard-guard-repair-closeout.md.","ValentinesCard.cs exact-file gate hits=0; exact-file active overlay rows=0; no POST-BATCH-Y gate crossed.","Passed: targeted source scan, exact-file gate/overlay scans, serializer diff scan, forbidden-surface diff scan, Server.csproj Debug/x86 build, compile-only runtime verification, git diff --check, and generated root artifact restoration.","Pending focused SOURCE-BATCH-219 batch commit.","2026-06-28T21:00:00-05:00","Closed. source-batch-217-candidate-discovery.csv implementation queue is exhausted; SOURCE-BATCH-220+ requires fresh non-gated candidate discovery."
"SOURCE-BATCH-CONTROLLER","220","SOURCE-BATCH-220","Committed","SourceBatchCommitted","No","Yes","SOURCE-BATCH-220 created fresh unknown-item identification candidate discovery and implemented SB220-CAND-001 UnidentifiedArtifact stale/null/mobile/source-item guard while preserving identification dispatch, messages, metadata, serialization, and layout behavior.","None. Source batch closeout is recorded in source-batch-220-unidentifiedartifact-guard-repair-closeout.md.","UnidentifiedArtifact.cs exact-file gate hits=0; exact-file active overlay rows=0; no POST-BATCH-Y gate crossed.","Passed: candidate CSV import, targeted source scan, exact-file gate/overlay scans, serializer diff scan, forbidden-surface diff scan, Server.csproj Debug/x86 build, compile-only runtime verification, git diff --check, and generated root artifact restoration.","Pending focused SOURCE-BATCH-220 batch commit.","2026-06-28T21:15:00-05:00","Closed. SOURCE-BATCH-221+ remains pending SB220-CAND-002 UnidentifiedItem from source-batch-220-candidate-discovery.csv."
"SOURCE-BATCH-CONTROLLER","221","SOURCE-BATCH-221","Committed","SourceBatchCommitted","No","Yes","SOURCE-BATCH-221 implemented SB220-CAND-002 UnidentifiedItem stale/null/mobile/source-item guard while preserving skill-specific identification dispatch, messages, metadata, serialization, and layout behavior.","None. Source batch closeout is recorded in source-batch-221-unidentifieditem-guard-repair-closeout.md.","UnidentifiedItem.cs exact-file gate hits=0; exact-file active overlay rows=0; no POST-BATCH-Y gate crossed.","Passed: targeted source scan, exact-file gate/overlay scans, serializer diff scan, forbidden-surface diff scan, Server.csproj Debug/x86 build, compile-only runtime verification, git diff --check, and generated root artifact restoration.","Pending focused SOURCE-BATCH-221 batch commit.","2026-06-28T21:30:00-05:00","Closed. SOURCE-BATCH-222+ remains pending SB220-CAND-003 UnknownWand from source-batch-220-candidate-discovery.csv."
"SOURCE-BATCH-CONTROLLER","222","SOURCE-BATCH-222","Committed","SourceBatchCommitted","No","Yes","SOURCE-BATCH-222 implemented SB220-CAND-003 UnknownWand stale/null/mobile/source-item guard while preserving identification dispatch, messages, wand metadata, serialization, and layout behavior.","None. Source batch closeout is recorded in source-batch-222-unknownwand-guard-repair-closeout.md.","UnknownWand.cs exact-file gate hits=0; exact-file active overlay rows=0; no POST-BATCH-Y gate crossed.","Passed: targeted source scan, exact-file gate/overlay scans, serializer diff scan, forbidden-surface diff scan, Server.csproj Debug/x86 build, compile-only runtime verification, git diff --check, and generated root artifact restoration.","Pending focused SOURCE-BATCH-222 batch commit.","2026-06-28T21:45:00-05:00","Closed. source-batch-220-candidate-discovery.csv implementation queue is exhausted; SOURCE-BATCH-223+ requires fresh non-gated candidate discovery."
"SOURCE-BATCH-CONTROLLER","223","SOURCE-BATCH-223","Committed","SourceBatchCommitted","No","Yes","SOURCE-BATCH-223 created fresh candidate discovery and implemented SB223-CAND-001 HugeWaterTub stale/null/mobile/source-item guard while preserving thirst messages, thirst mutation, animation, sound, metadata, serialization, and layout behavior.","None. Source batch closeout is recorded in source-batch-223-hugewatertub-guard-repair-closeout.md.","HugeWaterTub.cs exact-file gate hits=0; exact-file active overlay rows=0; no POST-BATCH-Y gate crossed.","Passed: candidate CSV import, targeted source scan, exact-file gate/overlay scans, serializer diff scan, forbidden-surface diff scan, Server.csproj Debug/x86 build, compile-only runtime verification, git diff --check, and generated root artifact restoration.","Pending focused SOURCE-BATCH-223 batch commit.","2026-06-28T22:00:00-05:00","Closed. SOURCE-BATCH-224+ requires fresh non-gated candidate discovery after SOURCE-BATCH-223 is committed."
"SOURCE-BATCH-CONTROLLER","224","SOURCE-BATCH-224","Committed","SourceBatchCommitted","No","Yes","SOURCE-BATCH-224 created fresh candidate discovery and implemented SB224-CAND-001 WoodWell stale/null/mobile/source-component/parent-addon guard while preserving range, thirst, messages, addon layout, serialization, and layout behavior.","None. Source batch closeout is recorded in source-batch-224-woodwell-guard-repair-closeout.md.","woodwell.cs exact-file gate hits=0; exact-file active overlay rows=0; no POST-BATCH-Y gate crossed.","Passed: candidate CSV import, targeted source scan, exact-file gate/overlay scans, serializer diff scan, forbidden-surface diff scan, Server.csproj Debug/x86 build, compile-only runtime verification, git diff --check, and generated root artifact restoration.","Pending focused SOURCE-BATCH-224 batch commit.","2026-06-28T22:15:00-05:00","Closed. SOURCE-BATCH-225+ requires fresh non-gated candidate discovery after SOURCE-BATCH-224 is committed."
"SOURCE-BATCH-CONTROLLER","225","SOURCE-BATCH-225","Committed","SourceBatchCommitted","No","Yes","SOURCE-BATCH-225 created fresh candidate discovery and implemented SB225-CAND-001 StoneWell stale/null/mobile/source-component/parent-addon guard while preserving range, thirst, messages, addon layout, serialization, and layout behavior.","None. Source batch closeout is recorded in source-batch-225-stonewell-guard-repair-closeout.md.","stonewell.cs exact-file gate hits=0; exact-file active overlay rows=0; no POST-BATCH-Y gate crossed.","Passed: candidate CSV import, targeted source scan, exact-file gate/overlay scans, serializer diff scan, forbidden-surface diff scan, Server.csproj Debug/x86 build, compile-only runtime verification, git diff --check, and generated root artifact restoration.","Pending focused SOURCE-BATCH-225 batch commit.","2026-06-28T22:30:00-05:00","Closed. SOURCE-BATCH-226+ requires fresh non-gated candidate discovery after SOURCE-BATCH-225 is committed."
"SOURCE-BATCH-CONTROLLER","226","SOURCE-BATCH-226","Committed","SourceBatchCommitted","No","Yes","SOURCE-BATCH-226 created fresh candidate discovery and implemented SB226-CAND-001 RedWell stale/null/mobile/source-component/parent-addon guard while preserving range, thirst, messages, addon layout, serialization, and layout behavior.","None. Source batch closeout is recorded in source-batch-226-redwell-guard-repair-closeout.md.","redwell.cs exact-file gate hits=0; exact-file active overlay rows=0; no POST-BATCH-Y gate crossed.","Passed: candidate CSV import, targeted source scan, exact-file gate/overlay scans, serializer diff scan, forbidden-surface diff scan, Server.csproj Debug/x86 build, compile-only runtime verification, git diff --check, and generated root artifact restoration.","Pending focused SOURCE-BATCH-226 batch commit.","2026-06-28T22:45:00-05:00","Closed. SOURCE-BATCH-227+ requires fresh non-gated candidate discovery after SOURCE-BATCH-226 is committed."
"SOURCE-BATCH-CONTROLLER","227","SOURCE-BATCH-227","Committed","SourceBatchCommitted","No","Yes","SOURCE-BATCH-227 created fresh candidate discovery and implemented SB227-CAND-001 MarbleWell stale/null/mobile/source-component/parent-addon guard while preserving range, thirst, messages, addon layout, serialization, and layout behavior.","None. Source batch closeout is recorded in source-batch-227-marblewell-guard-repair-closeout.md.","marblewell.cs exact-file gate hits=0; exact-file active overlay rows=0; no POST-BATCH-Y gate crossed.","Passed: candidate CSV import, targeted source scan, exact-file gate/overlay scans, serializer diff scan, forbidden-surface diff scan, Server.csproj Debug/x86 build, compile-only runtime verification, git diff --check, and generated root artifact restoration.","Pending focused SOURCE-BATCH-227 batch commit.","2026-06-28T23:00:00-05:00","Closed. SOURCE-BATCH-228+ requires fresh non-gated candidate discovery after SOURCE-BATCH-227 is committed."
"SOURCE-BATCH-CONTROLLER","228","SOURCE-BATCH-228","Committed","SourceBatchCommitted","No","Yes","SOURCE-BATCH-228 created fresh candidate discovery and implemented SB228-CAND-001 BrownWell stale/null/mobile/source-component/parent-addon guard while preserving range, thirst, messages, addon layout, serialization, and layout behavior.","None. Source batch closeout is recorded in source-batch-228-brownwell-guard-repair-closeout.md.","brownwell.cs exact-file gate hits=0; exact-file active overlay rows=0; no POST-BATCH-Y gate crossed.","Passed: candidate CSV import, targeted source scan, exact-file gate/overlay scans, serializer diff scan, forbidden-surface diff scan, Server.csproj Debug/x86 build, compile-only runtime verification, git diff --check, and generated root artifact restoration.","Pending focused SOURCE-BATCH-228 batch commit.","2026-06-28T23:15:00-05:00","Closed. SOURCE-BATCH-229+ requires fresh non-gated candidate discovery after SOURCE-BATCH-228 is committed."
"SOURCE-BATCH-CONTROLLER","229","SOURCE-BATCH-229","Committed","SourceBatchCommitted","No","Yes","SOURCE-BATCH-229 created fresh candidate discovery and implemented SB229-CAND-001 BlackWell stale/null/mobile/source-component/parent-addon guard while preserving range, thirst, messages, addon layout, serialization, and layout behavior.","None. Source batch closeout is recorded in source-batch-229-blackwell-guard-repair-closeout.md.","blackwell.cs exact-file gate hits=0; exact-file active overlay rows=0; no POST-BATCH-Y gate crossed.","Passed: candidate CSV import, targeted source scan, exact-file gate/overlay scans, serializer diff scan, forbidden-surface diff scan, Server.csproj Debug/x86 build, compile-only runtime verification, git diff --check, and generated root artifact restoration.","Pending focused SOURCE-BATCH-229 batch commit.","2026-06-28T23:30:00-05:00","Closed. SOURCE-BATCH-230+ requires fresh non-gated candidate discovery after SOURCE-BATCH-229 is committed."
"SOURCE-BATCH-CONTROLLER","230","SOURCE-BATCH-230","Committed","SourceBatchCommitted","No","Yes","SOURCE-BATCH-230 created fresh candidate discovery and implemented SB230-CAND-001 Crystals stale/null/mobile/source-item guard while preserving bank-box conversion behavior, messages, serialization, and layout behavior.","None. Source batch closeout is recorded in source-batch-230-crystals-bank-conversion-guard-repair-closeout.md.","Crystals.cs exact-file gate hits=0; exact-file active overlay rows=0; no POST-BATCH-Y gate crossed.","Passed: candidate CSV import, targeted source scan, exact-file gate/overlay scans, serializer diff scan, forbidden-surface diff scan, Server.csproj Debug/x86 build, compile-only runtime verification, git diff --check, and generated root artifact restoration.","Pending focused SOURCE-BATCH-230 batch commit.","2026-06-28T23:45:00-05:00","Closed. SOURCE-BATCH-231+ requires fresh non-gated candidate discovery after SOURCE-BATCH-230 is committed."
"SOURCE-BATCH-CONTROLLER","231","SOURCE-BATCH-231","Committed","SourceBatchCommitted","No","Yes","SOURCE-BATCH-231 created fresh candidate discovery and implemented SB231-CAND-001 UnknownReagent stale/null/mobile/source-item guard while preserving identification behavior, rewards, messages, serialization, and layout behavior.","None. Source batch closeout is recorded in source-batch-231-unknownreagent-identification-guard-repair-closeout.md.","UnknownReagent.cs exact-file gate hits=0; exact-file active overlay rows=0; no POST-BATCH-Y gate crossed.","Passed: candidate CSV import, targeted source scan, exact-file gate/overlay scans, serializer diff scan, forbidden-surface diff scan, Server.csproj Debug/x86 build, compile-only runtime verification, git diff --check, and generated root artifact restoration.","Pending focused SOURCE-BATCH-231 batch commit.","2026-06-29T00:00:00-05:00","Closed. SOURCE-BATCH-232+ requires fresh non-gated candidate discovery after SOURCE-BATCH-231 is committed."
"SOURCE-BATCH-CONTROLLER","232","SOURCE-BATCH-232","Committed","SourceBatchCommitted","No","Yes","SOURCE-BATCH-232 created fresh candidate discovery and implemented SB232-CAND-001 UnknownLiquid stale/null/mobile/source-item guard while preserving identification behavior, effects, messages, serialization, and layout behavior.","None. Source batch closeout is recorded in source-batch-232-unknownliquid-identification-guard-repair-closeout.md.","UnknownLiquid.cs exact-file gate hits=0; exact-file active overlay rows=0; no POST-BATCH-Y gate crossed.","Passed: candidate CSV import, targeted source scan, exact-file gate/overlay scans, serializer diff scan, forbidden-surface diff scan, Server.csproj Debug/x86 build, compile-only runtime verification, git diff --check, and generated root artifact restoration.","Pending focused SOURCE-BATCH-232 batch commit.","2026-06-29T00:15:00-05:00","Closed. SOURCE-BATCH-233+ requires fresh non-gated candidate discovery after SOURCE-BATCH-232 is committed."
"SOURCE-BATCH-CONTROLLER","233","SOURCE-BATCH-233","Committed","SourceBatchCommitted","No","Yes","SOURCE-BATCH-233 created fresh candidate discovery and implemented SB233-CAND-001 UnknownKeg stale/null/mobile/source-item guard while preserving identification behavior, effects, messages, serialization, and layout behavior.","None. Source batch closeout is recorded in source-batch-233-unknownkeg-identification-guard-repair-closeout.md.","UnknownKeg.cs exact-file gate hits=0; exact-file active overlay rows=0; no POST-BATCH-Y gate crossed.","Passed: candidate CSV import, targeted source scan, exact-file gate/overlay scans, serializer diff scan, forbidden-surface diff scan, Server.csproj Debug/x86 build, compile-only runtime verification, git diff --check, and generated root artifact restoration.","Pending focused SOURCE-BATCH-233 batch commit.","2026-06-29T00:30:00-05:00","Closed. SOURCE-BATCH-234+ requires fresh non-gated candidate discovery after SOURCE-BATCH-233 is committed."
"SOURCE-BATCH-CONTROLLER","234","SOURCE-BATCH-234","Committed","SourceBatchCommitted","No","Yes","SOURCE-BATCH-234 created fresh candidate discovery and implemented SB234-CAND-001 UnknownScroll stale/null/mobile/source-item guard while preserving identification behavior, messages, serialization, and layout behavior.","None. Source batch closeout is recorded in source-batch-234-unknownscroll-identification-guard-repair-closeout.md.","UnknownScroll.cs exact-file gate hits=0; exact-file active overlay rows=0; no POST-BATCH-Y gate crossed.","Passed: candidate CSV import, targeted source scan, exact-file gate/overlay scans, serializer diff scan, forbidden-surface diff scan, Server.csproj Debug/x86 build, compile-only runtime verification, git diff --check, and generated root artifact restoration.","Pending focused SOURCE-BATCH-234 batch commit.","2026-06-29T00:45:00-05:00","Closed. SOURCE-BATCH-235+ requires fresh non-gated candidate discovery after SOURCE-BATCH-234 is committed."
"SOURCE-BATCH-CONTROLLER","235","SOURCE-BATCH-235","Committed","SourceBatchCommitted","No","Yes","SOURCE-BATCH-235 created fresh candidate discovery and implemented SB235-CAND-001 SwordsAndShackles stale/null/mobile/source-item and gump-response guards while preserving book opening, page navigation, sound, library-read tracking, serialization, and layout behavior.","None. Source batch closeout is recorded in source-batch-235-swordsandshackles-book-gump-guard-repair-closeout.md.","SwordsAndShackles.cs exact-file gate hits=0; exact-file unresolved active overlay rows=0; no POST-BATCH-Y gate crossed.","Passed: candidate CSV import, targeted source scan, exact-file gate/overlay scans, serializer diff scan, forbidden-surface diff scan, Server.csproj Debug/x86 build, compile-only runtime verification, git diff --check, and generated root artifact restoration.","Pending focused SOURCE-BATCH-235 batch commit.","2026-06-29T01:00:00-05:00","Closed. SOURCE-BATCH-236+ requires fresh non-gated candidate discovery after SOURCE-BATCH-235 is committed."
"SOURCE-BATCH-CONTROLLER","236","SOURCE-BATCH-236","Committed","SourceBatchCommitted","No","Yes","SOURCE-BATCH-236 created fresh candidate discovery and implemented SB236-CAND-001 PatchBoard stale/null/mobile/source-item and context-menu mobile guards while preserving board gump, speech text, context menu, browser-launch, serialization, and layout behavior.","None. Source batch closeout is recorded in source-batch-236-patchboard-guard-repair-closeout.md.","PatchBoard.cs exact-file gate hits=0; exact-file unresolved active overlay rows=0; no POST-BATCH-Y gate crossed.","Passed: candidate CSV import, targeted source scan, exact-file gate/overlay scans, serializer diff scan, forbidden-surface diff scan, Server.csproj Debug/x86 build, compile-only runtime verification, git diff --check, and generated root artifact restoration.","Pending focused SOURCE-BATCH-236 batch commit.","2026-06-29T01:15:00-05:00","Closed. SOURCE-BATCH-237+ requires fresh non-gated candidate discovery after SOURCE-BATCH-236 is committed."
"SOURCE-BATCH-CONTROLLER","237","SOURCE-BATCH-237","Committed","SourceBatchCommitted","No","Yes","SOURCE-BATCH-237 created fresh candidate discovery and implemented SB237-CAND-001 Pillows stale/null/mobile/source-item guard while preserving pillow flip IDs, item-ID toggle behavior, construction randomization, serialization, and layout behavior.","None. Source batch closeout is recorded in source-batch-237-pillows-guard-repair-closeout.md.","Pillows.cs exact-file gate hits=0; exact-file unresolved active overlay rows=0; no POST-BATCH-Y gate crossed.","Passed: candidate CSV import, targeted source scan, exact-file gate/overlay scans, serializer diff scan, forbidden-surface diff scan, Server.csproj Debug/x86 build, compile-only runtime verification, git diff --check, and generated root artifact restoration.","Pending focused SOURCE-BATCH-237 batch commit.","2026-06-29T01:30:00-05:00","Closed. SOURCE-BATCH-238+ requires fresh non-gated candidate discovery after SOURCE-BATCH-237 is committed."
"SOURCE-BATCH-CONTROLLER","238","SOURCE-BATCH-238","Committed","SourceBatchCommitted","No","Yes","SOURCE-BATCH-238 created fresh candidate discovery and implemented SB238-CAND-001 MountedPixieLime stale/null/mobile/source-component guard while preserving range, sound, reach-message, addon/deed, serialization, and layout behavior.","None. Source batch closeout is recorded in source-batch-238-mountedpixielime-guard-repair-closeout.md.","MountedPixieLime.cs exact-file gate hits=0; exact-file unresolved active overlay rows=0; no POST-BATCH-Y gate crossed.","Passed: candidate CSV import, targeted source scan, exact-file gate/overlay scans, serializer diff scan, forbidden-surface diff scan, Server.csproj Debug/x86 build, compile-only runtime verification, git diff --check, and generated root artifact restoration.","Pending focused SOURCE-BATCH-238 batch commit.","2026-06-29T01:45:00-05:00","Closed. SOURCE-BATCH-239+ requires fresh non-gated candidate discovery after SOURCE-BATCH-238 is committed."
"SOURCE-BATCH-CONTROLLER","239","SOURCE-BATCH-239","Committed","SourceBatchCommitted","No","Yes","SOURCE-BATCH-239 created fresh candidate discovery and implemented SB239-CAND-001 MountedPixieBlue stale/null/mobile/source-component guard while preserving range, sound, reach-message, addon/deed, serialization, and layout behavior.","None. Source batch closeout is recorded in source-batch-239-mountedpixieblue-guard-repair-closeout.md.","MountedPixieBlue.cs exact-file gate hits=0; exact-file unresolved active overlay rows=0; no POST-BATCH-Y gate crossed.","Passed: candidate CSV import, targeted source scan, exact-file gate/overlay scans, serializer diff scan, forbidden-surface diff scan, Server.csproj Debug/x86 build, compile-only runtime verification, git diff --check, and generated root artifact restoration.","Pending focused SOURCE-BATCH-239 batch commit.","2026-06-29T02:12:00-05:00","Closed. SOURCE-BATCH-240+ requires fresh non-gated candidate discovery after SOURCE-BATCH-239 is committed."
"SOURCE-BATCH-CONTROLLER","240","SOURCE-BATCH-240","Committed","SourceBatchCommitted","No","Yes","SOURCE-BATCH-240 created fresh candidate discovery and implemented SB240-CAND-001 MountedPixieGreen stale/null/mobile/source-component guard while preserving range, sound, reach-message, addon/deed, serialization, and layout behavior.","None. Source batch closeout is recorded in source-batch-240-mountedpixiegreen-guard-repair-closeout.md.","MountedPixieGreen.cs exact-file gate hits=0; exact-file unresolved active overlay rows=0; no POST-BATCH-Y gate crossed.","Passed: candidate CSV import, targeted source scan, exact-file gate/overlay scans, serializer diff scan, forbidden-surface diff scan, Server.csproj Debug/x86 build, compile-only runtime verification, git diff --check, and generated root artifact restoration.","Pending focused SOURCE-BATCH-240 batch commit.","2026-06-29T02:25:00-05:00","Closed. SOURCE-BATCH-241+ requires fresh non-gated candidate discovery after SOURCE-BATCH-240 is committed."
"SOURCE-BATCH-CONTROLLER","241","SOURCE-BATCH-241","Committed","SourceBatchCommitted","No","Yes","SOURCE-BATCH-241 created fresh candidate discovery and implemented SB241-CAND-001 MountedPixieOrange stale/null/mobile/source-component guard while preserving range, sound, reach-message, addon/deed, serialization, and layout behavior.","None. Source batch closeout is recorded in source-batch-241-mountedpixieorange-guard-repair-closeout.md.","MountedPixieOrange.cs exact-file gate hits=0; exact-file unresolved active overlay rows=0; no POST-BATCH-Y gate crossed.","Passed: candidate CSV import, targeted source scan, exact-file gate/overlay scans, serializer diff scan, forbidden-surface diff scan, Server.csproj Debug/x86 build, compile-only runtime verification, git diff --check, and generated root artifact restoration.","Pending focused SOURCE-BATCH-241 batch commit.","2026-06-29T02:38:00-05:00","Closed. SOURCE-BATCH-242+ requires fresh non-gated candidate discovery after SOURCE-BATCH-241 is committed."
"SOURCE-BATCH-CONTROLLER","242","SOURCE-BATCH-242","Committed","SourceBatchCommitted","No","Yes","SOURCE-BATCH-242 created fresh candidate discovery and implemented SB242-CAND-001 MountedPixieWhite stale/null/mobile/source-component guard while preserving range, sound, reach-message, addon/deed, serialization, and layout behavior.","None. Source batch closeout is recorded in source-batch-242-mountedpixiewhite-guard-repair-closeout.md.","MountedPixieWhite.cs exact-file gate hits=0; exact-file unresolved active overlay rows=0; no POST-BATCH-Y gate crossed.","Passed: candidate CSV import, targeted source scan, exact-file gate/overlay scans, serializer diff scan, forbidden-surface diff scan, Server.csproj Debug/x86 build, compile-only runtime verification, git diff --check, and generated root artifact restoration.","Pending focused SOURCE-BATCH-242 batch commit.","2026-06-29T02:51:00-05:00","Closed. SOURCE-BATCH-243+ requires fresh non-gated candidate discovery after SOURCE-BATCH-242 is committed."
"SOURCE-BATCH-CONTROLLER","243","SOURCE-BATCH-243","Committed","SourceBatchCommitted","No","Yes","SOURCE-BATCH-243 created fresh candidate discovery and implemented SB243-CAND-001 DisturbingPortrait stale/null/mobile/source-component guard while preserving range, sound, reach-message, timer/change, addon/deed, serialization, and layout behavior.","None. Source batch closeout is recorded in source-batch-243-disturbingportrait-guard-repair-closeout.md.","DisturbingPortrait.cs exact-file gate hits=0; exact-file unresolved active overlay rows=0; no POST-BATCH-Y gate crossed.","Passed: candidate CSV import, targeted source scan, exact-file gate/overlay scans, timer preservation scan, serializer diff scan, forbidden-surface diff scan, Server.csproj Debug/x86 build, compile-only runtime verification, git diff --check, and generated root artifact restoration.","Pending focused SOURCE-BATCH-243 batch commit.","2026-06-29T03:04:00-05:00","Closed. SOURCE-BATCH-244+ requires fresh non-gated candidate discovery after SOURCE-BATCH-243 is committed."
"SOURCE-BATCH-CONTROLLER","244","SOURCE-BATCH-244","Committed","SourceBatchCommitted","No","Yes","SOURCE-BATCH-244 created fresh candidate discovery and implemented SB244-CAND-001 UnsettlingPortrait stale/null/mobile/source-component guard while preserving range, sound, reach-message, timer/change-direction, addon/deed, serialization, and layout behavior.","None. Source batch closeout is recorded in source-batch-244-unsettlingportrait-guard-repair-closeout.md.","UnsettlingPortrait.cs exact-file gate hits=0; exact-file unresolved active overlay rows=0; no POST-BATCH-Y gate crossed.","Passed: candidate CSV import, targeted source scan, exact-file gate/overlay scans, timer preservation scan, serializer diff scan, forbidden-surface diff scan, Server.csproj Debug/x86 build, compile-only runtime verification, git diff --check, and generated root artifact restoration.","Pending focused SOURCE-BATCH-244 batch commit.","2026-06-29T03:17:00-05:00","Closed. SOURCE-BATCH-245+ requires fresh non-gated candidate discovery after SOURCE-BATCH-244 is committed."
"SOURCE-BATCH-CONTROLLER","245","SOURCE-BATCH-245","Committed","SourceBatchCommitted","No","Yes","SOURCE-BATCH-245 created fresh candidate discovery and implemented SB245-CAND-001 AwesomeDisturbingPortrait stale/null/mobile/source-component guard while preserving range, night sound, reach-message, clock/update/timer, addon/deed, serialization, and layout behavior.","None. Source batch closeout is recorded in source-batch-245-awesomedisturbingportrait-guard-repair-closeout.md.","AwesomeDisturbingPortrait.cs exact-file gate hits=0; exact-file unresolved active overlay rows=0; no POST-BATCH-Y gate crossed.","Passed: candidate CSV import, targeted source scan, exact-file gate/overlay scans, timer/clock preservation scan, serializer diff scan, forbidden-surface diff scan, Server.csproj Debug/x86 build, compile-only runtime verification, git diff --check, and generated root artifact restoration.","Pending focused SOURCE-BATCH-245 batch commit.","2026-06-29T03:30:00-05:00","Closed. SOURCE-BATCH-246+ requires fresh non-gated candidate discovery after SOURCE-BATCH-245 is committed."
"SOURCE-BATCH-CONTROLLER","246","SOURCE-BATCH-246","Committed","SourceBatchCommitted","No","Yes","SOURCE-BATCH-246 created fresh candidate discovery and implemented SB246-CAND-001 CreepyPortrait stale/null/mobile/source-component guard while preserving range, sound, reach-message, movement/timer, addon/deed, serialization, and layout behavior.","None. Source batch closeout is recorded in source-batch-246-creepyportrait-guard-repair-closeout.md.","CreepyPortrait.cs exact-file gate hits=0; exact-file unresolved active overlay rows=0; no POST-BATCH-Y gate crossed.","Passed: candidate CSV import, targeted source scan, exact-file gate/overlay scans, movement/timer preservation scan, serializer diff scan, forbidden-surface diff scan, Server.csproj Debug/x86 build, compile-only runtime verification, git diff --check, and generated root artifact restoration.","Pending focused SOURCE-BATCH-246 batch commit.","2026-06-29T03:43:00-05:00","Closed. SOURCE-BATCH-247+ requires fresh non-gated candidate discovery after SOURCE-BATCH-246 is committed."
"SOURCE-BATCH-CONTROLLER","247","SOURCE-BATCH-247","Committed","SourceBatchCommitted","No","Yes","SOURCE-BATCH-247 created fresh candidate discovery and implemented SB247-CAND-001 IndecipherableMap stale/null/mobile/source-item guard while preserving message, label, hue, MapItem inheritance, serialization, and layout behavior.","None. Source batch closeout is recorded in source-batch-247-indecipherablemap-guard-repair-closeout.md.","IndecipherableMap.cs exact-file gate hits=0; exact-file unresolved active overlay rows=0; no POST-BATCH-Y gate crossed.","Passed: candidate CSV import, targeted source scan, exact-file gate/overlay scans, serializer diff scan, forbidden-surface diff scan, Server.csproj Debug/x86 build, compile-only runtime verification, git diff --check, and generated root artifact restoration.","Pending focused SOURCE-BATCH-247 batch commit.","2026-06-29T03:56:00-05:00","Closed. SOURCE-BATCH-248+ requires fresh non-gated candidate discovery after SOURCE-BATCH-247 is committed."
"SOURCE-BATCH-CONTROLLER","248","SOURCE-BATCH-248","Committed","SourceBatchCommitted","No","Yes","SOURCE-BATCH-248 created fresh candidate discovery and implemented SB248-CAND-001 Dices stale/null/mobile/source-item guard while preserving range, Roll output, telekinesis, sound, hue repair, serialization, and layout behavior.","None. Source batch closeout is recorded in source-batch-248-dices-guard-repair-closeout.md.","Dices.cs exact-file gate hits=0; exact-file unresolved active overlay rows=0; no POST-BATCH-Y gate crossed.","Passed: candidate CSV import, targeted source scan, exact-file gate/overlay scans, serializer diff scan, forbidden-surface diff scan, Server.csproj Debug/x86 build, compile-only runtime verification, git diff --check, and generated root artifact restoration.","Pending focused SOURCE-BATCH-248 batch commit.","2026-06-29T04:09:00-05:00","Closed. SOURCE-BATCH-249+ requires fresh non-gated candidate discovery after SOURCE-BATCH-248 is committed."
"SOURCE-BATCH-CONTROLLER","249","SOURCE-BATCH-249","Committed","SourceBatchCommitted","No","Yes","SOURCE-BATCH-249 created fresh candidate discovery and implemented SB249-CAND-001 PearlSkull stale/null/mobile/source-item guard while preserving backpack requirement, messages, MysticalPearl creation, deletion, construction randomization, serialization, and layout behavior.","None. Source batch closeout is recorded in source-batch-249-pearlskull-guard-repair-closeout.md.","PearlSkull.cs exact-file gate hits=0; exact-file unresolved active overlay rows=0; no POST-BATCH-Y gate crossed.","Passed: candidate CSV import, targeted source scan, exact-file gate/overlay scans, serializer diff scan, forbidden-surface diff scan, Server.csproj Debug/x86 build, compile-only runtime verification, git diff --check, and generated root artifact restoration.","Pending focused SOURCE-BATCH-249 batch commit.","2026-06-29T04:22:00-05:00","Closed. SOURCE-BATCH-250+ requires fresh non-gated candidate discovery after SOURCE-BATCH-249 is committed."
"SOURCE-BATCH-CONTROLLER","250","SOURCE-BATCH-250+","CandidateDiscoveryRequired","PendingSourceBatch","No, not until fresh discovery identifies a zero-gate, zero-overlay concrete target.","No","source-batch-249-candidate-discovery.csv contains only SB249-CAND-001; run fresh candidate discovery for the next narrow non-gated repair after SOURCE-BATCH-249 is committed.","None for discovery; source edits require a concrete candidate with exact-file POST-BATCH-Y and active-overlay preflight.","Pending fresh non-gated candidate discovery. Gated roadmap rows remain blocked pending explicit approval.","Pending SOURCE-BATCH-250+ candidate discovery and source verification.","No SOURCE-BATCH-250+ commit yet.","2026-06-29T04:22:00-05:00","Next step after SOURCE-BATCH-249 commit is fresh candidate discovery for narrow zero-gate, zero-overlay source work."
"SOURCE-BATCH-CONTROLLER","251","GATED-SOURCE-BATCH-STAFF","BlockedPendingApproval","BlockedPendingExplicitApproval","No","No","Roadmap marks staff/access changes as conditional only. No explicit approval names staff tooling or command-access gate rows, systems/files, and intended behavior.","Explicit approval to cross staff tooling or command-access fences, with exact systems/files and intended policy.","Staff tooling AcceptedFence=32; Command access AcceptedFence=2.","Controller verified gate counts only; no source verification required because no source files changed.","No source-batch commit; controller closeout commit records blocked-pending-approval state.","2026-06-15T12:47:55.6250644-05:00","Do not edit staff workflow/access source until approval exists."
"SOURCE-BATCH-CONTROLLER","252","GATED-SOURCE-BATCH-BALANCE","BlockedPendingApproval","BlockedPendingExplicitApproval","No","No","Roadmap marks economy/reward tuning as conditional only. No gameplay/design approval names specific economy/reward loop gate rows and intended tuning policy.","Explicit gameplay/design approval naming relationship/system/reward path and desired tuning policy.","Economy and reward loops AcceptedFence=26.","Controller verified gate counts only; no source verification required because no source files changed.","No source-batch commit; controller closeout commit records blocked-pending-approval state.","2026-06-15T12:47:55.6250644-05:00","Do not edit balance/economy source until approval exists."
"SOURCE-BATCH-CONTROLLER","253","GATED-SOURCE-BATCH-REGION","BlockedPendingApproval","BlockedPendingExplicitApproval","No","No","Roadmap marks region/map behavior changes as conditional only. No policy approval names specific region/map gate rows and intended behavior or precedence change.","Explicit policy approval naming travel, spawning, PvP, housing, government, vendor, map, region, or region-precedence behavior.","Region and map assumptions AcceptedFence=23.","Controller verified gate counts only; no source verification required because no source files changed.","No source-batch commit; controller closeout commit records blocked-pending-approval state.","2026-06-15T12:47:55.6250644-05:00","Do not edit region/map policy source until approval exists."
"SOURCE-BATCH-CONTROLLER","254","GATED-SOURCE-BATCH-HOUSEFOUNDATION","BlockedPendingApproval","BlockedPendingExplicitApproval","No","No","Roadmap marks HouseFoundation serializer migration as conditional only. No save-migration approval chooses preserve-current order, conversion, or dual-format loader strategy.","Explicit save-migration approval choosing serializer strategy and old-save compatibility expectations.","Save compatibility BlocksOnlyThisDomain=1 for RB-00724 HouseFoundation.","Controller verified gate counts only; no source verification required because no source files changed.","No source-batch commit; controller closeout commit records blocked-pending-approval state.","2026-06-15T12:47:55.6250644-05:00","Do not edit HouseFoundation serializer ordering or migration until approval exists."
"SOURCE-BATCH-CONTROLLER","255","GATED-SOURCE-BATCH-REORG","BlockedPendingApproval","BlockedPendingExplicitApproval","No","No","Roadmap marks reorganization as conditional only and last. No reorganization approval names exact systems/files, namespace/type policy, and rollback expectations.","Explicit reorganization approval naming systems/files, namespace/type policy, and rollback expectations.","Folder and namespace cleanup BlocksOnlyThisDomain=6.","Controller verified gate counts only; no source verification required because no source files changed.","No source-batch commit; controller closeout commit records blocked-pending-approval state.","2026-06-15T12:47:55.6250644-05:00","Do not perform folder/namespace/package cleanup until approval exists."
