id,symbol,label,reference_files,lexical_references,source,usage_paths,coverage
0,Alchemy,Alchemy,59,99,Data/System/Source/Skills.cs,Data/Scripts/Custom/Offline Skill Training/Items/AdvancedStudyBooks.cs;Data/Scripts/Custom/Offline Skill Training/Items/LegendaryStudyBooks.cs;Data/Scripts/Custom/Offline Skill Training/Items/RandomStudyBooks.cs;Data/Scripts/Custom/Offline Skill Training/Items/StandardStudyBooks.cs;Data/Scripts/Custom/Offline Skill Training/Items/StudyBook.cs;Data/Scripts/Custom/Progression/CharacterLevel/CharacterLevelService.cs;Data/Scripts/Custom/PvE/MobileBalance/SignedEquipSkillModController.cs;Data/Scripts/Custom/Vhaerun's CRL Homestead System [2.0]/Dracana's Winecrafting [2.0]/Craft/DefWinecrafting.cs;Data/Scripts/Custom/Vhaerun's CRL Homestead System [2.0]/Dracana's Winecrafting [2.0]/Mobiles/Winecrafter.cs;Data/Scripts/Custom/Vhaerun's CRL Homestead System [2.0]/Vhaerun's CRL Crops/Crops/GarlicCrop.cs;Data/Scripts/Custom/Vhaerun's CRL Homestead System [2.0]/Vhaerun's CRL Crops/Mobiles/Gardener.cs;Data/Scripts/Custom/XMLSpawner/XmlSpawner2.cs;Data/Scripts/Items/Books/PowerScrolls/PowerScroll.cs;Data/Scripts/Items/Books/PowerScrolls/Scrolls_Exalted.cs;Data/Scripts/Items/Books/PowerScrolls/Scrolls_Legendary.cs;Data/Scripts/Items/Books/PowerScrolls/Scrolls_Mythical.cs;Data/Scripts/Items/Books/PowerScrolls/Scrolls_Power.cs;Data/Scripts/Items/Books/PowerScrolls/Scrolls_Wonderous.cs;Data/Scripts/Items/Magical/Artifacts/Artifact_AlchemistsBauble.cs;Data/Scripts/Items/Magical/GuildRings.cs;Data/Scripts/Items/Magical/Morph/MorphingItem.cs;Data/Scripts/Items/Potions/Elixirs/Elixirs.cs;Data/Scripts/Items/Potions/Special/CanopicJar.cs;Data/Scripts/Items/Potions/Special/MonsterSplatter.cs;Data/Scripts/Items/Special/Special Scrolls/ScrollofAlacrity.cs;Data/Scripts/Items/Special/Special Scrolls/ScrollofTranscendence.cs;Data/Scripts/Items/Special/Special Scrolls/SpecialScroll.cs;Data/Scripts/Items/Trades/Specialized/GlassblowingBook.cs;Data/Scripts/Items/Trades/Tools/BaseRunicTool.cs;Data/Scripts/Magic/Base/SpellBooks.cs;Data/Scripts/Magic/Research/ResearchBag.cs;Data/Scripts/Magic/Research/ResearchFunctions.cs;Data/Scripts/Mobiles/Base/BaseVendor.cs;Data/Scripts/Mobiles/Base/Behavior.cs;Data/Scripts/Mobiles/Civilized/Guilds/AlchemistGuildmaster.cs;Data/Scripts/Mobiles/Civilized/Guilds/DruidGuildmaster.cs;Data/Scripts/Mobiles/Civilized/Vendors/Alchemist.cs;Data/Scripts/Mobiles/Civilized/Vendors/CustomHairstylist.cs;Data/Scripts/Mobiles/Civilized/Vendors/Druid.cs;Data/Scripts/Mobiles/Civilized/Vendors/DruidTree.cs;Data/Scripts/Mobiles/Civilized/Vendors/Glassblower.cs;Data/Scripts/Mobiles/Civilized/Vendors/HairStylist.cs;Data/Scripts/Mobiles/Civilized/Vendors/Herbalist.cs;Data/Scripts/Mobiles/Races/BaseRace.cs;Data/Scripts/Quests/Codex/CodexWisdom.cs;Data/Scripts/System/Commands/Player/SkillListing.cs;Data/Scripts/System/Gumps/SkillsGump.cs;Data/Scripts/System/Misc/Players.cs;Data/Scripts/System/Obsolete/HerbalistCauldron.cs;Data/Scripts/System/Obsolete/MixingCauldron.cs;Data/Scripts/System/Obsolete/Obsolete.cs;Data/Scripts/System/Skills/SkillCheck.cs;Data/Scripts/System/Skills/Weapon Abilities/WeaponArmorCalls.cs;Data/Scripts/Trades/Crafting/DefAlchemy.cs;Data/Scripts/Trades/Crafting/DefGlassblowing.cs;Data/Scripts/Trades/Crafting/DefGodCrafting.cs;Data/Scripts/Trades/Shoppes/BaseShoppe.cs;Data/System/Source/Skills.cs;Data/System/Source/Utility.cs,LexicalReferences; numeric indexes and dynamic references are not captured
1,Anatomy,Anatomy,206,276,Data/System/Source/Skills.cs,Data/Scripts/Custom/Champions/Mobiles/Champs-UO/Ilhenir.cs;Data/Scripts/Custom/Champions/Mobiles/Champs-UO/LordOaks.cs;Data/Scripts/Custom/Champions/Mobiles/Champs-UO/Rikktor.cs;Data/Scripts/Custom/Champions/Mobiles/Champs-UO/Twaulo.cs;Data/Scripts/Custom/Champions/Mobiles/Minions/FetidEssence.cs;Data/Scripts/Custom/Champions/Mobiles/Minions/Hiryu.cs;Data/Scripts/Custom/Champions/Mobiles/Minions/InterredGrizzle .cs;Data/Scripts/Custom/Champions/Mobiles/Minions/LesserHiryu.cs;Data/Scripts/Custom/Champions/Mobiles/Minions/Oni.cs;Data/Scripts/Custom/Champions/Mobiles/Minions/PestilentBandage.cs;Data/Scripts/Custom/Champions/Mobiles/Minions/RagingGrizzlyBear.cs;Data/Scripts/Custom/Invasion System/Add Ins/Metal Assemblies/ASSEMBLY/BaseAssembly.cs;Data/Scripts/Custom/Invasion System/Add Ins/Metal Assemblies/ASSEMBLY/IronDragon.cs;Data/Scripts/Custom/Invasion System/Add Ins/Metal Assemblies/ASSEMBLY/MechGargoyle.cs;Data/Scripts/Custom/Invasion System/Add Ins/Metal Assemblies/ASSEMBLY/MetalDaemon.cs;Data/Scripts/Custom/Invasion System/Add Ins/Metal Assemblies/ASSEMBLY/Overseer.cs;Data/Scripts/Custom/Invasion System/Add Ins/Metal Assemblies/ASSEMBLY/runicGolem.cs;Data/Scripts/Custom/Invasion System/Add Ins/Metal Assemblies/Runic Clockwork Assembly.cs;Data/Scripts/Custom/Invasion System/Add Ins/SubChamps/SpiderQueen.cs;Data/Scripts/Custom/Offline Skill Training/Items/AdvancedStudyBooks.cs;Data/Scripts/Custom/Offline Skill Training/Items/LegendaryStudyBooks.cs;Data/Scripts/Custom/Offline Skill Training/Items/RandomStudyBooks.cs;Data/Scripts/Custom/Offline Skill Training/Items/StandardStudyBooks.cs;Data/Scripts/Custom/Progression/CharacterLevel/CharacterLevelService.cs;Data/Scripts/Custom/PvE/CloneOfflinePlayerCharacters/CharacterClone.cs;Data/Scripts/Custom/PvE/MobileBalance/MobileBalanceItems.Weapons.cs;Data/Scripts/Custom/PvE/MobileBalance/SignedEquipSkillModController.cs;Data/Scripts/Custom/PvPConsent/GoddessOfProtection.cs;Data/Scripts/Custom/ThirdParty/OmniAI/AITester.cs;Data/Scripts/Items/Books/PowerScrolls/PowerScroll.cs;Data/Scripts/Items/Books/PowerScrolls/Scrolls_Exalted.cs;Data/Scripts/Items/Books/PowerScrolls/Scrolls_Legendary.cs;Data/Scripts/Items/Books/PowerScrolls/Scrolls_Mythical.cs;Data/Scripts/Items/Books/PowerScrolls/Scrolls_Power.cs;Data/Scripts/Items/Books/PowerScrolls/Scrolls_Wonderous.cs;Data/Scripts/Items/Magical/Artifacts/Artifact_FleshRipper.cs;Data/Scripts/Items/Magical/Artifacts/Obsolete/Obsolete_FleshRipper.cs;Data/Scripts/Items/Magical/GuildRings.cs;Data/Scripts/Items/Magical/Morph/MorphingItem.cs;Data/Scripts/Items/Potions/Elixirs/Elixirs.cs;Data/Scripts/Items/Potions/Mixtures/AlchemicSlime.cs;Data/Scripts/Items/Special/Special Scrolls/SpecialScroll.cs;Data/Scripts/Items/Trades/Misc/Bandage.cs;Data/Scripts/Items/Trades/Tools/BaseRunicTool.cs;Data/Scripts/Items/Weapons/Axes/BaseAxe.cs;Data/Scripts/Items/Weapons/BaseWeapon.cs;Data/Scripts/Items/Weapons/Hands/Fists.cs;Data/Scripts/Items/Weapons/Maces/BaseBashing.cs;Data/Scripts/Items/Weapons/PoleArms/BasePoleArm.cs;Data/Scripts/Magic/Base/SpellBooks.cs;Data/Scripts/Magic/Holy Man/Spells/SanctifySpell.cs;Data/Scripts/Magic/Jester/SummonedJoke.cs;Data/Scripts/Magic/Magery/Magery 3rd/MagicLock.cs;Data/Scripts/Mobiles/Animals/Canines/WereWolf.cs;Data/Scripts/Mobiles/Animals/Misc/Ramadon.cs;Data/Scripts/Mobiles/Animals/Mounts/Roc.cs;Data/Scripts/Mobiles/Animals/Mounts/YoungRoc.cs;Data/Scripts/Mobiles/Base/BaseCreature.cs;Data/Scripts/Mobiles/Base/BaseHealer.cs;Data/Scripts/Mobiles/Base/Behavior.cs;Data/Scripts/Mobiles/Civilized/Citizens/Citizens.cs;Data/Scripts/Mobiles/Civilized/Comrades/HenchmanArcher.cs;Data/Scripts/Mobiles/Civilized/Comrades/HenchmanFighter.cs;Data/Scripts/Mobiles/Civilized/Comrades/HenchmanFunctions.cs;Data/Scripts/Mobiles/Civilized/Comrades/HenchmanMonster.cs;Data/Scripts/Mobiles/Civilized/Comrades/HenchmanWizard.cs;Data/Scripts/Mobiles/Civilized/Guilds/HealerGuildmaster.cs;Data/Scripts/Mobiles/Civilized/Healers/EvilHealer.cs;Data/Scripts/Mobiles/Civilized/Healers/WanderingHealer.cs;Data/Scripts/Mobiles/Civilized/TownGuards.cs;Data/Scripts/Mobiles/Civilized/Vendors/Artist.cs;Data/Scripts/Mobiles/Civilized/Vendors/Butcher.cs;Data/Scripts/Mobiles/Constructs/Golems/IceGolem.cs;Data/Scripts/Mobiles/Constructs/Golems/IronBeetle.cs;Data/Scripts/Mobiles/Daemons/Archfiend.cs;Data/Scripts/Mobiles/Daemons/Balron.cs;Data/Scripts/Mobiles/Daemons/BlackGateDemon.cs;Data/Scripts/Mobiles/Daemons/BloodDemigod.cs;Data/Scripts/Mobiles/Daemons/BloodDemon.cs;Data/Scripts/Mobiles/Daemons/ClassicBalron.cs;Data/Scripts/Mobiles/Daemons/DeepSeaDevil.cs;Data/Scripts/Mobiles/Daemons/Devil.cs;Data/Scripts/Mobiles/Daemons/IceDevil.cs;Data/Scripts/Mobiles/Daemons/Satan.cs;Data/Scripts/Mobiles/Daemons/Xurtzar.cs;Data/Scripts/Mobiles/Dragons/Great Dragons/CaddelliteDragon.cs;Data/Scripts/Mobiles/Elementals/Elementals/ForestElemental.cs;Data/Scripts/Mobiles/Elementals/Elementals/LightningElemental.cs;Data/Scripts/Mobiles/Elementals/Elementals/ToxicElemental.cs;Data/Scripts/Mobiles/Elementals/Elementals/Vulcrum.cs;Data/Scripts/Mobiles/Elementals/PoisonCloud.cs;Data/Scripts/Mobiles/Gargoyles/AncientGargoyle.cs;Data/Scripts/Mobiles/Gargoyles/CosmicGargoyle.cs;Data/Scripts/Mobiles/Gargoyles/FireGargoyle.cs;Data/Scripts/Mobiles/Goliaths/Cyclops/AncientCyclops.cs;Data/Scripts/Mobiles/Goliaths/Giants/DeepSeaGiant.cs;Data/Scripts/Mobiles/Humanoids/Aliens/BombWorshipper.cs;Data/Scripts/Mobiles/Humanoids/Aliens/Jedi.cs;Data/Scripts/Mobiles/Humanoids/Aliens/Psionicist.cs;Data/Scripts/Mobiles/Humanoids/Aliens/Syth.cs;Data/Scripts/Mobiles/Humanoids/Ambroz/AbrozChieftain.cs;Data/Scripts/Mobiles/Humanoids/Ambroz/AbrozWarrior.cs;Data/Scripts/Mobiles/Humanoids/Elves/ElfBerserker.cs;Data/Scripts/Mobiles/Humanoids/Elves/ElfMonks.cs;Data/Scripts/Mobiles/Humanoids/Elves/ElfRogue.cs;Data/Scripts/Mobiles/Humanoids/Harpies/HarpyElder.cs;Data/Scripts/Mobiles/Humanoids/Humans/Archmage.cs;Data/Scripts/Mobiles/Humanoids/Humans/Berserker.cs;Data/Scripts/Mobiles/Humanoids/Humans/BlackKnight.cs;Data/Scripts/Mobiles/Humanoids/Humans/Executioner.cs;Data/Scripts/Mobiles/Humanoids/Humans/Monks.cs;Data/Scripts/Mobiles/Humanoids/Humans/Rogue.cs;Data/Scripts/Mobiles/Humanoids/Lizardmen/LizardmanArcher.cs;Data/Scripts/Mobiles/Humanoids/Orcs/OrkMonks.cs;Data/Scripts/Mobiles/Humanoids/Orcs/OrkRogue.cs;Data/Scripts/Mobiles/Humanoids/Orcs/OrkWarrior.cs;Data/Scripts/Mobiles/Humanoids/Ratmen/RatmanArcher.cs;Data/Scripts/Mobiles/Humanoids/Sailors/Galleons/PirateCult.cs;Data/Scripts/Mobiles/Humanoids/Sailors/Galleons/PirateDarkLord.cs;Data/Scripts/Mobiles/Humanoids/Sailors/Galleons/PirateDevil.cs;Data/Scripts/Mobiles/Humanoids/Sailors/Galleons/PirateDragonogre.cs;Data/Scripts/Mobiles/Humanoids/Sailors/Galleons/PirateEttinMage.cs;Data/Scripts/Mobiles/Humanoids/Sailors/Galleons/PirateLichLord.cs;Data/Scripts/Mobiles/Humanoids/Sailors/Galleons/PirateSuccubus.cs;Data/Scripts/Mobiles/Humanoids/Sailors/Galleons/PirateTitan.cs;Data/Scripts/Mobiles/Humanoids/Sailors/Galleons/SailorAngelLord.cs;Data/Scripts/Mobiles/Humanoids/Sailors/Galleons/SailorElfGuards.cs;Data/Scripts/Mobiles/Humanoids/Sailors/Galleons/SailorGuards.cs;Data/Scripts/Mobiles/Humanoids/Sailors/Galleons/SailorOrkGuards.cs;Data/Scripts/Mobiles/Humanoids/Sailors/Pirates/ElfPirateCaptain.cs;Data/Scripts/Mobiles/Humanoids/Sailors/Pirates/PirateCaptain.cs;Data/Scripts/Mobiles/Insects/Aliens/Alien.cs;Data/Scripts/Mobiles/Insects/Aliens/AlienSmall.cs;Data/Scripts/Mobiles/Insects/Aliens/AlienSpider.cs;Data/Scripts/Mobiles/Insects/Anhkheg.cs;Data/Scripts/Mobiles/Insects/Ants/AntaurProgenitor.cs;Data/Scripts/Mobiles/Insects/Beetles/DeathWatchBeetle.cs;Data/Scripts/Mobiles/Insects/Beetles/DeathWatchBeetleHatchling.cs;Data/Scripts/Mobiles/Insects/Mantis.cs;Data/Scripts/Mobiles/Insects/Spiders/Arachnar.cs;Data/Scripts/Mobiles/Insects/Spiders/GiantBlackWidow.cs;Data/Scripts/Mobiles/Insects/Spiders/SandSpider.cs;Data/Scripts/Mobiles/Insects/Spiders/Tarantula.cs;Data/Scripts/Mobiles/Insects/Spiders/ZombieSpider.cs;Data/Scripts/Mobiles/Mystical/Archangel.cs;Data/Scripts/Mobiles/Mystical/Centaur.cs;Data/Scripts/Mobiles/Mystical/CorruptCentaur.cs;Data/Scripts/Mobiles/Mystical/CuSidhe.cs;Data/Scripts/Mobiles/Mystical/EtherealWarrior.cs;Data/Scripts/Mobiles/Mystical/GuardianWolf.cs;Data/Scripts/Mobiles/Mystical/MLDryad.cs;Data/Scripts/Mobiles/Mystical/Reptalon.cs;Data/Scripts/Mobiles/Mystical/xDryad.cs;Data/Scripts/Mobiles/Plants/CreepingFungus.cs;Data/Scripts/Mobiles/Plants/WoodlandDevil.cs;Data/Scripts/Mobiles/Races/BaseRace.cs;Data/Scripts/Mobiles/Reptilian/Dinosaurs/Iguanodon.cs;Data/Scripts/Mobiles/Reptilian/Serpentaur.cs;Data/Scripts/Mobiles/Reptilian/Snakes/IceSerpent.cs;Data/Scripts/Mobiles/Reptilian/Snakes/IceSnake.cs;Data/Scripts/Mobiles/Reptilian/Snakes/LavaSnake.cs;Data/Scripts/Mobiles/Reptilian/SwampDragon.cs;Data/Scripts/Mobiles/Slimes/BlackPudding.cs;Data/Scripts/Mobiles/Slimes/GreenSlime.cs;Data/Scripts/Mobiles/Undead/DeadKnight.cs;Data/Scripts/Mobiles/Undead/GrundulVarg.cs;Data/Scripts/Mobiles/Undead/Kull.cs;Data/Scripts/Mobiles/Undead/LostKnight.cs;Data/Scripts/Mobiles/Undead/MummyGiant.cs;Data/Scripts/Mobiles/Undead/Murk.cs;Data/Scripts/Mobiles/Undead/SoulReaper.cs;Data/Scripts/Mobiles/Undead/Surtaz.cs;Data/Scripts/Mobiles/Unique/BaneOfAnarchy.cs;Data/Scripts/Mobiles/Unique/BaneOfInsanity.cs;Data/Scripts/Mobiles/Unique/BaneOfWantoness.cs;Data/Scripts/Mobiles/Unique/BaronAlmric.cs;Data/Scripts/Mobiles/Unique/Exodus.cs;Data/Scripts/Mobiles/Unique/RuneGuardian.cs;Data/Scripts/Mobiles/Unique/Shadowlord.cs;Data/Scripts/Mobiles/Unique/TitanHydros.cs;Data/Scripts/Mobiles/Unique/TitanPyros.cs;Data/Scripts/Mobiles/Unusual/Beholder.cs;Data/Scripts/Mobiles/Unusual/ElderGazer.cs;Data/Scripts/Mobiles/Unusual/EyeOfTheDeep.cs;Data/Scripts/Mobiles/Unusual/Seeker.cs;Data/Scripts/Mobiles/Unusual/SoulSucker.cs;Data/Scripts/Quests/Codex/CodexWisdom.cs;Data/Scripts/System/Commands/Player/SkillListing.cs;Data/Scripts/System/Gumps/SkillsGump.cs;Data/Scripts/System/Misc/Players.cs;Data/Scripts/System/Obsolete/Obsolete.cs;Data/Scripts/System/Obsolete/SurgeonsKnife.cs;Data/Scripts/System/Skills/Anatomy.cs;Data/Scripts/System/Skills/Druidism.cs;Data/Scripts/System/Skills/SkillCheck.cs;Data/Scripts/System/Skills/Weapon Abilities/Block.cs;Data/Scripts/System/Skills/Weapon Abilities/DefenseMastery.cs;Data/Scripts/System/Skills/Weapon Abilities/Feint.cs;Data/Scripts/System/Skills/Weapon Abilities/ForceArrow.cs;Data/Scripts/System/Skills/Weapon Abilities/FrenziedWhirlwind.cs;Data/Scripts/System/Skills/Weapon Abilities/ParalyzingBlow.cs;Data/Scripts/System/Skills/Weapon Abilities/PsychicAttack.cs;Data/Scripts/System/Skills/Weapon Abilities/WeaponArmorCalls.cs;Data/Scripts/Trades/Shoppes/BaseShoppe.cs;Data/System/Source/Skills.cs;Data/System/Source/Utility.cs,LexicalReferences; numeric indexes and dynamic references are not captured
2,Druidism,Druidism,50,82,Data/System/Source/Skills.cs,Data/Scripts/Custom/Government System/Items/Stones/CityStableStone.cs;Data/Scripts/Custom/Offline Skill Training/Items/AdvancedStudyBooks.cs;Data/Scripts/Custom/Offline Skill Training/Items/LegendaryStudyBooks.cs;Data/Scripts/Custom/Offline Skill Training/Items/RandomStudyBooks.cs;Data/Scripts/Custom/Offline Skill Training/Items/StandardStudyBooks.cs;Data/Scripts/Custom/Progression/CharacterLevel/CharacterLevelService.cs;Data/Scripts/Items/Books/PowerScrolls/PowerScroll.cs;Data/Scripts/Items/Books/PowerScrolls/Scrolls_Exalted.cs;Data/Scripts/Items/Books/PowerScrolls/Scrolls_Legendary.cs;Data/Scripts/Items/Books/PowerScrolls/Scrolls_Mythical.cs;Data/Scripts/Items/Books/PowerScrolls/Scrolls_Power.cs;Data/Scripts/Items/Books/PowerScrolls/Scrolls_Wonderous.cs;Data/Scripts/Items/Magical/Artifacts/Artifact_TheDryadBow.cs;Data/Scripts/Items/Magical/GuildRings.cs;Data/Scripts/Items/Magical/Morph/MorphingItem.cs;Data/Scripts/Items/Potions/Elixirs/Elixirs.cs;Data/Scripts/Items/Special/Special Scrolls/SpecialScroll.cs;Data/Scripts/Items/Trades/Misc/Bandage.cs;Data/Scripts/Items/Trades/Tools/BaseRunicTool.cs;Data/Scripts/Items/Unknown/UnknownLiquid.cs;Data/Scripts/Magic/Base/SpellBooks.cs;Data/Scripts/Magic/Druidism/Effects/LureStoneSpell.cs;Data/Scripts/Magic/Druidism/HerbalistSpell.cs;Data/Scripts/Mobiles/Base/BaseCreature.cs;Data/Scripts/Mobiles/Base/BaseVendor.cs;Data/Scripts/Mobiles/Base/Behavior.cs;Data/Scripts/Mobiles/Base/PlayerMobile.cs;Data/Scripts/Mobiles/Civilized/Guilds/DruidGuildmaster.cs;Data/Scripts/Mobiles/Civilized/Guilds/RangerGuildmaster.cs;Data/Scripts/Mobiles/Civilized/Vendors/AnimalTrainer.cs;Data/Scripts/Mobiles/Civilized/Vendors/Druid.cs;Data/Scripts/Mobiles/Civilized/Vendors/DruidTree.cs;Data/Scripts/Mobiles/Civilized/Vendors/Furtrader.cs;Data/Scripts/Mobiles/Civilized/Vendors/Rancher.cs;Data/Scripts/Mobiles/Civilized/Vendors/Shepherd.cs;Data/Scripts/Mobiles/Civilized/Vendors/Veterinarian.cs;Data/Scripts/Mobiles/Races/BaseRace.cs;Data/Scripts/Quests/Codex/CodexWisdom.cs;Data/Scripts/System/Commands/Player/SkillListing.cs;Data/Scripts/System/Gumps/SkillsGump.cs;Data/Scripts/System/Misc/Players.cs;Data/Scripts/System/Obsolete/HerbalistCauldron.cs;Data/Scripts/System/Obsolete/Obsolete.cs;Data/Scripts/System/Skills/Druidism.cs;Data/Scripts/System/Skills/SkillCheck.cs;Data/Scripts/System/Skills/Taming.cs;Data/Scripts/Trades/Crafting/DefDruidism.cs;Data/Scripts/Trades/Shoppes/BaseShoppe.cs;Data/System/Source/Skills.cs;Data/System/Source/Utility.cs,LexicalReferences; numeric indexes and dynamic references are not captured
3,Mercantile,Mercantile,41,56,Data/System/Source/Skills.cs,Data/Scripts/Custom/Offline Skill Training/Items/AdvancedStudyBooks.cs;Data/Scripts/Custom/Offline Skill Training/Items/LegendaryStudyBooks.cs;Data/Scripts/Custom/Offline Skill Training/Items/RandomStudyBooks.cs;Data/Scripts/Custom/Offline Skill Training/Items/StandardStudyBooks.cs;Data/Scripts/Custom/Progression/CharacterLevel/CharacterLevelService.cs;Data/Scripts/Custom/PvE/MobileBalance/SignedEquipSkillModController.cs;Data/Scripts/Custom/XMLSpawner/XmlMobiles/TalkingJeweler.cs;Data/Scripts/Items/Boats/Cargo.cs;Data/Scripts/Items/Books/MerchantsBook.cs;Data/Scripts/Items/Books/PowerScrolls/PowerScroll.cs;Data/Scripts/Items/Magical/GuildRings.cs;Data/Scripts/Items/Magical/Morph/MorphingItem.cs;Data/Scripts/Items/Potions/Elixirs/Elixirs.cs;Data/Scripts/Items/Special/Special Scrolls/SpecialScroll.cs;Data/Scripts/Items/Trades/Tools/BaseRunicTool.cs;Data/Scripts/Magic/Base/SpellBooks.cs;Data/Scripts/Mobiles/Base/BaseVendor.cs;Data/Scripts/Mobiles/Base/Behavior.cs;Data/Scripts/Mobiles/Base/PlayerMobile.cs;Data/Scripts/Mobiles/Civilized/Guilds/LibrarianGuildmaster.cs;Data/Scripts/Mobiles/Civilized/Guilds/MerchantGuildmaster.cs;Data/Scripts/Mobiles/Civilized/Guilds/MinerGuildmaster.cs;Data/Scripts/Mobiles/Civilized/Vendors/Jeweler.cs;Data/Scripts/Mobiles/Civilized/Vendors/Provisioner.cs;Data/Scripts/Mobiles/Civilized/Vendors/Sage.cs;Data/Scripts/Mobiles/Civilized/Vendors/Scribe.cs;Data/Scripts/Mobiles/Civilized/Vendors/Vagabond.cs;Data/Scripts/Mobiles/Races/BaseRace.cs;Data/Scripts/Quests/Codex/CodexWisdom.cs;Data/Scripts/Quests/Museum/Museum.cs;Data/Scripts/System/Commands/Player/SkillListing.cs;Data/Scripts/System/Gumps/SkillsGump.cs;Data/Scripts/System/Misc/Players.cs;Data/Scripts/System/Obsolete/Obsolete.cs;Data/Scripts/System/Skills/ItemIdentification.cs;Data/Scripts/System/Skills/SkillCheck.cs;Data/Scripts/System/Skills/Weapon Abilities/WeaponArmorCalls.cs;Data/Scripts/Trades/Shoppes/BaseShoppe.cs;Data/Scripts/Trades/Shoppes/MerchantCrate.cs;Data/System/Source/Skills.cs;Data/System/Source/Utility.cs,LexicalReferences; numeric indexes and dynamic references are not captured
4,ArmsLore,Arms Lore,41,61,Data/System/Source/Skills.cs,Data/Scripts/Custom/Offline Skill Training/Items/AdvancedStudyBooks.cs;Data/Scripts/Custom/Offline Skill Training/Items/LegendaryStudyBooks.cs;Data/Scripts/Custom/Offline Skill Training/Items/StandardStudyBooks.cs;Data/Scripts/Custom/Progression/CharacterLevel/CharacterLevelService.cs;Data/Scripts/Items/Armor/BaseArmor.cs;Data/Scripts/Items/Books/PowerScrolls/PowerScroll.cs;Data/Scripts/Items/Books/PowerScrolls/Scrolls_Exalted.cs;Data/Scripts/Items/Books/PowerScrolls/Scrolls_Legendary.cs;Data/Scripts/Items/Books/PowerScrolls/Scrolls_Mythical.cs;Data/Scripts/Items/Books/PowerScrolls/Scrolls_Power.cs;Data/Scripts/Items/Books/PowerScrolls/Scrolls_Wonderous.cs;Data/Scripts/Items/Magical/GuildRings.cs;Data/Scripts/Items/Magical/Morph/MorphingItem.cs;Data/Scripts/Items/Potions/Elixirs/Elixirs.cs;Data/Scripts/Items/Special/Special Scrolls/SpecialScroll.cs;Data/Scripts/Items/Trades/Tools/BaseRunicTool.cs;Data/Scripts/Items/Weapons/BaseWeapon.cs;Data/Scripts/Items/Weapons/Hands/Fists.cs;Data/Scripts/Magic/Base/SpellBooks.cs;Data/Scripts/Mobiles/Base/Behavior.cs;Data/Scripts/Mobiles/Base/PlayerMobile.cs;Data/Scripts/Mobiles/Civilized/Guilds/BlacksmithGuildmaster.cs;Data/Scripts/Mobiles/Civilized/Guilds/MerchantGuildmaster.cs;Data/Scripts/Mobiles/Civilized/Guilds/WarriorGuildmaster.cs;Data/Scripts/Mobiles/Civilized/Special/Garth.cs;Data/Scripts/Mobiles/Civilized/Vendors/Armorer.cs;Data/Scripts/Mobiles/Civilized/Vendors/Blacksmith.cs;Data/Scripts/Mobiles/Civilized/Vendors/IronWorker.cs;Data/Scripts/Mobiles/Civilized/Vendors/Weaponsmith.cs;Data/Scripts/Mobiles/Races/BaseRace.cs;Data/Scripts/Quests/Codex/CodexWisdom.cs;Data/Scripts/System/Commands/Player/SkillListing.cs;Data/Scripts/System/Gumps/SkillsGump.cs;Data/Scripts/System/Misc/Players.cs;Data/Scripts/System/Skills/ArmsLore.cs;Data/Scripts/System/Skills/SkillCheck.cs;Data/Scripts/System/Skills/Weapon Abilities/Disarm.cs;Data/Scripts/System/Skills/Weapon Abilities/WeaponArmorCalls.cs;Data/Scripts/Trades/Shoppes/BaseShoppe.cs;Data/System/Source/Skills.cs;Data/System/Source/Utility.cs,LexicalReferences; numeric indexes and dynamic references are not captured
5,Parry,Parrying,57,88,Data/System/Source/Skills.cs,Data/Scripts/Custom/Invasion System/Add Ins/Pirates/Morgan/Morgan2.cs;Data/Scripts/Custom/Invasion System/Add Ins/Pirates/Morgan/pirateevil.cs;Data/Scripts/Custom/Offline Skill Training/Items/AdvancedStudyBooks.cs;Data/Scripts/Custom/Offline Skill Training/Items/LegendaryStudyBooks.cs;Data/Scripts/Custom/Offline Skill Training/Items/RandomStudyBooks.cs;Data/Scripts/Custom/Offline Skill Training/Items/StandardStudyBooks.cs;Data/Scripts/Custom/Progression/CharacterLevel/CharacterLevelService.cs;Data/Scripts/Custom/PvE/CloneOfflinePlayerCharacters/CharacterClone.cs;Data/Scripts/Custom/PvE/MobileBalance/MobileBalanceCatalog.cs;Data/Scripts/Custom/PvE/MobileBalance/SignedEquipSkillModController.cs;Data/Scripts/Custom/ThirdParty/OmniAI/AITester.cs;Data/Scripts/Items/Armor/Shields/BaseShield.cs;Data/Scripts/Items/Books/PowerScrolls/PowerScroll.cs;Data/Scripts/Items/Books/PowerScrolls/Scrolls_Exalted.cs;Data/Scripts/Items/Books/PowerScrolls/Scrolls_Legendary.cs;Data/Scripts/Items/Books/PowerScrolls/Scrolls_Mythical.cs;Data/Scripts/Items/Books/PowerScrolls/Scrolls_Power.cs;Data/Scripts/Items/Books/PowerScrolls/Scrolls_Wonderous.cs;Data/Scripts/Items/Magical/Artifacts/Artifact_AchillesShield.cs;Data/Scripts/Items/Magical/Artifacts/Artifact_DupresShield.cs;Data/Scripts/Items/Magical/Artifacts/Obsolete/Obsolete_AchillesShield.cs;Data/Scripts/Items/Magical/Artifacts/Obsolete/Obsolete_DupresShield.cs;Data/Scripts/Items/Magical/GuildRings.cs;Data/Scripts/Items/Magical/ManualOfItems.cs;Data/Scripts/Items/Magical/Morph/MorphingItem.cs;Data/Scripts/Items/Potions/Elixirs/Elixirs.cs;Data/Scripts/Items/Special/Special Scrolls/SpecialScroll.cs;Data/Scripts/Items/Trades/Tools/BaseRunicTool.cs;Data/Scripts/Items/Traps/HiddenTrap.cs;Data/Scripts/Items/Weapons/BaseWeapon.cs;Data/Scripts/Magic/Base/SpellBooks.cs;Data/Scripts/Magic/Holy Man/Spells/SanctifySpell.cs;Data/Scripts/Mobiles/Base/Behavior.cs;Data/Scripts/Mobiles/Civilized/Comrades/HenchmanArcher.cs;Data/Scripts/Mobiles/Civilized/Comrades/HenchmanFighter.cs;Data/Scripts/Mobiles/Civilized/Comrades/HenchmanMonster.cs;Data/Scripts/Mobiles/Civilized/Guilds/BlacksmithGuildmaster.cs;Data/Scripts/Mobiles/Civilized/Guilds/WarriorGuildmaster.cs;Data/Scripts/Mobiles/Civilized/Special/Garth.cs;Data/Scripts/Mobiles/Civilized/Vendors/Blacksmith.cs;Data/Scripts/Mobiles/Civilized/Vendors/Fighter.cs;Data/Scripts/Mobiles/Civilized/Vendors/IronWorker.cs;Data/Scripts/Mobiles/Civilized/Vendors/KungFu.cs;Data/Scripts/Mobiles/Humanoids/Humans/Adventurers.cs;Data/Scripts/Mobiles/Races/BaseRace.cs;Data/Scripts/Quests/Codex/CodexWisdom.cs;Data/Scripts/System/Commands/Player/SkillListing.cs;Data/Scripts/System/Gumps/SkillsGump.cs;Data/Scripts/System/Misc/Players.cs;Data/Scripts/System/Obsolete/Obsolete.cs;Data/Scripts/System/Skills/SkillCheck.cs;Data/Scripts/System/Skills/Weapon Abilities/AbilityBook.cs;Data/Scripts/System/Skills/Weapon Abilities/WeaponAbility.cs;Data/Scripts/System/Skills/Weapon Abilities/WeaponArmorCalls.cs;Data/Scripts/Trades/Shoppes/BaseShoppe.cs;Data/System/Source/Skills.cs;Data/System/Source/Utility.cs,LexicalReferences; numeric indexes and dynamic references are not captured
6,Begging,Begging,77,203,Data/System/Source/Skills.cs,Data/Scripts/Custom/Offline Skill Training/Items/AdvancedStudyBooks.cs;Data/Scripts/Custom/Offline Skill Training/Items/LegendaryStudyBooks.cs;Data/Scripts/Custom/Offline Skill Training/Items/RandomStudyBooks.cs;Data/Scripts/Custom/Offline Skill Training/Items/StandardStudyBooks.cs;Data/Scripts/Custom/Progression/CharacterLevel/CharacterLevelService.cs;Data/Scripts/Items/Boats/Cargo.cs;Data/Scripts/Items/Books/MerchantsBook.cs;Data/Scripts/Items/Books/PowerScrolls/PowerScroll.cs;Data/Scripts/Items/Magical/Artifacts/Artifact_BeggarsRobe.cs;Data/Scripts/Items/Magical/Artifacts/Obsolete/Obsolete_BeggarsRobe.cs;Data/Scripts/Items/Magical/GuildRings.cs;Data/Scripts/Items/Magical/Morph/MorphingItem.cs;Data/Scripts/Items/Potions/Elixirs/Elixirs.cs;Data/Scripts/Items/Special/Special Scrolls/SpecialScroll.cs;Data/Scripts/Items/Trades/Tools/BaseRunicTool.cs;Data/Scripts/Magic/Base/SpellBooks.cs;Data/Scripts/Magic/Jester/JesterSpell.cs;Data/Scripts/Magic/Jester/Spells/CanOfSnakes.cs;Data/Scripts/Magic/Jester/Spells/Clowns.cs;Data/Scripts/Magic/Jester/Spells/FlowerPower.cs;Data/Scripts/Magic/Jester/Spells/Hilarity.cs;Data/Scripts/Magic/Jester/Spells/RabbitInAHat.cs;Data/Scripts/Magic/Jester/Spells/SeltzerBottle.cs;Data/Scripts/Mobiles/Base/BaseHealer.cs;Data/Scripts/Mobiles/Base/BaseVendor.cs;Data/Scripts/Mobiles/Base/Behavior.cs;Data/Scripts/Mobiles/Base/PlayerMobile.cs;Data/Scripts/Mobiles/Civilized/Guilds/AlchemistGuildmaster.cs;Data/Scripts/Mobiles/Civilized/Guilds/ArcherGuildmaster.cs;Data/Scripts/Mobiles/Civilized/Guilds/CartographersGuildmaster.cs;Data/Scripts/Mobiles/Civilized/Guilds/DruidGuildmaster.cs;Data/Scripts/Mobiles/Civilized/Guilds/ElementalGuildmaster.cs;Data/Scripts/Mobiles/Civilized/Guilds/JesterGuildmaster.cs;Data/Scripts/Mobiles/Civilized/Guilds/LibrarianGuildmaster.cs;Data/Scripts/Mobiles/Civilized/Guilds/MageGuildmaster.cs;Data/Scripts/Mobiles/Civilized/Guilds/NecromancerGuildmaster.cs;Data/Scripts/Mobiles/Civilized/Special/Garth.cs;Data/Scripts/Mobiles/Civilized/Special/Roscoe.cs;Data/Scripts/Mobiles/Civilized/Vendors/Alchemist.cs;Data/Scripts/Mobiles/Civilized/Vendors/Armorer.cs;Data/Scripts/Mobiles/Civilized/Vendors/Artist.cs;Data/Scripts/Mobiles/Civilized/Vendors/Bard.cs;Data/Scripts/Mobiles/Civilized/Vendors/Blacksmith.cs;Data/Scripts/Mobiles/Civilized/Vendors/Bowyer.cs;Data/Scripts/Mobiles/Civilized/Vendors/Carpenter.cs;Data/Scripts/Mobiles/Civilized/Vendors/Enchanter.cs;Data/Scripts/Mobiles/Civilized/Vendors/Furtrader.cs;Data/Scripts/Mobiles/Civilized/Vendors/GypsyLady.cs;Data/Scripts/Mobiles/Civilized/Vendors/Herbalist.cs;Data/Scripts/Mobiles/Civilized/Vendors/HolyMage.cs;Data/Scripts/Mobiles/Civilized/Vendors/Jester.cs;Data/Scripts/Mobiles/Civilized/Vendors/Jeweler.cs;Data/Scripts/Mobiles/Civilized/Vendors/LeatherWorker.cs;Data/Scripts/Mobiles/Civilized/Vendors/Mage.cs;Data/Scripts/Mobiles/Civilized/Vendors/Mapmaker.cs;Data/Scripts/Mobiles/Civilized/Vendors/Provisioner.cs;Data/Scripts/Mobiles/Civilized/Vendors/Sage.cs;Data/Scripts/Mobiles/Civilized/Vendors/Scribe.cs;Data/Scripts/Mobiles/Civilized/Vendors/Tailor.cs;Data/Scripts/Mobiles/Civilized/Vendors/Tanner.cs;Data/Scripts/Mobiles/Civilized/Vendors/Thief.cs;Data/Scripts/Mobiles/Civilized/Vendors/Tinker.cs;Data/Scripts/Mobiles/Civilized/Vendors/Weaponsmith.cs;Data/Scripts/Mobiles/Civilized/Vendors/Weaver.cs;Data/Scripts/Mobiles/Races/BaseRace.cs;Data/Scripts/Quests/Codex/CodexWisdom.cs;Data/Scripts/Quests/Museum/Museum.cs;Data/Scripts/Quests/Prisoners/Prisoner.cs;Data/Scripts/System/Commands/Player/SkillListing.cs;Data/Scripts/System/Gumps/SkillsGump.cs;Data/Scripts/System/Misc/Players.cs;Data/Scripts/System/Obsolete/Obsolete.cs;Data/Scripts/System/Skills/Begging.cs;Data/Scripts/System/Skills/SkillCheck.cs;Data/Scripts/Trades/Shoppes/BaseShoppe.cs;Data/System/Source/Skills.cs;Data/System/Source/Utility.cs,LexicalReferences; numeric indexes and dynamic references are not captured
7,Blacksmith,Blacksmithy,76,142,Data/System/Source/Skills.cs,Data/Scripts/Custom/Offline Skill Training/Items/AdvancedStudyBooks.cs;Data/Scripts/Custom/Offline Skill Training/Items/LegendaryStudyBooks.cs;Data/Scripts/Custom/Offline Skill Training/Items/RandomStudyBooks.cs;Data/Scripts/Custom/Offline Skill Training/Items/StandardStudyBooks.cs;Data/Scripts/Custom/Progression/CharacterLevel/CharacterLevelService.cs;Data/Scripts/Custom/PvE/MobileBalance/SignedEquipSkillModController.cs;Data/Scripts/Custom/XMLSpawner/XmlPoints PvP/XmlPointsRewards.cs;Data/Scripts/Custom/XMLSpawner/XmlQuest/XmlQuestPointsRewards.cs;Data/Scripts/Items/Books/PowerScrolls/PowerScroll.cs;Data/Scripts/Items/Books/PowerScrolls/Scrolls_Exalted.cs;Data/Scripts/Items/Books/PowerScrolls/Scrolls_Legendary.cs;Data/Scripts/Items/Books/PowerScrolls/Scrolls_Mythical.cs;Data/Scripts/Items/Books/PowerScrolls/Scrolls_Power.cs;Data/Scripts/Items/Books/PowerScrolls/Scrolls_Wonderous.cs;Data/Scripts/Items/Magical/God/LevelUpScroll.cs;Data/Scripts/Items/Magical/GuildRings.cs;Data/Scripts/Items/Magical/Morph/MorphingItem.cs;Data/Scripts/Items/Potions/Elixirs/Elixirs.cs;Data/Scripts/Items/Potions/Oils/OilAmethyst.cs;Data/Scripts/Items/Potions/Oils/OilCaddellite.cs;Data/Scripts/Items/Potions/Oils/OilEmerald.cs;Data/Scripts/Items/Potions/Oils/OilGarnet.cs;Data/Scripts/Items/Potions/Oils/OilIce.cs;Data/Scripts/Items/Potions/Oils/OilJade.cs;Data/Scripts/Items/Potions/Oils/OilMarble.cs;Data/Scripts/Items/Potions/Oils/OilMetal.cs;Data/Scripts/Items/Potions/Oils/OilOnyx.cs;Data/Scripts/Items/Potions/Oils/OilQuartz.cs;Data/Scripts/Items/Potions/Oils/OilRuby.cs;Data/Scripts/Items/Potions/Oils/OilSapphire.cs;Data/Scripts/Items/Potions/Oils/OilSilver.cs;Data/Scripts/Items/Potions/Oils/OilSpinel.cs;Data/Scripts/Items/Potions/Oils/OilStarRuby.cs;Data/Scripts/Items/Potions/Oils/OilTopaz.cs;Data/Scripts/Items/Special/Bulk Order Rewards/Blacksmithy/AncientSmithyHammer.cs;Data/Scripts/Items/Special/Special Scrolls/SpecialScroll.cs;Data/Scripts/Items/Technology/SpaceJunk.cs;Data/Scripts/Items/Trades/Resources/Blacksmithing/CaddelliteOre.cs;Data/Scripts/Items/Trades/Resources/Blacksmithing/HardCrystals.cs;Data/Scripts/Items/Trades/Resources/Blacksmithing/HardScales.cs;Data/Scripts/Items/Trades/Resources/Blacksmithing/RareMetals.cs;Data/Scripts/Items/Trades/Sharpening/ConsecratedSharpeningStone.cs;Data/Scripts/Items/Trades/Sharpening/DenseSharpeningStone.cs;Data/Scripts/Items/Trades/Sharpening/ElementalSharpeningStone.cs;Data/Scripts/Items/Trades/Sharpening/HeavySharpeningStone.cs;Data/Scripts/Items/Trades/Sharpening/RoughSharpeningStone.cs;Data/Scripts/Items/Trades/Tools/BaseRunicTool.cs;Data/Scripts/Magic/Base/SpellBooks.cs;Data/Scripts/Mobiles/Base/BaseVendor.cs;Data/Scripts/Mobiles/Base/Behavior.cs;Data/Scripts/Mobiles/Civilized/Guilds/BlacksmithGuildmaster.cs;Data/Scripts/Mobiles/Civilized/Special/Garth.cs;Data/Scripts/Mobiles/Civilized/Vendors/Armorer.cs;Data/Scripts/Mobiles/Civilized/Vendors/Blacksmith.cs;Data/Scripts/Mobiles/Civilized/Vendors/IronWorker.cs;Data/Scripts/Mobiles/Civilized/Vendors/Weaponsmith.cs;Data/Scripts/Mobiles/Races/BaseRace.cs;Data/Scripts/Quests/Codex/CodexWisdom.cs;Data/Scripts/Quests/Robots/RobotSheetMetal.cs;Data/Scripts/System/Commands/Player/SkillListing.cs;Data/Scripts/System/Gumps/SkillsGump.cs;Data/Scripts/System/Misc/CharacterCreation.cs;Data/Scripts/System/Misc/Players.cs;Data/Scripts/System/Obsolete/Obsolete.cs;Data/Scripts/System/Skills/SkillCheck.cs;Data/Scripts/System/Skills/Weapon Abilities/WeaponArmorCalls.cs;Data/Scripts/Trades/Bulk Orders/Rewards.cs;Data/Scripts/Trades/Bulk Orders/SmallSmithBOD.cs;Data/Scripts/Trades/Core/CraftItem.cs;Data/Scripts/Trades/Crafting/DefBlacksmithy.cs;Data/Scripts/Trades/Crafting/DefCarpentry.cs;Data/Scripts/Trades/Crafting/DefGodCrafting.cs;Data/Scripts/Trades/Guild/GuildHammer.cs;Data/Scripts/Trades/Shoppes/BaseShoppe.cs;Data/System/Source/Skills.cs;Data/System/Source/Utility.cs,LexicalReferences; numeric indexes and dynamic references are not captured
8,Bowcraft,Bowcrafting,37,49,Data/System/Source/Skills.cs,Data/Scripts/Custom/Offline Skill Training/Items/AdvancedStudyBooks.cs;Data/Scripts/Custom/Offline Skill Training/Items/LegendaryStudyBooks.cs;Data/Scripts/Custom/Offline Skill Training/Items/StandardStudyBooks.cs;Data/Scripts/Custom/Progression/CharacterLevel/CharacterLevelService.cs;Data/Scripts/Items/Books/PowerScrolls/PowerScroll.cs;Data/Scripts/Items/Books/PowerScrolls/Scrolls_Exalted.cs;Data/Scripts/Items/Books/PowerScrolls/Scrolls_Legendary.cs;Data/Scripts/Items/Books/PowerScrolls/Scrolls_Mythical.cs;Data/Scripts/Items/Books/PowerScrolls/Scrolls_Power.cs;Data/Scripts/Items/Books/PowerScrolls/Scrolls_Wonderous.cs;Data/Scripts/Items/Magical/GuildRings.cs;Data/Scripts/Items/Magical/Morph/MorphingItem.cs;Data/Scripts/Items/Potions/Elixirs/Elixirs.cs;Data/Scripts/Items/Potions/Oils/OilWood.cs;Data/Scripts/Items/Special/Special Scrolls/SpecialScroll.cs;Data/Scripts/Items/Trades/Tools/BaseRunicTool.cs;Data/Scripts/Items/Weapons/BaseWeapon.cs;Data/Scripts/Items/Weapons/Bows/JukaBow.cs;Data/Scripts/Magic/Base/SpellBooks.cs;Data/Scripts/Mobiles/Base/BaseVendor.cs;Data/Scripts/Mobiles/Base/Behavior.cs;Data/Scripts/Mobiles/Civilized/Guilds/ArcherGuildmaster.cs;Data/Scripts/Mobiles/Civilized/Vendors/Bowyer.cs;Data/Scripts/Mobiles/Races/BaseRace.cs;Data/Scripts/Quests/Codex/CodexWisdom.cs;Data/Scripts/System/Commands/Player/SkillListing.cs;Data/Scripts/System/Gumps/SkillsGump.cs;Data/Scripts/System/Misc/Players.cs;Data/Scripts/System/Obsolete/Obsolete.cs;Data/Scripts/System/Skills/SkillCheck.cs;Data/Scripts/System/Skills/Weapon Abilities/WeaponArmorCalls.cs;Data/Scripts/Trades/Core/CraftItem.cs;Data/Scripts/Trades/Crafting/DefBowFletching.cs;Data/Scripts/Trades/Guild/GuildFletching.cs;Data/Scripts/Trades/Shoppes/BaseShoppe.cs;Data/System/Source/Skills.cs;Data/System/Source/Utility.cs,LexicalReferences; numeric indexes and dynamic references are not captured
9,Peacemaking,Peacemaking,38,53,Data/System/Source/Skills.cs,Data/Scripts/Custom/Offline Skill Training/Items/AdvancedStudyBooks.cs;Data/Scripts/Custom/Offline Skill Training/Items/LegendaryStudyBooks.cs;Data/Scripts/Custom/Offline Skill Training/Items/RandomStudyBooks.cs;Data/Scripts/Custom/Offline Skill Training/Items/StandardStudyBooks.cs;Data/Scripts/Custom/Progression/CharacterLevel/CharacterLevelService.cs;Data/Scripts/Items/Books/PowerScrolls/PowerScroll.cs;Data/Scripts/Items/Books/PowerScrolls/Scrolls_Exalted.cs;Data/Scripts/Items/Books/PowerScrolls/Scrolls_Legendary.cs;Data/Scripts/Items/Books/PowerScrolls/Scrolls_Mythical.cs;Data/Scripts/Items/Books/PowerScrolls/Scrolls_Power.cs;Data/Scripts/Items/Books/PowerScrolls/Scrolls_Wonderous.cs;Data/Scripts/Items/Magical/Artifacts/Obsolete/Obsolete_TheDryadBow.cs;Data/Scripts/Items/Magical/Artifacts/Specific/GwennosHarp.cs;Data/Scripts/Items/Magical/Artifacts/Specific/HornOfKingTriton.cs;Data/Scripts/Items/Magical/GuildRings.cs;Data/Scripts/Items/Magical/Morph/MorphingItem.cs;Data/Scripts/Items/Potions/Elixirs/Elixirs.cs;Data/Scripts/Items/Special/Special Scrolls/SpecialScroll.cs;Data/Scripts/Items/Trades/Misc/FireHorn.cs;Data/Scripts/Items/Trades/Tools/BaseRunicTool.cs;Data/Scripts/Magic/Bard/SongSpells.cs;Data/Scripts/Magic/Bard/Spells/ArmysPaeonSong.cs;Data/Scripts/Magic/Base/SpellBooks.cs;Data/Scripts/Mobiles/Base/Behavior.cs;Data/Scripts/Mobiles/Base/PlayerMobile.cs;Data/Scripts/Mobiles/Civilized/Guilds/BardGuildmaster.cs;Data/Scripts/Mobiles/Civilized/Vendors/Bard.cs;Data/Scripts/Mobiles/Races/BaseRace.cs;Data/Scripts/Quests/Bards Tale/MangarsRewards.cs;Data/Scripts/Quests/Codex/CodexWisdom.cs;Data/Scripts/System/Commands/Player/SkillListing.cs;Data/Scripts/System/Gumps/SkillsGump.cs;Data/Scripts/System/Misc/Players.cs;Data/Scripts/System/Skills/Peacemaking.cs;Data/Scripts/System/Skills/SkillCheck.cs;Data/Scripts/Trades/Shoppes/BaseShoppe.cs;Data/System/Source/Skills.cs;Data/System/Source/Utility.cs,LexicalReferences; numeric indexes and dynamic references are not captured
10,Camping,Camping,48,65,Data/System/Source/Skills.cs,Data/Scripts/Custom/Offline Skill Training/Items/AdvancedStudyBooks.cs;Data/Scripts/Custom/Offline Skill Training/Items/LegendaryStudyBooks.cs;Data/Scripts/Custom/Offline Skill Training/Items/RandomStudyBooks.cs;Data/Scripts/Custom/Offline Skill Training/Items/StandardStudyBooks.cs;Data/Scripts/Custom/Progression/CharacterLevel/CharacterLevelService.cs;Data/Scripts/Items/Armor/Ranger/RangerArms.cs;Data/Scripts/Items/Armor/Ranger/RangerChest.cs;Data/Scripts/Items/Armor/Ranger/RangerGloves.cs;Data/Scripts/Items/Armor/Ranger/RangerGorget.cs;Data/Scripts/Items/Armor/Ranger/RangerLegs.cs;Data/Scripts/Items/Books/PowerScrolls/PowerScroll.cs;Data/Scripts/Items/Explorers/Bedroll.cs;Data/Scripts/Items/Explorers/BedrolledOut.cs;Data/Scripts/Items/Explorers/CamperTent.cs;Data/Scripts/Items/Explorers/Campfire.cs;Data/Scripts/Items/Explorers/Kindling.cs;Data/Scripts/Items/Explorers/SmallTent.cs;Data/Scripts/Items/Explorers/StableStone.cs;Data/Scripts/Items/Magical/GuildRings.cs;Data/Scripts/Items/Magical/Morph/MorphingItem.cs;Data/Scripts/Items/Magical/SavageTalisman.cs;Data/Scripts/Items/Misc/MagicForges.cs;Data/Scripts/Items/Potions/Elixirs/Elixirs.cs;Data/Scripts/Items/Special/Special Scrolls/SpecialScroll.cs;Data/Scripts/Items/Trades/Tools/BaseRunicTool.cs;Data/Scripts/Magic/Base/SpellBooks.cs;Data/Scripts/Mobiles/Base/BaseCreature.cs;Data/Scripts/Mobiles/Base/Behavior.cs;Data/Scripts/Mobiles/Civilized/Guilds/DruidGuildmaster.cs;Data/Scripts/Mobiles/Civilized/Guilds/RangerGuildmaster.cs;Data/Scripts/Mobiles/Civilized/Healers/WanderingHealer.cs;Data/Scripts/Mobiles/Civilized/Vendors/Druid.cs;Data/Scripts/Mobiles/Civilized/Vendors/DruidTree.cs;Data/Scripts/Mobiles/Civilized/Vendors/Furtrader.cs;Data/Scripts/Mobiles/Civilized/Vendors/Provisioner.cs;Data/Scripts/Mobiles/Civilized/Vendors/Ranger.cs;Data/Scripts/Mobiles/Races/BaseRace.cs;Data/Scripts/Quests/Codex/CodexWisdom.cs;Data/Scripts/System/Commands/Player/SkillListing.cs;Data/Scripts/System/Gumps/SkillsGump.cs;Data/Scripts/System/Misc/FoodDecay.cs;Data/Scripts/System/Misc/Players.cs;Data/Scripts/System/Regions/OutDoorRegion.cs;Data/Scripts/System/Skills/SkillCheck.cs;Data/Scripts/System/Skills/Tasting.cs;Data/Scripts/Trades/Shoppes/BaseShoppe.cs;Data/System/Source/Skills.cs;Data/System/Source/Utility.cs,LexicalReferences; numeric indexes and dynamic references are not captured
11,Carpentry,Carpentry,44,58,Data/System/Source/Skills.cs,Data/Scripts/Custom/Offline Skill Training/Items/AdvancedStudyBooks.cs;Data/Scripts/Custom/Offline Skill Training/Items/LegendaryStudyBooks.cs;Data/Scripts/Custom/Offline Skill Training/Items/StandardStudyBooks.cs;Data/Scripts/Custom/Progression/CharacterLevel/CharacterLevelService.cs;Data/Scripts/Items/Books/PowerScrolls/PowerScroll.cs;Data/Scripts/Items/Books/PowerScrolls/Scrolls_Exalted.cs;Data/Scripts/Items/Books/PowerScrolls/Scrolls_Legendary.cs;Data/Scripts/Items/Books/PowerScrolls/Scrolls_Mythical.cs;Data/Scripts/Items/Books/PowerScrolls/Scrolls_Power.cs;Data/Scripts/Items/Books/PowerScrolls/Scrolls_Wonderous.cs;Data/Scripts/Items/Containers/SunkenShip.cs;Data/Scripts/Items/Containers/WaterChest.cs;Data/Scripts/Items/Magical/GuildRings.cs;Data/Scripts/Items/Magical/Morph/MorphingItem.cs;Data/Scripts/Items/Potions/Elixirs/Elixirs.cs;Data/Scripts/Items/Potions/Oils/OilWood.cs;Data/Scripts/Items/Special/Special Scrolls/SpecialScroll.cs;Data/Scripts/Items/Trades/Carpenter Items/TaxidermyKit.cs;Data/Scripts/Items/Trades/Specialized/MasonryBook.cs;Data/Scripts/Items/Trades/Tools/BaseRunicTool.cs;Data/Scripts/Magic/Base/SpellBooks.cs;Data/Scripts/Mobiles/Base/BaseVendor.cs;Data/Scripts/Mobiles/Base/Behavior.cs;Data/Scripts/Mobiles/Civilized/Guilds/CarpenterGuildmaster.cs;Data/Scripts/Mobiles/Civilized/Vendors/Carpenter.cs;Data/Scripts/Mobiles/Civilized/Vendors/DrunkenPirate.cs;Data/Scripts/Mobiles/Civilized/Vendors/Shipwright.cs;Data/Scripts/Mobiles/Civilized/Vendors/StoneCrafter.cs;Data/Scripts/Mobiles/Races/BaseRace.cs;Data/Scripts/Quests/Codex/CodexWisdom.cs;Data/Scripts/System/Commands/Player/SkillListing.cs;Data/Scripts/System/Gumps/SkillsGump.cs;Data/Scripts/System/Misc/Players.cs;Data/Scripts/System/Obsolete/Obsolete.cs;Data/Scripts/System/Skills/SkillCheck.cs;Data/Scripts/System/Skills/Weapon Abilities/WeaponArmorCalls.cs;Data/Scripts/Trades/Core/CraftItem.cs;Data/Scripts/Trades/Crafting/DefCarpentry.cs;Data/Scripts/Trades/Crafting/DefMasonry.cs;Data/Scripts/Trades/Crafting/DefShelves.cs;Data/Scripts/Trades/Guild/GuildCarpentry.cs;Data/Scripts/Trades/Shoppes/BaseShoppe.cs;Data/System/Source/Skills.cs;Data/System/Source/Utility.cs,LexicalReferences; numeric indexes and dynamic references are not captured
12,Cartography,Cartography,43,59,Data/System/Source/Skills.cs,Data/Scripts/Custom/Offline Skill Training/Items/AdvancedStudyBooks.cs;Data/Scripts/Custom/Offline Skill Training/Items/LegendaryStudyBooks.cs;Data/Scripts/Custom/Offline Skill Training/Items/RandomStudyBooks.cs;Data/Scripts/Custom/Offline Skill Training/Items/StandardStudyBooks.cs;Data/Scripts/Custom/Progression/CharacterLevel/CharacterLevelService.cs;Data/Scripts/Items/Books/PowerScrolls/PowerScroll.cs;Data/Scripts/Items/Books/PowerScrolls/Scrolls_Exalted.cs;Data/Scripts/Items/Books/PowerScrolls/Scrolls_Legendary.cs;Data/Scripts/Items/Books/PowerScrolls/Scrolls_Mythical.cs;Data/Scripts/Items/Books/PowerScrolls/Scrolls_Power.cs;Data/Scripts/Items/Books/PowerScrolls/Scrolls_Wonderous.cs;Data/Scripts/Items/Magical/Artifacts/Artifact_DreadPirateHat.cs;Data/Scripts/Items/Magical/Artifacts/Artifact_SinbadsSword.cs;Data/Scripts/Items/Magical/Artifacts/Obsolete/Obsolete_SinbadsSword.cs;Data/Scripts/Items/Magical/GuildRings.cs;Data/Scripts/Items/Magical/MagicTalisman.cs;Data/Scripts/Items/Magical/Morph/MorphingItem.cs;Data/Scripts/Items/Potions/Elixirs/Elixirs.cs;Data/Scripts/Items/Special/Special Scrolls/SpecialScroll.cs;Data/Scripts/Items/Trades/Maps/CityMap.cs;Data/Scripts/Items/Trades/Maps/LocalMap.cs;Data/Scripts/Items/Trades/Maps/MapRanger.cs;Data/Scripts/Items/Trades/Maps/SeaChart.cs;Data/Scripts/Items/Trades/Maps/TreasureMap.cs;Data/Scripts/Items/Trades/Maps/WorldMap.cs;Data/Scripts/Items/Trades/Tools/BaseRunicTool.cs;Data/Scripts/Magic/Base/SpellBooks.cs;Data/Scripts/Mobiles/Base/BaseVendor.cs;Data/Scripts/Mobiles/Base/Behavior.cs;Data/Scripts/Mobiles/Civilized/Guilds/CartographersGuildmaster.cs;Data/Scripts/Mobiles/Civilized/Vendors/DrunkenPirate.cs;Data/Scripts/Mobiles/Civilized/Vendors/Mapmaker.cs;Data/Scripts/Mobiles/Races/BaseRace.cs;Data/Scripts/Quests/Codex/CodexWisdom.cs;Data/Scripts/System/Commands/Player/SkillListing.cs;Data/Scripts/System/Gumps/SkillsGump.cs;Data/Scripts/System/Misc/Players.cs;Data/Scripts/System/Skills/SkillCheck.cs;Data/Scripts/System/Skills/Weapon Abilities/WeaponArmorCalls.cs;Data/Scripts/Trades/Crafting/DefCartography.cs;Data/Scripts/Trades/Shoppes/BaseShoppe.cs;Data/System/Source/Skills.cs;Data/System/Source/Utility.cs,LexicalReferences; numeric indexes and dynamic references are not captured
13,Cooking,Cooking,118,151,Data/System/Source/Skills.cs,Data/Scripts/Custom/Offline Skill Training/Items/AdvancedStudyBooks.cs;Data/Scripts/Custom/Offline Skill Training/Items/LegendaryStudyBooks.cs;Data/Scripts/Custom/Offline Skill Training/Items/RandomStudyBooks.cs;Data/Scripts/Custom/Offline Skill Training/Items/StandardStudyBooks.cs;Data/Scripts/Custom/Progression/CharacterLevel/CharacterLevelService.cs;Data/Scripts/Custom/Vhaerun's CRL Homestead System [2.0]/Dracana's Winecrafting [2.0]/Items/Grape Vines/BaseGrapeVine.cs;Data/Scripts/Custom/Vhaerun's CRL Homestead System [2.0]/Vhaerun's CRL Brewing/Craft/DefBrewing.cs;Data/Scripts/Custom/Vhaerun's CRL Homestead System [2.0]/Vhaerun's CRL Brewing/Mobiles/Brewer.cs;Data/Scripts/Custom/Vhaerun's CRL Homestead System [2.0]/Vhaerun's CRL Cooking/Base Cooking/Uncooked/BowlFlour.cs;Data/Scripts/Custom/Vhaerun's CRL Homestead System [2.0]/Vhaerun's CRL Cooking/Base Cooking/Uncooked/CakeMix.cs;Data/Scripts/Custom/Vhaerun's CRL Homestead System [2.0]/Vhaerun's CRL Cooking/Base Cooking/Uncooked/Dough.cs;Data/Scripts/Custom/Vhaerun's CRL Homestead System [2.0]/Vhaerun's CRL Cooking/Base Cooking/Uncooked/Eggs.cs;Data/Scripts/Custom/Vhaerun's CRL Homestead System [2.0]/Vhaerun's CRL Cooking/Base Cooking/Uncooked/Specialty/BananaCakeMix.cs;Data/Scripts/Custom/Vhaerun's CRL Homestead System [2.0]/Vhaerun's CRL Cooking/Base Cooking/Uncooked/Specialty/CantaloupeCakeMix.cs;Data/Scripts/Custom/Vhaerun's CRL Homestead System [2.0]/Vhaerun's CRL Cooking/Base Cooking/Uncooked/Specialty/CarrotCakeMix.cs;Data/Scripts/Custom/Vhaerun's CRL Homestead System [2.0]/Vhaerun's CRL Cooking/Base Cooking/Uncooked/Specialty/CoconutCakeMix.cs;Data/Scripts/Custom/Vhaerun's CRL Homestead System [2.0]/Vhaerun's CRL Cooking/Base Cooking/Uncooked/Specialty/FruitCakeMix.cs;Data/Scripts/Custom/Vhaerun's CRL Homestead System [2.0]/Vhaerun's CRL Cooking/Base Cooking/Uncooked/Specialty/GrapeCakeMix.cs;Data/Scripts/Custom/Vhaerun's CRL Homestead System [2.0]/Vhaerun's CRL Cooking/Base Cooking/Uncooked/Specialty/HoneydewmelonCakeMix.cs;Data/Scripts/Custom/Vhaerun's CRL Homestead System [2.0]/Vhaerun's CRL Cooking/Base Cooking/Uncooked/Specialty/KeyLimeCakeMix.cs;Data/Scripts/Custom/Vhaerun's CRL Homestead System [2.0]/Vhaerun's CRL Cooking/Base Cooking/Uncooked/Specialty/LemonCakeMix.cs;Data/Scripts/Custom/Vhaerun's CRL Homestead System [2.0]/Vhaerun's CRL Cooking/Base Cooking/Uncooked/Specialty/MeatCakeMix.cs;Data/Scripts/Custom/Vhaerun's CRL Homestead System [2.0]/Vhaerun's CRL Cooking/Base Cooking/Uncooked/Specialty/PeachCakeMix.cs;Data/Scripts/Custom/Vhaerun's CRL Homestead System [2.0]/Vhaerun's CRL Cooking/Base Cooking/Uncooked/Specialty/PumpkinCakeMix.cs;Data/Scripts/Custom/Vhaerun's CRL Homestead System [2.0]/Vhaerun's CRL Cooking/Base Cooking/Uncooked/Specialty/VegetableCakeMix.cs;Data/Scripts/Custom/Vhaerun's CRL Homestead System [2.0]/Vhaerun's CRL Cooking/Base Cooking/Uncooked/Specialty/WatermelonCakeMix.cs;Data/Scripts/Custom/Vhaerun's CRL Homestead System [2.0]/Vhaerun's CRL Cooking/Base Cooking/Uncooked/SweetDough.cs;Data/Scripts/Custom/Vhaerun's CRL Homestead System [2.0]/Vhaerun's CRL Cooking/Base Cooking/Uncooked/UncookedPizza.cs;Data/Scripts/Custom/Vhaerun's CRL Homestead System [2.0]/Vhaerun's CRL Cooking/DefBaking.cs;Data/Scripts/Custom/Vhaerun's CRL Homestead System [2.0]/Vhaerun's CRL Cooking/DefBoiling.cs;Data/Scripts/Custom/Vhaerun's CRL Homestead System [2.0]/Vhaerun's CRL Cooking/DefGrilling.cs;Data/Scripts/Custom/Vhaerun's CRL Homestead System [2.0]/Vhaerun's CRL Cooking/Mobiles/MasterCook.cs;Data/Scripts/Custom/Vhaerun's CRL Homestead System [2.0]/Vhaerun's CRL Cooking/Package Systems/Crystal's Cheese System/CheeseForm.cs;Data/Scripts/Custom/Vhaerun's CRL Homestead System [2.0]/Vhaerun's CRL Crops/CropHelper.cs;Data/Scripts/Custom/Vhaerun's CRL Homestead System [2.0]/Vhaerun's CRL Crops/Crops/AsparagusCrop.cs;Data/Scripts/Custom/Vhaerun's CRL Homestead System [2.0]/Vhaerun's CRL Crops/Crops/BeetCrop.cs;Data/Scripts/Custom/Vhaerun's CRL Homestead System [2.0]/Vhaerun's CRL Crops/Crops/BitterHopsCrop.cs;Data/Scripts/Custom/Vhaerun's CRL Homestead System [2.0]/Vhaerun's CRL Crops/Crops/BroccoliCrop.cs;Data/Scripts/Custom/Vhaerun's CRL Homestead System [2.0]/Vhaerun's CRL Crops/Crops/CarrotCrop.cs;Data/Scripts/Custom/Vhaerun's CRL Homestead System [2.0]/Vhaerun's CRL Crops/Crops/CauliflowerCrop.cs;Data/Scripts/Custom/Vhaerun's CRL Homestead System [2.0]/Vhaerun's CRL Crops/Crops/CeleryCrop.cs;Data/Scripts/Custom/Vhaerun's CRL Homestead System [2.0]/Vhaerun's CRL Crops/Crops/CornCrop.cs;Data/Scripts/Custom/Vhaerun's CRL Homestead System [2.0]/Vhaerun's CRL Crops/Crops/EggplantCrop.cs;Data/Scripts/Custom/Vhaerun's CRL Homestead System [2.0]/Vhaerun's CRL Crops/Crops/ElvenHopsCrop.cs;Data/Scripts/Custom/Vhaerun's CRL Homestead System [2.0]/Vhaerun's CRL Crops/Crops/FieldCornCrop.cs;Data/Scripts/Custom/Vhaerun's CRL Homestead System [2.0]/Vhaerun's CRL Crops/Crops/GreenBeanCrop.cs;Data/Scripts/Custom/Vhaerun's CRL Homestead System [2.0]/Vhaerun's CRL Crops/Crops/HayCrop.cs;Data/Scripts/Custom/Vhaerun's CRL Homestead System [2.0]/Vhaerun's CRL Crops/Crops/LettuceCrop.cs;Data/Scripts/Custom/Vhaerun's CRL Homestead System [2.0]/Vhaerun's CRL Crops/Crops/OatsCrop.cs;Data/Scripts/Custom/Vhaerun's CRL Homestead System [2.0]/Vhaerun's CRL Crops/Crops/OnionCrop.cs;Data/Scripts/Custom/Vhaerun's CRL Homestead System [2.0]/Vhaerun's CRL Crops/Crops/PeanutCrop.cs;Data/Scripts/Custom/Vhaerun's CRL Homestead System [2.0]/Vhaerun's CRL Crops/Crops/PeasCrop.cs;Data/Scripts/Custom/Vhaerun's CRL Homestead System [2.0]/Vhaerun's CRL Crops/Crops/PotatoCrop.cs;Data/Scripts/Custom/Vhaerun's CRL Homestead System [2.0]/Vhaerun's CRL Crops/Crops/RadishCrop.cs;Data/Scripts/Custom/Vhaerun's CRL Homestead System [2.0]/Vhaerun's CRL Crops/Crops/RiceCrop.cs;Data/Scripts/Custom/Vhaerun's CRL Homestead System [2.0]/Vhaerun's CRL Crops/Crops/SnowHopsCrop.cs;Data/Scripts/Custom/Vhaerun's CRL Homestead System [2.0]/Vhaerun's CRL Crops/Crops/SnowPeasCrop.cs;Data/Scripts/Custom/Vhaerun's CRL Homestead System [2.0]/Vhaerun's CRL Crops/Crops/SoyCrop.cs;Data/Scripts/Custom/Vhaerun's CRL Homestead System [2.0]/Vhaerun's CRL Crops/Crops/SpinachCrop.cs;Data/Scripts/Custom/Vhaerun's CRL Homestead System [2.0]/Vhaerun's CRL Crops/Crops/SugarCrop.cs;Data/Scripts/Custom/Vhaerun's CRL Homestead System [2.0]/Vhaerun's CRL Crops/Crops/SunFlowerCrop.cs;Data/Scripts/Custom/Vhaerun's CRL Homestead System [2.0]/Vhaerun's CRL Crops/Crops/SweetHopsCrop.cs;Data/Scripts/Custom/Vhaerun's CRL Homestead System [2.0]/Vhaerun's CRL Crops/Crops/SweetPotatoCrop.cs;Data/Scripts/Custom/Vhaerun's CRL Homestead System [2.0]/Vhaerun's CRL Crops/Crops/TeaCrop.cs;Data/Scripts/Custom/Vhaerun's CRL Homestead System [2.0]/Vhaerun's CRL Crops/Crops/TomatoCrop.cs;Data/Scripts/Custom/Vhaerun's CRL Homestead System [2.0]/Vhaerun's CRL Crops/Crops/WheatCrop.cs;Data/Scripts/Custom/Vhaerun's CRL Homestead System [2.0]/Vhaerun's CRL Crops/Mobiles/Gardener.cs;Data/Scripts/Custom/Vhaerun's CRL Homestead System [2.0]/Vhaerun's CRL Juicing/DefJuicing.cs;Data/Scripts/Custom/Vhaerun's CRL Homestead System [2.0]/Vhaerun's CRL Juicing/Mobiles/JuiceMaker.cs;Data/Scripts/Items/Books/PowerScrolls/PowerScroll.cs;Data/Scripts/Items/Books/PowerScrolls/Scrolls_Exalted.cs;Data/Scripts/Items/Books/PowerScrolls/Scrolls_Legendary.cs;Data/Scripts/Items/Books/PowerScrolls/Scrolls_Mythical.cs;Data/Scripts/Items/Books/PowerScrolls/Scrolls_Power.cs;Data/Scripts/Items/Books/PowerScrolls/Scrolls_Wonderous.cs;Data/Scripts/Items/Food/CookableFood.cs;Data/Scripts/Items/Food/Cooking.cs;Data/Scripts/Items/Magical/Artifacts/Artifact_AlchemistsBauble.cs;Data/Scripts/Items/Magical/GuildRings.cs;Data/Scripts/Items/Magical/Morph/MorphingItem.cs;Data/Scripts/Items/Magical/SavageTalisman.cs;Data/Scripts/Items/Potions/Elixirs/BaseElixir.cs;Data/Scripts/Items/Potions/Elixirs/Elixirs.cs;Data/Scripts/Items/Potions/Mixtures/BaseLiquid.cs;Data/Scripts/Items/Potions/Mixtures/BaseMixture.cs;Data/Scripts/Items/Special/Special Scrolls/SpecialScroll.cs;Data/Scripts/Items/Trades/Tools/BaseRunicTool.cs;Data/Scripts/Items/Unknown/UnknownKeg.cs;Data/Scripts/Items/Unknown/UnknownLiquid.cs;Data/Scripts/Items/Unknown/UnknownReagent.cs;Data/Scripts/Magic/Base/SpellBooks.cs;Data/Scripts/Magic/Research/ResearchFunctions.cs;Data/Scripts/Mobiles/Base/BaseVendor.cs;Data/Scripts/Mobiles/Base/Behavior.cs;Data/Scripts/Mobiles/Civilized/Guilds/CulinaryGuildmaster.cs;Data/Scripts/Mobiles/Civilized/Guilds/DruidGuildmaster.cs;Data/Scripts/Mobiles/Civilized/Vendors/Baker.cs;Data/Scripts/Mobiles/Civilized/Vendors/Cook.cs;Data/Scripts/Mobiles/Civilized/Vendors/Druid.cs;Data/Scripts/Mobiles/Civilized/Vendors/DruidTree.cs;Data/Scripts/Mobiles/Civilized/Vendors/Farmer.cs;Data/Scripts/Mobiles/Civilized/Vendors/Furtrader.cs;Data/Scripts/Mobiles/Civilized/Vendors/GypsyLady.cs;Data/Scripts/Mobiles/Civilized/Vendors/Herbalist.cs;Data/Scripts/Mobiles/Races/BaseRace.cs;Data/Scripts/Quests/Codex/CodexWisdom.cs;Data/Scripts/System/Commands/Player/SkillListing.cs;Data/Scripts/System/Gumps/SkillsGump.cs;Data/Scripts/System/Misc/Players.cs;Data/Scripts/System/Obsolete/Herbalism.cs;Data/Scripts/System/Obsolete/HerbalistCauldron.cs;Data/Scripts/System/Skills/SkillCheck.cs;Data/Scripts/System/Skills/Weapon Abilities/WeaponArmorCalls.cs;Data/Scripts/Trades/Apiculture/DefWaxCrafting.cs;Data/Scripts/Trades/Crafting/DefCooking.cs;Data/Scripts/Trades/Shoppes/BaseShoppe.cs;Data/System/Source/Skills.cs;Data/System/Source/Utility.cs,LexicalReferences; numeric indexes and dynamic references are not captured
14,Searching,Searching,68,123,Data/System/Source/Skills.cs,Data/Scripts/Custom/Offline Skill Training/Items/AdvancedStudyBooks.cs;Data/Scripts/Custom/Offline Skill Training/Items/LegendaryStudyBooks.cs;Data/Scripts/Custom/Offline Skill Training/Items/RandomStudyBooks.cs;Data/Scripts/Custom/Offline Skill Training/Items/StandardStudyBooks.cs;Data/Scripts/Custom/Progression/CharacterLevel/CharacterLevelService.cs;Data/Scripts/Custom/PvE/MobileBalance/MobileBalanceCatalog.cs;Data/Scripts/Items/Books/PowerScrolls/PowerScroll.cs;Data/Scripts/Items/Books/PowerScrolls/Scrolls_Exalted.cs;Data/Scripts/Items/Books/PowerScrolls/Scrolls_Legendary.cs;Data/Scripts/Items/Books/PowerScrolls/Scrolls_Mythical.cs;Data/Scripts/Items/Books/PowerScrolls/Scrolls_Power.cs;Data/Scripts/Items/Books/PowerScrolls/Scrolls_Wonderous.cs;Data/Scripts/Items/Containers/HiddenChest.cs;Data/Scripts/Items/Magical/Artifacts/Artifact_DetectiveBoots.cs;Data/Scripts/Items/Magical/Morph/MorphingItem.cs;Data/Scripts/Items/Potions/Elixirs/Elixirs.cs;Data/Scripts/Items/Special/Special Scrolls/SpecialScroll.cs;Data/Scripts/Items/Trades/Tools/BaseRunicTool.cs;Data/Scripts/Magic/Base/SpellBooks.cs;Data/Scripts/Magic/Magery/Magery 6th/Reveal.cs;Data/Scripts/Magic/Shinobi/Spells/EagleEye.cs;Data/Scripts/Mobiles/Animals/Canines/WereWolf.cs;Data/Scripts/Mobiles/Base/BaseCreature.cs;Data/Scripts/Mobiles/Base/Behavior.cs;Data/Scripts/Mobiles/Civilized/Citizens/Citizens.cs;Data/Scripts/Mobiles/Civilized/Guilds/AssassinGuildmaster.cs;Data/Scripts/Mobiles/Civilized/Guilds/ThiefGuildmaster.cs;Data/Scripts/Mobiles/Civilized/Vendors/Ranger.cs;Data/Scripts/Mobiles/Civilized/Vendors/Thief.cs;Data/Scripts/Mobiles/Constructs/Golems/IceGolem.cs;Data/Scripts/Mobiles/Daemons/BoneDemon.cs;Data/Scripts/Mobiles/Humanoids/Elves/ElfBerserker.cs;Data/Scripts/Mobiles/Humanoids/Elves/ElfMonks.cs;Data/Scripts/Mobiles/Humanoids/Elves/ElfRogue.cs;Data/Scripts/Mobiles/Humanoids/Humans/Berserker.cs;Data/Scripts/Mobiles/Humanoids/Humans/BlackKnight.cs;Data/Scripts/Mobiles/Humanoids/Humans/Monks.cs;Data/Scripts/Mobiles/Humanoids/Humans/Rogue.cs;Data/Scripts/Mobiles/Humanoids/Orcs/OrkMonks.cs;Data/Scripts/Mobiles/Humanoids/Orcs/OrkRogue.cs;Data/Scripts/Mobiles/Humanoids/Orcs/OrkWarrior.cs;Data/Scripts/Mobiles/Humanoids/Sailors/Pirates/ElfPirateCaptain.cs;Data/Scripts/Mobiles/Humanoids/Sailors/Pirates/PirateCaptain.cs;Data/Scripts/Mobiles/Insects/Spiders/PhaseSpider.cs;Data/Scripts/Mobiles/Insects/Spiders/ShadowRecluse.cs;Data/Scripts/Mobiles/Races/BaseRace.cs;Data/Scripts/Mobiles/Undead/DeadKnight.cs;Data/Scripts/Mobiles/Undead/GrundulVarg.cs;Data/Scripts/Mobiles/Undead/Kull.cs;Data/Scripts/Mobiles/Undead/LostKnight.cs;Data/Scripts/Mobiles/Undead/Murk.cs;Data/Scripts/Mobiles/Undead/Revenant.cs;Data/Scripts/Mobiles/Undead/SoulReaper.cs;Data/Scripts/Mobiles/Unique/BaneOfAnarchy.cs;Data/Scripts/Mobiles/Unique/BaneOfInsanity.cs;Data/Scripts/Mobiles/Unique/BaneOfWantoness.cs;Data/Scripts/Mobiles/Unusual/Xenomorph.cs;Data/Scripts/Mobiles/Unusual/Xenomutant.cs;Data/Scripts/Quests/Codex/CodexWisdom.cs;Data/Scripts/System/Commands/Player/SkillListing.cs;Data/Scripts/System/Gumps/SkillsGump.cs;Data/Scripts/System/Misc/Players.cs;Data/Scripts/System/Obsolete/Obsolete.cs;Data/Scripts/System/Skills/Searching.cs;Data/Scripts/System/Skills/Tracking.cs;Data/Scripts/Trades/Shoppes/BaseShoppe.cs;Data/System/Source/Skills.cs;Data/System/Source/Utility.cs,LexicalReferences; numeric indexes and dynamic references are not captured
15,Discordance,Discordance,38,53,Data/System/Source/Skills.cs,Data/Scripts/Custom/Offline Skill Training/Items/AdvancedStudyBooks.cs;Data/Scripts/Custom/Offline Skill Training/Items/LegendaryStudyBooks.cs;Data/Scripts/Custom/Offline Skill Training/Items/RandomStudyBooks.cs;Data/Scripts/Custom/Offline Skill Training/Items/StandardStudyBooks.cs;Data/Scripts/Custom/Progression/CharacterLevel/CharacterLevelService.cs;Data/Scripts/Items/Books/PowerScrolls/PowerScroll.cs;Data/Scripts/Items/Books/PowerScrolls/Scrolls_Exalted.cs;Data/Scripts/Items/Books/PowerScrolls/Scrolls_Legendary.cs;Data/Scripts/Items/Books/PowerScrolls/Scrolls_Mythical.cs;Data/Scripts/Items/Books/PowerScrolls/Scrolls_Power.cs;Data/Scripts/Items/Books/PowerScrolls/Scrolls_Wonderous.cs;Data/Scripts/Items/Magical/Artifacts/Specific/GwennosHarp.cs;Data/Scripts/Items/Magical/Artifacts/Specific/HornOfKingTriton.cs;Data/Scripts/Items/Magical/GuildRings.cs;Data/Scripts/Items/Magical/Morph/MorphingItem.cs;Data/Scripts/Items/Potions/Elixirs/Elixirs.cs;Data/Scripts/Items/Special/Special Scrolls/SpecialScroll.cs;Data/Scripts/Items/Trades/Misc/FireHorn.cs;Data/Scripts/Items/Trades/Tools/BaseRunicTool.cs;Data/Scripts/Magic/Bard/SongSpells.cs;Data/Scripts/Magic/Bard/Spells/ArmysPaeonSong.cs;Data/Scripts/Magic/Base/SpellBooks.cs;Data/Scripts/Mobiles/Base/Behavior.cs;Data/Scripts/Mobiles/Base/PlayerMobile.cs;Data/Scripts/Mobiles/Civilized/Guilds/BardGuildmaster.cs;Data/Scripts/Mobiles/Civilized/Vendors/Bard.cs;Data/Scripts/Mobiles/Civilized/Vendors/Waiter.cs;Data/Scripts/Mobiles/Races/BaseRace.cs;Data/Scripts/Quests/Bards Tale/MangarsRewards.cs;Data/Scripts/Quests/Codex/CodexWisdom.cs;Data/Scripts/System/Commands/Player/SkillListing.cs;Data/Scripts/System/Gumps/SkillsGump.cs;Data/Scripts/System/Misc/Players.cs;Data/Scripts/System/Skills/Discordance.cs;Data/Scripts/System/Skills/SkillCheck.cs;Data/Scripts/Trades/Shoppes/BaseShoppe.cs;Data/System/Source/Skills.cs;Data/System/Source/Utility.cs,LexicalReferences; numeric indexes and dynamic references are not captured
16,Psychology,Psychology,446,554,Data/System/Source/Skills.cs,Data/Scripts/Custom/Champions/Mobiles/Champs-UO/Ilhenir.cs;Data/Scripts/Custom/Champions/Mobiles/Champs-UO/LordOaks.cs;Data/Scripts/Custom/Champions/Mobiles/Champs-UO/Neira.cs;Data/Scripts/Custom/Champions/Mobiles/Champs-UO/Semidar.cs;Data/Scripts/Custom/Champions/Mobiles/Champs-UO/Twaulo.cs;Data/Scripts/Custom/Champions/Mobiles/Minions/Bogle.cs;Data/Scripts/Custom/Champions/Mobiles/Minions/FetidEssence.cs;Data/Scripts/Custom/Champions/Mobiles/Minions/InterredGrizzle .cs;Data/Scripts/Custom/Champions/Mobiles/Minions/Oni.cs;Data/Scripts/Custom/Champions/Mobiles/Minions/SerpentineDragon.cs;Data/Scripts/Custom/Champions/Mobiles/Minions/Silvani.cs;Data/Scripts/Custom/Invasion System/Add Ins/Pirates/Morgan/Morgan2.cs;Data/Scripts/Custom/Invasion System/Add Ins/SubChamps/SpiderQueen.cs;Data/Scripts/Custom/Invasion System/Add Ins/SubChamps/Ssslither.cs;Data/Scripts/Custom/Invasion System/Add Ins/SubChamps/lizardmanmage.cs;Data/Scripts/Custom/Offline Skill Training/Items/AdvancedStudyBooks.cs;Data/Scripts/Custom/Offline Skill Training/Items/LegendaryStudyBooks.cs;Data/Scripts/Custom/Offline Skill Training/Items/RandomStudyBooks.cs;Data/Scripts/Custom/Offline Skill Training/Items/StandardStudyBooks.cs;Data/Scripts/Custom/Progression/CharacterLevel/CharacterLevelService.cs;Data/Scripts/Custom/PvE/CloneOfflinePlayerCharacters/CharacterClone.cs;Data/Scripts/Custom/PvE/MobileBalance/MobileBalanceCatalog.cs;Data/Scripts/Custom/PvE/MobileBalance/SignedEquipSkillModController.cs;Data/Scripts/Custom/ThirdParty/OmniAI/AITester.cs;Data/Scripts/Items/Books/PowerScrolls/PowerScroll.cs;Data/Scripts/Items/Books/PowerScrolls/Scrolls_Exalted.cs;Data/Scripts/Items/Books/PowerScrolls/Scrolls_Legendary.cs;Data/Scripts/Items/Books/PowerScrolls/Scrolls_Mythical.cs;Data/Scripts/Items/Books/PowerScrolls/Scrolls_Power.cs;Data/Scripts/Items/Books/PowerScrolls/Scrolls_Wonderous.cs;Data/Scripts/Items/Magical/Artifacts/Artifact_Candles.cs;Data/Scripts/Items/Magical/Artifacts/Artifact_DetectiveBoots.cs;Data/Scripts/Items/Magical/Artifacts/Artifact_GandalfsHat.cs;Data/Scripts/Items/Magical/Artifacts/Artifact_GandalfsRobe.cs;Data/Scripts/Items/Magical/Artifacts/Artifact_GandalfsStaff.cs;Data/Scripts/Items/Magical/Artifacts/Artifact_LeggingsOfEnlightenment.cs;Data/Scripts/Items/Magical/Artifacts/Artifact_RobeOfTheEquinox.cs;Data/Scripts/Items/Magical/Artifacts/Obsolete/Obsolete_Candles.cs;Data/Scripts/Items/Magical/Artifacts/Obsolete/Obsolete_GandalfsHat.cs;Data/Scripts/Items/Magical/Artifacts/Obsolete/Obsolete_GandalfsRobe.cs;Data/Scripts/Items/Magical/Artifacts/Obsolete/Obsolete_GandalfsStaff.cs;Data/Scripts/Items/Magical/Artifacts/Obsolete/Obsolete_LeggingsOfEnlightenment.cs;Data/Scripts/Items/Magical/Artifacts/Obsolete/Obsolete_RobeOfTheEquinox.cs;Data/Scripts/Items/Magical/Artifacts/Specific/BookOfKnowledge.cs;Data/Scripts/Items/Magical/GuildRings.cs;Data/Scripts/Items/Magical/Morph/MorphingItem.cs;Data/Scripts/Items/Misc/MagicForges.cs;Data/Scripts/Items/Potions/Elixirs/Elixirs.cs;Data/Scripts/Items/Potions/Mixtures/AlchemicSlime.cs;Data/Scripts/Items/Special/DemonPrison.cs;Data/Scripts/Items/Special/Special Scrolls/SpecialScroll.cs;Data/Scripts/Items/Trades/Thieving/DisguiseKit.cs;Data/Scripts/Items/Trades/Tools/BaseRunicTool.cs;Data/Scripts/Items/Traps/SpellTrap.cs;Data/Scripts/Items/Weapons/Hands/Fists.cs;Data/Scripts/Magic/Base/Spell.cs;Data/Scripts/Magic/Base/SpellBooks.cs;Data/Scripts/Magic/Base/SpellHelper.cs;Data/Scripts/Magic/Druidism/Effects/ProtectiveFairySpell.cs;Data/Scripts/Magic/Elementalism/Mobiles/ElementalCalledAir.cs;Data/Scripts/Magic/Elementalism/Mobiles/ElementalCalledEarth.cs;Data/Scripts/Magic/Elementalism/Mobiles/ElementalCalledFire.cs;Data/Scripts/Magic/Elementalism/Mobiles/ElementalCalledWater.cs;Data/Scripts/Magic/Elementalism/Mobiles/ElementalLordAir.cs;Data/Scripts/Magic/Elementalism/Mobiles/ElementalLordFire.cs;Data/Scripts/Magic/Elementalism/Mobiles/ElementalLordWater.cs;Data/Scripts/Magic/Jedi/Gumps/JediSpellBookGump.cs;Data/Scripts/Magic/Jedi/JediSpell.cs;Data/Scripts/Magic/Jedi/Spells/MindsEye.cs;Data/Scripts/Magic/Jedi/Spells/SoothingTouch.cs;Data/Scripts/Magic/Jedi/Spells/StasisField.cs;Data/Scripts/Magic/Jester/JesterSpell.cs;Data/Scripts/Magic/Jester/Spells/CanOfSnakes.cs;Data/Scripts/Magic/Jester/Spells/Clowns.cs;Data/Scripts/Magic/Jester/Spells/FlowerPower.cs;Data/Scripts/Magic/Jester/Spells/Hilarity.cs;Data/Scripts/Magic/Jester/Spells/RabbitInAHat.cs;Data/Scripts/Magic/Jester/Spells/SeltzerBottle.cs;Data/Scripts/Magic/Magery/Magery 2nd/Protection.cs;Data/Scripts/Magic/Magery/Magery 3rd/MagicLock.cs;Data/Scripts/Magic/Magery/Magery 5th/MagicReflect.cs;Data/Scripts/Magic/Magery/Magery 6th/ParalyzeField.cs;Data/Scripts/Magic/Magery/Magery 8th/AirElemental.cs;Data/Scripts/Magic/Magery/Magery 8th/EarthElemental.cs;Data/Scripts/Magic/Magery/Magery 8th/FireElemental.cs;Data/Scripts/Magic/Magery/Magery 8th/SummonDaemon.cs;Data/Scripts/Magic/Magery/Magery 8th/WaterElemental.cs;Data/Scripts/Magic/Necromancy/AnimateDeadSpell.cs;Data/Scripts/Magic/Research/ResearchFunctions.cs;Data/Scripts/Magic/Research/ResearchSpell.cs;Data/Scripts/Magic/Syth/Gumps/SythSpellBookGump.cs;Data/Scripts/Magic/Syth/SythSpell.cs;Data/Scripts/Mobiles/Animals/Felines/BlackCat.cs;Data/Scripts/Mobiles/Animals/Felines/WhiteCat.cs;Data/Scripts/Mobiles/Animals/Rodents/FireBat.cs;Data/Scripts/Mobiles/Base/BaseCreature.cs;Data/Scripts/Mobiles/Base/BaseHealer.cs;Data/Scripts/Mobiles/Base/Behavior.cs;Data/Scripts/Mobiles/Civilized/Comrades/HenchmanMonster.cs;Data/Scripts/Mobiles/Civilized/Comrades/HenchmanWizard.cs;Data/Scripts/Mobiles/Civilized/DeathKnightDemon.cs;Data/Scripts/Mobiles/Civilized/Genie.cs;Data/Scripts/Mobiles/Civilized/Guilds/JesterGuildmaster.cs;Data/Scripts/Mobiles/Civilized/Guilds/MageGuildmaster.cs;Data/Scripts/Mobiles/Civilized/Healers/FortuneTeller.cs;Data/Scripts/Mobiles/Civilized/Special/Roscoe.cs;Data/Scripts/Mobiles/Civilized/TimeLord.cs;Data/Scripts/Mobiles/Civilized/Vendors/Enchanter.cs;Data/Scripts/Mobiles/Civilized/Vendors/HolyMage.cs;Data/Scripts/Mobiles/Civilized/Vendors/Jester.cs;Data/Scripts/Mobiles/Civilized/Vendors/Mage.cs;Data/Scripts/Mobiles/Civilized/Vendors/Monk.cs;Data/Scripts/Mobiles/Civilized/Vendors/Scribe.cs;Data/Scripts/Mobiles/Daemons/AbysmalDaemon.cs;Data/Scripts/Mobiles/Daemons/Archfiend.cs;Data/Scripts/Mobiles/Daemons/Balron.cs;Data/Scripts/Mobiles/Daemons/BlackGateDemon.cs;Data/Scripts/Mobiles/Daemons/BloodDemigod.cs;Data/Scripts/Mobiles/Daemons/BloodDemon.cs;Data/Scripts/Mobiles/Daemons/BoneDemon.cs;Data/Scripts/Mobiles/Daemons/ClassicBalron.cs;Data/Scripts/Mobiles/Daemons/ClassicDaemon.cs;Data/Scripts/Mobiles/Daemons/Daemon.cs;Data/Scripts/Mobiles/Daemons/DaemonTemplate.cs;Data/Scripts/Mobiles/Daemons/DeepSeaDevil.cs;Data/Scripts/Mobiles/Daemons/Demon.cs;Data/Scripts/Mobiles/Daemons/DemonOfTheSea.cs;Data/Scripts/Mobiles/Daemons/DemonicGhost.cs;Data/Scripts/Mobiles/Daemons/Devil.cs;Data/Scripts/Mobiles/Daemons/Fiend.cs;Data/Scripts/Mobiles/Daemons/FireDemon.cs;Data/Scripts/Mobiles/Daemons/FireMephit.cs;Data/Scripts/Mobiles/Daemons/IceDevil.cs;Data/Scripts/Mobiles/Daemons/Imp.cs;Data/Scripts/Mobiles/Daemons/LesserDemon.cs;Data/Scripts/Mobiles/Daemons/LowerDemon.cs;Data/Scripts/Mobiles/Daemons/MutantDaemon.cs;Data/Scripts/Mobiles/Daemons/Satan.cs;Data/Scripts/Mobiles/Daemons/ShadowDemon.cs;Data/Scripts/Mobiles/Daemons/Succubus.cs;Data/Scripts/Mobiles/Daemons/Xurtzar.cs;Data/Scripts/Mobiles/Dragons/DragonTurtle.cs;Data/Scripts/Mobiles/Dragons/Dragons/AsianDragon.cs;Data/Scripts/Mobiles/Dragons/Dragons/Dragons.cs;Data/Scripts/Mobiles/Dragons/Dragons/Dragoon.cs;Data/Scripts/Mobiles/Dragons/Dragons/GemDragons.cs;Data/Scripts/Mobiles/Dragons/Dragons/RidingDragon.cs;Data/Scripts/Mobiles/Dragons/Dragons/SeaDragon.cs;Data/Scripts/Mobiles/Dragons/Great Dragons/AshDragon.cs;Data/Scripts/Mobiles/Dragons/Great Dragons/BottleDragon.cs;Data/Scripts/Mobiles/Dragons/Great Dragons/CaddelliteDragon.cs;Data/Scripts/Mobiles/Dragons/Great Dragons/CrystalDragon.cs;Data/Scripts/Mobiles/Dragons/Great Dragons/DragonKing.cs;Data/Scripts/Mobiles/Dragons/Great Dragons/ElderDragon.cs;Data/Scripts/Mobiles/Dragons/Great Dragons/RadiationDragon.cs;Data/Scripts/Mobiles/Dragons/Great Dragons/VoidDragon.cs;Data/Scripts/Mobiles/Dragons/Hydras/Hydra.cs;Data/Scripts/Mobiles/Dragons/Hydras/Wyvra.cs;Data/Scripts/Mobiles/Dragons/Primeval/PrimevalAbysmalDragon.cs;Data/Scripts/Mobiles/Dragons/Primeval/PrimevalAmberDragon.cs;Data/Scripts/Mobiles/Dragons/Primeval/PrimevalBlackDragon.cs;Data/Scripts/Mobiles/Dragons/Primeval/PrimevalDragon.cs;Data/Scripts/Mobiles/Dragons/Primeval/PrimevalFireDragon.cs;Data/Scripts/Mobiles/Dragons/Primeval/PrimevalGreenDragon.cs;Data/Scripts/Mobiles/Dragons/Primeval/PrimevalNightDragon.cs;Data/Scripts/Mobiles/Dragons/Primeval/PrimevalRedDragon.cs;Data/Scripts/Mobiles/Dragons/Primeval/PrimevalRoyalDragon.cs;Data/Scripts/Mobiles/Dragons/Primeval/PrimevalRunicDragon.cs;Data/Scripts/Mobiles/Dragons/Primeval/PrimevalSeaDragon.cs;Data/Scripts/Mobiles/Dragons/Primeval/PrimevalSilverDragon.cs;Data/Scripts/Mobiles/Dragons/Primeval/PrimevalStygianDragon.cs;Data/Scripts/Mobiles/Dragons/Primeval/PrimevalVolcanicDragon.cs;Data/Scripts/Mobiles/Dragons/Primeval/ReanimatedDragon.cs;Data/Scripts/Mobiles/Dragons/Primeval/VampiricDragon.cs;Data/Scripts/Mobiles/Dragons/Wyrms/AncientWyrm.cs;Data/Scripts/Mobiles/Dragons/Wyrms/ShadowWyrm.cs;Data/Scripts/Mobiles/Dragons/Wyrms/VolcanicDragon.cs;Data/Scripts/Mobiles/Dragons/Wyrms/Wyrm.cs;Data/Scripts/Mobiles/Dragons/Wyrms/Wyrms.cs;Data/Scripts/Mobiles/Dragons/Wyverns/AncientWyvern.cs;Data/Scripts/Mobiles/Elementals/Efreet.cs;Data/Scripts/Mobiles/Elementals/Elementals/AirElemental.cs;Data/Scripts/Mobiles/Elementals/Elementals/AnyGemElemental.cs;Data/Scripts/Mobiles/Elementals/Elementals/BloodElemental.cs;Data/Scripts/Mobiles/Elementals/Elementals/CinderElemental.cs;Data/Scripts/Mobiles/Elementals/Elementals/DeepWaterElemental.cs;Data/Scripts/Mobiles/Elementals/Elementals/DustElemental.cs;Data/Scripts/Mobiles/Elementals/Elementals/ElectricalElemental.cs;Data/Scripts/Mobiles/Elementals/Elementals/FireElemental.cs;Data/Scripts/Mobiles/Elementals/Elementals/GraveDustElemental.cs;Data/Scripts/Mobiles/Elementals/Elementals/IceElemental.cs;Data/Scripts/Mobiles/Elementals/Elementals/KelpElemental.cs;Data/Scripts/Mobiles/Elementals/Elementals/LavaElemental.cs;Data/Scripts/Mobiles/Elementals/Elementals/MagmaElemental.cs;Data/Scripts/Mobiles/Elementals/Elementals/MeteorElemental.cs;Data/Scripts/Mobiles/Elementals/Elementals/PoisonElemental.cs;Data/Scripts/Mobiles/Elementals/Elementals/ToxicElemental.cs;Data/Scripts/Mobiles/Elementals/Elementals/Vulcrum.cs;Data/Scripts/Mobiles/Elementals/Elementals/WaterElemental.cs;Data/Scripts/Mobiles/Elementals/Gemmed/CaddelliteElemental.cs;Data/Scripts/Mobiles/Elementals/Gemmed/CrystalElemental.cs;Data/Scripts/Mobiles/Elementals/Gemmed/DilithiumElemental.cs;Data/Scripts/Mobiles/Elementals/Gemmed/GarnetElemental.cs;Data/Scripts/Mobiles/Elementals/Gemmed/GemElemental.cs;Data/Scripts/Mobiles/Elementals/Gemmed/QuartzElemental.cs;Data/Scripts/Mobiles/Elementals/Gemmed/SapphireElemental.cs;Data/Scripts/Mobiles/Elementals/Gemmed/SpinelElemental.cs;Data/Scripts/Mobiles/Elementals/Gemmed/StarRubyElemental.cs;Data/Scripts/Mobiles/Elementals/Gemmed/TopazElemental.cs;Data/Scripts/Mobiles/Elementals/Gemmed/TrilithiumElemental.cs;Data/Scripts/Mobiles/Elementals/Gemmed/XormiteElemental.cs;Data/Scripts/Mobiles/Elementals/Lesser/BloodSpawn.cs;Data/Scripts/Mobiles/Elementals/Lesser/WaterSpawn.cs;Data/Scripts/Mobiles/Elementals/PoisonCloud.cs;Data/Scripts/Mobiles/Elementals/Typhoon.cs;Data/Scripts/Mobiles/Elementals/WaterWeird.cs;Data/Scripts/Mobiles/Gargoyles/AncientGargoyle.cs;Data/Scripts/Mobiles/Gargoyles/CosmicGargoyle.cs;Data/Scripts/Mobiles/Gargoyles/FireGargoyle.cs;Data/Scripts/Mobiles/Gargoyles/Gargoyle.cs;Data/Scripts/Mobiles/Gargoyles/GargoyleAmethyst.cs;Data/Scripts/Mobiles/Gargoyles/GargoyleEmerald.cs;Data/Scripts/Mobiles/Gargoyles/GargoyleMarble.cs;Data/Scripts/Mobiles/Gargoyles/GargoyleOnyx.cs;Data/Scripts/Mobiles/Gargoyles/GargoyleRuby.cs;Data/Scripts/Mobiles/Gargoyles/GargoyleSapphire.cs;Data/Scripts/Mobiles/Gargoyles/GargoyleWarrior.cs;Data/Scripts/Mobiles/Gargoyles/StygianGargoyle.cs;Data/Scripts/Mobiles/Gargoyles/StygianGargoyleLord.cs;Data/Scripts/Mobiles/Goliaths/Cyclops/ShamanicCyclops.cs;Data/Scripts/Mobiles/Goliaths/Ettins/AncientEttin.cs;Data/Scripts/Mobiles/Goliaths/Ettins/EttinShaman.cs;Data/Scripts/Mobiles/Goliaths/Giants/AbyssGiant.cs;Data/Scripts/Mobiles/Goliaths/Giants/CloudGiant.cs;Data/Scripts/Mobiles/Goliaths/Giants/DeepSeaGiant.cs;Data/Scripts/Mobiles/Goliaths/Giants/ForestGiant.cs;Data/Scripts/Mobiles/Goliaths/Giants/HillGiantShaman.cs;Data/Scripts/Mobiles/Goliaths/Giants/IceGiant.cs;Data/Scripts/Mobiles/Goliaths/Giants/JungleGiant.cs;Data/Scripts/Mobiles/Goliaths/Giants/LavaGiant.cs;Data/Scripts/Mobiles/Goliaths/Giants/SandGiant.cs;Data/Scripts/Mobiles/Goliaths/Giants/SeaGiant.cs;Data/Scripts/Mobiles/Goliaths/Giants/StarGiant.cs;Data/Scripts/Mobiles/Goliaths/Giants/StormGiant.cs;Data/Scripts/Mobiles/Goliaths/Ogres/OgreMagi.cs;Data/Scripts/Mobiles/Goliaths/OrkDemigod.cs;Data/Scripts/Mobiles/Goliaths/Titans/ElderTitan.cs;Data/Scripts/Mobiles/Goliaths/Titans/Titan.cs;Data/Scripts/Mobiles/Goliaths/Trolls/FrostTrollShaman.cs;Data/Scripts/Mobiles/Goliaths/Trolls/TrollWitchDoctor.cs;Data/Scripts/Mobiles/Goliaths/ZornTheBlacksmith.cs;Data/Scripts/Mobiles/Hellish/AncientNightmareRiding.cs;Data/Scripts/Mobiles/Hellish/Nightmare.cs;Data/Scripts/Mobiles/Humanoids/Aliens/Jedi.cs;Data/Scripts/Mobiles/Humanoids/Aliens/Psionicist.cs;Data/Scripts/Mobiles/Humanoids/Aliens/Syth.cs;Data/Scripts/Mobiles/Humanoids/Ambroz/AbrozShaman.cs;Data/Scripts/Mobiles/Humanoids/Drakkul/DrakkulMage.cs;Data/Scripts/Mobiles/Humanoids/Drider.cs;Data/Scripts/Mobiles/Humanoids/DriderWizard.cs;Data/Scripts/Mobiles/Humanoids/Elves/ElfMage.cs;Data/Scripts/Mobiles/Humanoids/Gnome/GnomeMage.cs;Data/Scripts/Mobiles/Humanoids/Harpies/HarpyElder.cs;Data/Scripts/Mobiles/Humanoids/Harpies/HarpyHen.cs;Data/Scripts/Mobiles/Humanoids/Humans/Adventurers.cs;Data/Scripts/Mobiles/Humanoids/Humans/Archmage.cs;Data/Scripts/Mobiles/Humanoids/Humans/EvilMage.cs;Data/Scripts/Mobiles/Humanoids/Humans/EvilMageLord.cs;Data/Scripts/Mobiles/Humanoids/Humans/GolemController.cs;Data/Scripts/Mobiles/Humanoids/Jackalwitch.cs;Data/Scripts/Mobiles/Humanoids/Lizardmen/KoboldMage.cs;Data/Scripts/Mobiles/Humanoids/Lizardmen/ReptalarShaman.cs;Data/Scripts/Mobiles/Humanoids/Lizardmen/SaklethMage.cs;Data/Scripts/Mobiles/Humanoids/MindFlayer.cs;Data/Scripts/Mobiles/Humanoids/Orcs/OrcishMage.cs;Data/Scripts/Mobiles/Humanoids/Orcs/OrkMage.cs;Data/Scripts/Mobiles/Humanoids/Orcs/UrkShaman.cs;Data/Scripts/Mobiles/Humanoids/Ratmen/RatmanMage.cs;Data/Scripts/Mobiles/Humanoids/Sailors/BaseSailor.cs;Data/Scripts/Mobiles/Humanoids/Sailors/Galleons/PirateCult.cs;Data/Scripts/Mobiles/Humanoids/Sailors/Galleons/PirateDaemon.cs;Data/Scripts/Mobiles/Humanoids/Sailors/Galleons/PirateDemon.cs;Data/Scripts/Mobiles/Humanoids/Sailors/Galleons/PirateDemoness.cs;Data/Scripts/Mobiles/Humanoids/Sailors/Galleons/PirateDevil.cs;Data/Scripts/Mobiles/Humanoids/Sailors/Galleons/PirateEttinMage.cs;Data/Scripts/Mobiles/Humanoids/Sailors/Galleons/PirateGargoyle.cs;Data/Scripts/Mobiles/Humanoids/Sailors/Galleons/PirateGhost.cs;Data/Scripts/Mobiles/Humanoids/Sailors/Galleons/PirateLich.cs;Data/Scripts/Mobiles/Humanoids/Sailors/Galleons/PirateLichLord.cs;Data/Scripts/Mobiles/Humanoids/Sailors/Galleons/PirateOphidian.cs;Data/Scripts/Mobiles/Humanoids/Sailors/Galleons/PirateSuccubus.cs;Data/Scripts/Mobiles/Humanoids/Sailors/Galleons/PirateTitan.cs;Data/Scripts/Mobiles/Humanoids/Sailors/Galleons/SailorAngel.cs;Data/Scripts/Mobiles/Humanoids/Sailors/Galleons/SailorAngelLord.cs;Data/Scripts/Mobiles/Humanoids/Sailors/Pirates/ElfPirateCrewMage.cs;Data/Scripts/Mobiles/Humanoids/Sailors/Pirates/PirateCrewMage.cs;Data/Scripts/Mobiles/Humanoids/Savages/NativeWitchDoctor.cs;Data/Scripts/Mobiles/Humanoids/Savages/SavageLord.cs;Data/Scripts/Mobiles/Humanoids/Savages/SavageShaman.cs;Data/Scripts/Mobiles/Humanoids/Savages/ZuluuWitchDoctor.cs;Data/Scripts/Mobiles/Humanoids/Sea/Dagon.cs;Data/Scripts/Mobiles/Humanoids/Sea/Krakoa.cs;Data/Scripts/Mobiles/Humanoids/Sea/NeptarWizard.cs;Data/Scripts/Mobiles/Humanoids/Sea/SeaHag.cs;Data/Scripts/Mobiles/Humanoids/Sea/SeaHagGreater.cs;Data/Scripts/Mobiles/Humanoids/Sea/TritunMage.cs;Data/Scripts/Mobiles/Humanoids/Serpents/FireSlamander.cs;Data/Scripts/Mobiles/Humanoids/Serpents/OphidianArchmage.cs;Data/Scripts/Mobiles/Humanoids/Serpents/OphidianMage.cs;Data/Scripts/Mobiles/Humanoids/Serpents/OphidianMatriarch.cs;Data/Scripts/Mobiles/Humanoids/Serpents/SerpentarWizard.cs;Data/Scripts/Mobiles/Humanoids/Serpents/SerpynSorceress.cs;Data/Scripts/Mobiles/Humanoids/Terathan/TerathanAvenger.cs;Data/Scripts/Mobiles/Humanoids/Terathan/TerathanMatriarch.cs;Data/Scripts/Mobiles/Insects/Ants/AntaurKing.cs;Data/Scripts/Mobiles/Insects/Ants/AntaurProgenitor.cs;Data/Scripts/Mobiles/Insects/Beetles/RuneBeetle.cs;Data/Scripts/Mobiles/Insects/Spiders/Arachnar.cs;Data/Scripts/Mobiles/Insects/Spiders/DreadSpider.cs;Data/Scripts/Mobiles/Insects/Spiders/PhaseSpider.cs;Data/Scripts/Mobiles/Insects/Spiders/ShadowRecluse.cs;Data/Scripts/Mobiles/Mystical/AncientSphinx.cs;Data/Scripts/Mobiles/Mystical/Angel.cs;Data/Scripts/Mobiles/Mystical/Archangel.cs;Data/Scripts/Mobiles/Mystical/DarkUnicornRiding.cs;Data/Scripts/Mobiles/Mystical/DarkWisp.cs;Data/Scripts/Mobiles/Mystical/Dreadhorn.cs;Data/Scripts/Mobiles/Mystical/EtherealWarrior.cs;Data/Scripts/Mobiles/Mystical/Faerie.cs;Data/Scripts/Mobiles/Mystical/Kirin.cs;Data/Scripts/Mobiles/Mystical/MLDryad.cs;Data/Scripts/Mobiles/Mystical/MysticalFox.cs;Data/Scripts/Mobiles/Mystical/PegasusRiding.cs;Data/Scripts/Mobiles/Mystical/Phoenix.cs;Data/Scripts/Mobiles/Mystical/Pixie.cs;Data/Scripts/Mobiles/Mystical/Placeron.cs;Data/Scripts/Mobiles/Mystical/RoyalSphinx.cs;Data/Scripts/Mobiles/Mystical/ShadowWisp.cs;Data/Scripts/Mobiles/Mystical/Sprite.cs;Data/Scripts/Mobiles/Mystical/Sunlyte.cs;Data/Scripts/Mobiles/Mystical/Unicorn.cs;Data/Scripts/Mobiles/Mystical/Wisp.cs;Data/Scripts/Mobiles/Mystical/xDryad.cs;Data/Scripts/Mobiles/Plants/AncientEnt.cs;Data/Scripts/Mobiles/Plants/AncientReaper.cs;Data/Scripts/Mobiles/Plants/DeadReaper.cs;Data/Scripts/Mobiles/Plants/Ent.cs;Data/Scripts/Mobiles/Plants/EvilEnt.cs;Data/Scripts/Mobiles/Plants/FungalMage.cs;Data/Scripts/Mobiles/Plants/Reaper.cs;Data/Scripts/Mobiles/Plants/TheAncientTree.cs;Data/Scripts/Mobiles/Plants/WalkingReaper.cs;Data/Scripts/Mobiles/Plants/WoodlandDevil.cs;Data/Scripts/Mobiles/Races/BaseRace.cs;Data/Scripts/Mobiles/Reptilian/Fish/SeaHorses.cs;Data/Scripts/Mobiles/Reptilian/Frogs/FireToad.cs;Data/Scripts/Mobiles/Reptilian/Sea/Calamari.cs;Data/Scripts/Mobiles/Reptilian/Sea/Leviathan.cs;Data/Scripts/Mobiles/Reptilian/Snakes/Jormungand.cs;Data/Scripts/Mobiles/Slimes/OilSlick.cs;Data/Scripts/Mobiles/Slimes/SlimeDevil.cs;Data/Scripts/Mobiles/Summoned/Fairy.cs;Data/Scripts/Mobiles/Summoned/SummonedAirElemental.cs;Data/Scripts/Mobiles/Summoned/SummonedAirElementalGreater.cs;Data/Scripts/Mobiles/Summoned/SummonedDaemon.cs;Data/Scripts/Mobiles/Summoned/SummonedDaemonGreater.cs;Data/Scripts/Mobiles/Summoned/SummonedFireElemental.cs;Data/Scripts/Mobiles/Summoned/SummonedFireElementalGreater.cs;Data/Scripts/Mobiles/Summoned/SummonedWaterElemental.cs;Data/Scripts/Mobiles/Summoned/SummonedWaterElementalGreater.cs;Data/Scripts/Mobiles/Summoned/WineElemental.cs;Data/Scripts/Mobiles/Undead/AncientLich.cs;Data/Scripts/Mobiles/Undead/Bodak.cs;Data/Scripts/Mobiles/Undead/BoneMagi.cs;Data/Scripts/Mobiles/Undead/DarkReaper.cs;Data/Scripts/Mobiles/Undead/DeadWizard.cs;Data/Scripts/Mobiles/Undead/DemiLich.cs;Data/Scripts/Mobiles/Undead/Dracolich.cs;Data/Scripts/Mobiles/Undead/Dracula.cs;Data/Scripts/Mobiles/Undead/DragonGhost.cs;Data/Scripts/Mobiles/Undead/GhostDragyn.cs;Data/Scripts/Mobiles/Undead/GhostGargoyle.cs;Data/Scripts/Mobiles/Undead/GhostWizard.cs;Data/Scripts/Mobiles/Undead/Ghostly.cs;Data/Scripts/Mobiles/Undead/Lich.cs;Data/Scripts/Mobiles/Undead/LichKing.cs;Data/Scripts/Mobiles/Undead/LichLord.cs;Data/Scripts/Mobiles/Undead/MummyGiant.cs;Data/Scripts/Mobiles/Undead/Nazghoul.cs;Data/Scripts/Mobiles/Undead/Phantom.cs;Data/Scripts/Mobiles/Undead/RevenantLion.cs;Data/Scripts/Mobiles/Undead/SeaGhost.cs;Data/Scripts/Mobiles/Undead/Shade.cs;Data/Scripts/Mobiles/Undead/Shroud.cs;Data/Scripts/Mobiles/Undead/SkeletalDragon.cs;Data/Scripts/Mobiles/Undead/SkeletalGargoyle.cs;Data/Scripts/Mobiles/Undead/SkeletalMage.cs;Data/Scripts/Mobiles/Undead/SkeletalWizard.cs;Data/Scripts/Mobiles/Undead/SkeletonDragon.cs;Data/Scripts/Mobiles/Undead/SkeletonHorse.cs;Data/Scripts/Mobiles/Undead/SpectralGargoyle.cs;Data/Scripts/Mobiles/Undead/Spectre.cs;Data/Scripts/Mobiles/Undead/Spirit.cs;Data/Scripts/Mobiles/Undead/Surtaz.cs;Data/Scripts/Mobiles/Undead/TitanLich.cs;Data/Scripts/Mobiles/Undead/UndeadDruid.cs;Data/Scripts/Mobiles/Undead/Vampire.cs;Data/Scripts/Mobiles/Undead/VampireLord.cs;Data/Scripts/Mobiles/Undead/VampirePrince.cs;Data/Scripts/Mobiles/Undead/VampireWoods.cs;Data/Scripts/Mobiles/Undead/Vordo.cs;Data/Scripts/Mobiles/Undead/Wraith.cs;Data/Scripts/Mobiles/Undead/ZombieDragon.cs;Data/Scripts/Mobiles/Undead/ZombieMage.cs;Data/Scripts/Mobiles/Unique/CodexGargoyles.cs;Data/Scripts/Mobiles/Unique/Exodus.cs;Data/Scripts/Mobiles/Unique/Mangar.cs;Data/Scripts/Mobiles/Unique/RuneGuardian.cs;Data/Scripts/Mobiles/Unique/Shadowlord.cs;Data/Scripts/Mobiles/Unique/SlasherOfVoid.cs;Data/Scripts/Mobiles/Unique/Spectres.cs;Data/Scripts/Mobiles/Unique/Tarjan.cs;Data/Scripts/Mobiles/Unique/TitanHydros.cs;Data/Scripts/Mobiles/Unique/TitanPyros.cs;Data/Scripts/Mobiles/Unique/TitanStratos.cs;Data/Scripts/Mobiles/Unusual/Beholder.cs;Data/Scripts/Mobiles/Unusual/ElderGazer.cs;Data/Scripts/Mobiles/Unusual/EyeOfTheDeep.cs;Data/Scripts/Mobiles/Unusual/FloatingEye.cs;Data/Scripts/Mobiles/Unusual/Gazer.cs;Data/Scripts/Mobiles/Unusual/Kuthulu.cs;Data/Scripts/Mobiles/Unusual/Seeker.cs;Data/Scripts/Mobiles/Unusual/SoulSucker.cs;Data/Scripts/Quests/Bards Tale/MangarsRewards.cs;Data/Scripts/Quests/Codex/CodexWisdom.cs;Data/Scripts/System/Commands/Player/SkillListing.cs;Data/Scripts/System/Gumps/SkillsGump.cs;Data/Scripts/System/Misc/Players.cs;Data/Scripts/System/Obsolete/Obsolete.cs;Data/Scripts/System/Obsolete/Pegasus.cs;Data/Scripts/System/Skills/Druidism.cs;Data/Scripts/System/Skills/Psychology.cs;Data/Scripts/System/Skills/SkillCheck.cs;Data/Scripts/Trades/Shoppes/BaseShoppe.cs;Data/System/Source/Skills.cs;Data/System/Source/Utility.cs,LexicalReferences; numeric indexes and dynamic references are not captured
17,Healing,Healing,68,108,Data/System/Source/Skills.cs,Data/Scripts/Custom/Invasion System/Add Ins/Pirates/Pirate Set/Pirate 2.cs;Data/Scripts/Custom/Invasion System/Add Ins/Pirates/Pirate Set/Pirate First Mate.cs;Data/Scripts/Custom/Invasion System/Add Ins/Pirates/Pirate Set/Pirate.cs;Data/Scripts/Custom/Invasion System/Add Ins/Pirates/Pirate Set/PirateCabinboy.cs;Data/Scripts/Custom/Invasion System/Add Ins/Pirates/Pirate Set/PirateCaptain.cs;Data/Scripts/Custom/Invasion System/Add Ins/SubChamps/PirateLeader.cs;Data/Scripts/Custom/Offline Skill Training/Items/AdvancedStudyBooks.cs;Data/Scripts/Custom/Offline Skill Training/Items/LegendaryStudyBooks.cs;Data/Scripts/Custom/Offline Skill Training/Items/RandomStudyBooks.cs;Data/Scripts/Custom/Offline Skill Training/Items/StandardStudyBooks.cs;Data/Scripts/Custom/Progression/CharacterLevel/CharacterLevelService.cs;Data/Scripts/Custom/PvE/CloneOfflinePlayerCharacters/CharacterClone.cs;Data/Scripts/Custom/PvPConsent/GoddessOfProtection.cs;Data/Scripts/Custom/ThirdParty/OmniAI/OmniAI Shared.cs;Data/Scripts/Items/Books/PowerScrolls/PowerScroll.cs;Data/Scripts/Items/Books/PowerScrolls/Scrolls_Exalted.cs;Data/Scripts/Items/Books/PowerScrolls/Scrolls_Legendary.cs;Data/Scripts/Items/Books/PowerScrolls/Scrolls_Mythical.cs;Data/Scripts/Items/Books/PowerScrolls/Scrolls_Power.cs;Data/Scripts/Items/Books/PowerScrolls/Scrolls_Wonderous.cs;Data/Scripts/Items/Magical/Artifacts/Artifact_RingOfHealth.cs;Data/Scripts/Items/Magical/Artifacts/Artifact_StitchersMittens.cs;Data/Scripts/Items/Magical/Artifacts/Obsolete/Obsolete_StitchersMittens.cs;Data/Scripts/Items/Magical/Artifacts/Obsolete/Obsolete_TheDryadBow.cs;Data/Scripts/Items/Magical/GuildRings.cs;Data/Scripts/Items/Magical/Morph/MorphingItem.cs;Data/Scripts/Items/Potions/Elixirs/Elixirs.cs;Data/Scripts/Items/Special/Special Scrolls/SpecialScroll.cs;Data/Scripts/Items/Trades/Misc/Bandage.cs;Data/Scripts/Items/Trades/Tools/BaseRunicTool.cs;Data/Scripts/Magic/Base/SpellBooks.cs;Data/Scripts/Magic/Holy Man/HolyManSpell.cs;Data/Scripts/Magic/Holy Man/Spells/EnchantSpell.cs;Data/Scripts/Magic/Holy Man/Spells/HammerOfFaithSpell.cs;Data/Scripts/Magic/Holy Man/Spells/HeavenlyLightSpell.cs;Data/Scripts/Magic/Holy Man/Spells/NourishSpell.cs;Data/Scripts/Magic/Holy Man/Spells/SacredBoonSpell.cs;Data/Scripts/Magic/Holy Man/Spells/SanctifySpell.cs;Data/Scripts/Magic/Holy Man/Spells/SeanceSpell.cs;Data/Scripts/Magic/Holy Man/Spells/SmiteSpell.cs;Data/Scripts/Magic/Holy Man/Spells/TouchOfLifeSpell.cs;Data/Scripts/Magic/Holy Man/Spells/TrialByFireSpell.cs;Data/Scripts/Mobiles/Base/BaseCreature.cs;Data/Scripts/Mobiles/Base/BaseHealer.cs;Data/Scripts/Mobiles/Base/Behavior.cs;Data/Scripts/Mobiles/Civilized/Comrades/HenchmanArcher.cs;Data/Scripts/Mobiles/Civilized/Comrades/HenchmanFighter.cs;Data/Scripts/Mobiles/Civilized/Comrades/HenchmanFunctions.cs;Data/Scripts/Mobiles/Civilized/Comrades/HenchmanMonster.cs;Data/Scripts/Mobiles/Civilized/Comrades/HenchmanWizard.cs;Data/Scripts/Mobiles/Civilized/Guilds/HealerGuildmaster.cs;Data/Scripts/Mobiles/Civilized/Healers/EvilHealer.cs;Data/Scripts/Mobiles/Civilized/Healers/Healer.cs;Data/Scripts/Mobiles/Civilized/Healers/WanderingHealer.cs;Data/Scripts/Mobiles/Civilized/Priest.cs;Data/Scripts/Mobiles/Humanoids/Savages/SavageRider.cs;Data/Scripts/Mobiles/Mystical/CuSidhe.cs;Data/Scripts/Mobiles/Races/BaseRace.cs;Data/Scripts/Quests/Codex/CodexWisdom.cs;Data/Scripts/System/Commands/Player/SkillListing.cs;Data/Scripts/System/Gumps/SkillsGump.cs;Data/Scripts/System/Misc/CharacterCreation.cs;Data/Scripts/System/Misc/Players.cs;Data/Scripts/System/Obsolete/Obsolete.cs;Data/Scripts/System/Skills/SkillCheck.cs;Data/Scripts/Trades/Shoppes/BaseShoppe.cs;Data/System/Source/Skills.cs;Data/System/Source/Utility.cs,LexicalReferences; numeric indexes and dynamic references are not captured
18,Seafaring,Seafaring,54,73,Data/System/Source/Skills.cs,Data/Scripts/Custom/Offline Skill Training/Items/AdvancedStudyBooks.cs;Data/Scripts/Custom/Offline Skill Training/Items/LegendaryStudyBooks.cs;Data/Scripts/Custom/Offline Skill Training/Items/RandomStudyBooks.cs;Data/Scripts/Custom/Offline Skill Training/Items/StandardStudyBooks.cs;Data/Scripts/Custom/Progression/CharacterLevel/CharacterLevelService.cs;Data/Scripts/Custom/PvE/MobileBalance/SignedEquipSkillModController.cs;Data/Scripts/Items/Boats/BaseBoat.cs;Data/Scripts/Items/Boats/BaseBoatDeed.cs;Data/Scripts/Items/Boats/BaseDockedBoat.cs;Data/Scripts/Items/Boats/Cargo.cs;Data/Scripts/Items/Boats/DockingLantern.cs;Data/Scripts/Items/Books/PowerScrolls/PowerScroll.cs;Data/Scripts/Items/Books/PowerScrolls/Scrolls_Exalted.cs;Data/Scripts/Items/Books/PowerScrolls/Scrolls_Legendary.cs;Data/Scripts/Items/Books/PowerScrolls/Scrolls_Mythical.cs;Data/Scripts/Items/Books/PowerScrolls/Scrolls_Power.cs;Data/Scripts/Items/Books/PowerScrolls/Scrolls_Wonderous.cs;Data/Scripts/Items/Containers/SunkenShip.cs;Data/Scripts/Items/Containers/WaterChest.cs;Data/Scripts/Items/Magical/ArtifactBuilder.cs;Data/Scripts/Items/Magical/Artifacts/Artifact_DreadPirateHat.cs;Data/Scripts/Items/Magical/Artifacts/Artifact_SinbadsSword.cs;Data/Scripts/Items/Magical/Artifacts/Obsolete/Obsolete_DreadPirateHat.cs;Data/Scripts/Items/Magical/Artifacts/Obsolete/Obsolete_SinbadsSword.cs;Data/Scripts/Items/Magical/GuildRings.cs;Data/Scripts/Items/Magical/MagicTalisman.cs;Data/Scripts/Items/Magical/Morph/MorphingItem.cs;Data/Scripts/Items/Potions/Elixirs/Elixirs.cs;Data/Scripts/Items/Special/Special Scrolls/SpecialScroll.cs;Data/Scripts/Items/Trades/Fishing/FabledFishingNet.cs;Data/Scripts/Items/Trades/Fishing/FishingNet.cs;Data/Scripts/Items/Trades/Fishing/NeptunesFishingNet.cs;Data/Scripts/Items/Trades/Fishing/SpecialFishingNet.cs;Data/Scripts/Items/Trades/Fishing/SpecialSeaweed.cs;Data/Scripts/Items/Trades/Tools/BaseRunicTool.cs;Data/Scripts/Items/Weapons/BaseWeapon.cs;Data/Scripts/Magic/Base/SpellBooks.cs;Data/Scripts/Mobiles/Base/Behavior.cs;Data/Scripts/Mobiles/Civilized/Guilds/FisherGuildmaster.cs;Data/Scripts/Mobiles/Civilized/Special/Devon.cs;Data/Scripts/Mobiles/Civilized/Vendors/DrunkenPirate.cs;Data/Scripts/Mobiles/Civilized/Vendors/Fisherman.cs;Data/Scripts/Mobiles/Civilized/Vendors/Shipwright.cs;Data/Scripts/Mobiles/Races/BaseRace.cs;Data/Scripts/Quests/Codex/CodexWisdom.cs;Data/Scripts/System/Commands/Player/SkillListing.cs;Data/Scripts/System/Gumps/SkillsGump.cs;Data/Scripts/System/Misc/Players.cs;Data/Scripts/System/Skills/SkillCheck.cs;Data/Scripts/System/Skills/Weapon Abilities/WeaponArmorCalls.cs;Data/Scripts/Trades/Harvest/Fishing.cs;Data/Scripts/Trades/Shoppes/BaseShoppe.cs;Data/System/Source/Skills.cs;Data/System/Source/Utility.cs,LexicalReferences; numeric indexes and dynamic references are not captured
19,Forensics,Forensics,102,142,Data/System/Source/Skills.cs,Data/Scripts/Custom/Government System/Gumps/VotingStoneGump.cs;Data/Scripts/Custom/Government System/Items/Deeds/Stock Deeds/Banks/AsianCityBankDeed.cs;Data/Scripts/Custom/Government System/Items/Deeds/Stock Deeds/Banks/FieldstoneCityBankDeed.cs;Data/Scripts/Custom/Government System/Items/Deeds/Stock Deeds/Banks/MarbleCityBankDeed.cs;Data/Scripts/Custom/Government System/Items/Deeds/Stock Deeds/Banks/NecroCityBankDeed.cs;Data/Scripts/Custom/Government System/Items/Deeds/Stock Deeds/Banks/PlasterCityBankDeed.cs;Data/Scripts/Custom/Government System/Items/Deeds/Stock Deeds/Banks/SandstoneCityBankDeed.cs;Data/Scripts/Custom/Government System/Items/Deeds/Stock Deeds/Banks/StoneCityBankDeed.cs;Data/Scripts/Custom/Government System/Items/Deeds/Stock Deeds/Banks/WoodCityBankDeed.cs;Data/Scripts/Custom/Government System/Items/Deeds/Stock Deeds/Healers/AsianCityHealerDeed.cs;Data/Scripts/Custom/Government System/Items/Deeds/Stock Deeds/Healers/FieldstoneCityHealerDeed.cs;Data/Scripts/Custom/Government System/Items/Deeds/Stock Deeds/Healers/MarbleCityHealerDeed.cs;Data/Scripts/Custom/Government System/Items/Deeds/Stock Deeds/Healers/NecroCityHealerDeed.cs;Data/Scripts/Custom/Government System/Items/Deeds/Stock Deeds/Healers/PlasterCityHealerDeed.cs;Data/Scripts/Custom/Government System/Items/Deeds/Stock Deeds/Healers/SandstoneCityHealerDeed.cs;Data/Scripts/Custom/Government System/Items/Deeds/Stock Deeds/Healers/StoneCityHealerDeed.cs;Data/Scripts/Custom/Government System/Items/Deeds/Stock Deeds/Healers/WoodCityHealerDeed.cs;Data/Scripts/Custom/Government System/Items/Deeds/Stock Deeds/Markets/AsianCityMarketDeed.cs;Data/Scripts/Custom/Government System/Items/Deeds/Stock Deeds/Markets/FieldstoneCityMarketDeed.cs;Data/Scripts/Custom/Government System/Items/Deeds/Stock Deeds/Markets/MarbleCityMarketDeed.cs;Data/Scripts/Custom/Government System/Items/Deeds/Stock Deeds/Markets/NecroCityMarketDeed.cs;Data/Scripts/Custom/Government System/Items/Deeds/Stock Deeds/Markets/PlasterCityMarketDeed.cs;Data/Scripts/Custom/Government System/Items/Deeds/Stock Deeds/Markets/SandstoneCityMarketDeed.cs;Data/Scripts/Custom/Government System/Items/Deeds/Stock Deeds/Markets/StoneCityMarketDeed.cs;Data/Scripts/Custom/Government System/Items/Deeds/Stock Deeds/Markets/WoodCityMarketDeed.cs;Data/Scripts/Custom/Government System/Items/Deeds/Stock Deeds/Moongates/AsianCityMoongateDeed.cs;Data/Scripts/Custom/Government System/Items/Deeds/Stock Deeds/Moongates/MarbleCityMoongateDeed.cs;Data/Scripts/Custom/Government System/Items/Deeds/Stock Deeds/Moongates/NecroCityMoongateDeed.cs;Data/Scripts/Custom/Government System/Items/Deeds/Stock Deeds/Moongates/SandstoneCityMoongateDeed.cs;Data/Scripts/Custom/Government System/Items/Deeds/Stock Deeds/Moongates/StoneCityMoongateDeed.cs;Data/Scripts/Custom/Government System/Items/Deeds/Stock Deeds/Moongates/WoodCityMoongateDeed.cs;Data/Scripts/Custom/Government System/Items/Deeds/Stock Deeds/Parks & Gardens/LargeCityGardenDeed.cs;Data/Scripts/Custom/Government System/Items/Deeds/Stock Deeds/Parks & Gardens/LargeCityParkDeed.cs;Data/Scripts/Custom/Government System/Items/Deeds/Stock Deeds/Parks & Gardens/MediumCityGardenDeed.cs;Data/Scripts/Custom/Government System/Items/Deeds/Stock Deeds/Parks & Gardens/MediumCityParkDeed.cs;Data/Scripts/Custom/Government System/Items/Deeds/Stock Deeds/Parks & Gardens/SmallCityGardenDeed.cs;Data/Scripts/Custom/Government System/Items/Deeds/Stock Deeds/Parks & Gardens/SmallCityParkDeed.cs;Data/Scripts/Custom/Government System/Items/Deeds/Stock Deeds/Stable/AsainCityHealerDeed.cs;Data/Scripts/Custom/Government System/Items/Deeds/Stock Deeds/Stable/FieldstoneCityHealerDeed.cs;Data/Scripts/Custom/Government System/Items/Deeds/Stock Deeds/Stable/MarbleCityHealerDeed.cs;Data/Scripts/Custom/Government System/Items/Deeds/Stock Deeds/Stable/NecroCityHealerDeed.cs;Data/Scripts/Custom/Government System/Items/Deeds/Stock Deeds/Stable/PlasterCityHealerDeed.cs;Data/Scripts/Custom/Government System/Items/Deeds/Stock Deeds/Stable/SandstoneCityHealerDeed.cs;Data/Scripts/Custom/Government System/Items/Deeds/Stock Deeds/Stable/StoneCityHealerDeed.cs;Data/Scripts/Custom/Government System/Items/Deeds/Stock Deeds/Stable/WoodCityHealerDeed.cs;Data/Scripts/Custom/Government System/Items/Deeds/Stock Deeds/Taverns/AsianCityTavernDeed.cs;Data/Scripts/Custom/Government System/Items/Deeds/Stock Deeds/Taverns/FieldstoneCityTavernDeed.cs;Data/Scripts/Custom/Government System/Items/Deeds/Stock Deeds/Taverns/MarbleCityTavernDeed.cs;Data/Scripts/Custom/Government System/Items/Deeds/Stock Deeds/Taverns/NecroCityTavernDeed.cs;Data/Scripts/Custom/Government System/Items/Deeds/Stock Deeds/Taverns/PlasterCityTavernDeed.cs;Data/Scripts/Custom/Government System/Items/Deeds/Stock Deeds/Taverns/SandstoneCityTavernDeed.cs;Data/Scripts/Custom/Government System/Items/Deeds/Stock Deeds/Taverns/StoneCityTavernDeed.cs;Data/Scripts/Custom/Government System/Items/Deeds/Stock Deeds/Taverns/WoodCityTavernDeed.cs;Data/Scripts/Custom/Government System/PlayerGovernmentSystem.cs;Data/Scripts/Custom/Offline Skill Training/Items/AdvancedStudyBooks.cs;Data/Scripts/Custom/Offline Skill Training/Items/LegendaryStudyBooks.cs;Data/Scripts/Custom/Offline Skill Training/Items/RandomStudyBooks.cs;Data/Scripts/Custom/Offline Skill Training/Items/StandardStudyBooks.cs;Data/Scripts/Custom/Progression/CharacterLevel/CharacterLevelService.cs;Data/Scripts/Items/Books/PowerScrolls/PowerScroll.cs;Data/Scripts/Items/Containers/ContainerFunctions.cs;Data/Scripts/Items/Magical/GuildRings.cs;Data/Scripts/Items/Magical/Morph/MorphingItem.cs;Data/Scripts/Items/Potions/Elixirs/Elixirs.cs;Data/Scripts/Items/Special/Special Scrolls/SpecialScroll.cs;Data/Scripts/Items/Trades/Tools/BaseRunicTool.cs;Data/Scripts/Items/Unknown/UnknownLiquid.cs;Data/Scripts/Magic/Base/SpellBooks.cs;Data/Scripts/Magic/Witch/Effects/WallOfSpikes.cs;Data/Scripts/Magic/Witch/UndeadSpell.cs;Data/Scripts/Mobiles/Base/BaseCreature.cs;Data/Scripts/Mobiles/Base/BaseHealer.cs;Data/Scripts/Mobiles/Base/BaseVendor.cs;Data/Scripts/Mobiles/Base/Behavior.cs;Data/Scripts/Mobiles/Base/PlayerMobile.cs;Data/Scripts/Mobiles/Civilized/Guilds/HealerGuildmaster.cs;Data/Scripts/Mobiles/Civilized/Guilds/NecromancerGuildmaster.cs;Data/Scripts/Mobiles/Civilized/Healers/EvilHealer.cs;Data/Scripts/Mobiles/Civilized/Healers/FortuneTeller.cs;Data/Scripts/Mobiles/Civilized/Healers/Healer.cs;Data/Scripts/Mobiles/Civilized/Healers/WanderingHealer.cs;Data/Scripts/Mobiles/Civilized/Vendors/NecroMage.cs;Data/Scripts/Mobiles/Civilized/Vendors/Necromancer.cs;Data/Scripts/Mobiles/Civilized/Vendors/Undertaker.cs;Data/Scripts/Mobiles/Civilized/Vendors/Witches.cs;Data/Scripts/Mobiles/Races/BaseRace.cs;Data/Scripts/Quests/Codex/CodexWisdom.cs;Data/Scripts/Quests/Frankenstein/FrankenItem.cs;Data/Scripts/System/Commands/Player/SkillListing.cs;Data/Scripts/System/Gumps/SkillsGump.cs;Data/Scripts/System/Misc/Players.cs;Data/Scripts/System/Obsolete/MixingCauldron.cs;Data/Scripts/System/Obsolete/SurgeonsKnife.cs;Data/Scripts/System/Skills/Forensics.cs;Data/Scripts/System/Skills/SkillCheck.cs;Data/Scripts/Trades/Crafting/DefMasonry.cs;Data/Scripts/Trades/Crafting/DefShelves.cs;Data/Scripts/Trades/Crafting/DefWitchery.cs;Data/Scripts/Trades/Grave Robbing/GraveRobbing.cs;Data/Scripts/Trades/Shoppes/BaseShoppe.cs;Data/System/Source/Skills.cs;Data/System/Source/Utility.cs,LexicalReferences; numeric indexes and dynamic references are not captured
20,Herding,Herding,38,55,Data/System/Source/Skills.cs,Data/Scripts/Custom/Offline Skill Training/Items/AdvancedStudyBooks.cs;Data/Scripts/Custom/Offline Skill Training/Items/LegendaryStudyBooks.cs;Data/Scripts/Custom/Offline Skill Training/Items/RandomStudyBooks.cs;Data/Scripts/Custom/Offline Skill Training/Items/StandardStudyBooks.cs;Data/Scripts/Custom/Progression/CharacterLevel/CharacterLevelService.cs;Data/Scripts/Custom/PvE/MobileBalance/SignedEquipSkillModController.cs;Data/Scripts/Items/Books/PowerScrolls/PowerScroll.cs;Data/Scripts/Items/Books/PowerScrolls/Scrolls_Exalted.cs;Data/Scripts/Items/Books/PowerScrolls/Scrolls_Legendary.cs;Data/Scripts/Items/Books/PowerScrolls/Scrolls_Mythical.cs;Data/Scripts/Items/Books/PowerScrolls/Scrolls_Power.cs;Data/Scripts/Items/Books/PowerScrolls/Scrolls_Wonderous.cs;Data/Scripts/Items/Magical/Gifts/Weapons/Staves/GiftShepherdsCrook.cs;Data/Scripts/Items/Magical/God/Weapons/Staves/LevelShepherdsCrook.cs;Data/Scripts/Items/Magical/GuildRings.cs;Data/Scripts/Items/Magical/Morph/MorphingItem.cs;Data/Scripts/Items/Potions/Elixirs/Elixirs.cs;Data/Scripts/Items/Special/Special Scrolls/SpecialScroll.cs;Data/Scripts/Items/Trades/Tools/BaseRunicTool.cs;Data/Scripts/Items/Weapons/Staves/ShepherdsCrook.cs;Data/Scripts/Magic/Base/SpellBooks.cs;Data/Scripts/Mobiles/Base/Behavior.cs;Data/Scripts/Mobiles/Base/PlayerMobile.cs;Data/Scripts/Mobiles/Civilized/Guilds/DruidGuildmaster.cs;Data/Scripts/Mobiles/Civilized/Guilds/RangerGuildmaster.cs;Data/Scripts/Mobiles/Civilized/Vendors/AnimalTrainer.cs;Data/Scripts/Mobiles/Civilized/Vendors/Druid.cs;Data/Scripts/Mobiles/Civilized/Vendors/DruidTree.cs;Data/Scripts/Mobiles/Civilized/Vendors/Rancher.cs;Data/Scripts/Mobiles/Races/BaseRace.cs;Data/Scripts/Quests/Codex/CodexWisdom.cs;Data/Scripts/System/Commands/Player/SkillListing.cs;Data/Scripts/System/Gumps/SkillsGump.cs;Data/Scripts/System/Misc/Players.cs;Data/Scripts/System/Skills/SkillCheck.cs;Data/Scripts/Trades/Shoppes/BaseShoppe.cs;Data/System/Source/Skills.cs;Data/System/Source/Utility.cs,LexicalReferences; numeric indexes and dynamic references are not captured
21,Hiding,Hiding,79,112,Data/System/Source/Skills.cs,Data/Scripts/Custom/Offline Skill Training/Items/AdvancedStudyBooks.cs;Data/Scripts/Custom/Offline Skill Training/Items/LegendaryStudyBooks.cs;Data/Scripts/Custom/Offline Skill Training/Items/RandomStudyBooks.cs;Data/Scripts/Custom/Offline Skill Training/Items/StandardStudyBooks.cs;Data/Scripts/Custom/Progression/CharacterLevel/CharacterLevelService.cs;Data/Scripts/Custom/PvE/CloneOfflinePlayerCharacters/CharacterClone.cs;Data/Scripts/Custom/PvE/MobileBalance/MobileBalanceCatalog.cs;Data/Scripts/Custom/PvE/MobileBalance/SignedEquipSkillModController.cs;Data/Scripts/Custom/ThirdParty/OmniAI/AITester.cs;Data/Scripts/Custom/ThirdParty/OmniAI/OmniAI Core.cs;Data/Scripts/Items/Armor/Leather/LeatherBoots.cs;Data/Scripts/Items/Books/PowerScrolls/PowerScroll.cs;Data/Scripts/Items/Books/PowerScrolls/Scrolls_Exalted.cs;Data/Scripts/Items/Books/PowerScrolls/Scrolls_Legendary.cs;Data/Scripts/Items/Books/PowerScrolls/Scrolls_Mythical.cs;Data/Scripts/Items/Books/PowerScrolls/Scrolls_Power.cs;Data/Scripts/Items/Books/PowerScrolls/Scrolls_Wonderous.cs;Data/Scripts/Items/Containers/DungeonChest.cs;Data/Scripts/Items/Doors/BaseDoor.cs;Data/Scripts/Items/Magical/Artifacts/Artifact_EmbroideredOakLeafCloak.cs;Data/Scripts/Items/Magical/Artifacts/Artifact_HoodedShroudOfShadows.cs;Data/Scripts/Items/Magical/Artifacts/Minor/GemOfSeeing.cs;Data/Scripts/Items/Magical/Gifts/Armor/Leather/GiftOniwabanBoots.cs;Data/Scripts/Items/Magical/God/Armor/Leather/LevelOniwabanBoots.cs;Data/Scripts/Items/Magical/GuildRings.cs;Data/Scripts/Items/Magical/Morph/MorphingItem.cs;Data/Scripts/Items/Misc/Bodies/Corpses/Corpse.cs;Data/Scripts/Items/Potions/Elixirs/Elixirs.cs;Data/Scripts/Items/Potions/Unique/GreaterInvisibilityPotion.cs;Data/Scripts/Items/Potions/Unique/InvisibilityPotion.cs;Data/Scripts/Items/Potions/Unique/LesserInvisibilityPotion.cs;Data/Scripts/Items/Special/Special Scrolls/SpecialScroll.cs;Data/Scripts/Items/Trades/Ninjitsu/EggBomb.cs;Data/Scripts/Items/Trades/Ninjitsu/SmokeBomb.cs;Data/Scripts/Items/Trades/Thieving/DisguiseKit.cs;Data/Scripts/Items/Trades/Tools/BaseRunicTool.cs;Data/Scripts/Items/Weapons/BaseWeapon.cs;Data/Scripts/Magic/Base/SpellBooks.cs;Data/Scripts/Magic/Jedi/Spells/MindsEye.cs;Data/Scripts/Magic/Magery/Magery 6th/Reveal.cs;Data/Scripts/Magic/Ninjitsu/DeathStrike.cs;Data/Scripts/Magic/Research/Spells/Enchanting/ResearchSneak.cs;Data/Scripts/Magic/Shinobi/Spells/EagleEye.cs;Data/Scripts/Mobiles/Base/BaseCreature.cs;Data/Scripts/Mobiles/Base/Behavior.cs;Data/Scripts/Mobiles/Civilized/Citizens/TrainingMagery.cs;Data/Scripts/Mobiles/Civilized/Guilds/AssassinGuildmaster.cs;Data/Scripts/Mobiles/Civilized/Guilds/JesterGuildmaster.cs;Data/Scripts/Mobiles/Civilized/Guilds/RangerGuildmaster.cs;Data/Scripts/Mobiles/Civilized/Guilds/ThiefGuildmaster.cs;Data/Scripts/Mobiles/Civilized/Vendors/Jester.cs;Data/Scripts/Mobiles/Civilized/Vendors/KungFu.cs;Data/Scripts/Mobiles/Civilized/Vendors/Ranger.cs;Data/Scripts/Mobiles/Civilized/Vendors/Thief.cs;Data/Scripts/Mobiles/Humanoids/Elves/ElfRogue.cs;Data/Scripts/Mobiles/Humanoids/Humans/Rogue.cs;Data/Scripts/Mobiles/Humanoids/Orcs/OrkRogue.cs;Data/Scripts/Mobiles/Insects/Spiders/PhaseSpider.cs;Data/Scripts/Mobiles/Insects/Spiders/ShadowRecluse.cs;Data/Scripts/Mobiles/Races/BaseRace.cs;Data/Scripts/Quests/Codex/CodexWisdom.cs;Data/Scripts/Quests/Thief/Coffer.cs;Data/Scripts/System/Commands/Player/CorpseSearch.cs;Data/Scripts/System/Commands/Player/MoonSearch.cs;Data/Scripts/System/Commands/Player/SkillListing.cs;Data/Scripts/System/Gumps/SkillsGump.cs;Data/Scripts/System/Misc/CharacterCreation.cs;Data/Scripts/System/Misc/Death.cs;Data/Scripts/System/Misc/Players.cs;Data/Scripts/System/Skills/Hiding.cs;Data/Scripts/System/Skills/Searching.cs;Data/Scripts/System/Skills/SkillCheck.cs;Data/Scripts/System/Skills/Snooping.cs;Data/Scripts/System/Skills/Stealth.cs;Data/Scripts/System/Skills/Tracking.cs;Data/Scripts/Trades/Grave Robbing/GraveRobbing.cs;Data/Scripts/Trades/Shoppes/BaseShoppe.cs;Data/System/Source/Skills.cs;Data/System/Source/Utility.cs,LexicalReferences; numeric indexes and dynamic references are not captured
22,Provocation,Provocation,37,52,Data/System/Source/Skills.cs,Data/Scripts/Custom/Offline Skill Training/Items/AdvancedStudyBooks.cs;Data/Scripts/Custom/Offline Skill Training/Items/LegendaryStudyBooks.cs;Data/Scripts/Custom/Offline Skill Training/Items/RandomStudyBooks.cs;Data/Scripts/Custom/Offline Skill Training/Items/StandardStudyBooks.cs;Data/Scripts/Custom/Progression/CharacterLevel/CharacterLevelService.cs;Data/Scripts/Items/Books/PowerScrolls/PowerScroll.cs;Data/Scripts/Items/Books/PowerScrolls/Scrolls_Exalted.cs;Data/Scripts/Items/Books/PowerScrolls/Scrolls_Legendary.cs;Data/Scripts/Items/Books/PowerScrolls/Scrolls_Mythical.cs;Data/Scripts/Items/Books/PowerScrolls/Scrolls_Power.cs;Data/Scripts/Items/Books/PowerScrolls/Scrolls_Wonderous.cs;Data/Scripts/Items/Magical/Artifacts/Specific/GwennosHarp.cs;Data/Scripts/Items/Magical/Artifacts/Specific/HornOfKingTriton.cs;Data/Scripts/Items/Magical/GuildRings.cs;Data/Scripts/Items/Magical/Morph/MorphingItem.cs;Data/Scripts/Items/Potions/Elixirs/Elixirs.cs;Data/Scripts/Items/Special/Special Scrolls/SpecialScroll.cs;Data/Scripts/Items/Trades/Misc/FireHorn.cs;Data/Scripts/Items/Trades/Tools/BaseRunicTool.cs;Data/Scripts/Magic/Bard/SongSpells.cs;Data/Scripts/Magic/Bard/Spells/ArmysPaeonSong.cs;Data/Scripts/Magic/Base/SpellBooks.cs;Data/Scripts/Mobiles/Base/Behavior.cs;Data/Scripts/Mobiles/Base/PlayerMobile.cs;Data/Scripts/Mobiles/Civilized/Guilds/BardGuildmaster.cs;Data/Scripts/Mobiles/Civilized/Vendors/Bard.cs;Data/Scripts/Mobiles/Races/BaseRace.cs;Data/Scripts/Quests/Bards Tale/MangarsRewards.cs;Data/Scripts/Quests/Codex/CodexWisdom.cs;Data/Scripts/System/Commands/Player/SkillListing.cs;Data/Scripts/System/Gumps/SkillsGump.cs;Data/Scripts/System/Misc/Players.cs;Data/Scripts/System/Skills/Provocation.cs;Data/Scripts/System/Skills/SkillCheck.cs;Data/Scripts/Trades/Shoppes/BaseShoppe.cs;Data/System/Source/Skills.cs;Data/System/Source/Utility.cs,LexicalReferences; numeric indexes and dynamic references are not captured
23,Inscribe,Inscription,65,126,Data/System/Source/Skills.cs,Data/Scripts/Custom/Offline Skill Training/Items/AdvancedStudyBooks.cs;Data/Scripts/Custom/Offline Skill Training/Items/LegendaryStudyBooks.cs;Data/Scripts/Custom/Offline Skill Training/Items/RandomStudyBooks.cs;Data/Scripts/Custom/Offline Skill Training/Items/StandardStudyBooks.cs;Data/Scripts/Custom/Offline Skill Training/Vendors/StudyBookbinder.cs;Data/Scripts/Custom/Progression/CharacterLevel/CharacterLevelService.cs;Data/Scripts/Items/Books/PowerScrolls/PowerScroll.cs;Data/Scripts/Items/Books/PowerScrolls/Scrolls_Exalted.cs;Data/Scripts/Items/Books/PowerScrolls/Scrolls_Legendary.cs;Data/Scripts/Items/Books/PowerScrolls/Scrolls_Mythical.cs;Data/Scripts/Items/Books/PowerScrolls/Scrolls_Power.cs;Data/Scripts/Items/Books/PowerScrolls/Scrolls_Wonderous.cs;Data/Scripts/Items/Magical/GuildRings.cs;Data/Scripts/Items/Magical/Morph/MorphingItem.cs;Data/Scripts/Items/Potions/Elixirs/Elixirs.cs;Data/Scripts/Items/Relics/DDIdItems.cs;Data/Scripts/Items/Special/Special Scrolls/SpecialScroll.cs;Data/Scripts/Items/Trades/Magical/Runebook.cs;Data/Scripts/Items/Trades/Tools/BaseRunicTool.cs;Data/Scripts/Items/Weapons/BaseWeapon.cs;Data/Scripts/Magic/Base/Spell.cs;Data/Scripts/Magic/Base/SpellBooks.cs;Data/Scripts/Magic/Jedi/Spells/PsychicAura.cs;Data/Scripts/Magic/Magery/Magery 1st/ReactiveArmor.cs;Data/Scripts/Magic/Magery/Magery 2nd/Protection.cs;Data/Scripts/Magic/Research/ResearchBag.cs;Data/Scripts/Magic/Research/ResearchFunctions.cs;Data/Scripts/Magic/Research/ResearchSpell.cs;Data/Scripts/Mobiles/Base/BaseVendor.cs;Data/Scripts/Mobiles/Base/Behavior.cs;Data/Scripts/Mobiles/Base/DropRelic.cs;Data/Scripts/Mobiles/Base/PlayerMobile.cs;Data/Scripts/Mobiles/Civilized/Guilds/ElementalGuildmaster.cs;Data/Scripts/Mobiles/Civilized/Guilds/LibrarianGuildmaster.cs;Data/Scripts/Mobiles/Civilized/Guilds/MageGuildmaster.cs;Data/Scripts/Mobiles/Civilized/Guilds/NecromancerGuildmaster.cs;Data/Scripts/Mobiles/Civilized/Special/Roscoe.cs;Data/Scripts/Mobiles/Civilized/Vendors/Elementalist.cs;Data/Scripts/Mobiles/Civilized/Vendors/Enchanter.cs;Data/Scripts/Mobiles/Civilized/Vendors/HolyMage.cs;Data/Scripts/Mobiles/Civilized/Vendors/Mage.cs;Data/Scripts/Mobiles/Civilized/Vendors/NecroMage.cs;Data/Scripts/Mobiles/Civilized/Vendors/Necromancer.cs;Data/Scripts/Mobiles/Civilized/Vendors/Sage.cs;Data/Scripts/Mobiles/Civilized/Vendors/Scribe.cs;Data/Scripts/Mobiles/Civilized/Vendors/Undertaker.cs;Data/Scripts/Mobiles/Civilized/Vendors/Witches.cs;Data/Scripts/Mobiles/Races/BaseRace.cs;Data/Scripts/Quests/Codex/CodexWisdom.cs;Data/Scripts/Quests/ScrollClue.cs;Data/Scripts/System/Commands/Player/SkillListing.cs;Data/Scripts/System/Gumps/SkillsGump.cs;Data/Scripts/System/Misc/Players.cs;Data/Scripts/System/Obsolete/Obsolete.cs;Data/Scripts/System/Skills/Inscribe.cs;Data/Scripts/System/Skills/ItemIdentification.cs;Data/Scripts/System/Skills/SkillCheck.cs;Data/Scripts/System/Skills/Weapon Abilities/WeaponArmorCalls.cs;Data/Scripts/Trades/Crafting/DefInscription.cs;Data/Scripts/Trades/Crafting/DefWands.cs;Data/Scripts/Trades/Harvest/HarvestSystem.cs;Data/Scripts/Trades/Librarian/Librarian.cs;Data/Scripts/Trades/Shoppes/BaseShoppe.cs;Data/System/Source/Skills.cs;Data/System/Source/Utility.cs,LexicalReferences; numeric indexes and dynamic references are not captured
24,Lockpicking,Lockpicking,38,53,Data/System/Source/Skills.cs,Data/Scripts/Custom/Offline Skill Training/Items/AdvancedStudyBooks.cs;Data/Scripts/Custom/Offline Skill Training/Items/LegendaryStudyBooks.cs;Data/Scripts/Custom/Offline Skill Training/Items/RandomStudyBooks.cs;Data/Scripts/Custom/Offline Skill Training/Items/StandardStudyBooks.cs;Data/Scripts/Custom/Progression/CharacterLevel/CharacterLevelService.cs;Data/Scripts/Items/Books/PowerScrolls/PowerScroll.cs;Data/Scripts/Items/Books/PowerScrolls/Scrolls_Exalted.cs;Data/Scripts/Items/Books/PowerScrolls/Scrolls_Legendary.cs;Data/Scripts/Items/Books/PowerScrolls/Scrolls_Mythical.cs;Data/Scripts/Items/Books/PowerScrolls/Scrolls_Power.cs;Data/Scripts/Items/Books/PowerScrolls/Scrolls_Wonderous.cs;Data/Scripts/Items/Magical/Artifacts/Artifact_DetectiveBoots.cs;Data/Scripts/Items/Magical/Artifacts/Artifact_SinbadsSword.cs;Data/Scripts/Items/Magical/Artifacts/Obsolete/Obsolete_SinbadsSword.cs;Data/Scripts/Items/Magical/GuildRings.cs;Data/Scripts/Items/Magical/Morph/MorphingItem.cs;Data/Scripts/Items/Potions/Elixirs/Elixirs.cs;Data/Scripts/Items/Special/Special Scrolls/SpecialScroll.cs;Data/Scripts/Items/Trades/Thieving/LockPick.cs;Data/Scripts/Items/Trades/Tools/BaseRunicTool.cs;Data/Scripts/Magic/Base/SpellBooks.cs;Data/Scripts/Mobiles/Base/Behavior.cs;Data/Scripts/Mobiles/Civilized/Guilds/JesterGuildmaster.cs;Data/Scripts/Mobiles/Civilized/Guilds/ThiefGuildmaster.cs;Data/Scripts/Mobiles/Civilized/Guilds/TinkerGuildmaster.cs;Data/Scripts/Mobiles/Civilized/Vendors/GolemCrafter.cs;Data/Scripts/Mobiles/Civilized/Vendors/Jester.cs;Data/Scripts/Mobiles/Civilized/Vendors/Thief.cs;Data/Scripts/Mobiles/Civilized/Vendors/Tinker.cs;Data/Scripts/Mobiles/Races/BaseRace.cs;Data/Scripts/Quests/Codex/CodexWisdom.cs;Data/Scripts/System/Commands/Player/SkillListing.cs;Data/Scripts/System/Gumps/SkillsGump.cs;Data/Scripts/System/Misc/Players.cs;Data/Scripts/System/Skills/SkillCheck.cs;Data/Scripts/Trades/Shoppes/BaseShoppe.cs;Data/System/Source/Skills.cs;Data/System/Source/Utility.cs,LexicalReferences; numeric indexes and dynamic references are not captured
25,Magery,Magery,572,805,Data/System/Source/Skills.cs,Data/Scripts/Custom/Champions/Mobiles/Champs-UO/Ilhenir.cs;Data/Scripts/Custom/Champions/Mobiles/Champs-UO/LordOaks.cs;Data/Scripts/Custom/Champions/Mobiles/Champs-UO/Neira.cs;Data/Scripts/Custom/Champions/Mobiles/Champs-UO/Semidar.cs;Data/Scripts/Custom/Champions/Mobiles/Champs-UO/Twaulo.cs;Data/Scripts/Custom/Champions/Mobiles/Minions/Bogle.cs;Data/Scripts/Custom/Champions/Mobiles/Minions/FetidEssence.cs;Data/Scripts/Custom/Champions/Mobiles/Minions/InterredGrizzle .cs;Data/Scripts/Custom/Champions/Mobiles/Minions/Oni.cs;Data/Scripts/Custom/Champions/Mobiles/Minions/SerpentineDragon.cs;Data/Scripts/Custom/Champions/Mobiles/Minions/Silvani.cs;Data/Scripts/Custom/Invasion System/Add Ins/Pirates/Morgan/Morgan2.cs;Data/Scripts/Custom/Invasion System/Add Ins/SubChamps/SpiderQueen.cs;Data/Scripts/Custom/Invasion System/Add Ins/SubChamps/Ssslither.cs;Data/Scripts/Custom/Invasion System/Add Ins/SubChamps/lizardmanmage.cs;Data/Scripts/Custom/Offline Skill Training/Items/AdvancedStudyBooks.cs;Data/Scripts/Custom/Offline Skill Training/Items/LegendaryStudyBooks.cs;Data/Scripts/Custom/Offline Skill Training/Items/RandomStudyBooks.cs;Data/Scripts/Custom/Offline Skill Training/Items/StandardStudyBooks.cs;Data/Scripts/Custom/Progression/CharacterLevel/CharacterLevelService.cs;Data/Scripts/Custom/PvE/CloneOfflinePlayerCharacters/CharacterClone.cs;Data/Scripts/Custom/PvE/MobileBalance/MobileBalanceCatalog.cs;Data/Scripts/Custom/PvE/MobileBalance/SignedEquipSkillModController.cs;Data/Scripts/Custom/PvPConsent/GoddessOfProtection.cs;Data/Scripts/Custom/ThirdParty/OmniAI/AITester.cs;Data/Scripts/Custom/ThirdParty/OmniAI/OmniAI Core.cs;Data/Scripts/Custom/ThirdParty/OmniAI/OmniAI Magery.cs;Data/Scripts/Custom/ThirdParty/OmniAI/OmniAI Shared.cs;Data/Scripts/Custom/Vhaerun's CRL Homestead System [2.0]/Vhaerun's CRL Crops/Crops/GarlicCrop.cs;Data/Scripts/Custom/Vhaerun's CRL Homestead System [2.0]/Vhaerun's CRL Crops/Crops/GingerCrop.cs;Data/Scripts/Custom/Vhaerun's CRL Homestead System [2.0]/Vhaerun's CRL Crops/Crops/GinsengCrop.cs;Data/Scripts/Custom/Vhaerun's CRL Homestead System [2.0]/Vhaerun's CRL Crops/Crops/MandrakeCrop.cs;Data/Scripts/Custom/Vhaerun's CRL Homestead System [2.0]/Vhaerun's CRL Crops/Crops/NightshadeCrop.cs;Data/Scripts/Custom/Vhaerun's CRL Homestead System [2.0]/Vhaerun's CRL Crops/Crops/TurnipCrop.cs;Data/Scripts/Custom/Vhaerun's CRL Homestead System [2.0]/Vhaerun's CRL Crops/Wild Crops/Crops/GinsengPlant.cs;Data/Scripts/Custom/Vhaerun's CRL Homestead System [2.0]/Vhaerun's CRL Crops/Wild Crops/Crops/MandrakePlant.cs;Data/Scripts/Custom/Vhaerun's CRL Homestead System [2.0]/Vhaerun's CRL Crops/Wild Crops/Crops/NightShadePlant.cs;Data/Scripts/Custom/XMLSpawner/Wands/WandTarget.cs;Data/Scripts/Custom/XMLSpawner/XmlAttachments/XmlMagicWord.cs;Data/Scripts/Items/Books/PowerScrolls/PowerScroll.cs;Data/Scripts/Items/Books/PowerScrolls/Scrolls_Exalted.cs;Data/Scripts/Items/Books/PowerScrolls/Scrolls_Legendary.cs;Data/Scripts/Items/Books/PowerScrolls/Scrolls_Mythical.cs;Data/Scripts/Items/Books/PowerScrolls/Scrolls_Power.cs;Data/Scripts/Items/Books/PowerScrolls/Scrolls_Wonderous.cs;Data/Scripts/Items/Houses/PlayersHouseTeleporter.cs;Data/Scripts/Items/Magical/Artifacts/Artifact_Candles.cs;Data/Scripts/Items/Magical/Artifacts/Artifact_GandalfsHat.cs;Data/Scripts/Items/Magical/Artifacts/Artifact_GandalfsRobe.cs;Data/Scripts/Items/Magical/Artifacts/Artifact_GandalfsStaff.cs;Data/Scripts/Items/Magical/Artifacts/Artifact_MagiciansIllusion.cs;Data/Scripts/Items/Magical/Artifacts/Artifact_RobeOfTheEquinox.cs;Data/Scripts/Items/Magical/Artifacts/Obsolete/Obsolete_AlchemistsBauble.cs;Data/Scripts/Items/Magical/Artifacts/Obsolete/Obsolete_Candles.cs;Data/Scripts/Items/Magical/Artifacts/Obsolete/Obsolete_GandalfsHat.cs;Data/Scripts/Items/Magical/Artifacts/Obsolete/Obsolete_GandalfsRobe.cs;Data/Scripts/Items/Magical/Artifacts/Obsolete/Obsolete_GandalfsStaff.cs;Data/Scripts/Items/Magical/Artifacts/Obsolete/Obsolete_MagiciansIllusion.cs;Data/Scripts/Items/Magical/Artifacts/Obsolete/Obsolete_RobeOfTheEquinox.cs;Data/Scripts/Items/Magical/Artifacts/Specific/BookOfKnowledge.cs;Data/Scripts/Items/Magical/God/LevelItemManager.cs;Data/Scripts/Items/Magical/GuildRings.cs;Data/Scripts/Items/Magical/Morph/MorphingItem.cs;Data/Scripts/Items/Magical/StaffOfFiveParts.cs;Data/Scripts/Items/Misc/MagicForges.cs;Data/Scripts/Items/Potions/Mixtures/AlchemicSlime.cs;Data/Scripts/Items/Special/DemonPrison.cs;Data/Scripts/Items/Special/Special Scrolls/SpecialScroll.cs;Data/Scripts/Items/Trades/Musical Instruments/BaseInstrument.cs;Data/Scripts/Items/Trades/Sharpening/ElementalSharpeningStone.cs;Data/Scripts/Items/Trades/Tools/BaseRunicTool.cs;Data/Scripts/Items/Wands/1st Circle/ClumsyStaff.cs;Data/Scripts/Items/Wands/1st Circle/CreateFoodStaff.cs;Data/Scripts/Items/Wands/1st Circle/FeebleStaff.cs;Data/Scripts/Items/Wands/1st Circle/HealStaff.cs;Data/Scripts/Items/Wands/1st Circle/MagicArrowStaff.cs;Data/Scripts/Items/Wands/1st Circle/NightSightStaff.cs;Data/Scripts/Items/Wands/1st Circle/WeaknessStaff.cs;Data/Scripts/Items/Wands/2nd Circle/AgilityStaff.cs;Data/Scripts/Items/Wands/2nd Circle/CunningStaff.cs;Data/Scripts/Items/Wands/2nd Circle/CureStaff.cs;Data/Scripts/Items/Wands/2nd Circle/HarmStaff.cs;Data/Scripts/Items/Wands/2nd Circle/MagicTrapStaff.cs;Data/Scripts/Items/Wands/2nd Circle/MagicUntrapStaff.cs;Data/Scripts/Items/Wands/2nd Circle/ProtectionStaff.cs;Data/Scripts/Items/Wands/2nd Circle/StrengthStaff.cs;Data/Scripts/Items/Wands/3rd Circle/BlessStaff.cs;Data/Scripts/Items/Wands/3rd Circle/FireballStaff.cs;Data/Scripts/Items/Wands/3rd Circle/MagicLockStaff.cs;Data/Scripts/Items/Wands/3rd Circle/MagicUnlockStaff.cs;Data/Scripts/Items/Wands/3rd Circle/PoisonStaff.cs;Data/Scripts/Items/Wands/3rd Circle/TelekinesisStaff.cs;Data/Scripts/Items/Wands/3rd Circle/TeleportStaff.cs;Data/Scripts/Items/Wands/3rd Circle/WallofStoneStaff.cs;Data/Scripts/Items/Wands/4th Circle/ArchCureStaff.cs;Data/Scripts/Items/Wands/4th Circle/ArchProtectionStaff.cs;Data/Scripts/Items/Wands/4th Circle/CurseStaff.cs;Data/Scripts/Items/Wands/4th Circle/FireFieldStaff.cs;Data/Scripts/Items/Wands/4th Circle/GreaterHealStaff.cs;Data/Scripts/Items/Wands/4th Circle/LightningStaff.cs;Data/Scripts/Items/Wands/4th Circle/ManaDrainStaff.cs;Data/Scripts/Items/Wands/4th Circle/RecallStaff.cs;Data/Scripts/Items/Wands/5th Circle/BladeSpiritStaff.cs;Data/Scripts/Items/Wands/5th Circle/DispelFieldStaff.cs;Data/Scripts/Items/Wands/5th Circle/IncognitoStaff.cs;Data/Scripts/Items/Wands/5th Circle/MagicReflectStaff.cs;Data/Scripts/Items/Wands/5th Circle/MindBlastStaff.cs;Data/Scripts/Items/Wands/5th Circle/ParalyzeStaff.cs;Data/Scripts/Items/Wands/5th Circle/PoisonFieldStaff.cs;Data/Scripts/Items/Wands/5th Circle/SummonCreatureStaff.cs;Data/Scripts/Items/Wands/6th Circle/DispelStaff.cs;Data/Scripts/Items/Wands/6th Circle/EnergyBoltStaff.cs;Data/Scripts/Items/Wands/6th Circle/ExplosionStaff.cs;Data/Scripts/Items/Wands/6th Circle/InvisibilityStaff.cs;Data/Scripts/Items/Wands/6th Circle/MarkStaff.cs;Data/Scripts/Items/Wands/6th Circle/MassCurseStaff.cs;Data/Scripts/Items/Wands/6th Circle/ParalyzeFieldStaff.cs;Data/Scripts/Items/Wands/6th Circle/RevealStaff.cs;Data/Scripts/Items/Wands/7th Circle/ChainLightningStaff.cs;Data/Scripts/Items/Wands/7th Circle/EnergyFieldStaff.cs;Data/Scripts/Items/Wands/7th Circle/FlameStrikeStaff.cs;Data/Scripts/Items/Wands/7th Circle/GateTravelStaff.cs;Data/Scripts/Items/Wands/7th Circle/ManaVampireStaff.cs;Data/Scripts/Items/Wands/7th Circle/MassDispelStaff.cs;Data/Scripts/Items/Wands/7th Circle/MeteorSwarmStaff.cs;Data/Scripts/Items/Wands/7th Circle/PolymorphStaff.cs;Data/Scripts/Items/Wands/8th Circle/AirElementalStaff.cs;Data/Scripts/Items/Wands/8th Circle/EarthElementalStaff.cs;Data/Scripts/Items/Wands/8th Circle/EarthquakeStaff.cs;Data/Scripts/Items/Wands/8th Circle/EnergyVortexStaff.cs;Data/Scripts/Items/Wands/8th Circle/FireElementalStaff.cs;Data/Scripts/Items/Wands/8th Circle/ResurrectionStaff.cs;Data/Scripts/Items/Wands/8th Circle/SummonDaemonStaff.cs;Data/Scripts/Items/Wands/8th Circle/WaterElementalStaff.cs;Data/Scripts/Items/Wands/MagicStaffTarget.cs;Data/Scripts/Items/Weapons/BaseWeapon.cs;Data/Scripts/Magic/Base/ForgetfulGem.cs;Data/Scripts/Magic/Base/Spell.cs;Data/Scripts/Magic/Base/SpellBooks.cs;Data/Scripts/Magic/Base/SpellHelper.cs;Data/Scripts/Magic/Druidism/Effects/ProtectiveFairySpell.cs;Data/Scripts/Magic/Elementalism/Mobiles/ElementalCalledAir.cs;Data/Scripts/Magic/Elementalism/Mobiles/ElementalCalledEarth.cs;Data/Scripts/Magic/Elementalism/Mobiles/ElementalCalledFire.cs;Data/Scripts/Magic/Elementalism/Mobiles/ElementalCalledWater.cs;Data/Scripts/Magic/Elementalism/Mobiles/ElementalLordAir.cs;Data/Scripts/Magic/Elementalism/Mobiles/ElementalLordFire.cs;Data/Scripts/Magic/Elementalism/Mobiles/ElementalLordWater.cs;Data/Scripts/Magic/Elementalism/Mobiles/ElementalSpiritAir.cs;Data/Scripts/Magic/Elementalism/Mobiles/ElementalSpiritEarth.cs;Data/Scripts/Magic/Elementalism/Mobiles/ElementalSpiritFire.cs;Data/Scripts/Magic/Elementalism/Mobiles/ElementalSpiritWater.cs;Data/Scripts/Magic/Magery/Magery 1st/MagicArrow.cs;Data/Scripts/Magic/Magery/Magery 1st/NightSight.cs;Data/Scripts/Magic/Magery/Magery 2nd/Cure.cs;Data/Scripts/Magic/Magery/Magery 2nd/Harm.cs;Data/Scripts/Magic/Magery/Magery 2nd/MagicTrap.cs;Data/Scripts/Magic/Magery/Magery 2nd/Protection.cs;Data/Scripts/Magic/Magery/Magery 2nd/RemoveTrap.cs;Data/Scripts/Magic/Magery/Magery 3rd/Fireball.cs;Data/Scripts/Magic/Magery/Magery 3rd/MagicLock.cs;Data/Scripts/Magic/Magery/Magery 3rd/Poison.cs;Data/Scripts/Magic/Magery/Magery 3rd/Unlock.cs;Data/Scripts/Magic/Magery/Magery 3rd/WallOfStone.cs;Data/Scripts/Magic/Magery/Magery 4th/ArchCure.cs;Data/Scripts/Magic/Magery/Magery 4th/ArchProtection.cs;Data/Scripts/Magic/Magery/Magery 4th/FireField.cs;Data/Scripts/Magic/Magery/Magery 4th/GreaterHeal.cs;Data/Scripts/Magic/Magery/Magery 4th/Lightning.cs;Data/Scripts/Magic/Magery/Magery 5th/BladeSpirits.cs;Data/Scripts/Magic/Magery/Magery 5th/MagicReflect.cs;Data/Scripts/Magic/Magery/Magery 5th/MindBlast.cs;Data/Scripts/Magic/Magery/Magery 5th/Paralyze.cs;Data/Scripts/Magic/Magery/Magery 5th/PoisonField.cs;Data/Scripts/Magic/Magery/Magery 5th/SummonCreature.cs;Data/Scripts/Magic/Magery/Magery 6th/EnergyBolt.cs;Data/Scripts/Magic/Magery/Magery 6th/Explosion.cs;Data/Scripts/Magic/Magery/Magery 6th/Invisibility.cs;Data/Scripts/Magic/Magery/Magery 6th/ParalyzeField.cs;Data/Scripts/Magic/Magery/Magery 6th/Reveal.cs;Data/Scripts/Magic/Magery/Magery 7th/ChainLightning.cs;Data/Scripts/Magic/Magery/Magery 7th/EnergyField.cs;Data/Scripts/Magic/Magery/Magery 7th/FlameStrike.cs;Data/Scripts/Magic/Magery/Magery 7th/MeteorSwarm.cs;Data/Scripts/Magic/Magery/Magery 7th/Polymorph.cs;Data/Scripts/Magic/Magery/Magery 8th/AirElemental.cs;Data/Scripts/Magic/Magery/Magery 8th/EarthElemental.cs;Data/Scripts/Magic/Magery/Magery 8th/Earthquake.cs;Data/Scripts/Magic/Magery/Magery 8th/EnergyVortex.cs;Data/Scripts/Magic/Magery/Magery 8th/FireElemental.cs;Data/Scripts/Magic/Magery/Magery 8th/SummonDaemon.cs;Data/Scripts/Magic/Magery/Magery 8th/WaterElemental.cs;Data/Scripts/Magic/Magery/Spellbook.cs;Data/Scripts/Magic/Misc/AttackSpells.cs;Data/Scripts/Magic/Necromancy/AnimateDeadSpell.cs;Data/Scripts/Magic/Research/ResearchBag.cs;Data/Scripts/Magic/Research/ResearchFunctions.cs;Data/Scripts/Magic/Research/ResearchSpell.cs;Data/Scripts/Mobiles/Animals/Felines/BlackCat.cs;Data/Scripts/Mobiles/Animals/Felines/WhiteCat.cs;Data/Scripts/Mobiles/Animals/Mounts/Ethereals.cs;Data/Scripts/Mobiles/Animals/Rodents/FireBat.cs;Data/Scripts/Mobiles/Base/BaseCreature.cs;Data/Scripts/Mobiles/Base/BaseHealer.cs;Data/Scripts/Mobiles/Base/Behavior.cs;Data/Scripts/Mobiles/Base/DropRelic.cs;Data/Scripts/Mobiles/Civilized/Comrades/HenchmanMonster.cs;Data/Scripts/Mobiles/Civilized/Comrades/HenchmanWizard.cs;Data/Scripts/Mobiles/Civilized/DeathKnightDemon.cs;Data/Scripts/Mobiles/Civilized/Familiars/FamiliarItem.cs;Data/Scripts/Mobiles/Civilized/Genie.cs;Data/Scripts/Mobiles/Civilized/Guilds/ElementalGuildmaster.cs;Data/Scripts/Mobiles/Civilized/Guilds/MageGuildmaster.cs;Data/Scripts/Mobiles/Civilized/Guilds/NecromancerGuildmaster.cs;Data/Scripts/Mobiles/Civilized/Healers/FortuneTeller.cs;Data/Scripts/Mobiles/Civilized/Special/Roscoe.cs;Data/Scripts/Mobiles/Civilized/TimeLord.cs;Data/Scripts/Mobiles/Civilized/Vendors/Enchanter.cs;Data/Scripts/Mobiles/Civilized/Vendors/EtherealDealer.cs;Data/Scripts/Mobiles/Civilized/Vendors/HairStylist.cs;Data/Scripts/Mobiles/Civilized/Vendors/HolyMage.cs;Data/Scripts/Mobiles/Civilized/Vendors/Mage.cs;Data/Scripts/Mobiles/Daemons/AbysmalDaemon.cs;Data/Scripts/Mobiles/Daemons/Afreet.cs;Data/Scripts/Mobiles/Daemons/Archfiend.cs;Data/Scripts/Mobiles/Daemons/Balron.cs;Data/Scripts/Mobiles/Daemons/BlackGateDemon.cs;Data/Scripts/Mobiles/Daemons/BloodDemigod.cs;Data/Scripts/Mobiles/Daemons/BloodDemon.cs;Data/Scripts/Mobiles/Daemons/BoneDemon.cs;Data/Scripts/Mobiles/Daemons/ClassicBalron.cs;Data/Scripts/Mobiles/Daemons/ClassicDaemon.cs;Data/Scripts/Mobiles/Daemons/Daemon.cs;Data/Scripts/Mobiles/Daemons/DaemonTemplate.cs;Data/Scripts/Mobiles/Daemons/DeepSeaDevil.cs;Data/Scripts/Mobiles/Daemons/Demon.cs;Data/Scripts/Mobiles/Daemons/DemonOfTheSea.cs;Data/Scripts/Mobiles/Daemons/DemonicGhost.cs;Data/Scripts/Mobiles/Daemons/Devil.cs;Data/Scripts/Mobiles/Daemons/Fiend.cs;Data/Scripts/Mobiles/Daemons/FireDemon.cs;Data/Scripts/Mobiles/Daemons/FireMephit.cs;Data/Scripts/Mobiles/Daemons/IceDevil.cs;Data/Scripts/Mobiles/Daemons/Ifreet.cs;Data/Scripts/Mobiles/Daemons/Imp.cs;Data/Scripts/Mobiles/Daemons/LesserDemon.cs;Data/Scripts/Mobiles/Daemons/LowerDemon.cs;Data/Scripts/Mobiles/Daemons/MutantDaemon.cs;Data/Scripts/Mobiles/Daemons/Satan.cs;Data/Scripts/Mobiles/Daemons/ShadowDemon.cs;Data/Scripts/Mobiles/Daemons/Succubus.cs;Data/Scripts/Mobiles/Daemons/Xurtzar.cs;Data/Scripts/Mobiles/Dragons/DragonTurtle.cs;Data/Scripts/Mobiles/Dragons/Dragons/AsianDragon.cs;Data/Scripts/Mobiles/Dragons/Dragons/Dragons.cs;Data/Scripts/Mobiles/Dragons/Dragons/Dragoon.cs;Data/Scripts/Mobiles/Dragons/Dragons/GemDragons.cs;Data/Scripts/Mobiles/Dragons/Dragons/RidingDragon.cs;Data/Scripts/Mobiles/Dragons/Dragons/SeaDragon.cs;Data/Scripts/Mobiles/Dragons/Great Dragons/AshDragon.cs;Data/Scripts/Mobiles/Dragons/Great Dragons/BottleDragon.cs;Data/Scripts/Mobiles/Dragons/Great Dragons/CaddelliteDragon.cs;Data/Scripts/Mobiles/Dragons/Great Dragons/CrystalDragon.cs;Data/Scripts/Mobiles/Dragons/Great Dragons/DragonKing.cs;Data/Scripts/Mobiles/Dragons/Great Dragons/ElderDragon.cs;Data/Scripts/Mobiles/Dragons/Great Dragons/RadiationDragon.cs;Data/Scripts/Mobiles/Dragons/Great Dragons/VoidDragon.cs;Data/Scripts/Mobiles/Dragons/Hydras/Hydra.cs;Data/Scripts/Mobiles/Dragons/Hydras/Wyvra.cs;Data/Scripts/Mobiles/Dragons/Primeval/PrimevalAbysmalDragon.cs;Data/Scripts/Mobiles/Dragons/Primeval/PrimevalAmberDragon.cs;Data/Scripts/Mobiles/Dragons/Primeval/PrimevalBlackDragon.cs;Data/Scripts/Mobiles/Dragons/Primeval/PrimevalDragon.cs;Data/Scripts/Mobiles/Dragons/Primeval/PrimevalFireDragon.cs;Data/Scripts/Mobiles/Dragons/Primeval/PrimevalGreenDragon.cs;Data/Scripts/Mobiles/Dragons/Primeval/PrimevalNightDragon.cs;Data/Scripts/Mobiles/Dragons/Primeval/PrimevalRedDragon.cs;Data/Scripts/Mobiles/Dragons/Primeval/PrimevalRoyalDragon.cs;Data/Scripts/Mobiles/Dragons/Primeval/PrimevalRunicDragon.cs;Data/Scripts/Mobiles/Dragons/Primeval/PrimevalSeaDragon.cs;Data/Scripts/Mobiles/Dragons/Primeval/PrimevalSilverDragon.cs;Data/Scripts/Mobiles/Dragons/Primeval/PrimevalStygianDragon.cs;Data/Scripts/Mobiles/Dragons/Primeval/PrimevalVolcanicDragon.cs;Data/Scripts/Mobiles/Dragons/Primeval/ReanimatedDragon.cs;Data/Scripts/Mobiles/Dragons/Primeval/VampiricDragon.cs;Data/Scripts/Mobiles/Dragons/Wyrms/AncientWyrm.cs;Data/Scripts/Mobiles/Dragons/Wyrms/ShadowWyrm.cs;Data/Scripts/Mobiles/Dragons/Wyrms/VolcanicDragon.cs;Data/Scripts/Mobiles/Dragons/Wyrms/Wyrm.cs;Data/Scripts/Mobiles/Dragons/Wyrms/Wyrms.cs;Data/Scripts/Mobiles/Dragons/Wyverns/AncientWyvern.cs;Data/Scripts/Mobiles/Elementals/Efreet.cs;Data/Scripts/Mobiles/Elementals/Elementals/AirElemental.cs;Data/Scripts/Mobiles/Elementals/Elementals/AnyGemElemental.cs;Data/Scripts/Mobiles/Elementals/Elementals/BloodElemental.cs;Data/Scripts/Mobiles/Elementals/Elementals/CinderElemental.cs;Data/Scripts/Mobiles/Elementals/Elementals/DeepWaterElemental.cs;Data/Scripts/Mobiles/Elementals/Elementals/DustElemental.cs;Data/Scripts/Mobiles/Elementals/Elementals/ElectricalElemental.cs;Data/Scripts/Mobiles/Elementals/Elementals/FireElemental.cs;Data/Scripts/Mobiles/Elementals/Elementals/ForestElemental.cs;Data/Scripts/Mobiles/Elementals/Elementals/GraveDustElemental.cs;Data/Scripts/Mobiles/Elementals/Elementals/IceElemental.cs;Data/Scripts/Mobiles/Elementals/Elementals/KelpElemental.cs;Data/Scripts/Mobiles/Elementals/Elementals/LavaElemental.cs;Data/Scripts/Mobiles/Elementals/Elementals/MagmaElemental.cs;Data/Scripts/Mobiles/Elementals/Elementals/MeteorElemental.cs;Data/Scripts/Mobiles/Elementals/Elementals/PoisonElemental.cs;Data/Scripts/Mobiles/Elementals/Elementals/ToxicElemental.cs;Data/Scripts/Mobiles/Elementals/Elementals/Vulcrum.cs;Data/Scripts/Mobiles/Elementals/Elementals/WaterElemental.cs;Data/Scripts/Mobiles/Elementals/Gemmed/CaddelliteElemental.cs;Data/Scripts/Mobiles/Elementals/Gemmed/CrystalElemental.cs;Data/Scripts/Mobiles/Elementals/Gemmed/DilithiumElemental.cs;Data/Scripts/Mobiles/Elementals/Gemmed/GarnetElemental.cs;Data/Scripts/Mobiles/Elementals/Gemmed/GemElemental.cs;Data/Scripts/Mobiles/Elementals/Gemmed/QuartzElemental.cs;Data/Scripts/Mobiles/Elementals/Gemmed/SapphireElemental.cs;Data/Scripts/Mobiles/Elementals/Gemmed/SpinelElemental.cs;Data/Scripts/Mobiles/Elementals/Gemmed/StarRubyElemental.cs;Data/Scripts/Mobiles/Elementals/Gemmed/TopazElemental.cs;Data/Scripts/Mobiles/Elementals/Gemmed/TrilithiumElemental.cs;Data/Scripts/Mobiles/Elementals/Gemmed/XormiteElemental.cs;Data/Scripts/Mobiles/Elementals/Lesser/BloodSpawn.cs;Data/Scripts/Mobiles/Elementals/Lesser/WaterSpawn.cs;Data/Scripts/Mobiles/Elementals/PoisonCloud.cs;Data/Scripts/Mobiles/Elementals/Typhoon.cs;Data/Scripts/Mobiles/Elementals/WaterWeird.cs;Data/Scripts/Mobiles/Gargoyles/AncientGargoyle.cs;Data/Scripts/Mobiles/Gargoyles/CosmicGargoyle.cs;Data/Scripts/Mobiles/Gargoyles/FireGargoyle.cs;Data/Scripts/Mobiles/Gargoyles/Gargoyle.cs;Data/Scripts/Mobiles/Gargoyles/GargoyleAmethyst.cs;Data/Scripts/Mobiles/Gargoyles/GargoyleEmerald.cs;Data/Scripts/Mobiles/Gargoyles/GargoyleMarble.cs;Data/Scripts/Mobiles/Gargoyles/GargoyleOnyx.cs;Data/Scripts/Mobiles/Gargoyles/GargoyleRuby.cs;Data/Scripts/Mobiles/Gargoyles/GargoyleSapphire.cs;Data/Scripts/Mobiles/Gargoyles/GargoyleWarrior.cs;Data/Scripts/Mobiles/Gargoyles/StygianGargoyle.cs;Data/Scripts/Mobiles/Gargoyles/StygianGargoyleLord.cs;Data/Scripts/Mobiles/Goliaths/Cyclops/ShamanicCyclops.cs;Data/Scripts/Mobiles/Goliaths/Ettins/AncientEttin.cs;Data/Scripts/Mobiles/Goliaths/Ettins/EttinShaman.cs;Data/Scripts/Mobiles/Goliaths/Giants/AbyssGiant.cs;Data/Scripts/Mobiles/Goliaths/Giants/CloudGiant.cs;Data/Scripts/Mobiles/Goliaths/Giants/DeepSeaGiant.cs;Data/Scripts/Mobiles/Goliaths/Giants/ForestGiant.cs;Data/Scripts/Mobiles/Goliaths/Giants/HillGiantShaman.cs;Data/Scripts/Mobiles/Goliaths/Giants/IceGiant.cs;Data/Scripts/Mobiles/Goliaths/Giants/JungleGiant.cs;Data/Scripts/Mobiles/Goliaths/Giants/LavaGiant.cs;Data/Scripts/Mobiles/Goliaths/Giants/SandGiant.cs;Data/Scripts/Mobiles/Goliaths/Giants/SeaGiant.cs;Data/Scripts/Mobiles/Goliaths/Giants/StarGiant.cs;Data/Scripts/Mobiles/Goliaths/Giants/StormGiant.cs;Data/Scripts/Mobiles/Goliaths/Ogres/OgreMagi.cs;Data/Scripts/Mobiles/Goliaths/OrkDemigod.cs;Data/Scripts/Mobiles/Goliaths/Titans/ElderTitan.cs;Data/Scripts/Mobiles/Goliaths/Titans/Titan.cs;Data/Scripts/Mobiles/Goliaths/Trolls/FrostTrollShaman.cs;Data/Scripts/Mobiles/Goliaths/Trolls/TrollWitchDoctor.cs;Data/Scripts/Mobiles/Goliaths/ZornTheBlacksmith.cs;Data/Scripts/Mobiles/Hellish/AncientNightmareRiding.cs;Data/Scripts/Mobiles/Hellish/Nightmare.cs;Data/Scripts/Mobiles/Humanoids/Aliens/Jedi.cs;Data/Scripts/Mobiles/Humanoids/Aliens/Psionicist.cs;Data/Scripts/Mobiles/Humanoids/Aliens/Syth.cs;Data/Scripts/Mobiles/Humanoids/Ambroz/AbrozShaman.cs;Data/Scripts/Mobiles/Humanoids/Drakkul/DrakkulMage.cs;Data/Scripts/Mobiles/Humanoids/Drider.cs;Data/Scripts/Mobiles/Humanoids/DriderWizard.cs;Data/Scripts/Mobiles/Humanoids/Elves/ElfMage.cs;Data/Scripts/Mobiles/Humanoids/Gnome/GnomeMage.cs;Data/Scripts/Mobiles/Humanoids/Harpies/HarpyElder.cs;Data/Scripts/Mobiles/Humanoids/Harpies/HarpyHen.cs;Data/Scripts/Mobiles/Humanoids/Humans/Adventurers.cs;Data/Scripts/Mobiles/Humanoids/Humans/Archmage.cs;Data/Scripts/Mobiles/Humanoids/Humans/EvilMage.cs;Data/Scripts/Mobiles/Humanoids/Humans/EvilMageLord.cs;Data/Scripts/Mobiles/Humanoids/Humans/GolemController.cs;Data/Scripts/Mobiles/Humanoids/Jackalwitch.cs;Data/Scripts/Mobiles/Humanoids/Lizardmen/KoboldMage.cs;Data/Scripts/Mobiles/Humanoids/Lizardmen/ReptalarShaman.cs;Data/Scripts/Mobiles/Humanoids/Lizardmen/SaklethMage.cs;Data/Scripts/Mobiles/Humanoids/MindFlayer.cs;Data/Scripts/Mobiles/Humanoids/Orcs/OrcishMage.cs;Data/Scripts/Mobiles/Humanoids/Orcs/OrkMage.cs;Data/Scripts/Mobiles/Humanoids/Orcs/UrkShaman.cs;Data/Scripts/Mobiles/Humanoids/Ratmen/RatmanMage.cs;Data/Scripts/Mobiles/Humanoids/Sailors/BaseSailor.cs;Data/Scripts/Mobiles/Humanoids/Sailors/Galleons/PirateCult.cs;Data/Scripts/Mobiles/Humanoids/Sailors/Galleons/PirateDaemon.cs;Data/Scripts/Mobiles/Humanoids/Sailors/Galleons/PirateDemon.cs;Data/Scripts/Mobiles/Humanoids/Sailors/Galleons/PirateDemoness.cs;Data/Scripts/Mobiles/Humanoids/Sailors/Galleons/PirateDevil.cs;Data/Scripts/Mobiles/Humanoids/Sailors/Galleons/PirateEttinMage.cs;Data/Scripts/Mobiles/Humanoids/Sailors/Galleons/PirateGargoyle.cs;Data/Scripts/Mobiles/Humanoids/Sailors/Galleons/PirateGhost.cs;Data/Scripts/Mobiles/Humanoids/Sailors/Galleons/PirateLich.cs;Data/Scripts/Mobiles/Humanoids/Sailors/Galleons/PirateLichLord.cs;Data/Scripts/Mobiles/Humanoids/Sailors/Galleons/PirateOphidian.cs;Data/Scripts/Mobiles/Humanoids/Sailors/Galleons/PirateSuccubus.cs;Data/Scripts/Mobiles/Humanoids/Sailors/Galleons/PirateTitan.cs;Data/Scripts/Mobiles/Humanoids/Sailors/Galleons/SailorAngel.cs;Data/Scripts/Mobiles/Humanoids/Sailors/Galleons/SailorAngelLord.cs;Data/Scripts/Mobiles/Humanoids/Sailors/Pirates/ElfPirateCrewMage.cs;Data/Scripts/Mobiles/Humanoids/Sailors/Pirates/PirateCrewMage.cs;Data/Scripts/Mobiles/Humanoids/Savages/NativeWitchDoctor.cs;Data/Scripts/Mobiles/Humanoids/Savages/SavageLord.cs;Data/Scripts/Mobiles/Humanoids/Savages/SavageShaman.cs;Data/Scripts/Mobiles/Humanoids/Savages/ZuluuWitchDoctor.cs;Data/Scripts/Mobiles/Humanoids/Sea/Dagon.cs;Data/Scripts/Mobiles/Humanoids/Sea/Krakoa.cs;Data/Scripts/Mobiles/Humanoids/Sea/NeptarWizard.cs;Data/Scripts/Mobiles/Humanoids/Sea/SeaHag.cs;Data/Scripts/Mobiles/Humanoids/Sea/SeaHagGreater.cs;Data/Scripts/Mobiles/Humanoids/Sea/TritunMage.cs;Data/Scripts/Mobiles/Humanoids/Serpents/FireNaga.cs;Data/Scripts/Mobiles/Humanoids/Serpents/FireSlamander.cs;Data/Scripts/Mobiles/Humanoids/Serpents/Naga.cs;Data/Scripts/Mobiles/Humanoids/Serpents/OphidianArchmage.cs;Data/Scripts/Mobiles/Humanoids/Serpents/OphidianMage.cs;Data/Scripts/Mobiles/Humanoids/Serpents/OphidianMatriarch.cs;Data/Scripts/Mobiles/Humanoids/Serpents/SerpentarWizard.cs;Data/Scripts/Mobiles/Humanoids/Serpents/SerpynSorceress.cs;Data/Scripts/Mobiles/Humanoids/Serpents/WaterNaga.cs;Data/Scripts/Mobiles/Humanoids/Terathan/TerathanAvenger.cs;Data/Scripts/Mobiles/Humanoids/Terathan/TerathanMatriarch.cs;Data/Scripts/Mobiles/Insects/Ants/AntaurKing.cs;Data/Scripts/Mobiles/Insects/Ants/AntaurProgenitor.cs;Data/Scripts/Mobiles/Insects/Beetles/RuneBeetle.cs;Data/Scripts/Mobiles/Insects/Spiders/Arachnar.cs;Data/Scripts/Mobiles/Insects/Spiders/DreadSpider.cs;Data/Scripts/Mobiles/Insects/Spiders/PhaseSpider.cs;Data/Scripts/Mobiles/Insects/Spiders/ShadowRecluse.cs;Data/Scripts/Mobiles/Mystical/AncientSphinx.cs;Data/Scripts/Mobiles/Mystical/Angel.cs;Data/Scripts/Mobiles/Mystical/Archangel.cs;Data/Scripts/Mobiles/Mystical/DarkUnicornRiding.cs;Data/Scripts/Mobiles/Mystical/DarkWisp.cs;Data/Scripts/Mobiles/Mystical/Dreadhorn.cs;Data/Scripts/Mobiles/Mystical/EtherealWarrior.cs;Data/Scripts/Mobiles/Mystical/Faerie.cs;Data/Scripts/Mobiles/Mystical/Kirin.cs;Data/Scripts/Mobiles/Mystical/MLDryad.cs;Data/Scripts/Mobiles/Mystical/MysticalFox.cs;Data/Scripts/Mobiles/Mystical/PegasusRiding.cs;Data/Scripts/Mobiles/Mystical/Phoenix.cs;Data/Scripts/Mobiles/Mystical/Pixie.cs;Data/Scripts/Mobiles/Mystical/Placeron.cs;Data/Scripts/Mobiles/Mystical/RoyalSphinx.cs;Data/Scripts/Mobiles/Mystical/ShadowWisp.cs;Data/Scripts/Mobiles/Mystical/Sprite.cs;Data/Scripts/Mobiles/Mystical/Sunlyte.cs;Data/Scripts/Mobiles/Mystical/Unicorn.cs;Data/Scripts/Mobiles/Mystical/Wisp.cs;Data/Scripts/Mobiles/Mystical/xDryad.cs;Data/Scripts/Mobiles/Plants/AncientEnt.cs;Data/Scripts/Mobiles/Plants/AncientReaper.cs;Data/Scripts/Mobiles/Plants/DeadReaper.cs;Data/Scripts/Mobiles/Plants/Ent.cs;Data/Scripts/Mobiles/Plants/EvilEnt.cs;Data/Scripts/Mobiles/Plants/FungalMage.cs;Data/Scripts/Mobiles/Plants/Reaper.cs;Data/Scripts/Mobiles/Plants/TheAncientTree.cs;Data/Scripts/Mobiles/Plants/WalkingReaper.cs;Data/Scripts/Mobiles/Plants/WoodlandDevil.cs;Data/Scripts/Mobiles/Races/BaseRace.cs;Data/Scripts/Mobiles/Reptilian/Fish/SeaHorses.cs;Data/Scripts/Mobiles/Reptilian/Frogs/FireToad.cs;Data/Scripts/Mobiles/Reptilian/Sea/Calamari.cs;Data/Scripts/Mobiles/Reptilian/Sea/Leviathan.cs;Data/Scripts/Mobiles/Reptilian/Snakes/Jormungand.cs;Data/Scripts/Mobiles/Slimes/OilSlick.cs;Data/Scripts/Mobiles/Slimes/SlimeDevil.cs;Data/Scripts/Mobiles/Summoned/DeathVortex.cs;Data/Scripts/Mobiles/Summoned/EnergyVortex.cs;Data/Scripts/Mobiles/Summoned/Fairy.cs;Data/Scripts/Mobiles/Summoned/GasCloud.cs;Data/Scripts/Mobiles/Summoned/SummonedAirElemental.cs;Data/Scripts/Mobiles/Summoned/SummonedAirElementalGreater.cs;Data/Scripts/Mobiles/Summoned/SummonedDaemon.cs;Data/Scripts/Mobiles/Summoned/SummonedDaemonGreater.cs;Data/Scripts/Mobiles/Summoned/SummonedFireElemental.cs;Data/Scripts/Mobiles/Summoned/SummonedFireElementalGreater.cs;Data/Scripts/Mobiles/Summoned/SummonedWaterElemental.cs;Data/Scripts/Mobiles/Summoned/SummonedWaterElementalGreater.cs;Data/Scripts/Mobiles/Summoned/Swarm.cs;Data/Scripts/Mobiles/Summoned/WineElemental.cs;Data/Scripts/Mobiles/Undead/AncientLich.cs;Data/Scripts/Mobiles/Undead/Bodak.cs;Data/Scripts/Mobiles/Undead/BoneMagi.cs;Data/Scripts/Mobiles/Undead/DarkReaper.cs;Data/Scripts/Mobiles/Undead/DeadWizard.cs;Data/Scripts/Mobiles/Undead/DemiLich.cs;Data/Scripts/Mobiles/Undead/Dracolich.cs;Data/Scripts/Mobiles/Undead/Dracula.cs;Data/Scripts/Mobiles/Undead/DragonGhost.cs;Data/Scripts/Mobiles/Undead/GhostDragyn.cs;Data/Scripts/Mobiles/Undead/GhostGargoyle.cs;Data/Scripts/Mobiles/Undead/GhostWizard.cs;Data/Scripts/Mobiles/Undead/Ghostly.cs;Data/Scripts/Mobiles/Undead/Lich.cs;Data/Scripts/Mobiles/Undead/LichKing.cs;Data/Scripts/Mobiles/Undead/LichLord.cs;Data/Scripts/Mobiles/Undead/MummyGiant.cs;Data/Scripts/Mobiles/Undead/Nazghoul.cs;Data/Scripts/Mobiles/Undead/Phantom.cs;Data/Scripts/Mobiles/Undead/RevenantLion.cs;Data/Scripts/Mobiles/Undead/SeaGhost.cs;Data/Scripts/Mobiles/Undead/Shade.cs;Data/Scripts/Mobiles/Undead/Shroud.cs;Data/Scripts/Mobiles/Undead/SkeletalDragon.cs;Data/Scripts/Mobiles/Undead/SkeletalGargoyle.cs;Data/Scripts/Mobiles/Undead/SkeletalMage.cs;Data/Scripts/Mobiles/Undead/SkeletalWizard.cs;Data/Scripts/Mobiles/Undead/SkeletonDragon.cs;Data/Scripts/Mobiles/Undead/SkeletonHorse.cs;Data/Scripts/Mobiles/Undead/SpectralGargoyle.cs;Data/Scripts/Mobiles/Undead/Spectre.cs;Data/Scripts/Mobiles/Undead/Spirit.cs;Data/Scripts/Mobiles/Undead/Surtaz.cs;Data/Scripts/Mobiles/Undead/TitanLich.cs;Data/Scripts/Mobiles/Undead/UndeadDruid.cs;Data/Scripts/Mobiles/Undead/Vampire.cs;Data/Scripts/Mobiles/Undead/VampireLord.cs;Data/Scripts/Mobiles/Undead/VampirePrince.cs;Data/Scripts/Mobiles/Undead/VampireWoods.cs;Data/Scripts/Mobiles/Undead/Vordo.cs;Data/Scripts/Mobiles/Undead/Wraith.cs;Data/Scripts/Mobiles/Undead/ZombieDragon.cs;Data/Scripts/Mobiles/Undead/ZombieMage.cs;Data/Scripts/Mobiles/Unique/CodexGargoyles.cs;Data/Scripts/Mobiles/Unique/Mangar.cs;Data/Scripts/Mobiles/Unique/RuneGuardian.cs;Data/Scripts/Mobiles/Unique/Shadowlord.cs;Data/Scripts/Mobiles/Unique/SlasherOfVoid.cs;Data/Scripts/Mobiles/Unique/Spectres.cs;Data/Scripts/Mobiles/Unique/Tarjan.cs;Data/Scripts/Mobiles/Unique/TitanHydros.cs;Data/Scripts/Mobiles/Unique/TitanPyros.cs;Data/Scripts/Mobiles/Unique/TitanStratos.cs;Data/Scripts/Mobiles/Unusual/Beholder.cs;Data/Scripts/Mobiles/Unusual/ElderGazer.cs;Data/Scripts/Mobiles/Unusual/EyeOfTheDeep.cs;Data/Scripts/Mobiles/Unusual/FloatingEye.cs;Data/Scripts/Mobiles/Unusual/Gazer.cs;Data/Scripts/Mobiles/Unusual/Kuthulu.cs;Data/Scripts/Mobiles/Unusual/Seeker.cs;Data/Scripts/Mobiles/Unusual/SoulSucker.cs;Data/Scripts/Quests/Bards Tale/MangarsRewards.cs;Data/Scripts/Quests/Codex/CodexWisdom.cs;Data/Scripts/System/Commands/Player/SkillListing.cs;Data/Scripts/System/Gumps/SkillsGump.cs;Data/Scripts/System/Misc/AOS.cs;Data/Scripts/System/Misc/CharacterCreation.cs;Data/Scripts/System/Misc/Players.cs;Data/Scripts/System/Obsolete/Obsolete.cs;Data/Scripts/System/Obsolete/Pegasus.cs;Data/Scripts/System/Regions/DawnRegion.cs;Data/Scripts/System/Regions/LunaRegion.cs;Data/Scripts/System/Regions/MoonCore.cs;Data/Scripts/System/Skills/Begging.cs;Data/Scripts/System/Skills/Druidism.cs;Data/Scripts/System/Skills/SkillCheck.cs;Data/Scripts/Trades/Crafting/DefCarpentry.cs;Data/Scripts/Trades/Crafting/DefTinkering.cs;Data/Scripts/Trades/Crafting/DefWands.cs;Data/Scripts/Trades/Shoppes/BaseShoppe.cs;Data/System/Source/Skills.cs;Data/System/Source/Utility.cs,LexicalReferences; numeric indexes and dynamic references are not captured
26,MagicResist,Magic Resistance,1069,1321,Data/System/Source/Skills.cs,Data/Scripts/Custom/Champions/Mobiles/Champs-UO/Barracoon.cs;Data/Scripts/Custom/Champions/Mobiles/Champs-UO/Ilhenir.cs;Data/Scripts/Custom/Champions/Mobiles/Champs-UO/LordOaks.cs;Data/Scripts/Custom/Champions/Mobiles/Champs-UO/Mephitis.cs;Data/Scripts/Custom/Champions/Mobiles/Champs-UO/Neira.cs;Data/Scripts/Custom/Champions/Mobiles/Champs-UO/Rikktor.cs;Data/Scripts/Custom/Champions/Mobiles/Champs-UO/Semidar.cs;Data/Scripts/Custom/Champions/Mobiles/Champs-UO/Serado.cs;Data/Scripts/Custom/Champions/Mobiles/Champs-UO/Twaulo.cs;Data/Scripts/Custom/Champions/Mobiles/Minions/Bogle.cs;Data/Scripts/Custom/Champions/Mobiles/Minions/FerelTreefellow.cs;Data/Scripts/Custom/Champions/Mobiles/Minions/FetidEssence.cs;Data/Scripts/Custom/Champions/Mobiles/Minions/GreaterMongbat.cs;Data/Scripts/Custom/Champions/Mobiles/Minions/Hiryu.cs;Data/Scripts/Custom/Champions/Mobiles/Minions/InterredGrizzle .cs;Data/Scripts/Custom/Champions/Mobiles/Minions/Kappa.cs;Data/Scripts/Custom/Champions/Mobiles/Minions/LesserHiryu.cs;Data/Scripts/Custom/Champions/Mobiles/Minions/Oni.cs;Data/Scripts/Custom/Champions/Mobiles/Minions/PestilentBandage.cs;Data/Scripts/Custom/Champions/Mobiles/Minions/PlagueBeast.cs;Data/Scripts/Custom/Champions/Mobiles/Minions/PlagueSpawn.cs;Data/Scripts/Custom/Champions/Mobiles/Minions/RagingGrizzlyBear.cs;Data/Scripts/Custom/Champions/Mobiles/Minions/SerpentineDragon.cs;Data/Scripts/Custom/Champions/Mobiles/Minions/Silvani.cs;Data/Scripts/Custom/Invasion System/Add Ins/Lord BlackThorn Clone.cs;Data/Scripts/Custom/Invasion System/Add Ins/Metal Assemblies/ASSEMBLY/IronDragon.cs;Data/Scripts/Custom/Invasion System/Add Ins/Metal Assemblies/ASSEMBLY/MechGargoyle.cs;Data/Scripts/Custom/Invasion System/Add Ins/Metal Assemblies/ASSEMBLY/MetalDaemon.cs;Data/Scripts/Custom/Invasion System/Add Ins/Metal Assemblies/ASSEMBLY/Overseer.cs;Data/Scripts/Custom/Invasion System/Add Ins/Metal Assemblies/ASSEMBLY/runicGolem.cs;Data/Scripts/Custom/Invasion System/Add Ins/Metal Assemblies/Runic Clockwork Assembly.cs;Data/Scripts/Custom/Invasion System/Add Ins/Pirates/Chasing Pirates/PirateCaptain.cs;Data/Scripts/Custom/Invasion System/Add Ins/Pirates/Chasing Pirates/PirateCrew.cs;Data/Scripts/Custom/Invasion System/Add Ins/Pirates/Morgan/Morgan2.cs;Data/Scripts/Custom/Invasion System/Add Ins/Pirates/Morgan/Pirate.cs;Data/Scripts/Custom/Invasion System/Add Ins/Pirates/Morgan/PirateCaptain.cs;Data/Scripts/Custom/Invasion System/Add Ins/Pirates/Morgan/pirateevil.cs;Data/Scripts/Custom/Invasion System/Add Ins/Pirates/Pirate Set/Pirate 2.cs;Data/Scripts/Custom/Invasion System/Add Ins/Pirates/Pirate Set/Pirate First Mate.cs;Data/Scripts/Custom/Invasion System/Add Ins/Pirates/Pirate Set/Pirate.cs;Data/Scripts/Custom/Invasion System/Add Ins/Pirates/Pirate Set/PirateCabinboy.cs;Data/Scripts/Custom/Invasion System/Add Ins/Pirates/Pirate Set/PirateCaptain.cs;Data/Scripts/Custom/Invasion System/Add Ins/SubChamps/LordBlackThornBot.cs;Data/Scripts/Custom/Invasion System/Add Ins/SubChamps/LordOrcalis.cs;Data/Scripts/Custom/Invasion System/Add Ins/SubChamps/OgreChieftan.cs;Data/Scripts/Custom/Invasion System/Add Ins/SubChamps/OrcKing.cs;Data/Scripts/Custom/Invasion System/Add Ins/SubChamps/PirateLeader.cs;Data/Scripts/Custom/Invasion System/Add Ins/SubChamps/SpiderQueen.cs;Data/Scripts/Custom/Invasion System/Add Ins/SubChamps/Ssslither.cs;Data/Scripts/Custom/Invasion System/Add Ins/SubChamps/TheSavageGeneral.cs;Data/Scripts/Custom/Invasion System/Add Ins/SubChamps/WidowQueen.cs;Data/Scripts/Custom/Invasion System/Add Ins/SubChamps/lizardmanmage.cs;Data/Scripts/Custom/LOTR - The One Ring/RingWraith.cs;Data/Scripts/Custom/Offline Skill Training/Items/AdvancedStudyBooks.cs;Data/Scripts/Custom/Offline Skill Training/Items/LegendaryStudyBooks.cs;Data/Scripts/Custom/Offline Skill Training/Items/RandomStudyBooks.cs;Data/Scripts/Custom/Offline Skill Training/Items/StandardStudyBooks.cs;Data/Scripts/Custom/Progression/CharacterLevel/CharacterLevelService.cs;Data/Scripts/Custom/PvE/CloneOfflinePlayerCharacters/CharacterClone.cs;Data/Scripts/Custom/PvE/MobileBalance/MobileBalanceCatalog.cs;Data/Scripts/Custom/PvE/MobileBalance/SignedEquipSkillModController.cs;Data/Scripts/Custom/PvPConsent/GoddessOfProtection.cs;Data/Scripts/Custom/ThirdParty/OmniAI/AITester.cs;Data/Scripts/Custom/XMLSpawner/XmlMobiles/TalkingDrake.cs;Data/Scripts/Items/Armor/HorseArmor.cs;Data/Scripts/Items/Books/PowerScrolls/PowerScroll.cs;Data/Scripts/Items/Books/PowerScrolls/Scrolls_Exalted.cs;Data/Scripts/Items/Books/PowerScrolls/Scrolls_Legendary.cs;Data/Scripts/Items/Books/PowerScrolls/Scrolls_Mythical.cs;Data/Scripts/Items/Books/PowerScrolls/Scrolls_Power.cs;Data/Scripts/Items/Books/PowerScrolls/Scrolls_Wonderous.cs;Data/Scripts/Items/Magical/Artifacts/Artifact_AegisOfGrace.cs;Data/Scripts/Items/Magical/Artifacts/Artifact_GandalfsHat.cs;Data/Scripts/Items/Magical/Artifacts/Artifact_GandalfsRobe.cs;Data/Scripts/Items/Magical/Artifacts/Artifact_GandalfsStaff.cs;Data/Scripts/Items/Magical/Artifacts/Artifact_ResillientBracer.cs;Data/Scripts/Items/Magical/Artifacts/Artifact_ShroudOfDeceit.cs;Data/Scripts/Items/Magical/Artifacts/Obsolete/Obsolete_AegisOfGrace.cs;Data/Scripts/Items/Magical/Artifacts/Obsolete/Obsolete_GandalfsHat.cs;Data/Scripts/Items/Magical/Artifacts/Obsolete/Obsolete_GandalfsRobe.cs;Data/Scripts/Items/Magical/Artifacts/Obsolete/Obsolete_GandalfsStaff.cs;Data/Scripts/Items/Magical/Artifacts/Obsolete/Obsolete_ResillientBracer.cs;Data/Scripts/Items/Magical/Artifacts/Obsolete/Obsolete_ShroudOfDeceit.cs;Data/Scripts/Items/Magical/Artifacts/Obsolete/Obsolete_TheDryadBow.cs;Data/Scripts/Items/Magical/Artifacts/Specific/BookOfKnowledge.cs;Data/Scripts/Items/Magical/Artifacts/Specific/HydrosLexicon.cs;Data/Scripts/Items/Magical/Artifacts/Specific/LithosTome.cs;Data/Scripts/Items/Magical/Artifacts/Specific/OssianGrimoire.cs;Data/Scripts/Items/Magical/Artifacts/Specific/PyrosGrimoire.cs;Data/Scripts/Items/Magical/Artifacts/Specific/StratosManual.cs;Data/Scripts/Items/Magical/Morph/MorphingItem.cs;Data/Scripts/Items/Magical/StaffOfFiveParts.cs;Data/Scripts/Items/Misc/Bodies/LivingDead/SummonCorpse.cs;Data/Scripts/Items/Potions/Elixirs/Elixirs.cs;Data/Scripts/Items/Potions/Mixtures/AlchemicSlime.cs;Data/Scripts/Items/Special/DemonPrison.cs;Data/Scripts/Items/Special/Special Scrolls/SpecialScroll.cs;Data/Scripts/Items/Trades/Misc/FireHorn.cs;Data/Scripts/Items/Trades/Tools/BaseRunicTool.cs;Data/Scripts/Items/Traps/HiddenTrap.cs;Data/Scripts/Magic/Base/Spell.cs;Data/Scripts/Magic/Base/SpellBooks.cs;Data/Scripts/Magic/Base/SpellHelper.cs;Data/Scripts/Magic/Bushido/HonorableExecution.cs;Data/Scripts/Magic/Death Knight/DevilPact.cs;Data/Scripts/Magic/Druidism/Effects/FireflySpell.cs;Data/Scripts/Magic/Druidism/Effects/ProtectiveFairySpell.cs;Data/Scripts/Magic/Druidism/Effects/SwarmofInsectsSpell.cs;Data/Scripts/Magic/Druidism/Effects/TreefellowSpell.cs;Data/Scripts/Magic/Druidism/HerbalistSpell.cs;Data/Scripts/Magic/Elementalism/ElementalSpell.cs;Data/Scripts/Magic/Elementalism/Mobiles/ElementalCalledAir.cs;Data/Scripts/Magic/Elementalism/Mobiles/ElementalCalledEarth.cs;Data/Scripts/Magic/Elementalism/Mobiles/ElementalCalledFire.cs;Data/Scripts/Magic/Elementalism/Mobiles/ElementalCalledWater.cs;Data/Scripts/Magic/Elementalism/Mobiles/ElementalFiendAir.cs;Data/Scripts/Magic/Elementalism/Mobiles/ElementalFiendEarth.cs;Data/Scripts/Magic/Elementalism/Mobiles/ElementalFiendFire.cs;Data/Scripts/Magic/Elementalism/Mobiles/ElementalFiendWater.cs;Data/Scripts/Magic/Elementalism/Mobiles/ElementalLordAir.cs;Data/Scripts/Magic/Elementalism/Mobiles/ElementalLordEarth.cs;Data/Scripts/Magic/Elementalism/Mobiles/ElementalLordFire.cs;Data/Scripts/Magic/Elementalism/Mobiles/ElementalLordWater.cs;Data/Scripts/Magic/Elementalism/Mobiles/ElementalSpiritAir.cs;Data/Scripts/Magic/Elementalism/Mobiles/ElementalSpiritEarth.cs;Data/Scripts/Magic/Elementalism/Mobiles/ElementalSpiritFire.cs;Data/Scripts/Magic/Elementalism/Mobiles/ElementalSpiritWater.cs;Data/Scripts/Magic/Elementalism/Mobiles/ElementalSummonEnt.cs;Data/Scripts/Magic/Elementalism/Mobiles/ElementalSummonIce.cs;Data/Scripts/Magic/Elementalism/Mobiles/ElementalSummonLightning.cs;Data/Scripts/Magic/Elementalism/Mobiles/ElementalSummonMagma.cs;Data/Scripts/Magic/Elementalism/Sphere 2/Elemental_Protection.cs;Data/Scripts/Magic/Enchantments/Mobiles/DevilPactMagic.cs;Data/Scripts/Magic/Jedi/JediSpell.cs;Data/Scripts/Magic/Jester/SummonedJoke.cs;Data/Scripts/Magic/Magery/Magery 2nd/Protection.cs;Data/Scripts/Magic/Magery/Magery 3rd/MagicLock.cs;Data/Scripts/Magic/Magery/Magery 4th/FireField.cs;Data/Scripts/Magic/Magery/Magery 6th/ParalyzeField.cs;Data/Scripts/Magic/Magery/MagerySpell.cs;Data/Scripts/Magic/Misc/AttackSpells.cs;Data/Scripts/Magic/Misc/MagicalSpell.cs;Data/Scripts/Magic/Misc/SummonDragonSpell.cs;Data/Scripts/Magic/Misc/SummonSkeleton.cs;Data/Scripts/Magic/Misc/SummonSnakesSpell.cs;Data/Scripts/Magic/Mystic/MysticSpell.cs;Data/Scripts/Magic/Necromancy/AnimateDeadSpell.cs;Data/Scripts/Magic/Necromancy/BloodOathSpell.cs;Data/Scripts/Magic/Necromancy/CorpseSkin.cs;Data/Scripts/Magic/Necromancy/EvilOmen.cs;Data/Scripts/Magic/Necromancy/MindRot.cs;Data/Scripts/Magic/Necromancy/PainSpike.cs;Data/Scripts/Magic/Syth/SythSpell.cs;Data/Scripts/Magic/Witch/Effects/ManaLeech.cs;Data/Scripts/Magic/Witch/Effects/NecroPoison.cs;Data/Scripts/Mobiles/Animals/Bears/BlackBear.cs;Data/Scripts/Mobiles/Animals/Bears/BrownBear.cs;Data/Scripts/Mobiles/Animals/Bears/CaveBearRiding.cs;Data/Scripts/Mobiles/Animals/Bears/DireBear.cs;Data/Scripts/Mobiles/Animals/Bears/ElderBlackBearRiding.cs;Data/Scripts/Mobiles/Animals/Bears/ElderBrownBearRiding.cs;Data/Scripts/Mobiles/Animals/Bears/ElderPolarBearRiding.cs;Data/Scripts/Mobiles/Animals/Bears/GreatBear.cs;Data/Scripts/Mobiles/Animals/Bears/GrizzlyBearRiding.cs;Data/Scripts/Mobiles/Animals/Bears/KodiakBear.cs;Data/Scripts/Mobiles/Animals/Bears/Owlbear.cs;Data/Scripts/Mobiles/Animals/Bears/PandaRiding.cs;Data/Scripts/Mobiles/Animals/Bears/PolarBear.cs;Data/Scripts/Mobiles/Animals/Bears/SabreclawCub.cs;Data/Scripts/Mobiles/Animals/Bears/SabretoothBearRiding.cs;Data/Scripts/Mobiles/Animals/Bears/Trollbear.cs;Data/Scripts/Mobiles/Animals/Birds/AxeBeakRiding.cs;Data/Scripts/Mobiles/Animals/Birds/Bird.cs;Data/Scripts/Mobiles/Animals/Birds/Chicken.cs;Data/Scripts/Mobiles/Animals/Birds/Crane.cs;Data/Scripts/Mobiles/Animals/Birds/DesertBird.cs;Data/Scripts/Mobiles/Animals/Birds/Eagle.cs;Data/Scripts/Mobiles/Animals/Birds/Hawk.cs;Data/Scripts/Mobiles/Animals/Birds/Ostrich.cs;Data/Scripts/Mobiles/Animals/Birds/Penquin.cs;Data/Scripts/Mobiles/Animals/Birds/SwampBird.cs;Data/Scripts/Mobiles/Animals/Birds/TropicalBird.cs;Data/Scripts/Mobiles/Animals/Birds/Turkey.cs;Data/Scripts/Mobiles/Animals/Canines/BlackWolf.cs;Data/Scripts/Mobiles/Animals/Canines/DireWolf.cs;Data/Scripts/Mobiles/Animals/Canines/Dog.cs;Data/Scripts/Mobiles/Animals/Canines/Fox.cs;Data/Scripts/Mobiles/Animals/Canines/GreyWolf.cs;Data/Scripts/Mobiles/Animals/Canines/Hyena.cs;Data/Scripts/Mobiles/Animals/Canines/Jackal.cs;Data/Scripts/Mobiles/Animals/Canines/MadDog.cs;Data/Scripts/Mobiles/Animals/Canines/TimberWolf.cs;Data/Scripts/Mobiles/Animals/Canines/WereWolf.cs;Data/Scripts/Mobiles/Animals/Canines/WhiteWolf.cs;Data/Scripts/Mobiles/Animals/Canines/WolfMan.cs;Data/Scripts/Mobiles/Animals/Canines/Worg.cs;Data/Scripts/Mobiles/Animals/Cows/Bull.cs;Data/Scripts/Mobiles/Animals/Cows/BullradonRiding.cs;Data/Scripts/Mobiles/Animals/Cows/Cow.cs;Data/Scripts/Mobiles/Animals/Felines/BlackCat.cs;Data/Scripts/Mobiles/Animals/Felines/Bobcat.cs;Data/Scripts/Mobiles/Animals/Felines/Cat.cs;Data/Scripts/Mobiles/Animals/Felines/Cheetah.cs;Data/Scripts/Mobiles/Animals/Felines/Cougar.cs;Data/Scripts/Mobiles/Animals/Felines/CragCat.cs;Data/Scripts/Mobiles/Animals/Felines/HellCat.cs;Data/Scripts/Mobiles/Animals/Felines/Jaguar.cs;Data/Scripts/Mobiles/Animals/Felines/LionRiding.cs;Data/Scripts/Mobiles/Animals/Felines/Panther.cs;Data/Scripts/Mobiles/Animals/Felines/PredatorHellCatRiding.cs;Data/Scripts/Mobiles/Animals/Felines/SabretoothCub.cs;Data/Scripts/Mobiles/Animals/Felines/SabretoothTigerRiding.cs;Data/Scripts/Mobiles/Animals/Felines/SnowLeopard.cs;Data/Scripts/Mobiles/Animals/Felines/SnowLion.cs;Data/Scripts/Mobiles/Animals/Felines/TigerRiding.cs;Data/Scripts/Mobiles/Animals/Felines/WhiteCat.cs;Data/Scripts/Mobiles/Animals/Felines/WhiteTigerRiding.cs;Data/Scripts/Mobiles/Animals/Misc/Antelope.cs;Data/Scripts/Mobiles/Animals/Misc/Ape.cs;Data/Scripts/Mobiles/Animals/Misc/Boar.cs;Data/Scripts/Mobiles/Animals/Misc/DireBoar.cs;Data/Scripts/Mobiles/Animals/Misc/Dolphin.cs;Data/Scripts/Mobiles/Animals/Misc/Elephant.cs;Data/Scripts/Mobiles/Animals/Misc/Gazelle.cs;Data/Scripts/Mobiles/Animals/Misc/Giraffe.cs;Data/Scripts/Mobiles/Animals/Misc/Goat.cs;Data/Scripts/Mobiles/Animals/Misc/Gorakong.cs;Data/Scripts/Mobiles/Animals/Misc/Gorilla.cs;Data/Scripts/Mobiles/Animals/Misc/GreatHart.cs;Data/Scripts/Mobiles/Animals/Misc/Grum.cs;Data/Scripts/Mobiles/Animals/Misc/Hind.cs;Data/Scripts/Mobiles/Animals/Misc/Infected.cs;Data/Scripts/Mobiles/Animals/Misc/Llama.cs;Data/Scripts/Mobiles/Animals/Misc/Monkey.cs;Data/Scripts/Mobiles/Animals/Misc/Moose.cs;Data/Scripts/Mobiles/Animals/Misc/MountainGoat.cs;Data/Scripts/Mobiles/Animals/Misc/PackHorse.cs;Data/Scripts/Mobiles/Animals/Misc/PackLlama.cs;Data/Scripts/Mobiles/Animals/Misc/PackNecroSpider.cs;Data/Scripts/Mobiles/Animals/Misc/Pig.cs;Data/Scripts/Mobiles/Animals/Misc/Ramadon.cs;Data/Scripts/Mobiles/Animals/Misc/Sheep.cs;Data/Scripts/Mobiles/Animals/Misc/Tuskadon.cs;Data/Scripts/Mobiles/Animals/Misc/Walrus.cs;Data/Scripts/Mobiles/Animals/Mounts/DesertOstard.cs;Data/Scripts/Mobiles/Animals/Mounts/EvilMounts.cs;Data/Scripts/Mobiles/Animals/Mounts/ForestOstard.cs;Data/Scripts/Mobiles/Animals/Mounts/FrenziedOstard.cs;Data/Scripts/Mobiles/Animals/Mounts/GiantHawk.cs;Data/Scripts/Mobiles/Animals/Mounts/GiantRaven.cs;Data/Scripts/Mobiles/Animals/Mounts/Horse.cs;Data/Scripts/Mobiles/Animals/Mounts/RidableLlama.cs;Data/Scripts/Mobiles/Animals/Mounts/Roc.cs;Data/Scripts/Mobiles/Animals/Mounts/SeaHorse.cs;Data/Scripts/Mobiles/Animals/Mounts/SilverSteed.cs;Data/Scripts/Mobiles/Animals/Mounts/SkeletalMount.cs;Data/Scripts/Mobiles/Animals/Mounts/SnowOstard.cs;Data/Scripts/Mobiles/Animals/Mounts/YoungRoc.cs;Data/Scripts/Mobiles/Animals/Mounts/ZebraRiding.cs;Data/Scripts/Mobiles/Animals/Rodents/AlbinoBat.cs;Data/Scripts/Mobiles/Animals/Rodents/Bat.cs;Data/Scripts/Mobiles/Animals/Rodents/DiseasedRat.cs;Data/Scripts/Mobiles/Animals/Rodents/Ferret.cs;Data/Scripts/Mobiles/Animals/Rodents/FireBat.cs;Data/Scripts/Mobiles/Animals/Rodents/GiantBat.cs;Data/Scripts/Mobiles/Animals/Rodents/GiantRat.cs;Data/Scripts/Mobiles/Animals/Rodents/JackRabbit.cs;Data/Scripts/Mobiles/Animals/Rodents/Mouse.cs;Data/Scripts/Mobiles/Animals/Rodents/Rabbit.cs;Data/Scripts/Mobiles/Animals/Rodents/Rat.cs;Data/Scripts/Mobiles/Animals/Rodents/SewerRat.cs;Data/Scripts/Mobiles/Animals/Rodents/SicklyRat.cs;Data/Scripts/Mobiles/Animals/Rodents/Squirrel.cs;Data/Scripts/Mobiles/Animals/Rodents/Stirge.cs;Data/Scripts/Mobiles/Animals/Rodents/VampireBat.cs;Data/Scripts/Mobiles/Animals/Rodents/Weasel.cs;Data/Scripts/Mobiles/Animals/Rodents/WhiteRabbit.cs;Data/Scripts/Mobiles/Base/BaseCreature.cs;Data/Scripts/Mobiles/Base/BaseHealer.cs;Data/Scripts/Mobiles/Base/Behavior.cs;Data/Scripts/Mobiles/Base/PlayerMobile.cs;Data/Scripts/Mobiles/Civilized/Citizens/Citizens.cs;Data/Scripts/Mobiles/Civilized/Comrades/HenchHorse.cs;Data/Scripts/Mobiles/Civilized/Comrades/HenchmanArcher.cs;Data/Scripts/Mobiles/Civilized/Comrades/HenchmanFighter.cs;Data/Scripts/Mobiles/Civilized/Comrades/HenchmanMonster.cs;Data/Scripts/Mobiles/Civilized/Comrades/HenchmanWizard.cs;Data/Scripts/Mobiles/Civilized/DeathKnightDemon.cs;Data/Scripts/Mobiles/Civilized/Familiars/DeathAdder.cs;Data/Scripts/Mobiles/Civilized/Genie.cs;Data/Scripts/Mobiles/Civilized/Guilds/ElementalGuildmaster.cs;Data/Scripts/Mobiles/Civilized/Guilds/HealerGuildmaster.cs;Data/Scripts/Mobiles/Civilized/Guilds/LibrarianGuildmaster.cs;Data/Scripts/Mobiles/Civilized/Guilds/MageGuildmaster.cs;Data/Scripts/Mobiles/Civilized/Guilds/NecromancerGuildmaster.cs;Data/Scripts/Mobiles/Civilized/Guilds/RangerGuildmaster.cs;Data/Scripts/Mobiles/Civilized/Guilds/WarriorGuildmaster.cs;Data/Scripts/Mobiles/Civilized/Healers/FortuneTeller.cs;Data/Scripts/Mobiles/Civilized/Special/Roscoe.cs;Data/Scripts/Mobiles/Civilized/TimeLord.cs;Data/Scripts/Mobiles/Civilized/TownGuards.cs;Data/Scripts/Mobiles/Civilized/Vendors/Elementalist.cs;Data/Scripts/Mobiles/Civilized/Vendors/Enchanter.cs;Data/Scripts/Mobiles/Civilized/Vendors/EtherealDealer.cs;Data/Scripts/Mobiles/Civilized/Vendors/HolyMage.cs;Data/Scripts/Mobiles/Civilized/Vendors/Mage.cs;Data/Scripts/Mobiles/Civilized/Vendors/Monk.cs;Data/Scripts/Mobiles/Civilized/Vendors/NecroMage.cs;Data/Scripts/Mobiles/Civilized/Vendors/Necromancer.cs;Data/Scripts/Mobiles/Civilized/Vendors/Sage.cs;Data/Scripts/Mobiles/Civilized/Vendors/Undertaker.cs;Data/Scripts/Mobiles/Civilized/Vendors/Witches.cs;Data/Scripts/Mobiles/Constructs/Alien/BattleDroid.cs;Data/Scripts/Mobiles/Constructs/Alien/CombatDroid.cs;Data/Scripts/Mobiles/Constructs/Alien/MaintenanceDroid.cs;Data/Scripts/Mobiles/Constructs/Alien/Mutant.cs;Data/Scripts/Mobiles/Constructs/Golems/AncientFleshGolem.cs;Data/Scripts/Mobiles/Constructs/Golems/BoneGolem.cs;Data/Scripts/Mobiles/Constructs/Golems/CaddelliteGolem.cs;Data/Scripts/Mobiles/Constructs/Golems/FleshGolem.cs;Data/Scripts/Mobiles/Constructs/Golems/Golem.cs;Data/Scripts/Mobiles/Constructs/Golems/IceGolem.cs;Data/Scripts/Mobiles/Constructs/Golems/IronBeetle.cs;Data/Scripts/Mobiles/Constructs/Golems/MechanicalScorpion.cs;Data/Scripts/Mobiles/Constructs/Golems/MetalGolem.cs;Data/Scripts/Mobiles/Constructs/Golems/RunicGolem.cs;Data/Scripts/Mobiles/Constructs/Golems/RustGolem.cs;Data/Scripts/Mobiles/Constructs/Golems/SkinGolem.cs;Data/Scripts/Mobiles/Constructs/Golems/WoodenGolem.cs;Data/Scripts/Mobiles/Constructs/Statues/AnyStatue.cs;Data/Scripts/Mobiles/Constructs/Statues/LivingBronzeStatue.cs;Data/Scripts/Mobiles/Constructs/Statues/LivingGoldStatue.cs;Data/Scripts/Mobiles/Constructs/Statues/LivingIronStatue.cs;Data/Scripts/Mobiles/Constructs/Statues/LivingJadeStatue.cs;Data/Scripts/Mobiles/Constructs/Statues/LivingMarbleStatue.cs;Data/Scripts/Mobiles/Constructs/Statues/LivingShadowIronStatue.cs;Data/Scripts/Mobiles/Constructs/Statues/LivingSilverStatue.cs;Data/Scripts/Mobiles/Constructs/Statues/LivingStoneStatue.cs;Data/Scripts/Mobiles/Constructs/WaxSculpture.cs;Data/Scripts/Mobiles/Daemons/AbysmalDaemon.cs;Data/Scripts/Mobiles/Daemons/Afreet.cs;Data/Scripts/Mobiles/Daemons/Archfiend.cs;Data/Scripts/Mobiles/Daemons/Balron.cs;Data/Scripts/Mobiles/Daemons/BlackGateDemon.cs;Data/Scripts/Mobiles/Daemons/BloodDemigod.cs;Data/Scripts/Mobiles/Daemons/BloodDemon.cs;Data/Scripts/Mobiles/Daemons/BoneDemon.cs;Data/Scripts/Mobiles/Daemons/ClassicBalron.cs;Data/Scripts/Mobiles/Daemons/ClassicDaemon.cs;Data/Scripts/Mobiles/Daemons/Daemon.cs;Data/Scripts/Mobiles/Daemons/DaemonTemplate.cs;Data/Scripts/Mobiles/Daemons/DeepSeaDevil.cs;Data/Scripts/Mobiles/Daemons/Demon.cs;Data/Scripts/Mobiles/Daemons/DemonOfTheSea.cs;Data/Scripts/Mobiles/Daemons/DemonicGhost.cs;Data/Scripts/Mobiles/Daemons/Devil.cs;Data/Scripts/Mobiles/Daemons/Fiend.cs;Data/Scripts/Mobiles/Daemons/FireDemon.cs;Data/Scripts/Mobiles/Daemons/FireMephit.cs;Data/Scripts/Mobiles/Daemons/IceDevil.cs;Data/Scripts/Mobiles/Daemons/Ifreet.cs;Data/Scripts/Mobiles/Daemons/Imp.cs;Data/Scripts/Mobiles/Daemons/LesserDemon.cs;Data/Scripts/Mobiles/Daemons/LowerDemon.cs;Data/Scripts/Mobiles/Daemons/Marilith.cs;Data/Scripts/Mobiles/Daemons/MutantDaemon.cs;Data/Scripts/Mobiles/Daemons/Satan.cs;Data/Scripts/Mobiles/Daemons/ShadowDemon.cs;Data/Scripts/Mobiles/Daemons/ShadowHound.cs;Data/Scripts/Mobiles/Daemons/Succubus.cs;Data/Scripts/Mobiles/Daemons/Xurtzar.cs;Data/Scripts/Mobiles/Dragons/DragonTurtle.cs;Data/Scripts/Mobiles/Dragons/Dragonogre.cs;Data/Scripts/Mobiles/Dragons/Dragons/AsianDragon.cs;Data/Scripts/Mobiles/Dragons/Dragons/Dragons.cs;Data/Scripts/Mobiles/Dragons/Dragons/Dragoon.cs;Data/Scripts/Mobiles/Dragons/Dragons/GemDragons.cs;Data/Scripts/Mobiles/Dragons/Dragons/RidingDragon.cs;Data/Scripts/Mobiles/Dragons/Dragons/SeaDragon.cs;Data/Scripts/Mobiles/Dragons/Drakes/AbysmalDrake.cs;Data/Scripts/Mobiles/Dragons/Drakes/AncientDrake.cs;Data/Scripts/Mobiles/Dragons/Drakes/Drake.cs;Data/Scripts/Mobiles/Dragons/Drakes/SeaDrake.cs;Data/Scripts/Mobiles/Dragons/Drakes/SwampDrakeRiding.cs;Data/Scripts/Mobiles/Dragons/Drakkhen.cs;Data/Scripts/Mobiles/Dragons/Great Dragons/AshDragon.cs;Data/Scripts/Mobiles/Dragons/Great Dragons/BottleDragon.cs;Data/Scripts/Mobiles/Dragons/Great Dragons/CaddelliteDragon.cs;Data/Scripts/Mobiles/Dragons/Great Dragons/CrystalDragon.cs;Data/Scripts/Mobiles/Dragons/Great Dragons/DragonKing.cs;Data/Scripts/Mobiles/Dragons/Great Dragons/ElderDragon.cs;Data/Scripts/Mobiles/Dragons/Great Dragons/RadiationDragon.cs;Data/Scripts/Mobiles/Dragons/Great Dragons/VoidDragon.cs;Data/Scripts/Mobiles/Dragons/Hydras/Hydra.cs;Data/Scripts/Mobiles/Dragons/Hydras/Wyvra.cs;Data/Scripts/Mobiles/Dragons/Primeval/PrimevalAbysmalDragon.cs;Data/Scripts/Mobiles/Dragons/Primeval/PrimevalAmberDragon.cs;Data/Scripts/Mobiles/Dragons/Primeval/PrimevalBlackDragon.cs;Data/Scripts/Mobiles/Dragons/Primeval/PrimevalDragon.cs;Data/Scripts/Mobiles/Dragons/Primeval/PrimevalFireDragon.cs;Data/Scripts/Mobiles/Dragons/Primeval/PrimevalGreenDragon.cs;Data/Scripts/Mobiles/Dragons/Primeval/PrimevalNightDragon.cs;Data/Scripts/Mobiles/Dragons/Primeval/PrimevalRedDragon.cs;Data/Scripts/Mobiles/Dragons/Primeval/PrimevalRoyalDragon.cs;Data/Scripts/Mobiles/Dragons/Primeval/PrimevalRunicDragon.cs;Data/Scripts/Mobiles/Dragons/Primeval/PrimevalSeaDragon.cs;Data/Scripts/Mobiles/Dragons/Primeval/PrimevalSilverDragon.cs;Data/Scripts/Mobiles/Dragons/Primeval/PrimevalStygianDragon.cs;Data/Scripts/Mobiles/Dragons/Primeval/PrimevalVolcanicDragon.cs;Data/Scripts/Mobiles/Dragons/Primeval/ReanimatedDragon.cs;Data/Scripts/Mobiles/Dragons/Primeval/VampiricDragon.cs;Data/Scripts/Mobiles/Dragons/Wyrms/AncientWyrm.cs;Data/Scripts/Mobiles/Dragons/Wyrms/ShadowWyrm.cs;Data/Scripts/Mobiles/Dragons/Wyrms/VolcanicDragon.cs;Data/Scripts/Mobiles/Dragons/Wyrms/Wyrm.cs;Data/Scripts/Mobiles/Dragons/Wyrms/Wyrms.cs;Data/Scripts/Mobiles/Dragons/Wyverns/AncientWyvern.cs;Data/Scripts/Mobiles/Dragons/Wyverns/Wyverns.cs;Data/Scripts/Mobiles/Dragons/Young/BabyDragon.cs;Data/Scripts/Mobiles/Dragons/Young/FireWyrmling.cs;Data/Scripts/Mobiles/Dragons/Young/YoungDragon.cs;Data/Scripts/Mobiles/Elementals/CrystalGoliath.cs;Data/Scripts/Mobiles/Elementals/Efreet.cs;Data/Scripts/Mobiles/Elementals/Elementals/AirElemental.cs;Data/Scripts/Mobiles/Elementals/Elementals/AnyElemental.cs;Data/Scripts/Mobiles/Elementals/Elementals/AnyGemElemental.cs;Data/Scripts/Mobiles/Elementals/Elementals/BloodElemental.cs;Data/Scripts/Mobiles/Elementals/Elementals/CinderElemental.cs;Data/Scripts/Mobiles/Elementals/Elementals/DeepWaterElemental.cs;Data/Scripts/Mobiles/Elementals/Elementals/DriftwoodElemental.cs;Data/Scripts/Mobiles/Elementals/Elementals/DustElemental.cs;Data/Scripts/Mobiles/Elementals/Elementals/ElectricalElemental.cs;Data/Scripts/Mobiles/Elementals/Elementals/FireElemental.cs;Data/Scripts/Mobiles/Elementals/Elementals/ForestElemental.cs;Data/Scripts/Mobiles/Elementals/Elementals/GraveDustElemental.cs;Data/Scripts/Mobiles/Elementals/Elementals/IceElemental.cs;Data/Scripts/Mobiles/Elementals/Elementals/IcebergElemental.cs;Data/Scripts/Mobiles/Elementals/Elementals/KelpElemental.cs;Data/Scripts/Mobiles/Elementals/Elementals/LavaElemental.cs;Data/Scripts/Mobiles/Elementals/Elementals/LightningElemental.cs;Data/Scripts/Mobiles/Elementals/Elementals/MagmaElemental.cs;Data/Scripts/Mobiles/Elementals/Elementals/MeteorElemental.cs;Data/Scripts/Mobiles/Elementals/Elementals/MudElemental.cs;Data/Scripts/Mobiles/Elementals/Elementals/PoisonElemental.cs;Data/Scripts/Mobiles/Elementals/Elementals/SeaweedElemental.cs;Data/Scripts/Mobiles/Elementals/Elementals/SewageElemental.cs;Data/Scripts/Mobiles/Elementals/Elementals/SnowElemental.cs;Data/Scripts/Mobiles/Elementals/Elementals/SteamElemental.cs;Data/Scripts/Mobiles/Elementals/Elementals/ToxicElemental.cs;Data/Scripts/Mobiles/Elementals/Elementals/Vulcrum.cs;Data/Scripts/Mobiles/Elementals/Elementals/WaterElemental.cs;Data/Scripts/Mobiles/Elementals/Elementals/WeedElemental.cs;Data/Scripts/Mobiles/Elementals/Gemmed/CaddelliteElemental.cs;Data/Scripts/Mobiles/Elementals/Gemmed/CrystalElemental.cs;Data/Scripts/Mobiles/Elementals/Gemmed/DilithiumElemental.cs;Data/Scripts/Mobiles/Elementals/Gemmed/GarnetElemental.cs;Data/Scripts/Mobiles/Elementals/Gemmed/GemElemental.cs;Data/Scripts/Mobiles/Elementals/Gemmed/ObsidianElemental.cs;Data/Scripts/Mobiles/Elementals/Gemmed/QuartzElemental.cs;Data/Scripts/Mobiles/Elementals/Gemmed/SapphireElemental.cs;Data/Scripts/Mobiles/Elementals/Gemmed/SilverElemental.cs;Data/Scripts/Mobiles/Elementals/Gemmed/SpinelElemental.cs;Data/Scripts/Mobiles/Elementals/Gemmed/StarRubyElemental.cs;Data/Scripts/Mobiles/Elementals/Gemmed/TopazElemental.cs;Data/Scripts/Mobiles/Elementals/Gemmed/TrilithiumElemental.cs;Data/Scripts/Mobiles/Elementals/Gemmed/XormiteElemental.cs;Data/Scripts/Mobiles/Elementals/IceColossus.cs;Data/Scripts/Mobiles/Elementals/Lesser/BloodSpawn.cs;Data/Scripts/Mobiles/Elementals/Lesser/WaterSpawn.cs;Data/Scripts/Mobiles/Elementals/MudMan.cs;Data/Scripts/Mobiles/Elementals/Necromental.cs;Data/Scripts/Mobiles/Elementals/Ore Elementals/AgapiteElemental.cs;Data/Scripts/Mobiles/Elementals/Ore Elementals/AnimatedRocks.cs;Data/Scripts/Mobiles/Elementals/Ore Elementals/BronzeElemental.cs;Data/Scripts/Mobiles/Elementals/Ore Elementals/CopperElemental.cs;Data/Scripts/Mobiles/Elementals/Ore Elementals/DullCopperElemental.cs;Data/Scripts/Mobiles/Elementals/Ore Elementals/EarthElemental.cs;Data/Scripts/Mobiles/Elementals/Ore Elementals/GoldenElemental.cs;Data/Scripts/Mobiles/Elementals/Ore Elementals/ShadowIronElemental.cs;Data/Scripts/Mobiles/Elementals/Ore Elementals/StoneElemental.cs;Data/Scripts/Mobiles/Elementals/Ore Elementals/ValoriteElemental.cs;Data/Scripts/Mobiles/Elementals/Ore Elementals/VeriteElemental.cs;Data/Scripts/Mobiles/Elementals/PoisonCloud.cs;Data/Scripts/Mobiles/Elementals/SandVortex.cs;Data/Scripts/Mobiles/Elementals/StormCloud.cs;Data/Scripts/Mobiles/Elementals/Typhoon.cs;Data/Scripts/Mobiles/Elementals/WaterWeird.cs;Data/Scripts/Mobiles/Gargoyles/AncientGargoyle.cs;Data/Scripts/Mobiles/Gargoyles/CosmicGargoyle.cs;Data/Scripts/Mobiles/Gargoyles/FireGargoyle.cs;Data/Scripts/Mobiles/Gargoyles/Gargoyle.cs;Data/Scripts/Mobiles/Gargoyles/GargoyleAmethyst.cs;Data/Scripts/Mobiles/Gargoyles/GargoyleEmerald.cs;Data/Scripts/Mobiles/Gargoyles/GargoyleMarble.cs;Data/Scripts/Mobiles/Gargoyles/GargoyleOnyx.cs;Data/Scripts/Mobiles/Gargoyles/GargoyleRuby.cs;Data/Scripts/Mobiles/Gargoyles/GargoyleSapphire.cs;Data/Scripts/Mobiles/Gargoyles/GargoyleWarrior.cs;Data/Scripts/Mobiles/Gargoyles/MutantGargoyle.cs;Data/Scripts/Mobiles/Gargoyles/StoneGargoyle.cs;Data/Scripts/Mobiles/Gargoyles/StygianGargoyle.cs;Data/Scripts/Mobiles/Gargoyles/StygianGargoyleLord.cs;Data/Scripts/Mobiles/Goliaths/Cyclops/AncientCyclops.cs;Data/Scripts/Mobiles/Goliaths/Cyclops/Cyclops.cs;Data/Scripts/Mobiles/Goliaths/Cyclops/ShamanicCyclops.cs;Data/Scripts/Mobiles/Goliaths/Ettins/AncientEttin.cs;Data/Scripts/Mobiles/Goliaths/Ettins/ArcticEttin.cs;Data/Scripts/Mobiles/Goliaths/Ettins/Ettin.cs;Data/Scripts/Mobiles/Goliaths/Ettins/EttinShaman.cs;Data/Scripts/Mobiles/Goliaths/Giants/AbyssGiant.cs;Data/Scripts/Mobiles/Goliaths/Giants/CloudGiant.cs;Data/Scripts/Mobiles/Goliaths/Giants/DeepSeaGiant.cs;Data/Scripts/Mobiles/Goliaths/Giants/FireGiant.cs;Data/Scripts/Mobiles/Goliaths/Giants/ForestGiant.cs;Data/Scripts/Mobiles/Goliaths/Giants/FrostGiant.cs;Data/Scripts/Mobiles/Goliaths/Giants/Giant.cs;Data/Scripts/Mobiles/Goliaths/Giants/HillGiant.cs;Data/Scripts/Mobiles/Goliaths/Giants/HillGiantShaman.cs;Data/Scripts/Mobiles/Goliaths/Giants/IceGiant.cs;Data/Scripts/Mobiles/Goliaths/Giants/JungleGiant.cs;Data/Scripts/Mobiles/Goliaths/Giants/LavaGiant.cs;Data/Scripts/Mobiles/Goliaths/Giants/MountainGiant.cs;Data/Scripts/Mobiles/Goliaths/Giants/SandGiant.cs;Data/Scripts/Mobiles/Goliaths/Giants/SeaGiant.cs;Data/Scripts/Mobiles/Goliaths/Giants/StarGiant.cs;Data/Scripts/Mobiles/Goliaths/Giants/StoneGiant.cs;Data/Scripts/Mobiles/Goliaths/Giants/StormGiant.cs;Data/Scripts/Mobiles/Goliaths/Ogres/AbysmalOgre.cs;Data/Scripts/Mobiles/Goliaths/Ogres/ArcticOgreLord.cs;Data/Scripts/Mobiles/Goliaths/Ogres/Ogre.cs;Data/Scripts/Mobiles/Goliaths/Ogres/OgreLord.cs;Data/Scripts/Mobiles/Goliaths/Ogres/OgreMagi.cs;Data/Scripts/Mobiles/Goliaths/Ogres/TundraOgre.cs;Data/Scripts/Mobiles/Goliaths/OrkDemigod.cs;Data/Scripts/Mobiles/Goliaths/Titans/ElderTitan.cs;Data/Scripts/Mobiles/Goliaths/Titans/Titan.cs;Data/Scripts/Mobiles/Goliaths/Trolls/FrostTroll.cs;Data/Scripts/Mobiles/Goliaths/Trolls/FrostTrollShaman.cs;Data/Scripts/Mobiles/Goliaths/Trolls/SeaTroll.cs;Data/Scripts/Mobiles/Goliaths/Trolls/SwampTroll.cs;Data/Scripts/Mobiles/Goliaths/Trolls/Troll.cs;Data/Scripts/Mobiles/Goliaths/Trolls/TrollWitchDoctor.cs;Data/Scripts/Mobiles/Goliaths/ZornTheBlacksmith.cs;Data/Scripts/Mobiles/Hellish/AncientNightmareRiding.cs;Data/Scripts/Mobiles/Hellish/Chimera.cs;Data/Scripts/Mobiles/Hellish/DarkHound.cs;Data/Scripts/Mobiles/Hellish/FireSteed.cs;Data/Scripts/Mobiles/Hellish/HellBeast.cs;Data/Scripts/Mobiles/Hellish/HordeMinion.cs;Data/Scripts/Mobiles/Hellish/ManticoreRiding.cs;Data/Scripts/Mobiles/Hellish/Nightmare.cs;Data/Scripts/Mobiles/Hellish/ShadowFiend.cs;Data/Scripts/Mobiles/Hellish/Vrock.cs;Data/Scripts/Mobiles/Humanoids/Aliens/BombWorshipper.cs;Data/Scripts/Mobiles/Humanoids/Aliens/Jedi.cs;Data/Scripts/Mobiles/Humanoids/Aliens/Psionicist.cs;Data/Scripts/Mobiles/Humanoids/Aliens/SavageAlien.cs;Data/Scripts/Mobiles/Humanoids/Aliens/Syth.cs;Data/Scripts/Mobiles/Humanoids/Ambroz/AbrozChieftain.cs;Data/Scripts/Mobiles/Humanoids/Ambroz/AbrozShaman.cs;Data/Scripts/Mobiles/Humanoids/Ambroz/AbrozWarrior.cs;Data/Scripts/Mobiles/Humanoids/Bugbear.cs;Data/Scripts/Mobiles/Humanoids/Drakkul/Drakkul.cs;Data/Scripts/Mobiles/Humanoids/Drakkul/DrakkulChief.cs;Data/Scripts/Mobiles/Humanoids/Drakkul/DrakkulMage.cs;Data/Scripts/Mobiles/Humanoids/Drider.cs;Data/Scripts/Mobiles/Humanoids/DriderWizard.cs;Data/Scripts/Mobiles/Humanoids/Durgar.cs;Data/Scripts/Mobiles/Humanoids/Elves/ElfBerserker.cs;Data/Scripts/Mobiles/Humanoids/Elves/ElfMage.cs;Data/Scripts/Mobiles/Humanoids/Elves/ElfMinstrel.cs;Data/Scripts/Mobiles/Humanoids/Elves/ElfMonks.cs;Data/Scripts/Mobiles/Humanoids/Elves/ElfRogue.cs;Data/Scripts/Mobiles/Humanoids/Gnoll.cs;Data/Scripts/Mobiles/Humanoids/Gnome/Gnome.cs;Data/Scripts/Mobiles/Humanoids/Gnome/GnomeMage.cs;Data/Scripts/Mobiles/Humanoids/Gnome/GnomeWarrior.cs;Data/Scripts/Mobiles/Humanoids/Goblin.cs;Data/Scripts/Mobiles/Humanoids/GoblinArcher.cs;Data/Scripts/Mobiles/Humanoids/Harpies/Harpy.cs;Data/Scripts/Mobiles/Humanoids/Harpies/HarpyElder.cs;Data/Scripts/Mobiles/Humanoids/Harpies/HarpyHen.cs;Data/Scripts/Mobiles/Humanoids/Harpies/SnowHarpy.cs;Data/Scripts/Mobiles/Humanoids/Harpies/StoneHarpy.cs;Data/Scripts/Mobiles/Humanoids/Hobgoblin.cs;Data/Scripts/Mobiles/Humanoids/Humans/Adventurers.cs;Data/Scripts/Mobiles/Humanoids/Humans/Archmage.cs;Data/Scripts/Mobiles/Humanoids/Humans/Bandit.cs;Data/Scripts/Mobiles/Humanoids/Humans/Berserker.cs;Data/Scripts/Mobiles/Humanoids/Humans/BlackKnight.cs;Data/Scripts/Mobiles/Humanoids/Humans/BloodAssassin.cs;Data/Scripts/Mobiles/Humanoids/Humans/Brigand.cs;Data/Scripts/Mobiles/Humanoids/Humans/EvilMage.cs;Data/Scripts/Mobiles/Humanoids/Humans/EvilMageLord.cs;Data/Scripts/Mobiles/Humanoids/Humans/Executioner.cs;Data/Scripts/Mobiles/Humanoids/Humans/GolemController.cs;Data/Scripts/Mobiles/Humanoids/Humans/Minstrel.cs;Data/Scripts/Mobiles/Humanoids/Humans/Monks.cs;Data/Scripts/Mobiles/Humanoids/Humans/Rogue.cs;Data/Scripts/Mobiles/Humanoids/Jackalwitch.cs;Data/Scripts/Mobiles/Humanoids/Lizardmen/Grathek.cs;Data/Scripts/Mobiles/Humanoids/Lizardmen/KoboldMage.cs;Data/Scripts/Mobiles/Humanoids/Lizardmen/Lizardman.cs;Data/Scripts/Mobiles/Humanoids/Lizardmen/LizardmanArcher.cs;Data/Scripts/Mobiles/Humanoids/Lizardmen/MutantLizardman.cs;Data/Scripts/Mobiles/Humanoids/Lizardmen/Reptalar.cs;Data/Scripts/Mobiles/Humanoids/Lizardmen/ReptalarChieftain.cs;Data/Scripts/Mobiles/Humanoids/Lizardmen/ReptalarShaman.cs;Data/Scripts/Mobiles/Humanoids/Lizardmen/Reptaur.cs;Data/Scripts/Mobiles/Humanoids/Lizardmen/Sakleth.cs;Data/Scripts/Mobiles/Humanoids/Lizardmen/SaklethArcher.cs;Data/Scripts/Mobiles/Humanoids/Lizardmen/SaklethMage.cs;Data/Scripts/Mobiles/Humanoids/Lizardmen/Sleestax.cs;Data/Scripts/Mobiles/Humanoids/Medusa.cs;Data/Scripts/Mobiles/Humanoids/MindFlayer.cs;Data/Scripts/Mobiles/Humanoids/Minotaurs/Minotaur.cs;Data/Scripts/Mobiles/Humanoids/Minotaurs/MinotaurCaptain.cs;Data/Scripts/Mobiles/Humanoids/Minotaurs/MinotaurScout.cs;Data/Scripts/Mobiles/Humanoids/Minotaurs/MinotaurSmall.cs;Data/Scripts/Mobiles/Humanoids/Minotaurs/MutantMinotaur.cs;Data/Scripts/Mobiles/Humanoids/Mongbat.cs;Data/Scripts/Mobiles/Humanoids/Morlock.cs;Data/Scripts/Mobiles/Humanoids/Neanderthal.cs;Data/Scripts/Mobiles/Humanoids/Orcs/Orc.cs;Data/Scripts/Mobiles/Humanoids/Orcs/OrcBomber.cs;Data/Scripts/Mobiles/Humanoids/Orcs/OrcCaptain.cs;Data/Scripts/Mobiles/Humanoids/Orcs/OrcishLord.cs;Data/Scripts/Mobiles/Humanoids/Orcs/OrcishMage.cs;Data/Scripts/Mobiles/Humanoids/Orcs/OrkMage.cs;Data/Scripts/Mobiles/Humanoids/Orcs/OrkMonks.cs;Data/Scripts/Mobiles/Humanoids/Orcs/OrkRogue.cs;Data/Scripts/Mobiles/Humanoids/Orcs/OrkWarrior.cs;Data/Scripts/Mobiles/Humanoids/Orcs/Orx.cs;Data/Scripts/Mobiles/Humanoids/Orcs/OrxWarrior.cs;Data/Scripts/Mobiles/Humanoids/Orcs/Urc.cs;Data/Scripts/Mobiles/Humanoids/Orcs/UrcBowman.cs;Data/Scripts/Mobiles/Humanoids/Orcs/UrcShaman.cs;Data/Scripts/Mobiles/Humanoids/Orcs/Urk.cs;Data/Scripts/Mobiles/Humanoids/Orcs/UrkShaman.cs;Data/Scripts/Mobiles/Humanoids/Ratmen/Ratman.cs;Data/Scripts/Mobiles/Humanoids/Ratmen/RatmanArcher.cs;Data/Scripts/Mobiles/Humanoids/Ratmen/RatmanMage.cs;Data/Scripts/Mobiles/Humanoids/Sailors/BaseSailor.cs;Data/Scripts/Mobiles/Humanoids/Sailors/Galleons/BasePirate.cs;Data/Scripts/Mobiles/Humanoids/Sailors/Galleons/PirateCult.cs;Data/Scripts/Mobiles/Humanoids/Sailors/Galleons/PirateCyclops.cs;Data/Scripts/Mobiles/Humanoids/Sailors/Galleons/PirateDaemon.cs;Data/Scripts/Mobiles/Humanoids/Sailors/Galleons/PirateDarkLord.cs;Data/Scripts/Mobiles/Humanoids/Sailors/Galleons/PirateDemon.cs;Data/Scripts/Mobiles/Humanoids/Sailors/Galleons/PirateDemoness.cs;Data/Scripts/Mobiles/Humanoids/Sailors/Galleons/PirateDevil.cs;Data/Scripts/Mobiles/Humanoids/Sailors/Galleons/PirateDragonogre.cs;Data/Scripts/Mobiles/Humanoids/Sailors/Galleons/PirateDrow.cs;Data/Scripts/Mobiles/Humanoids/Sailors/Galleons/PirateEttinMage.cs;Data/Scripts/Mobiles/Humanoids/Sailors/Galleons/PirateGargoyle.cs;Data/Scripts/Mobiles/Humanoids/Sailors/Galleons/PirateGhost.cs;Data/Scripts/Mobiles/Humanoids/Sailors/Galleons/PirateGrathek.cs;Data/Scripts/Mobiles/Humanoids/Sailors/Galleons/PirateLich.cs;Data/Scripts/Mobiles/Humanoids/Sailors/Galleons/PirateLichLord.cs;Data/Scripts/Mobiles/Humanoids/Sailors/Galleons/PirateMen.cs;Data/Scripts/Mobiles/Humanoids/Sailors/Galleons/PirateMinotaur.cs;Data/Scripts/Mobiles/Humanoids/Sailors/Galleons/PirateNatives.cs;Data/Scripts/Mobiles/Humanoids/Sailors/Galleons/PirateOgreLord.cs;Data/Scripts/Mobiles/Humanoids/Sailors/Galleons/PirateOphidian.cs;Data/Scripts/Mobiles/Humanoids/Sailors/Galleons/PirateSakleth.cs;Data/Scripts/Mobiles/Humanoids/Sailors/Galleons/PirateSkeleton.cs;Data/Scripts/Mobiles/Humanoids/Sailors/Galleons/PirateSnakeMan.cs;Data/Scripts/Mobiles/Humanoids/Sailors/Galleons/PirateSuccubus.cs;Data/Scripts/Mobiles/Humanoids/Sailors/Galleons/PirateTitan.cs;Data/Scripts/Mobiles/Humanoids/Sailors/Galleons/PirateTroll.cs;Data/Scripts/Mobiles/Humanoids/Sailors/Galleons/PirateUndead.cs;Data/Scripts/Mobiles/Humanoids/Sailors/Galleons/SailorAngel.cs;Data/Scripts/Mobiles/Humanoids/Sailors/Galleons/SailorAngelLord.cs;Data/Scripts/Mobiles/Humanoids/Sailors/Galleons/SailorElf.cs;Data/Scripts/Mobiles/Humanoids/Sailors/Galleons/SailorElfGuards.cs;Data/Scripts/Mobiles/Humanoids/Sailors/Galleons/SailorGuards.cs;Data/Scripts/Mobiles/Humanoids/Sailors/Galleons/SailorMerchant.cs;Data/Scripts/Mobiles/Humanoids/Sailors/Galleons/SailorOrkGuards.cs;Data/Scripts/Mobiles/Humanoids/Sailors/Pirates/ElfPirateCaptain.cs;Data/Scripts/Mobiles/Humanoids/Sailors/Pirates/ElfPirateCrew.cs;Data/Scripts/Mobiles/Humanoids/Sailors/Pirates/ElfPirateCrewBow.cs;Data/Scripts/Mobiles/Humanoids/Sailors/Pirates/ElfPirateCrewMage.cs;Data/Scripts/Mobiles/Humanoids/Sailors/Pirates/PirateCaptain.cs;Data/Scripts/Mobiles/Humanoids/Sailors/Pirates/PirateCrew.cs;Data/Scripts/Mobiles/Humanoids/Sailors/Pirates/PirateCrewBow.cs;Data/Scripts/Mobiles/Humanoids/Sailors/Pirates/PirateCrewMage.cs;Data/Scripts/Mobiles/Humanoids/Sailors/Pirates/PirateLand.cs;Data/Scripts/Mobiles/Humanoids/Savages/Native.cs;Data/Scripts/Mobiles/Humanoids/Savages/NativeArcher.cs;Data/Scripts/Mobiles/Humanoids/Savages/NativeWitchDoctor.cs;Data/Scripts/Mobiles/Humanoids/Savages/Savage.cs;Data/Scripts/Mobiles/Humanoids/Savages/SavageLord.cs;Data/Scripts/Mobiles/Humanoids/Savages/SavageRider.cs;Data/Scripts/Mobiles/Humanoids/Savages/SavageShaman.cs;Data/Scripts/Mobiles/Humanoids/Savages/ZuluuArcher.cs;Data/Scripts/Mobiles/Humanoids/Savages/ZuluuNative.cs;Data/Scripts/Mobiles/Humanoids/Savages/ZuluuWitchDoctor.cs;Data/Scripts/Mobiles/Humanoids/Sea/Dagon.cs;Data/Scripts/Mobiles/Humanoids/Sea/Krakoa.cs;Data/Scripts/Mobiles/Humanoids/Sea/Lobstran.cs;Data/Scripts/Mobiles/Humanoids/Sea/Locathah.cs;Data/Scripts/Mobiles/Humanoids/Sea/Neptar.cs;Data/Scripts/Mobiles/Humanoids/Sea/NeptarWizard.cs;Data/Scripts/Mobiles/Humanoids/Sea/SeaHag.cs;Data/Scripts/Mobiles/Humanoids/Sea/SeaHagGreater.cs;Data/Scripts/Mobiles/Humanoids/Sea/Tritun.cs;Data/Scripts/Mobiles/Humanoids/Sea/TritunMage.cs;Data/Scripts/Mobiles/Humanoids/Serpents/FireNaga.cs;Data/Scripts/Mobiles/Humanoids/Serpents/FireSlamander.cs;Data/Scripts/Mobiles/Humanoids/Serpents/Naga.cs;Data/Scripts/Mobiles/Humanoids/Serpents/OphidianArchmage.cs;Data/Scripts/Mobiles/Humanoids/Serpents/OphidianKnight.cs;Data/Scripts/Mobiles/Humanoids/Serpents/OphidianMage.cs;Data/Scripts/Mobiles/Humanoids/Serpents/OphidianMatriarch.cs;Data/Scripts/Mobiles/Humanoids/Serpents/OphidianWarrior.cs;Data/Scripts/Mobiles/Humanoids/Serpents/SandSerpyn.cs;Data/Scripts/Mobiles/Humanoids/Serpents/Serpentar.cs;Data/Scripts/Mobiles/Humanoids/Serpents/SerpentarWizard.cs;Data/Scripts/Mobiles/Humanoids/Serpents/Serpyn.cs;Data/Scripts/Mobiles/Humanoids/Serpents/SerpynChampion.cs;Data/Scripts/Mobiles/Humanoids/Serpents/SerpynSorceress.cs;Data/Scripts/Mobiles/Humanoids/Serpents/WaterNaga.cs;Data/Scripts/Mobiles/Humanoids/Terathan/TerathanAvenger.cs;Data/Scripts/Mobiles/Humanoids/Terathan/TerathanDrone.cs;Data/Scripts/Mobiles/Humanoids/Terathan/TerathanMatriarch.cs;Data/Scripts/Mobiles/Humanoids/Terathan/TerathanWarrior.cs;Data/Scripts/Mobiles/Humanoids/Yeti.cs;Data/Scripts/Mobiles/Insects/Aliens/Alien.cs;Data/Scripts/Mobiles/Insects/Aliens/AlienSmall.cs;Data/Scripts/Mobiles/Insects/Aliens/AlienSpider.cs;Data/Scripts/Mobiles/Insects/Aliens/Shaclaw.cs;Data/Scripts/Mobiles/Insects/Anhkheg.cs;Data/Scripts/Mobiles/Insects/Ants/AntLion.cs;Data/Scripts/Mobiles/Insects/Ants/AntaurKing.cs;Data/Scripts/Mobiles/Insects/Ants/AntaurProgenitor.cs;Data/Scripts/Mobiles/Insects/Ants/AntaurSoldier.cs;Data/Scripts/Mobiles/Insects/Ants/AntaurWorker.cs;Data/Scripts/Mobiles/Insects/Beetles/Beetle.cs;Data/Scripts/Mobiles/Insects/Beetles/DeathWatchBeetle.cs;Data/Scripts/Mobiles/Insects/Beetles/DeathWatchBeetleHatchling.cs;Data/Scripts/Mobiles/Insects/Beetles/DuneBeetle.cs;Data/Scripts/Mobiles/Insects/Beetles/FireBeetle.cs;Data/Scripts/Mobiles/Insects/Beetles/MetalBeetle.cs;Data/Scripts/Mobiles/Insects/Beetles/RuneBeetle.cs;Data/Scripts/Mobiles/Insects/DeadlyScorpion.cs;Data/Scripts/Mobiles/Insects/Lavapede.cs;Data/Scripts/Mobiles/Insects/Mantis.cs;Data/Scripts/Mobiles/Insects/Scorpion.cs;Data/Scripts/Mobiles/Insects/Spiders/AbyssCrawler.cs;Data/Scripts/Mobiles/Insects/Spiders/Arachnar.cs;Data/Scripts/Mobiles/Insects/Spiders/CaveFisher.cs;Data/Scripts/Mobiles/Insects/Spiders/DreadSpider.cs;Data/Scripts/Mobiles/Insects/Spiders/FrostSpider.cs;Data/Scripts/Mobiles/Insects/Spiders/GiantBlackWidow.cs;Data/Scripts/Mobiles/Insects/Spiders/GiantSpider.cs;Data/Scripts/Mobiles/Insects/Spiders/LargeSpider.cs;Data/Scripts/Mobiles/Insects/Spiders/MonstrousSpider.cs;Data/Scripts/Mobiles/Insects/Spiders/PhaseSpider.cs;Data/Scripts/Mobiles/Insects/Spiders/SandSpider.cs;Data/Scripts/Mobiles/Insects/Spiders/ShadowRecluse.cs;Data/Scripts/Mobiles/Insects/Spiders/Tarantula.cs;Data/Scripts/Mobiles/Insects/Spiders/WaterStrider.cs;Data/Scripts/Mobiles/Insects/Spiders/ZombieSpider.cs;Data/Scripts/Mobiles/Mystical/AncientSphinx.cs;Data/Scripts/Mobiles/Mystical/Angel.cs;Data/Scripts/Mobiles/Mystical/Archangel.cs;Data/Scripts/Mobiles/Mystical/Centaur.cs;Data/Scripts/Mobiles/Mystical/CorruptCentaur.cs;Data/Scripts/Mobiles/Mystical/CuSidhe.cs;Data/Scripts/Mobiles/Mystical/DarkUnicornRiding.cs;Data/Scripts/Mobiles/Mystical/DarkWisp.cs;Data/Scripts/Mobiles/Mystical/Dreadhorn.cs;Data/Scripts/Mobiles/Mystical/EtherealWarrior.cs;Data/Scripts/Mobiles/Mystical/Faerie.cs;Data/Scripts/Mobiles/Mystical/GriffonRiding.cs;Data/Scripts/Mobiles/Mystical/GuardianWolf.cs;Data/Scripts/Mobiles/Mystical/HippogriffRiding.cs;Data/Scripts/Mobiles/Mystical/IceSteed.cs;Data/Scripts/Mobiles/Mystical/Kirin.cs;Data/Scripts/Mobiles/Mystical/MLDryad.cs;Data/Scripts/Mobiles/Mystical/MysticalFox.cs;Data/Scripts/Mobiles/Mystical/PegasusRiding.cs;Data/Scripts/Mobiles/Mystical/Phoenix.cs;Data/Scripts/Mobiles/Mystical/Pixie.cs;Data/Scripts/Mobiles/Mystical/Placeron.cs;Data/Scripts/Mobiles/Mystical/Reptalon.cs;Data/Scripts/Mobiles/Mystical/RoyalSphinx.cs;Data/Scripts/Mobiles/Mystical/Satyr.cs;Data/Scripts/Mobiles/Mystical/ShadowWisp.cs;Data/Scripts/Mobiles/Mystical/SphinxRiding.cs;Data/Scripts/Mobiles/Mystical/Sprite.cs;Data/Scripts/Mobiles/Mystical/Sunlyte.cs;Data/Scripts/Mobiles/Mystical/Unicorn.cs;Data/Scripts/Mobiles/Mystical/Wisp.cs;Data/Scripts/Mobiles/Mystical/Xatyr.cs;Data/Scripts/Mobiles/Mystical/xDryad.cs;Data/Scripts/Mobiles/Plants/AncientEnt.cs;Data/Scripts/Mobiles/Plants/AncientReaper.cs;Data/Scripts/Mobiles/Plants/BloodLotus.cs;Data/Scripts/Mobiles/Plants/BogThing.cs;Data/Scripts/Mobiles/Plants/Bogling.cs;Data/Scripts/Mobiles/Plants/Corpser.cs;Data/Scripts/Mobiles/Plants/CreepingFungus.cs;Data/Scripts/Mobiles/Plants/DeadReaper.cs;Data/Scripts/Mobiles/Plants/Ent.cs;Data/Scripts/Mobiles/Plants/EvilEnt.cs;Data/Scripts/Mobiles/Plants/Fungal.cs;Data/Scripts/Mobiles/Plants/FungalMage.cs;Data/Scripts/Mobiles/Plants/Quagmire.cs;Data/Scripts/Mobiles/Plants/Reaper.cs;Data/Scripts/Mobiles/Plants/SeaWeeder.cs;Data/Scripts/Mobiles/Plants/SwampTentacle.cs;Data/Scripts/Mobiles/Plants/SwampThing.cs;Data/Scripts/Mobiles/Plants/TheAncientTree.cs;Data/Scripts/Mobiles/Plants/WalkingReaper.cs;Data/Scripts/Mobiles/Plants/WhippingVine.cs;Data/Scripts/Mobiles/Plants/WoodlandDevil.cs;Data/Scripts/Mobiles/Races/BaseRace.cs;Data/Scripts/Mobiles/Reptilian/Alligator.cs;Data/Scripts/Mobiles/Reptilian/BasiliskRiding.cs;Data/Scripts/Mobiles/Reptilian/CaveLizard.cs;Data/Scripts/Mobiles/Reptilian/Dinosaurs/Brontosaur.cs;Data/Scripts/Mobiles/Reptilian/Dinosaurs/Iguanodon.cs;Data/Scripts/Mobiles/Reptilian/Dinosaurs/Meglasaur.cs;Data/Scripts/Mobiles/Reptilian/Dinosaurs/RaptorRiding.cs;Data/Scripts/Mobiles/Reptilian/Dinosaurs/RavenousRiding.cs;Data/Scripts/Mobiles/Reptilian/Dinosaurs/Stegosaurus.cs;Data/Scripts/Mobiles/Reptilian/Dinosaurs/Teradactyl.cs;Data/Scripts/Mobiles/Reptilian/Dinosaurs/Titanoboa.cs;Data/Scripts/Mobiles/Reptilian/Fish/GreatWhite.cs;Data/Scripts/Mobiles/Reptilian/Fish/Lochasaur.cs;Data/Scripts/Mobiles/Reptilian/Fish/Megalodon.cs;Data/Scripts/Mobiles/Reptilian/Fish/SeaHorses.cs;Data/Scripts/Mobiles/Reptilian/Fish/Shark.cs;Data/Scripts/Mobiles/Reptilian/Frogs/BullFrog.cs;Data/Scripts/Mobiles/Reptilian/Frogs/FireToad.cs;Data/Scripts/Mobiles/Reptilian/Frogs/Frog.cs;Data/Scripts/Mobiles/Reptilian/Frogs/GiantToad.cs;Data/Scripts/Mobiles/Reptilian/Frogs/IceToad.cs;Data/Scripts/Mobiles/Reptilian/Frogs/PoisonFrog.cs;Data/Scripts/Mobiles/Reptilian/Frogs/Toad.cs;Data/Scripts/Mobiles/Reptilian/GiantLizard.cs;Data/Scripts/Mobiles/Reptilian/Iguana.cs;Data/Scripts/Mobiles/Reptilian/LavaLizard.cs;Data/Scripts/Mobiles/Reptilian/Ridgeback.cs;Data/Scripts/Mobiles/Reptilian/SavageRidgeback.cs;Data/Scripts/Mobiles/Reptilian/Sea/Calamari.cs;Data/Scripts/Mobiles/Reptilian/Sea/GiantCrab.cs;Data/Scripts/Mobiles/Reptilian/Sea/GiantEel.cs;Data/Scripts/Mobiles/Reptilian/Sea/GiantLamprey.cs;Data/Scripts/Mobiles/Reptilian/Sea/GiantSquid.cs;Data/Scripts/Mobiles/Reptilian/Sea/Kraken.cs;Data/Scripts/Mobiles/Reptilian/Sea/Leviathan.cs;Data/Scripts/Mobiles/Reptilian/Sea/Lurker.cs;Data/Scripts/Mobiles/Reptilian/Sea/Raptus.cs;Data/Scripts/Mobiles/Reptilian/Serpentaur.cs;Data/Scripts/Mobiles/Reptilian/Snakes/BloodSnake.cs;Data/Scripts/Mobiles/Reptilian/Snakes/DeepSeaSerpent.cs;Data/Scripts/Mobiles/Reptilian/Snakes/GiantAdder.cs;Data/Scripts/Mobiles/Reptilian/Snakes/GiantIceWorm.cs;Data/Scripts/Mobiles/Reptilian/Snakes/GiantSerpent.cs;Data/Scripts/Mobiles/Reptilian/Snakes/GiantSnake.cs;Data/Scripts/Mobiles/Reptilian/Snakes/GoldenSerpent.cs;Data/Scripts/Mobiles/Reptilian/Snakes/IceSerpent.cs;Data/Scripts/Mobiles/Reptilian/Snakes/IceSnake.cs;Data/Scripts/Mobiles/Reptilian/Snakes/JadeSerpent.cs;Data/Scripts/Mobiles/Reptilian/Snakes/Jormungand.cs;Data/Scripts/Mobiles/Reptilian/Snakes/JungleViper.cs;Data/Scripts/Mobiles/Reptilian/Snakes/LargeSnake.cs;Data/Scripts/Mobiles/Reptilian/Snakes/LavaSerpent.cs;Data/Scripts/Mobiles/Reptilian/Snakes/LavaSnake.cs;Data/Scripts/Mobiles/Reptilian/Snakes/LesserSeaSnake.cs;Data/Scripts/Mobiles/Reptilian/Snakes/RandomSerpent.cs;Data/Scripts/Mobiles/Reptilian/Snakes/SeaSerpent.cs;Data/Scripts/Mobiles/Reptilian/Snakes/SeaSnake.cs;Data/Scripts/Mobiles/Reptilian/Snakes/SilverSerpent.cs;Data/Scripts/Mobiles/Reptilian/Snakes/Snake.cs;Data/Scripts/Mobiles/Reptilian/Snapper.cs;Data/Scripts/Mobiles/Reptilian/Stalker.cs;Data/Scripts/Mobiles/Reptilian/Styguana.cs;Data/Scripts/Mobiles/Reptilian/SwampDragon.cs;Data/Scripts/Mobiles/Reptilian/SwampGator.cs;Data/Scripts/Mobiles/Reptilian/Toraxen.cs;Data/Scripts/Mobiles/Reptilian/Tortuga.cs;Data/Scripts/Mobiles/Reptilian/Turtle.cs;Data/Scripts/Mobiles/Slimes/AcidPuddle.cs;Data/Scripts/Mobiles/Slimes/BlackPudding.cs;Data/Scripts/Mobiles/Slimes/FrostOoze.cs;Data/Scripts/Mobiles/Slimes/GiantLeech.cs;Data/Scripts/Mobiles/Slimes/GreenSlime.cs;Data/Scripts/Mobiles/Slimes/LavaPuddle.cs;Data/Scripts/Mobiles/Slimes/MarshWurm.cs;Data/Scripts/Mobiles/Slimes/OilSlick.cs;Data/Scripts/Mobiles/Slimes/Slime.cs;Data/Scripts/Mobiles/Slimes/SlimeDevil.cs;Data/Scripts/Mobiles/Slimes/StrangleVine.cs;Data/Scripts/Mobiles/Summoned/BladeSpirits.cs;Data/Scripts/Mobiles/Summoned/DeathVortex.cs;Data/Scripts/Mobiles/Summoned/EnergyVortex.cs;Data/Scripts/Mobiles/Summoned/EvilBladeSpirits.cs;Data/Scripts/Mobiles/Summoned/EvilEnergyVortex.cs;Data/Scripts/Mobiles/Summoned/EvilIcyVortex.cs;Data/Scripts/Mobiles/Summoned/EvilPlagueVortex.cs;Data/Scripts/Mobiles/Summoned/EvilScorchingVortex.cs;Data/Scripts/Mobiles/Summoned/Fairy.cs;Data/Scripts/Mobiles/Summoned/GasCloud.cs;Data/Scripts/Mobiles/Summoned/IceBladeSpirits.cs;Data/Scripts/Mobiles/Summoned/ManureGolem.cs;Data/Scripts/Mobiles/Summoned/SummonedAirElemental.cs;Data/Scripts/Mobiles/Summoned/SummonedAirElementalGreater.cs;Data/Scripts/Mobiles/Summoned/SummonedDaemon.cs;Data/Scripts/Mobiles/Summoned/SummonedDaemonGreater.cs;Data/Scripts/Mobiles/Summoned/SummonedEarthElemental.cs;Data/Scripts/Mobiles/Summoned/SummonedEarthElementalGreater.cs;Data/Scripts/Mobiles/Summoned/SummonedFireElemental.cs;Data/Scripts/Mobiles/Summoned/SummonedFireElementalGreater.cs;Data/Scripts/Mobiles/Summoned/SummonedTiger.cs;Data/Scripts/Mobiles/Summoned/SummonedWaterElemental.cs;Data/Scripts/Mobiles/Summoned/SummonedWaterElementalGreater.cs;Data/Scripts/Mobiles/Summoned/Swarm.cs;Data/Scripts/Mobiles/Summoned/WineElemental.cs;Data/Scripts/Mobiles/Undead/AncientLich.cs;Data/Scripts/Mobiles/Undead/AquaticGhoul.cs;Data/Scripts/Mobiles/Undead/Bodak.cs;Data/Scripts/Mobiles/Undead/BoneKnight.cs;Data/Scripts/Mobiles/Undead/BoneMagi.cs;Data/Scripts/Mobiles/Undead/BoneSailor.cs;Data/Scripts/Mobiles/Undead/BoneSlasher.cs;Data/Scripts/Mobiles/Undead/DarkReaper.cs;Data/Scripts/Mobiles/Undead/DeadKnight.cs;Data/Scripts/Mobiles/Undead/DeadWizard.cs;Data/Scripts/Mobiles/Undead/DeathBear.cs;Data/Scripts/Mobiles/Undead/DeathWolf.cs;Data/Scripts/Mobiles/Undead/DemiLich.cs;Data/Scripts/Mobiles/Undead/DiseasedMummy.cs;Data/Scripts/Mobiles/Undead/Dracolich.cs;Data/Scripts/Mobiles/Undead/Dracula.cs;Data/Scripts/Mobiles/Undead/DragonGhost.cs;Data/Scripts/Mobiles/Undead/FrailSkeleton.cs;Data/Scripts/Mobiles/Undead/FrozenCorpse.cs;Data/Scripts/Mobiles/Undead/GargoyleBones.cs;Data/Scripts/Mobiles/Undead/GhostDragyn.cs;Data/Scripts/Mobiles/Undead/GhostGargoyle.cs;Data/Scripts/Mobiles/Undead/GhostPirate.cs;Data/Scripts/Mobiles/Undead/GhostWarrior.cs;Data/Scripts/Mobiles/Undead/GhostWizard.cs;Data/Scripts/Mobiles/Undead/Ghostly.cs;Data/Scripts/Mobiles/Undead/Ghoul.cs;Data/Scripts/Mobiles/Undead/GiantSkeleton.cs;Data/Scripts/Mobiles/Undead/GraveSeeker.cs;Data/Scripts/Mobiles/Undead/GrundulVarg.cs;Data/Scripts/Mobiles/Undead/HellSteed.cs;Data/Scripts/Mobiles/Undead/IceGhoul.cs;Data/Scripts/Mobiles/Undead/Kull.cs;Data/Scripts/Mobiles/Undead/Lich.cs;Data/Scripts/Mobiles/Undead/LichKing.cs;Data/Scripts/Mobiles/Undead/LichLord.cs;Data/Scripts/Mobiles/Undead/LostKnight.cs;Data/Scripts/Mobiles/Undead/Mummy.cs;Data/Scripts/Mobiles/Undead/MummyGiant.cs;Data/Scripts/Mobiles/Undead/MummyLord.cs;Data/Scripts/Mobiles/Undead/Murk.cs;Data/Scripts/Mobiles/Undead/Nazghoul.cs;Data/Scripts/Mobiles/Undead/NecroticHound.cs;Data/Scripts/Mobiles/Undead/Phantom.cs;Data/Scripts/Mobiles/Undead/RestlessSoul.cs;Data/Scripts/Mobiles/Undead/Revenant.cs;Data/Scripts/Mobiles/Undead/RevenantLion.cs;Data/Scripts/Mobiles/Undead/RottingCorpse.cs;Data/Scripts/Mobiles/Undead/RottingMinotaur.cs;Data/Scripts/Mobiles/Undead/RottingSquid.cs;Data/Scripts/Mobiles/Undead/SeaGhost.cs;Data/Scripts/Mobiles/Undead/SeaZombie.cs;Data/Scripts/Mobiles/Undead/Shade.cs;Data/Scripts/Mobiles/Undead/Shroud.cs;Data/Scripts/Mobiles/Undead/SkeletalDragon.cs;Data/Scripts/Mobiles/Undead/SkeletalGargoyle.cs;Data/Scripts/Mobiles/Undead/SkeletalKnight.cs;Data/Scripts/Mobiles/Undead/SkeletalMage.cs;Data/Scripts/Mobiles/Undead/SkeletalPirate.cs;Data/Scripts/Mobiles/Undead/SkeletalSamurai.cs;Data/Scripts/Mobiles/Undead/SkeletalWarrior.cs;Data/Scripts/Mobiles/Undead/SkeletalWizard.cs;Data/Scripts/Mobiles/Undead/Skeleton.cs;Data/Scripts/Mobiles/Undead/SkeletonArcher.cs;Data/Scripts/Mobiles/Undead/SkeletonDragon.cs;Data/Scripts/Mobiles/Undead/SkeletonHorse.cs;Data/Scripts/Mobiles/Undead/SoulReaper.cs;Data/Scripts/Mobiles/Undead/SoulWorm.cs;Data/Scripts/Mobiles/Undead/SpectralGargoyle.cs;Data/Scripts/Mobiles/Undead/Spectre.cs;Data/Scripts/Mobiles/Undead/Spirit.cs;Data/Scripts/Mobiles/Undead/Surtaz.cs;Data/Scripts/Mobiles/Undead/TitanLich.cs;Data/Scripts/Mobiles/Undead/Undead.cs;Data/Scripts/Mobiles/Undead/UndeadDruid.cs;Data/Scripts/Mobiles/Undead/UndeadGiant.cs;Data/Scripts/Mobiles/Undead/Vampire.cs;Data/Scripts/Mobiles/Undead/VampireLord.cs;Data/Scripts/Mobiles/Undead/VampirePrince.cs;Data/Scripts/Mobiles/Undead/VampireWoods.cs;Data/Scripts/Mobiles/Undead/Vordo.cs;Data/Scripts/Mobiles/Undead/WailingBanshee.cs;Data/Scripts/Mobiles/Undead/WalkingCorpse.cs;Data/Scripts/Mobiles/Undead/Wight.cs;Data/Scripts/Mobiles/Undead/Wraith.cs;Data/Scripts/Mobiles/Undead/Zombie.cs;Data/Scripts/Mobiles/Undead/ZombieDragon.cs;Data/Scripts/Mobiles/Undead/ZombieGargoyle.cs;Data/Scripts/Mobiles/Undead/ZombieGiant.cs;Data/Scripts/Mobiles/Undead/ZombieMage.cs;Data/Scripts/Mobiles/Unique/BaneOfAnarchy.cs;Data/Scripts/Mobiles/Unique/BaneOfInsanity.cs;Data/Scripts/Mobiles/Unique/BaneOfWantoness.cs;Data/Scripts/Mobiles/Unique/BaronAlmric.cs;Data/Scripts/Mobiles/Unique/CodexGargoyles.cs;Data/Scripts/Mobiles/Unique/Exodus.cs;Data/Scripts/Mobiles/Unique/GrayDragon.cs;Data/Scripts/Mobiles/Unique/KhumashGor.cs;Data/Scripts/Mobiles/Unique/Mangar.cs;Data/Scripts/Mobiles/Unique/RuneGuardian.cs;Data/Scripts/Mobiles/Unique/SerpentOfChaos.cs;Data/Scripts/Mobiles/Unique/SerpentOfOrder.cs;Data/Scripts/Mobiles/Unique/Shadowlord.cs;Data/Scripts/Mobiles/Unique/SlasherOfVoid.cs;Data/Scripts/Mobiles/Unique/Spectres.cs;Data/Scripts/Mobiles/Unique/Tarjan.cs;Data/Scripts/Mobiles/Unique/TitanHydros.cs;Data/Scripts/Mobiles/Unique/TitanLithos.cs;Data/Scripts/Mobiles/Unique/TitanPyros.cs;Data/Scripts/Mobiles/Unique/TitanStratos.cs;Data/Scripts/Mobiles/Unusual/Beholder.cs;Data/Scripts/Mobiles/Unusual/BloodGodTentacles.cs;Data/Scripts/Mobiles/Unusual/Cronosaurus.cs;Data/Scripts/Mobiles/Unusual/ElderGazer.cs;Data/Scripts/Mobiles/Unusual/EyeOfTheDeep.cs;Data/Scripts/Mobiles/Unusual/FloatingEye.cs;Data/Scripts/Mobiles/Unusual/Gazer.cs;Data/Scripts/Mobiles/Unusual/GorgonRiding.cs;Data/Scripts/Mobiles/Unusual/HeadlessOne.cs;Data/Scripts/Mobiles/Unusual/HookHorror.cs;Data/Scripts/Mobiles/Unusual/Kuthulu.cs;Data/Scripts/Mobiles/Unusual/Roper.cs;Data/Scripts/Mobiles/Unusual/Seeker.cs;Data/Scripts/Mobiles/Unusual/SoulSucker.cs;Data/Scripts/Mobiles/Unusual/StoneRoper.cs;Data/Scripts/Mobiles/Unusual/UmberHulk.cs;Data/Scripts/Mobiles/Unusual/VorpalBunny.cs;Data/Scripts/Mobiles/Unusual/Watcher.cs;Data/Scripts/Mobiles/Unusual/Xorn.cs;Data/Scripts/Quests/Bards Tale/MangarsRewards.cs;Data/Scripts/Quests/Codex/CodexWisdom.cs;Data/Scripts/Quests/Frankenstein/FrankenFighter.cs;Data/Scripts/Quests/Golems/GolemFighter.cs;Data/Scripts/Quests/Pagan/PaganArtifact.cs;Data/Scripts/Quests/Robots/Robot.cs;Data/Scripts/System/Commands/Player/SkillListing.cs;Data/Scripts/System/Gumps/SkillsGump.cs;Data/Scripts/System/Misc/Players.cs;Data/Scripts/System/Obsolete/Obsolete.cs;Data/Scripts/System/Obsolete/Pegasus.cs;Data/Scripts/System/Obsolete/Sphinx.cs;Data/Scripts/System/Skills/Discordance.cs;Data/Scripts/System/Skills/Druidism.cs;Data/Scripts/System/Skills/Peacemaking.cs;Data/Scripts/System/Skills/Weapon Abilities/WeaponArmorCalls.cs;Data/Scripts/Trades/Shoppes/BaseShoppe.cs;Data/System/Source/Skills.cs;Data/System/Source/Utility.cs,LexicalReferences; numeric indexes and dynamic references are not captured
27,Tactics,Tactics,1068,1268,Data/System/Source/Skills.cs,Data/Scripts/Custom/Champions/Mobiles/Champs-UO/Barracoon.cs;Data/Scripts/Custom/Champions/Mobiles/Champs-UO/Ilhenir.cs;Data/Scripts/Custom/Champions/Mobiles/Champs-UO/LordOaks.cs;Data/Scripts/Custom/Champions/Mobiles/Champs-UO/Mephitis.cs;Data/Scripts/Custom/Champions/Mobiles/Champs-UO/Neira.cs;Data/Scripts/Custom/Champions/Mobiles/Champs-UO/Rikktor.cs;Data/Scripts/Custom/Champions/Mobiles/Champs-UO/Semidar.cs;Data/Scripts/Custom/Champions/Mobiles/Champs-UO/Serado.cs;Data/Scripts/Custom/Champions/Mobiles/Champs-UO/Twaulo.cs;Data/Scripts/Custom/Champions/Mobiles/Minions/Bogle.cs;Data/Scripts/Custom/Champions/Mobiles/Minions/FerelTreefellow.cs;Data/Scripts/Custom/Champions/Mobiles/Minions/FetidEssence.cs;Data/Scripts/Custom/Champions/Mobiles/Minions/GreaterMongbat.cs;Data/Scripts/Custom/Champions/Mobiles/Minions/Hiryu.cs;Data/Scripts/Custom/Champions/Mobiles/Minions/InterredGrizzle .cs;Data/Scripts/Custom/Champions/Mobiles/Minions/Kappa.cs;Data/Scripts/Custom/Champions/Mobiles/Minions/LesserHiryu.cs;Data/Scripts/Custom/Champions/Mobiles/Minions/Oni.cs;Data/Scripts/Custom/Champions/Mobiles/Minions/PestilentBandage.cs;Data/Scripts/Custom/Champions/Mobiles/Minions/PlagueBeast.cs;Data/Scripts/Custom/Champions/Mobiles/Minions/PlagueBeastLord.cs;Data/Scripts/Custom/Champions/Mobiles/Minions/PlagueSpawn.cs;Data/Scripts/Custom/Champions/Mobiles/Minions/RagingGrizzlyBear.cs;Data/Scripts/Custom/Champions/Mobiles/Minions/SerpentineDragon.cs;Data/Scripts/Custom/Champions/Mobiles/Minions/Silvani.cs;Data/Scripts/Custom/Invasion System/Add Ins/Lord BlackThorn Clone.cs;Data/Scripts/Custom/Invasion System/Add Ins/Metal Assemblies/ASSEMBLY/BaseAssembly.cs;Data/Scripts/Custom/Invasion System/Add Ins/Metal Assemblies/ASSEMBLY/IronDragon.cs;Data/Scripts/Custom/Invasion System/Add Ins/Metal Assemblies/ASSEMBLY/MechGargoyle.cs;Data/Scripts/Custom/Invasion System/Add Ins/Metal Assemblies/ASSEMBLY/MetalDaemon.cs;Data/Scripts/Custom/Invasion System/Add Ins/Metal Assemblies/ASSEMBLY/Overseer.cs;Data/Scripts/Custom/Invasion System/Add Ins/Metal Assemblies/ASSEMBLY/runicGolem.cs;Data/Scripts/Custom/Invasion System/Add Ins/Metal Assemblies/Runic Clockwork Assembly.cs;Data/Scripts/Custom/Invasion System/Add Ins/Pirates/Chasing Pirates/PirateCaptain.cs;Data/Scripts/Custom/Invasion System/Add Ins/Pirates/Chasing Pirates/PirateCrew.cs;Data/Scripts/Custom/Invasion System/Add Ins/Pirates/Morgan/Morgan2.cs;Data/Scripts/Custom/Invasion System/Add Ins/Pirates/Morgan/Pirate.cs;Data/Scripts/Custom/Invasion System/Add Ins/Pirates/Morgan/PirateCaptain.cs;Data/Scripts/Custom/Invasion System/Add Ins/Pirates/Morgan/pirateevil.cs;Data/Scripts/Custom/Invasion System/Add Ins/Pirates/Pirate Set/Pirate 2.cs;Data/Scripts/Custom/Invasion System/Add Ins/Pirates/Pirate Set/Pirate First Mate.cs;Data/Scripts/Custom/Invasion System/Add Ins/Pirates/Pirate Set/Pirate.cs;Data/Scripts/Custom/Invasion System/Add Ins/Pirates/Pirate Set/PirateCabinboy.cs;Data/Scripts/Custom/Invasion System/Add Ins/Pirates/Pirate Set/PirateCaptain.cs;Data/Scripts/Custom/Invasion System/Add Ins/SubChamps/LordBlackThornBot.cs;Data/Scripts/Custom/Invasion System/Add Ins/SubChamps/LordOrcalis.cs;Data/Scripts/Custom/Invasion System/Add Ins/SubChamps/OgreChieftan.cs;Data/Scripts/Custom/Invasion System/Add Ins/SubChamps/OrcKing.cs;Data/Scripts/Custom/Invasion System/Add Ins/SubChamps/PirateLeader.cs;Data/Scripts/Custom/Invasion System/Add Ins/SubChamps/SpiderQueen.cs;Data/Scripts/Custom/Invasion System/Add Ins/SubChamps/Ssslither.cs;Data/Scripts/Custom/Invasion System/Add Ins/SubChamps/TheSavageGeneral.cs;Data/Scripts/Custom/Invasion System/Add Ins/SubChamps/WidowQueen.cs;Data/Scripts/Custom/Invasion System/Add Ins/SubChamps/lizardmanmage.cs;Data/Scripts/Custom/LOTR - The One Ring/RingWraith.cs;Data/Scripts/Custom/Offline Skill Training/Items/AdvancedStudyBooks.cs;Data/Scripts/Custom/Offline Skill Training/Items/LegendaryStudyBooks.cs;Data/Scripts/Custom/Offline Skill Training/Items/RandomStudyBooks.cs;Data/Scripts/Custom/Offline Skill Training/Items/StandardStudyBooks.cs;Data/Scripts/Custom/Progression/CharacterLevel/CharacterLevelService.cs;Data/Scripts/Custom/PvE/CloneOfflinePlayerCharacters/CharacterClone.cs;Data/Scripts/Custom/PvE/MobileBalance/MobileBalanceCatalog.cs;Data/Scripts/Custom/PvE/MobileBalance/SignedEquipSkillModController.cs;Data/Scripts/Custom/PvPConsent/GoddessOfProtection.cs;Data/Scripts/Custom/ThirdParty/OmniAI/AITester.cs;Data/Scripts/Custom/ThirdParty/OmniAI/OmniAI Bushido.cs;Data/Scripts/Custom/XMLSpawner/XmlAttachments/XmlMagicWord.cs;Data/Scripts/Custom/XMLSpawner/XmlMobiles/TalkingDrake.cs;Data/Scripts/Items/Armor/HorseArmor.cs;Data/Scripts/Items/Books/PowerScrolls/PowerScroll.cs;Data/Scripts/Items/Books/PowerScrolls/Scrolls_Exalted.cs;Data/Scripts/Items/Books/PowerScrolls/Scrolls_Legendary.cs;Data/Scripts/Items/Books/PowerScrolls/Scrolls_Mythical.cs;Data/Scripts/Items/Books/PowerScrolls/Scrolls_Power.cs;Data/Scripts/Items/Books/PowerScrolls/Scrolls_Wonderous.cs;Data/Scripts/Items/Magical/Artifacts/Artifact_DreadPirateHat.cs;Data/Scripts/Items/Magical/Artifacts/Artifact_DupresShield.cs;Data/Scripts/Items/Magical/Artifacts/Artifact_TalonBite.cs;Data/Scripts/Items/Magical/Artifacts/Artifact_WarriorsClasp.cs;Data/Scripts/Items/Magical/Artifacts/Obsolete/Obsolete_TalonBite.cs;Data/Scripts/Items/Magical/Artifacts/Obsolete/Obsolete_WarriorsClasp.cs;Data/Scripts/Items/Magical/GuildRings.cs;Data/Scripts/Items/Magical/Morph/MorphingItem.cs;Data/Scripts/Items/Misc/Bodies/LivingDead/SummonCorpse.cs;Data/Scripts/Items/Potions/Elixirs/Elixirs.cs;Data/Scripts/Items/Potions/Mixtures/AlchemicSlime.cs;Data/Scripts/Items/Special/DemonPrison.cs;Data/Scripts/Items/Special/Special Scrolls/SpecialScroll.cs;Data/Scripts/Items/Trades/Tools/BaseRunicTool.cs;Data/Scripts/Items/Weapons/BaseWeapon.cs;Data/Scripts/Magic/Base/SpellBooks.cs;Data/Scripts/Magic/Death Knight/DevilPact.cs;Data/Scripts/Magic/Druidism/Effects/ProtectiveFairySpell.cs;Data/Scripts/Magic/Druidism/Effects/TreefellowSpell.cs;Data/Scripts/Magic/Elementalism/Mobiles/ElementalCalledAir.cs;Data/Scripts/Magic/Elementalism/Mobiles/ElementalCalledEarth.cs;Data/Scripts/Magic/Elementalism/Mobiles/ElementalCalledFire.cs;Data/Scripts/Magic/Elementalism/Mobiles/ElementalCalledWater.cs;Data/Scripts/Magic/Elementalism/Mobiles/ElementalFiendAir.cs;Data/Scripts/Magic/Elementalism/Mobiles/ElementalFiendEarth.cs;Data/Scripts/Magic/Elementalism/Mobiles/ElementalFiendFire.cs;Data/Scripts/Magic/Elementalism/Mobiles/ElementalFiendWater.cs;Data/Scripts/Magic/Elementalism/Mobiles/ElementalLordAir.cs;Data/Scripts/Magic/Elementalism/Mobiles/ElementalLordEarth.cs;Data/Scripts/Magic/Elementalism/Mobiles/ElementalLordFire.cs;Data/Scripts/Magic/Elementalism/Mobiles/ElementalLordWater.cs;Data/Scripts/Magic/Elementalism/Mobiles/ElementalSpiritAir.cs;Data/Scripts/Magic/Elementalism/Mobiles/ElementalSpiritEarth.cs;Data/Scripts/Magic/Elementalism/Mobiles/ElementalSpiritFire.cs;Data/Scripts/Magic/Elementalism/Mobiles/ElementalSpiritWater.cs;Data/Scripts/Magic/Elementalism/Mobiles/ElementalSummonEnt.cs;Data/Scripts/Magic/Elementalism/Mobiles/ElementalSummonIce.cs;Data/Scripts/Magic/Elementalism/Mobiles/ElementalSummonLightning.cs;Data/Scripts/Magic/Elementalism/Mobiles/ElementalSummonMagma.cs;Data/Scripts/Magic/Enchantments/Mobiles/DevilPactMagic.cs;Data/Scripts/Magic/Holy Man/Spells/SanctifySpell.cs;Data/Scripts/Magic/Jedi/Gumps/JediSpellBookGump.cs;Data/Scripts/Magic/Jedi/JediSpell.cs;Data/Scripts/Magic/Jester/SummonedJoke.cs;Data/Scripts/Magic/Magery/Magery 3rd/MagicLock.cs;Data/Scripts/Magic/Misc/SummonDragonSpell.cs;Data/Scripts/Magic/Misc/SummonSkeleton.cs;Data/Scripts/Magic/Misc/SummonSnakesSpell.cs;Data/Scripts/Magic/Necromancy/AnimateDeadSpell.cs;Data/Scripts/Magic/Syth/Gumps/SythSpellBookGump.cs;Data/Scripts/Magic/Syth/SythSpell.cs;Data/Scripts/Mobiles/Animals/Bears/BlackBear.cs;Data/Scripts/Mobiles/Animals/Bears/BrownBear.cs;Data/Scripts/Mobiles/Animals/Bears/CaveBearRiding.cs;Data/Scripts/Mobiles/Animals/Bears/DireBear.cs;Data/Scripts/Mobiles/Animals/Bears/ElderBlackBearRiding.cs;Data/Scripts/Mobiles/Animals/Bears/ElderBrownBearRiding.cs;Data/Scripts/Mobiles/Animals/Bears/ElderPolarBearRiding.cs;Data/Scripts/Mobiles/Animals/Bears/GreatBear.cs;Data/Scripts/Mobiles/Animals/Bears/GrizzlyBearRiding.cs;Data/Scripts/Mobiles/Animals/Bears/KodiakBear.cs;Data/Scripts/Mobiles/Animals/Bears/Owlbear.cs;Data/Scripts/Mobiles/Animals/Bears/PandaRiding.cs;Data/Scripts/Mobiles/Animals/Bears/PolarBear.cs;Data/Scripts/Mobiles/Animals/Bears/SabreclawCub.cs;Data/Scripts/Mobiles/Animals/Bears/SabretoothBearRiding.cs;Data/Scripts/Mobiles/Animals/Bears/Trollbear.cs;Data/Scripts/Mobiles/Animals/Birds/AxeBeakRiding.cs;Data/Scripts/Mobiles/Animals/Birds/Bird.cs;Data/Scripts/Mobiles/Animals/Birds/Chicken.cs;Data/Scripts/Mobiles/Animals/Birds/Crane.cs;Data/Scripts/Mobiles/Animals/Birds/DesertBird.cs;Data/Scripts/Mobiles/Animals/Birds/Eagle.cs;Data/Scripts/Mobiles/Animals/Birds/Hawk.cs;Data/Scripts/Mobiles/Animals/Birds/Ostrich.cs;Data/Scripts/Mobiles/Animals/Birds/Penquin.cs;Data/Scripts/Mobiles/Animals/Birds/SwampBird.cs;Data/Scripts/Mobiles/Animals/Birds/TropicalBird.cs;Data/Scripts/Mobiles/Animals/Birds/Turkey.cs;Data/Scripts/Mobiles/Animals/Canines/BlackWolf.cs;Data/Scripts/Mobiles/Animals/Canines/DireWolf.cs;Data/Scripts/Mobiles/Animals/Canines/Dog.cs;Data/Scripts/Mobiles/Animals/Canines/Fox.cs;Data/Scripts/Mobiles/Animals/Canines/GreyWolf.cs;Data/Scripts/Mobiles/Animals/Canines/Hyena.cs;Data/Scripts/Mobiles/Animals/Canines/Jackal.cs;Data/Scripts/Mobiles/Animals/Canines/MadDog.cs;Data/Scripts/Mobiles/Animals/Canines/TimberWolf.cs;Data/Scripts/Mobiles/Animals/Canines/WereWolf.cs;Data/Scripts/Mobiles/Animals/Canines/WhiteWolf.cs;Data/Scripts/Mobiles/Animals/Canines/WolfMan.cs;Data/Scripts/Mobiles/Animals/Canines/Worg.cs;Data/Scripts/Mobiles/Animals/Cows/Bull.cs;Data/Scripts/Mobiles/Animals/Cows/BullradonRiding.cs;Data/Scripts/Mobiles/Animals/Cows/Cow.cs;Data/Scripts/Mobiles/Animals/Felines/BlackCat.cs;Data/Scripts/Mobiles/Animals/Felines/Bobcat.cs;Data/Scripts/Mobiles/Animals/Felines/Cat.cs;Data/Scripts/Mobiles/Animals/Felines/Cheetah.cs;Data/Scripts/Mobiles/Animals/Felines/Cougar.cs;Data/Scripts/Mobiles/Animals/Felines/CragCat.cs;Data/Scripts/Mobiles/Animals/Felines/HellCat.cs;Data/Scripts/Mobiles/Animals/Felines/Jaguar.cs;Data/Scripts/Mobiles/Animals/Felines/LionRiding.cs;Data/Scripts/Mobiles/Animals/Felines/Panther.cs;Data/Scripts/Mobiles/Animals/Felines/PredatorHellCatRiding.cs;Data/Scripts/Mobiles/Animals/Felines/SabretoothCub.cs;Data/Scripts/Mobiles/Animals/Felines/SabretoothTigerRiding.cs;Data/Scripts/Mobiles/Animals/Felines/SnowLeopard.cs;Data/Scripts/Mobiles/Animals/Felines/SnowLion.cs;Data/Scripts/Mobiles/Animals/Felines/TigerRiding.cs;Data/Scripts/Mobiles/Animals/Felines/WhiteCat.cs;Data/Scripts/Mobiles/Animals/Felines/WhiteTigerRiding.cs;Data/Scripts/Mobiles/Animals/Misc/Antelope.cs;Data/Scripts/Mobiles/Animals/Misc/Ape.cs;Data/Scripts/Mobiles/Animals/Misc/Boar.cs;Data/Scripts/Mobiles/Animals/Misc/DireBoar.cs;Data/Scripts/Mobiles/Animals/Misc/Dolphin.cs;Data/Scripts/Mobiles/Animals/Misc/Elephant.cs;Data/Scripts/Mobiles/Animals/Misc/Gazelle.cs;Data/Scripts/Mobiles/Animals/Misc/Giraffe.cs;Data/Scripts/Mobiles/Animals/Misc/Goat.cs;Data/Scripts/Mobiles/Animals/Misc/Gorakong.cs;Data/Scripts/Mobiles/Animals/Misc/Gorilla.cs;Data/Scripts/Mobiles/Animals/Misc/GreatHart.cs;Data/Scripts/Mobiles/Animals/Misc/Grum.cs;Data/Scripts/Mobiles/Animals/Misc/Hind.cs;Data/Scripts/Mobiles/Animals/Misc/Infected.cs;Data/Scripts/Mobiles/Animals/Misc/Llama.cs;Data/Scripts/Mobiles/Animals/Misc/Monkey.cs;Data/Scripts/Mobiles/Animals/Misc/Moose.cs;Data/Scripts/Mobiles/Animals/Misc/MountainGoat.cs;Data/Scripts/Mobiles/Animals/Misc/PackHorse.cs;Data/Scripts/Mobiles/Animals/Misc/PackLlama.cs;Data/Scripts/Mobiles/Animals/Misc/PackNecroSpider.cs;Data/Scripts/Mobiles/Animals/Misc/Pig.cs;Data/Scripts/Mobiles/Animals/Misc/Ramadon.cs;Data/Scripts/Mobiles/Animals/Misc/Sheep.cs;Data/Scripts/Mobiles/Animals/Misc/Tuskadon.cs;Data/Scripts/Mobiles/Animals/Misc/Walrus.cs;Data/Scripts/Mobiles/Animals/Mounts/DesertOstard.cs;Data/Scripts/Mobiles/Animals/Mounts/Ethereals.cs;Data/Scripts/Mobiles/Animals/Mounts/EvilMounts.cs;Data/Scripts/Mobiles/Animals/Mounts/ForestOstard.cs;Data/Scripts/Mobiles/Animals/Mounts/FrenziedOstard.cs;Data/Scripts/Mobiles/Animals/Mounts/GiantHawk.cs;Data/Scripts/Mobiles/Animals/Mounts/GiantRaven.cs;Data/Scripts/Mobiles/Animals/Mounts/Horse.cs;Data/Scripts/Mobiles/Animals/Mounts/RidableLlama.cs;Data/Scripts/Mobiles/Animals/Mounts/Roc.cs;Data/Scripts/Mobiles/Animals/Mounts/SeaHorse.cs;Data/Scripts/Mobiles/Animals/Mounts/SilverSteed.cs;Data/Scripts/Mobiles/Animals/Mounts/SkeletalMount.cs;Data/Scripts/Mobiles/Animals/Mounts/SnowOstard.cs;Data/Scripts/Mobiles/Animals/Mounts/YoungRoc.cs;Data/Scripts/Mobiles/Animals/Mounts/ZebraRiding.cs;Data/Scripts/Mobiles/Animals/Rodents/AlbinoBat.cs;Data/Scripts/Mobiles/Animals/Rodents/Bat.cs;Data/Scripts/Mobiles/Animals/Rodents/DiseasedRat.cs;Data/Scripts/Mobiles/Animals/Rodents/Ferret.cs;Data/Scripts/Mobiles/Animals/Rodents/FireBat.cs;Data/Scripts/Mobiles/Animals/Rodents/GiantBat.cs;Data/Scripts/Mobiles/Animals/Rodents/GiantRat.cs;Data/Scripts/Mobiles/Animals/Rodents/JackRabbit.cs;Data/Scripts/Mobiles/Animals/Rodents/Mouse.cs;Data/Scripts/Mobiles/Animals/Rodents/Rabbit.cs;Data/Scripts/Mobiles/Animals/Rodents/Rat.cs;Data/Scripts/Mobiles/Animals/Rodents/SewerRat.cs;Data/Scripts/Mobiles/Animals/Rodents/SicklyRat.cs;Data/Scripts/Mobiles/Animals/Rodents/Squirrel.cs;Data/Scripts/Mobiles/Animals/Rodents/Stirge.cs;Data/Scripts/Mobiles/Animals/Rodents/VampireBat.cs;Data/Scripts/Mobiles/Animals/Rodents/Weasel.cs;Data/Scripts/Mobiles/Animals/Rodents/WhiteRabbit.cs;Data/Scripts/Mobiles/Base/BaseCreature.cs;Data/Scripts/Mobiles/Base/BaseHealer.cs;Data/Scripts/Mobiles/Base/Behavior.cs;Data/Scripts/Mobiles/Civilized/Citizens/Citizens.cs;Data/Scripts/Mobiles/Civilized/Comrades/HenchHorse.cs;Data/Scripts/Mobiles/Civilized/Comrades/HenchmanArcher.cs;Data/Scripts/Mobiles/Civilized/Comrades/HenchmanFighter.cs;Data/Scripts/Mobiles/Civilized/Comrades/HenchmanMonster.cs;Data/Scripts/Mobiles/Civilized/Comrades/HenchmanWizard.cs;Data/Scripts/Mobiles/Civilized/DeathKnightDemon.cs;Data/Scripts/Mobiles/Civilized/Familiars/DarkWolf.cs;Data/Scripts/Mobiles/Civilized/Familiars/DeathAdder.cs;Data/Scripts/Mobiles/Civilized/Familiars/HordeMinion.cs;Data/Scripts/Mobiles/Civilized/Familiars/ShadowWisp.cs;Data/Scripts/Mobiles/Civilized/Familiars/VampireBat.cs;Data/Scripts/Mobiles/Civilized/Genie.cs;Data/Scripts/Mobiles/Civilized/Guilds/ArcherGuildmaster.cs;Data/Scripts/Mobiles/Civilized/Guilds/RangerGuildmaster.cs;Data/Scripts/Mobiles/Civilized/Guilds/WarriorGuildmaster.cs;Data/Scripts/Mobiles/Civilized/Special/Garth.cs;Data/Scripts/Mobiles/Civilized/TimeLord.cs;Data/Scripts/Mobiles/Civilized/TownGuards.cs;Data/Scripts/Mobiles/Civilized/Vendors/Blacksmith.cs;Data/Scripts/Mobiles/Civilized/Vendors/Fighter.cs;Data/Scripts/Mobiles/Civilized/Vendors/IronWorker.cs;Data/Scripts/Mobiles/Civilized/Vendors/KungFu.cs;Data/Scripts/Mobiles/Civilized/Vendors/Monk.cs;Data/Scripts/Mobiles/Civilized/Vendors/Weaponsmith.cs;Data/Scripts/Mobiles/Constructs/Alien/BattleDroid.cs;Data/Scripts/Mobiles/Constructs/Alien/CombatDroid.cs;Data/Scripts/Mobiles/Constructs/Alien/ExcavationDroid.cs;Data/Scripts/Mobiles/Constructs/Alien/MaintenanceDroid.cs;Data/Scripts/Mobiles/Constructs/Alien/Mutant.cs;Data/Scripts/Mobiles/Constructs/Alien/SecurityDroid.cs;Data/Scripts/Mobiles/Constructs/Alien/ServiceDroid.cs;Data/Scripts/Mobiles/Constructs/Golems/AncientFleshGolem.cs;Data/Scripts/Mobiles/Constructs/Golems/BoneGolem.cs;Data/Scripts/Mobiles/Constructs/Golems/CaddelliteGolem.cs;Data/Scripts/Mobiles/Constructs/Golems/FleshGolem.cs;Data/Scripts/Mobiles/Constructs/Golems/Golem.cs;Data/Scripts/Mobiles/Constructs/Golems/IceGolem.cs;Data/Scripts/Mobiles/Constructs/Golems/IronBeetle.cs;Data/Scripts/Mobiles/Constructs/Golems/IronCobra.cs;Data/Scripts/Mobiles/Constructs/Golems/MechanicalScorpion.cs;Data/Scripts/Mobiles/Constructs/Golems/MetalGolem.cs;Data/Scripts/Mobiles/Constructs/Golems/RunicGolem.cs;Data/Scripts/Mobiles/Constructs/Golems/RustGolem.cs;Data/Scripts/Mobiles/Constructs/Golems/SkinGolem.cs;Data/Scripts/Mobiles/Constructs/Golems/WoodenGolem.cs;Data/Scripts/Mobiles/Constructs/Statues/AnyStatue.cs;Data/Scripts/Mobiles/Constructs/Statues/LivingBronzeStatue.cs;Data/Scripts/Mobiles/Constructs/Statues/LivingGoldStatue.cs;Data/Scripts/Mobiles/Constructs/Statues/LivingIronStatue.cs;Data/Scripts/Mobiles/Constructs/Statues/LivingJadeStatue.cs;Data/Scripts/Mobiles/Constructs/Statues/LivingMarbleStatue.cs;Data/Scripts/Mobiles/Constructs/Statues/LivingShadowIronStatue.cs;Data/Scripts/Mobiles/Constructs/Statues/LivingSilverStatue.cs;Data/Scripts/Mobiles/Constructs/Statues/LivingStoneStatue.cs;Data/Scripts/Mobiles/Constructs/WaxSculpture.cs;Data/Scripts/Mobiles/Daemons/AbysmalDaemon.cs;Data/Scripts/Mobiles/Daemons/Afreet.cs;Data/Scripts/Mobiles/Daemons/Archfiend.cs;Data/Scripts/Mobiles/Daemons/Balron.cs;Data/Scripts/Mobiles/Daemons/BlackGateDemon.cs;Data/Scripts/Mobiles/Daemons/BloodDemigod.cs;Data/Scripts/Mobiles/Daemons/BloodDemon.cs;Data/Scripts/Mobiles/Daemons/BoneDemon.cs;Data/Scripts/Mobiles/Daemons/ClassicBalron.cs;Data/Scripts/Mobiles/Daemons/ClassicDaemon.cs;Data/Scripts/Mobiles/Daemons/Daemon.cs;Data/Scripts/Mobiles/Daemons/DaemonTemplate.cs;Data/Scripts/Mobiles/Daemons/DeepSeaDevil.cs;Data/Scripts/Mobiles/Daemons/Demon.cs;Data/Scripts/Mobiles/Daemons/DemonOfTheSea.cs;Data/Scripts/Mobiles/Daemons/DemonicGhost.cs;Data/Scripts/Mobiles/Daemons/Devil.cs;Data/Scripts/Mobiles/Daemons/Fiend.cs;Data/Scripts/Mobiles/Daemons/FireDemon.cs;Data/Scripts/Mobiles/Daemons/FireMephit.cs;Data/Scripts/Mobiles/Daemons/IceDevil.cs;Data/Scripts/Mobiles/Daemons/Ifreet.cs;Data/Scripts/Mobiles/Daemons/Imp.cs;Data/Scripts/Mobiles/Daemons/LesserDemon.cs;Data/Scripts/Mobiles/Daemons/LowerDemon.cs;Data/Scripts/Mobiles/Daemons/Marilith.cs;Data/Scripts/Mobiles/Daemons/MutantDaemon.cs;Data/Scripts/Mobiles/Daemons/Satan.cs;Data/Scripts/Mobiles/Daemons/ShadowDemon.cs;Data/Scripts/Mobiles/Daemons/ShadowHound.cs;Data/Scripts/Mobiles/Daemons/Succubus.cs;Data/Scripts/Mobiles/Daemons/Xurtzar.cs;Data/Scripts/Mobiles/Dragons/DragonTurtle.cs;Data/Scripts/Mobiles/Dragons/Dragonogre.cs;Data/Scripts/Mobiles/Dragons/Dragons/AsianDragon.cs;Data/Scripts/Mobiles/Dragons/Dragons/DragonGolem.cs;Data/Scripts/Mobiles/Dragons/Dragons/Dragons.cs;Data/Scripts/Mobiles/Dragons/Dragons/Dragoon.cs;Data/Scripts/Mobiles/Dragons/Dragons/GemDragons.cs;Data/Scripts/Mobiles/Dragons/Dragons/RidingDragon.cs;Data/Scripts/Mobiles/Dragons/Dragons/SeaDragon.cs;Data/Scripts/Mobiles/Dragons/Drakes/AbysmalDrake.cs;Data/Scripts/Mobiles/Dragons/Drakes/AncientDrake.cs;Data/Scripts/Mobiles/Dragons/Drakes/Drake.cs;Data/Scripts/Mobiles/Dragons/Drakes/SeaDrake.cs;Data/Scripts/Mobiles/Dragons/Drakes/SwampDrakeRiding.cs;Data/Scripts/Mobiles/Dragons/Drakkhen.cs;Data/Scripts/Mobiles/Dragons/Great Dragons/AshDragon.cs;Data/Scripts/Mobiles/Dragons/Great Dragons/BottleDragon.cs;Data/Scripts/Mobiles/Dragons/Great Dragons/CaddelliteDragon.cs;Data/Scripts/Mobiles/Dragons/Great Dragons/CrystalDragon.cs;Data/Scripts/Mobiles/Dragons/Great Dragons/DragonKing.cs;Data/Scripts/Mobiles/Dragons/Great Dragons/ElderDragon.cs;Data/Scripts/Mobiles/Dragons/Great Dragons/RadiationDragon.cs;Data/Scripts/Mobiles/Dragons/Great Dragons/VoidDragon.cs;Data/Scripts/Mobiles/Dragons/Hydras/EnergyHydra.cs;Data/Scripts/Mobiles/Dragons/Hydras/Hydra.cs;Data/Scripts/Mobiles/Dragons/Hydras/Wyvra.cs;Data/Scripts/Mobiles/Dragons/Primeval/PrimevalAbysmalDragon.cs;Data/Scripts/Mobiles/Dragons/Primeval/PrimevalAmberDragon.cs;Data/Scripts/Mobiles/Dragons/Primeval/PrimevalBlackDragon.cs;Data/Scripts/Mobiles/Dragons/Primeval/PrimevalDragon.cs;Data/Scripts/Mobiles/Dragons/Primeval/PrimevalFireDragon.cs;Data/Scripts/Mobiles/Dragons/Primeval/PrimevalGreenDragon.cs;Data/Scripts/Mobiles/Dragons/Primeval/PrimevalNightDragon.cs;Data/Scripts/Mobiles/Dragons/Primeval/PrimevalRedDragon.cs;Data/Scripts/Mobiles/Dragons/Primeval/PrimevalRoyalDragon.cs;Data/Scripts/Mobiles/Dragons/Primeval/PrimevalRunicDragon.cs;Data/Scripts/Mobiles/Dragons/Primeval/PrimevalSeaDragon.cs;Data/Scripts/Mobiles/Dragons/Primeval/PrimevalSilverDragon.cs;Data/Scripts/Mobiles/Dragons/Primeval/PrimevalStygianDragon.cs;Data/Scripts/Mobiles/Dragons/Primeval/PrimevalVolcanicDragon.cs;Data/Scripts/Mobiles/Dragons/Primeval/ReanimatedDragon.cs;Data/Scripts/Mobiles/Dragons/Primeval/VampiricDragon.cs;Data/Scripts/Mobiles/Dragons/Wyrms/AncientWyrm.cs;Data/Scripts/Mobiles/Dragons/Wyrms/ShadowWyrm.cs;Data/Scripts/Mobiles/Dragons/Wyrms/VolcanicDragon.cs;Data/Scripts/Mobiles/Dragons/Wyrms/Wyrm.cs;Data/Scripts/Mobiles/Dragons/Wyrms/Wyrms.cs;Data/Scripts/Mobiles/Dragons/Wyverns/AncientWyvern.cs;Data/Scripts/Mobiles/Dragons/Wyverns/Wyverns.cs;Data/Scripts/Mobiles/Dragons/Young/BabyDragon.cs;Data/Scripts/Mobiles/Dragons/Young/FireWyrmling.cs;Data/Scripts/Mobiles/Dragons/Young/YoungDragon.cs;Data/Scripts/Mobiles/Elementals/CrystalGoliath.cs;Data/Scripts/Mobiles/Elementals/Efreet.cs;Data/Scripts/Mobiles/Elementals/Elementals/AirElemental.cs;Data/Scripts/Mobiles/Elementals/Elementals/AnyElemental.cs;Data/Scripts/Mobiles/Elementals/Elementals/AnyGemElemental.cs;Data/Scripts/Mobiles/Elementals/Elementals/BloodElemental.cs;Data/Scripts/Mobiles/Elementals/Elementals/CinderElemental.cs;Data/Scripts/Mobiles/Elementals/Elementals/DeepWaterElemental.cs;Data/Scripts/Mobiles/Elementals/Elementals/DriftwoodElemental.cs;Data/Scripts/Mobiles/Elementals/Elementals/DustElemental.cs;Data/Scripts/Mobiles/Elementals/Elementals/ElectricalElemental.cs;Data/Scripts/Mobiles/Elementals/Elementals/FireElemental.cs;Data/Scripts/Mobiles/Elementals/Elementals/ForestElemental.cs;Data/Scripts/Mobiles/Elementals/Elementals/GraveDustElemental.cs;Data/Scripts/Mobiles/Elementals/Elementals/IceElemental.cs;Data/Scripts/Mobiles/Elementals/Elementals/IcebergElemental.cs;Data/Scripts/Mobiles/Elementals/Elementals/KelpElemental.cs;Data/Scripts/Mobiles/Elementals/Elementals/LavaElemental.cs;Data/Scripts/Mobiles/Elementals/Elementals/LightningElemental.cs;Data/Scripts/Mobiles/Elementals/Elementals/MagmaElemental.cs;Data/Scripts/Mobiles/Elementals/Elementals/MeteorElemental.cs;Data/Scripts/Mobiles/Elementals/Elementals/MudElemental.cs;Data/Scripts/Mobiles/Elementals/Elementals/PoisonElemental.cs;Data/Scripts/Mobiles/Elementals/Elementals/SeaweedElemental.cs;Data/Scripts/Mobiles/Elementals/Elementals/SewageElemental.cs;Data/Scripts/Mobiles/Elementals/Elementals/SnowElemental.cs;Data/Scripts/Mobiles/Elementals/Elementals/SteamElemental.cs;Data/Scripts/Mobiles/Elementals/Elementals/ToxicElemental.cs;Data/Scripts/Mobiles/Elementals/Elementals/Vulcrum.cs;Data/Scripts/Mobiles/Elementals/Elementals/WaterElemental.cs;Data/Scripts/Mobiles/Elementals/Elementals/WeedElemental.cs;Data/Scripts/Mobiles/Elementals/Gemmed/CaddelliteElemental.cs;Data/Scripts/Mobiles/Elementals/Gemmed/CrystalElemental.cs;Data/Scripts/Mobiles/Elementals/Gemmed/DilithiumElemental.cs;Data/Scripts/Mobiles/Elementals/Gemmed/GarnetElemental.cs;Data/Scripts/Mobiles/Elementals/Gemmed/GemElemental.cs;Data/Scripts/Mobiles/Elementals/Gemmed/ObsidianElemental.cs;Data/Scripts/Mobiles/Elementals/Gemmed/QuartzElemental.cs;Data/Scripts/Mobiles/Elementals/Gemmed/SapphireElemental.cs;Data/Scripts/Mobiles/Elementals/Gemmed/SilverElemental.cs;Data/Scripts/Mobiles/Elementals/Gemmed/SpinelElemental.cs;Data/Scripts/Mobiles/Elementals/Gemmed/StarRubyElemental.cs;Data/Scripts/Mobiles/Elementals/Gemmed/TopazElemental.cs;Data/Scripts/Mobiles/Elementals/Gemmed/TrilithiumElemental.cs;Data/Scripts/Mobiles/Elementals/Gemmed/XormiteElemental.cs;Data/Scripts/Mobiles/Elementals/IceColossus.cs;Data/Scripts/Mobiles/Elementals/Lesser/BloodSpawn.cs;Data/Scripts/Mobiles/Elementals/Lesser/WaterSpawn.cs;Data/Scripts/Mobiles/Elementals/MudMan.cs;Data/Scripts/Mobiles/Elementals/Necromental.cs;Data/Scripts/Mobiles/Elementals/Ore Elementals/AgapiteElemental.cs;Data/Scripts/Mobiles/Elementals/Ore Elementals/AnimatedRocks.cs;Data/Scripts/Mobiles/Elementals/Ore Elementals/BronzeElemental.cs;Data/Scripts/Mobiles/Elementals/Ore Elementals/CopperElemental.cs;Data/Scripts/Mobiles/Elementals/Ore Elementals/DullCopperElemental.cs;Data/Scripts/Mobiles/Elementals/Ore Elementals/EarthElemental.cs;Data/Scripts/Mobiles/Elementals/Ore Elementals/GoldenElemental.cs;Data/Scripts/Mobiles/Elementals/Ore Elementals/ShadowIronElemental.cs;Data/Scripts/Mobiles/Elementals/Ore Elementals/StoneElemental.cs;Data/Scripts/Mobiles/Elementals/Ore Elementals/ValoriteElemental.cs;Data/Scripts/Mobiles/Elementals/Ore Elementals/VeriteElemental.cs;Data/Scripts/Mobiles/Elementals/PoisonCloud.cs;Data/Scripts/Mobiles/Elementals/SandVortex.cs;Data/Scripts/Mobiles/Elementals/StormCloud.cs;Data/Scripts/Mobiles/Elementals/Typhoon.cs;Data/Scripts/Mobiles/Elementals/WaterWeird.cs;Data/Scripts/Mobiles/Gargoyles/AncientGargoyle.cs;Data/Scripts/Mobiles/Gargoyles/CosmicGargoyle.cs;Data/Scripts/Mobiles/Gargoyles/FireGargoyle.cs;Data/Scripts/Mobiles/Gargoyles/Gargoyle.cs;Data/Scripts/Mobiles/Gargoyles/GargoyleAmethyst.cs;Data/Scripts/Mobiles/Gargoyles/GargoyleEmerald.cs;Data/Scripts/Mobiles/Gargoyles/GargoyleMarble.cs;Data/Scripts/Mobiles/Gargoyles/GargoyleOnyx.cs;Data/Scripts/Mobiles/Gargoyles/GargoyleRuby.cs;Data/Scripts/Mobiles/Gargoyles/GargoyleSapphire.cs;Data/Scripts/Mobiles/Gargoyles/GargoyleWarrior.cs;Data/Scripts/Mobiles/Gargoyles/MutantGargoyle.cs;Data/Scripts/Mobiles/Gargoyles/StoneGargoyle.cs;Data/Scripts/Mobiles/Gargoyles/StygianGargoyle.cs;Data/Scripts/Mobiles/Gargoyles/StygianGargoyleLord.cs;Data/Scripts/Mobiles/Goliaths/Cyclops/AncientCyclops.cs;Data/Scripts/Mobiles/Goliaths/Cyclops/Cyclops.cs;Data/Scripts/Mobiles/Goliaths/Cyclops/ShamanicCyclops.cs;Data/Scripts/Mobiles/Goliaths/Ettins/AncientEttin.cs;Data/Scripts/Mobiles/Goliaths/Ettins/ArcticEttin.cs;Data/Scripts/Mobiles/Goliaths/Ettins/Ettin.cs;Data/Scripts/Mobiles/Goliaths/Ettins/EttinShaman.cs;Data/Scripts/Mobiles/Goliaths/Giants/AbyssGiant.cs;Data/Scripts/Mobiles/Goliaths/Giants/CloudGiant.cs;Data/Scripts/Mobiles/Goliaths/Giants/DeepSeaGiant.cs;Data/Scripts/Mobiles/Goliaths/Giants/FireGiant.cs;Data/Scripts/Mobiles/Goliaths/Giants/ForestGiant.cs;Data/Scripts/Mobiles/Goliaths/Giants/FrostGiant.cs;Data/Scripts/Mobiles/Goliaths/Giants/Giant.cs;Data/Scripts/Mobiles/Goliaths/Giants/HillGiant.cs;Data/Scripts/Mobiles/Goliaths/Giants/HillGiantShaman.cs;Data/Scripts/Mobiles/Goliaths/Giants/IceGiant.cs;Data/Scripts/Mobiles/Goliaths/Giants/JungleGiant.cs;Data/Scripts/Mobiles/Goliaths/Giants/LavaGiant.cs;Data/Scripts/Mobiles/Goliaths/Giants/MountainGiant.cs;Data/Scripts/Mobiles/Goliaths/Giants/SandGiant.cs;Data/Scripts/Mobiles/Goliaths/Giants/SeaGiant.cs;Data/Scripts/Mobiles/Goliaths/Giants/StarGiant.cs;Data/Scripts/Mobiles/Goliaths/Giants/StoneGiant.cs;Data/Scripts/Mobiles/Goliaths/Giants/StormGiant.cs;Data/Scripts/Mobiles/Goliaths/Ogres/AbysmalOgre.cs;Data/Scripts/Mobiles/Goliaths/Ogres/ArcticOgreLord.cs;Data/Scripts/Mobiles/Goliaths/Ogres/Ogre.cs;Data/Scripts/Mobiles/Goliaths/Ogres/OgreLord.cs;Data/Scripts/Mobiles/Goliaths/Ogres/OgreMagi.cs;Data/Scripts/Mobiles/Goliaths/Ogres/TundraOgre.cs;Data/Scripts/Mobiles/Goliaths/OrkDemigod.cs;Data/Scripts/Mobiles/Goliaths/Titans/ElderTitan.cs;Data/Scripts/Mobiles/Goliaths/Titans/Titan.cs;Data/Scripts/Mobiles/Goliaths/Trolls/FrostTroll.cs;Data/Scripts/Mobiles/Goliaths/Trolls/FrostTrollShaman.cs;Data/Scripts/Mobiles/Goliaths/Trolls/SeaTroll.cs;Data/Scripts/Mobiles/Goliaths/Trolls/SwampTroll.cs;Data/Scripts/Mobiles/Goliaths/Trolls/Troll.cs;Data/Scripts/Mobiles/Goliaths/Trolls/TrollWitchDoctor.cs;Data/Scripts/Mobiles/Goliaths/ZornTheBlacksmith.cs;Data/Scripts/Mobiles/Hellish/AncientNightmareRiding.cs;Data/Scripts/Mobiles/Hellish/Chimera.cs;Data/Scripts/Mobiles/Hellish/DarkHound.cs;Data/Scripts/Mobiles/Hellish/FireSteed.cs;Data/Scripts/Mobiles/Hellish/HellBeast.cs;Data/Scripts/Mobiles/Hellish/HordeMinion.cs;Data/Scripts/Mobiles/Hellish/ManticoreRiding.cs;Data/Scripts/Mobiles/Hellish/Nightmare.cs;Data/Scripts/Mobiles/Hellish/ShadowFiend.cs;Data/Scripts/Mobiles/Hellish/Vrock.cs;Data/Scripts/Mobiles/Humanoids/Aliens/BombWorshipper.cs;Data/Scripts/Mobiles/Humanoids/Aliens/Jedi.cs;Data/Scripts/Mobiles/Humanoids/Aliens/Psionicist.cs;Data/Scripts/Mobiles/Humanoids/Aliens/SavageAlien.cs;Data/Scripts/Mobiles/Humanoids/Aliens/Syth.cs;Data/Scripts/Mobiles/Humanoids/Ambroz/AbrozChieftain.cs;Data/Scripts/Mobiles/Humanoids/Ambroz/AbrozShaman.cs;Data/Scripts/Mobiles/Humanoids/Ambroz/AbrozWarrior.cs;Data/Scripts/Mobiles/Humanoids/Bugbear.cs;Data/Scripts/Mobiles/Humanoids/Drakkul/Drakkul.cs;Data/Scripts/Mobiles/Humanoids/Drakkul/DrakkulChief.cs;Data/Scripts/Mobiles/Humanoids/Drakkul/DrakkulMage.cs;Data/Scripts/Mobiles/Humanoids/Drider.cs;Data/Scripts/Mobiles/Humanoids/DriderWizard.cs;Data/Scripts/Mobiles/Humanoids/Durgar.cs;Data/Scripts/Mobiles/Humanoids/Elves/ElfBerserker.cs;Data/Scripts/Mobiles/Humanoids/Elves/ElfMage.cs;Data/Scripts/Mobiles/Humanoids/Elves/ElfMinstrel.cs;Data/Scripts/Mobiles/Humanoids/Elves/ElfMonks.cs;Data/Scripts/Mobiles/Humanoids/Elves/ElfRogue.cs;Data/Scripts/Mobiles/Humanoids/Gnoll.cs;Data/Scripts/Mobiles/Humanoids/Gnome/Gnome.cs;Data/Scripts/Mobiles/Humanoids/Gnome/GnomeMage.cs;Data/Scripts/Mobiles/Humanoids/Gnome/GnomeWarrior.cs;Data/Scripts/Mobiles/Humanoids/Goblin.cs;Data/Scripts/Mobiles/Humanoids/GoblinArcher.cs;Data/Scripts/Mobiles/Humanoids/Harpies/Harpy.cs;Data/Scripts/Mobiles/Humanoids/Harpies/HarpyElder.cs;Data/Scripts/Mobiles/Humanoids/Harpies/HarpyHen.cs;Data/Scripts/Mobiles/Humanoids/Harpies/SnowHarpy.cs;Data/Scripts/Mobiles/Humanoids/Harpies/StoneHarpy.cs;Data/Scripts/Mobiles/Humanoids/Hobgoblin.cs;Data/Scripts/Mobiles/Humanoids/Humans/Adventurers.cs;Data/Scripts/Mobiles/Humanoids/Humans/Archmage.cs;Data/Scripts/Mobiles/Humanoids/Humans/Bandit.cs;Data/Scripts/Mobiles/Humanoids/Humans/Berserker.cs;Data/Scripts/Mobiles/Humanoids/Humans/BlackKnight.cs;Data/Scripts/Mobiles/Humanoids/Humans/BloodAssassin.cs;Data/Scripts/Mobiles/Humanoids/Humans/Brigand.cs;Data/Scripts/Mobiles/Humanoids/Humans/EvilMage.cs;Data/Scripts/Mobiles/Humanoids/Humans/EvilMageLord.cs;Data/Scripts/Mobiles/Humanoids/Humans/Executioner.cs;Data/Scripts/Mobiles/Humanoids/Humans/GolemController.cs;Data/Scripts/Mobiles/Humanoids/Humans/Minstrel.cs;Data/Scripts/Mobiles/Humanoids/Humans/Monks.cs;Data/Scripts/Mobiles/Humanoids/Humans/Rogue.cs;Data/Scripts/Mobiles/Humanoids/Jackalwitch.cs;Data/Scripts/Mobiles/Humanoids/Kilrathi/Kilrathi.cs;Data/Scripts/Mobiles/Humanoids/Kilrathi/KilrathiGunner.cs;Data/Scripts/Mobiles/Humanoids/Lizardmen/Grathek.cs;Data/Scripts/Mobiles/Humanoids/Lizardmen/Kobold.cs;Data/Scripts/Mobiles/Humanoids/Lizardmen/KoboldMage.cs;Data/Scripts/Mobiles/Humanoids/Lizardmen/Lizardman.cs;Data/Scripts/Mobiles/Humanoids/Lizardmen/LizardmanArcher.cs;Data/Scripts/Mobiles/Humanoids/Lizardmen/MutantLizardman.cs;Data/Scripts/Mobiles/Humanoids/Lizardmen/Reptalar.cs;Data/Scripts/Mobiles/Humanoids/Lizardmen/ReptalarChieftain.cs;Data/Scripts/Mobiles/Humanoids/Lizardmen/ReptalarShaman.cs;Data/Scripts/Mobiles/Humanoids/Lizardmen/Reptaur.cs;Data/Scripts/Mobiles/Humanoids/Lizardmen/Sakleth.cs;Data/Scripts/Mobiles/Humanoids/Lizardmen/SaklethArcher.cs;Data/Scripts/Mobiles/Humanoids/Lizardmen/SaklethMage.cs;Data/Scripts/Mobiles/Humanoids/Lizardmen/Sleestax.cs;Data/Scripts/Mobiles/Humanoids/Medusa.cs;Data/Scripts/Mobiles/Humanoids/MindFlayer.cs;Data/Scripts/Mobiles/Humanoids/Minotaurs/Minotaur.cs;Data/Scripts/Mobiles/Humanoids/Minotaurs/MinotaurCaptain.cs;Data/Scripts/Mobiles/Humanoids/Minotaurs/MinotaurScout.cs;Data/Scripts/Mobiles/Humanoids/Minotaurs/MinotaurSmall.cs;Data/Scripts/Mobiles/Humanoids/Minotaurs/MutantMinotaur.cs;Data/Scripts/Mobiles/Humanoids/Mongbat.cs;Data/Scripts/Mobiles/Humanoids/Morlock.cs;Data/Scripts/Mobiles/Humanoids/Neanderthal.cs;Data/Scripts/Mobiles/Humanoids/Orcs/Orc.cs;Data/Scripts/Mobiles/Humanoids/Orcs/OrcBomber.cs;Data/Scripts/Mobiles/Humanoids/Orcs/OrcCaptain.cs;Data/Scripts/Mobiles/Humanoids/Orcs/OrcishLord.cs;Data/Scripts/Mobiles/Humanoids/Orcs/OrcishMage.cs;Data/Scripts/Mobiles/Humanoids/Orcs/OrkMage.cs;Data/Scripts/Mobiles/Humanoids/Orcs/OrkMonks.cs;Data/Scripts/Mobiles/Humanoids/Orcs/OrkRogue.cs;Data/Scripts/Mobiles/Humanoids/Orcs/OrkWarrior.cs;Data/Scripts/Mobiles/Humanoids/Orcs/Orx.cs;Data/Scripts/Mobiles/Humanoids/Orcs/OrxWarrior.cs;Data/Scripts/Mobiles/Humanoids/Orcs/Urc.cs;Data/Scripts/Mobiles/Humanoids/Orcs/UrcBowman.cs;Data/Scripts/Mobiles/Humanoids/Orcs/UrcShaman.cs;Data/Scripts/Mobiles/Humanoids/Orcs/Urk.cs;Data/Scripts/Mobiles/Humanoids/Orcs/UrkShaman.cs;Data/Scripts/Mobiles/Humanoids/Ratmen/Ratman.cs;Data/Scripts/Mobiles/Humanoids/Ratmen/RatmanArcher.cs;Data/Scripts/Mobiles/Humanoids/Ratmen/RatmanMage.cs;Data/Scripts/Mobiles/Humanoids/Sailors/BaseSailor.cs;Data/Scripts/Mobiles/Humanoids/Sailors/Galleons/BasePirate.cs;Data/Scripts/Mobiles/Humanoids/Sailors/Galleons/PirateCult.cs;Data/Scripts/Mobiles/Humanoids/Sailors/Galleons/PirateCyclops.cs;Data/Scripts/Mobiles/Humanoids/Sailors/Galleons/PirateDaemon.cs;Data/Scripts/Mobiles/Humanoids/Sailors/Galleons/PirateDarkLord.cs;Data/Scripts/Mobiles/Humanoids/Sailors/Galleons/PirateDemon.cs;Data/Scripts/Mobiles/Humanoids/Sailors/Galleons/PirateDemoness.cs;Data/Scripts/Mobiles/Humanoids/Sailors/Galleons/PirateDevil.cs;Data/Scripts/Mobiles/Humanoids/Sailors/Galleons/PirateDragonogre.cs;Data/Scripts/Mobiles/Humanoids/Sailors/Galleons/PirateDrow.cs;Data/Scripts/Mobiles/Humanoids/Sailors/Galleons/PirateEttinMage.cs;Data/Scripts/Mobiles/Humanoids/Sailors/Galleons/PirateGargoyle.cs;Data/Scripts/Mobiles/Humanoids/Sailors/Galleons/PirateGhost.cs;Data/Scripts/Mobiles/Humanoids/Sailors/Galleons/PirateGrathek.cs;Data/Scripts/Mobiles/Humanoids/Sailors/Galleons/PirateLich.cs;Data/Scripts/Mobiles/Humanoids/Sailors/Galleons/PirateLichLord.cs;Data/Scripts/Mobiles/Humanoids/Sailors/Galleons/PirateMen.cs;Data/Scripts/Mobiles/Humanoids/Sailors/Galleons/PirateMinotaur.cs;Data/Scripts/Mobiles/Humanoids/Sailors/Galleons/PirateNatives.cs;Data/Scripts/Mobiles/Humanoids/Sailors/Galleons/PirateOgreLord.cs;Data/Scripts/Mobiles/Humanoids/Sailors/Galleons/PirateOphidian.cs;Data/Scripts/Mobiles/Humanoids/Sailors/Galleons/PirateSakleth.cs;Data/Scripts/Mobiles/Humanoids/Sailors/Galleons/PirateSkeleton.cs;Data/Scripts/Mobiles/Humanoids/Sailors/Galleons/PirateSnakeMan.cs;Data/Scripts/Mobiles/Humanoids/Sailors/Galleons/PirateSuccubus.cs;Data/Scripts/Mobiles/Humanoids/Sailors/Galleons/PirateTitan.cs;Data/Scripts/Mobiles/Humanoids/Sailors/Galleons/PirateTroll.cs;Data/Scripts/Mobiles/Humanoids/Sailors/Galleons/PirateUndead.cs;Data/Scripts/Mobiles/Humanoids/Sailors/Galleons/SailorAngel.cs;Data/Scripts/Mobiles/Humanoids/Sailors/Galleons/SailorAngelLord.cs;Data/Scripts/Mobiles/Humanoids/Sailors/Galleons/SailorElf.cs;Data/Scripts/Mobiles/Humanoids/Sailors/Galleons/SailorElfGuards.cs;Data/Scripts/Mobiles/Humanoids/Sailors/Galleons/SailorGuards.cs;Data/Scripts/Mobiles/Humanoids/Sailors/Galleons/SailorMerchant.cs;Data/Scripts/Mobiles/Humanoids/Sailors/Galleons/SailorOrkGuards.cs;Data/Scripts/Mobiles/Humanoids/Sailors/Pirates/ElfPirateCaptain.cs;Data/Scripts/Mobiles/Humanoids/Sailors/Pirates/ElfPirateCrew.cs;Data/Scripts/Mobiles/Humanoids/Sailors/Pirates/ElfPirateCrewBow.cs;Data/Scripts/Mobiles/Humanoids/Sailors/Pirates/ElfPirateCrewMage.cs;Data/Scripts/Mobiles/Humanoids/Sailors/Pirates/PirateCaptain.cs;Data/Scripts/Mobiles/Humanoids/Sailors/Pirates/PirateCrew.cs;Data/Scripts/Mobiles/Humanoids/Sailors/Pirates/PirateCrewBow.cs;Data/Scripts/Mobiles/Humanoids/Sailors/Pirates/PirateCrewMage.cs;Data/Scripts/Mobiles/Humanoids/Sailors/Pirates/PirateLand.cs;Data/Scripts/Mobiles/Humanoids/Savages/Native.cs;Data/Scripts/Mobiles/Humanoids/Savages/NativeArcher.cs;Data/Scripts/Mobiles/Humanoids/Savages/NativeWitchDoctor.cs;Data/Scripts/Mobiles/Humanoids/Savages/Savage.cs;Data/Scripts/Mobiles/Humanoids/Savages/SavageLord.cs;Data/Scripts/Mobiles/Humanoids/Savages/SavageRider.cs;Data/Scripts/Mobiles/Humanoids/Savages/SavageShaman.cs;Data/Scripts/Mobiles/Humanoids/Savages/ZuluuArcher.cs;Data/Scripts/Mobiles/Humanoids/Savages/ZuluuNative.cs;Data/Scripts/Mobiles/Humanoids/Savages/ZuluuWitchDoctor.cs;Data/Scripts/Mobiles/Humanoids/Sea/Dagon.cs;Data/Scripts/Mobiles/Humanoids/Sea/Krakoa.cs;Data/Scripts/Mobiles/Humanoids/Sea/Lobstran.cs;Data/Scripts/Mobiles/Humanoids/Sea/Locathah.cs;Data/Scripts/Mobiles/Humanoids/Sea/Neptar.cs;Data/Scripts/Mobiles/Humanoids/Sea/NeptarWizard.cs;Data/Scripts/Mobiles/Humanoids/Sea/SeaHag.cs;Data/Scripts/Mobiles/Humanoids/Sea/SeaHagGreater.cs;Data/Scripts/Mobiles/Humanoids/Sea/Tritun.cs;Data/Scripts/Mobiles/Humanoids/Sea/TritunMage.cs;Data/Scripts/Mobiles/Humanoids/Serpents/FireNaga.cs;Data/Scripts/Mobiles/Humanoids/Serpents/FireSlamander.cs;Data/Scripts/Mobiles/Humanoids/Serpents/Naga.cs;Data/Scripts/Mobiles/Humanoids/Serpents/OphidianArchmage.cs;Data/Scripts/Mobiles/Humanoids/Serpents/OphidianKnight.cs;Data/Scripts/Mobiles/Humanoids/Serpents/OphidianMage.cs;Data/Scripts/Mobiles/Humanoids/Serpents/OphidianMatriarch.cs;Data/Scripts/Mobiles/Humanoids/Serpents/OphidianWarrior.cs;Data/Scripts/Mobiles/Humanoids/Serpents/SandSerpyn.cs;Data/Scripts/Mobiles/Humanoids/Serpents/Serpentar.cs;Data/Scripts/Mobiles/Humanoids/Serpents/SerpentarWizard.cs;Data/Scripts/Mobiles/Humanoids/Serpents/Serpyn.cs;Data/Scripts/Mobiles/Humanoids/Serpents/SerpynChampion.cs;Data/Scripts/Mobiles/Humanoids/Serpents/SerpynSorceress.cs;Data/Scripts/Mobiles/Humanoids/Serpents/WaterNaga.cs;Data/Scripts/Mobiles/Humanoids/Terathan/TerathanAvenger.cs;Data/Scripts/Mobiles/Humanoids/Terathan/TerathanDrone.cs;Data/Scripts/Mobiles/Humanoids/Terathan/TerathanMatriarch.cs;Data/Scripts/Mobiles/Humanoids/Terathan/TerathanWarrior.cs;Data/Scripts/Mobiles/Humanoids/Yeti.cs;Data/Scripts/Mobiles/Insects/Aliens/Alien.cs;Data/Scripts/Mobiles/Insects/Aliens/AlienSmall.cs;Data/Scripts/Mobiles/Insects/Aliens/AlienSpider.cs;Data/Scripts/Mobiles/Insects/Aliens/Shaclaw.cs;Data/Scripts/Mobiles/Insects/Anhkheg.cs;Data/Scripts/Mobiles/Insects/Ants/AntLion.cs;Data/Scripts/Mobiles/Insects/Ants/AntaurKing.cs;Data/Scripts/Mobiles/Insects/Ants/AntaurProgenitor.cs;Data/Scripts/Mobiles/Insects/Ants/AntaurSoldier.cs;Data/Scripts/Mobiles/Insects/Ants/AntaurWorker.cs;Data/Scripts/Mobiles/Insects/Beetles/Beetle.cs;Data/Scripts/Mobiles/Insects/Beetles/DeathWatchBeetle.cs;Data/Scripts/Mobiles/Insects/Beetles/DeathWatchBeetleHatchling.cs;Data/Scripts/Mobiles/Insects/Beetles/DuneBeetle.cs;Data/Scripts/Mobiles/Insects/Beetles/FireBeetle.cs;Data/Scripts/Mobiles/Insects/Beetles/GlowBeetleRiding.cs;Data/Scripts/Mobiles/Insects/Beetles/MetalBeetle.cs;Data/Scripts/Mobiles/Insects/Beetles/PoisonBeetleRiding.cs;Data/Scripts/Mobiles/Insects/Beetles/RuneBeetle.cs;Data/Scripts/Mobiles/Insects/Beetles/Skellot.cs;Data/Scripts/Mobiles/Insects/Beetles/TigerBeetleRiding.cs;Data/Scripts/Mobiles/Insects/Beetles/WaterBeetleRiding.cs;Data/Scripts/Mobiles/Insects/DeadlyScorpion.cs;Data/Scripts/Mobiles/Insects/Lavapede.cs;Data/Scripts/Mobiles/Insects/Mantis.cs;Data/Scripts/Mobiles/Insects/Scorpion.cs;Data/Scripts/Mobiles/Insects/Spiders/AbyssCrawler.cs;Data/Scripts/Mobiles/Insects/Spiders/Arachnar.cs;Data/Scripts/Mobiles/Insects/Spiders/CaveFisher.cs;Data/Scripts/Mobiles/Insects/Spiders/DreadSpider.cs;Data/Scripts/Mobiles/Insects/Spiders/FrostSpider.cs;Data/Scripts/Mobiles/Insects/Spiders/GiantBlackWidow.cs;Data/Scripts/Mobiles/Insects/Spiders/GiantSpider.cs;Data/Scripts/Mobiles/Insects/Spiders/LargeSpider.cs;Data/Scripts/Mobiles/Insects/Spiders/MonstrousSpider.cs;Data/Scripts/Mobiles/Insects/Spiders/PhaseSpider.cs;Data/Scripts/Mobiles/Insects/Spiders/SandSpider.cs;Data/Scripts/Mobiles/Insects/Spiders/ShadowRecluse.cs;Data/Scripts/Mobiles/Insects/Spiders/Tarantula.cs;Data/Scripts/Mobiles/Insects/Spiders/WaterStrider.cs;Data/Scripts/Mobiles/Insects/Spiders/ZombieSpider.cs;Data/Scripts/Mobiles/Mystical/AncientSphinx.cs;Data/Scripts/Mobiles/Mystical/Angel.cs;Data/Scripts/Mobiles/Mystical/Archangel.cs;Data/Scripts/Mobiles/Mystical/Centaur.cs;Data/Scripts/Mobiles/Mystical/CorruptCentaur.cs;Data/Scripts/Mobiles/Mystical/CuSidhe.cs;Data/Scripts/Mobiles/Mystical/DarkUnicornRiding.cs;Data/Scripts/Mobiles/Mystical/DarkWisp.cs;Data/Scripts/Mobiles/Mystical/Dreadhorn.cs;Data/Scripts/Mobiles/Mystical/EtherealWarrior.cs;Data/Scripts/Mobiles/Mystical/Faerie.cs;Data/Scripts/Mobiles/Mystical/GriffonRiding.cs;Data/Scripts/Mobiles/Mystical/GuardianWolf.cs;Data/Scripts/Mobiles/Mystical/HippogriffRiding.cs;Data/Scripts/Mobiles/Mystical/IceSteed.cs;Data/Scripts/Mobiles/Mystical/Kirin.cs;Data/Scripts/Mobiles/Mystical/MLDryad.cs;Data/Scripts/Mobiles/Mystical/MysticalFox.cs;Data/Scripts/Mobiles/Mystical/PegasusRiding.cs;Data/Scripts/Mobiles/Mystical/Phoenix.cs;Data/Scripts/Mobiles/Mystical/Pixie.cs;Data/Scripts/Mobiles/Mystical/Placeron.cs;Data/Scripts/Mobiles/Mystical/Reptalon.cs;Data/Scripts/Mobiles/Mystical/RoyalSphinx.cs;Data/Scripts/Mobiles/Mystical/Satyr.cs;Data/Scripts/Mobiles/Mystical/ShadowWisp.cs;Data/Scripts/Mobiles/Mystical/SphinxRiding.cs;Data/Scripts/Mobiles/Mystical/Sprite.cs;Data/Scripts/Mobiles/Mystical/Sunlyte.cs;Data/Scripts/Mobiles/Mystical/Unicorn.cs;Data/Scripts/Mobiles/Mystical/Wisp.cs;Data/Scripts/Mobiles/Mystical/Xatyr.cs;Data/Scripts/Mobiles/Mystical/xDryad.cs;Data/Scripts/Mobiles/Plants/AncientEnt.cs;Data/Scripts/Mobiles/Plants/AncientReaper.cs;Data/Scripts/Mobiles/Plants/BloodLotus.cs;Data/Scripts/Mobiles/Plants/BogThing.cs;Data/Scripts/Mobiles/Plants/Bogling.cs;Data/Scripts/Mobiles/Plants/Corpser.cs;Data/Scripts/Mobiles/Plants/CreepingFungus.cs;Data/Scripts/Mobiles/Plants/DeadReaper.cs;Data/Scripts/Mobiles/Plants/Ent.cs;Data/Scripts/Mobiles/Plants/EvilEnt.cs;Data/Scripts/Mobiles/Plants/Fungal.cs;Data/Scripts/Mobiles/Plants/FungalMage.cs;Data/Scripts/Mobiles/Plants/Quagmire.cs;Data/Scripts/Mobiles/Plants/Reaper.cs;Data/Scripts/Mobiles/Plants/SeaWeeder.cs;Data/Scripts/Mobiles/Plants/SwampTentacle.cs;Data/Scripts/Mobiles/Plants/SwampThing.cs;Data/Scripts/Mobiles/Plants/TheAncientTree.cs;Data/Scripts/Mobiles/Plants/WalkingReaper.cs;Data/Scripts/Mobiles/Plants/WhippingVine.cs;Data/Scripts/Mobiles/Plants/WoodlandDevil.cs;Data/Scripts/Mobiles/Races/BaseRace.cs;Data/Scripts/Mobiles/Reptilian/Alligator.cs;Data/Scripts/Mobiles/Reptilian/BasiliskRiding.cs;Data/Scripts/Mobiles/Reptilian/CaveLizard.cs;Data/Scripts/Mobiles/Reptilian/Dinosaurs/Basilosaurus.cs;Data/Scripts/Mobiles/Reptilian/Dinosaurs/Brontosaur.cs;Data/Scripts/Mobiles/Reptilian/Dinosaurs/GorceratopsRiding.cs;Data/Scripts/Mobiles/Reptilian/Dinosaurs/Iguanodon.cs;Data/Scripts/Mobiles/Reptilian/Dinosaurs/Meglasaur.cs;Data/Scripts/Mobiles/Reptilian/Dinosaurs/RaptorRiding.cs;Data/Scripts/Mobiles/Reptilian/Dinosaurs/RavenousRiding.cs;Data/Scripts/Mobiles/Reptilian/Dinosaurs/Stegosaurus.cs;Data/Scripts/Mobiles/Reptilian/Dinosaurs/Teradactyl.cs;Data/Scripts/Mobiles/Reptilian/Dinosaurs/Titanoboa.cs;Data/Scripts/Mobiles/Reptilian/Dinosaurs/Tyranasaur.cs;Data/Scripts/Mobiles/Reptilian/Fish/GreatWhite.cs;Data/Scripts/Mobiles/Reptilian/Fish/Lochasaur.cs;Data/Scripts/Mobiles/Reptilian/Fish/Megalodon.cs;Data/Scripts/Mobiles/Reptilian/Fish/SeaHorses.cs;Data/Scripts/Mobiles/Reptilian/Fish/Shark.cs;Data/Scripts/Mobiles/Reptilian/Frogs/BullFrog.cs;Data/Scripts/Mobiles/Reptilian/Frogs/FireToad.cs;Data/Scripts/Mobiles/Reptilian/Frogs/Frog.cs;Data/Scripts/Mobiles/Reptilian/Frogs/GiantToad.cs;Data/Scripts/Mobiles/Reptilian/Frogs/IceToad.cs;Data/Scripts/Mobiles/Reptilian/Frogs/PoisonFrog.cs;Data/Scripts/Mobiles/Reptilian/Frogs/Toad.cs;Data/Scripts/Mobiles/Reptilian/GiantLizard.cs;Data/Scripts/Mobiles/Reptilian/HugeLizard.cs;Data/Scripts/Mobiles/Reptilian/Iguana.cs;Data/Scripts/Mobiles/Reptilian/LavaLizard.cs;Data/Scripts/Mobiles/Reptilian/Ridgeback.cs;Data/Scripts/Mobiles/Reptilian/SavageRidgeback.cs;Data/Scripts/Mobiles/Reptilian/Sea/Calamari.cs;Data/Scripts/Mobiles/Reptilian/Sea/GiantCrab.cs;Data/Scripts/Mobiles/Reptilian/Sea/GiantEel.cs;Data/Scripts/Mobiles/Reptilian/Sea/GiantLamprey.cs;Data/Scripts/Mobiles/Reptilian/Sea/GiantSquid.cs;Data/Scripts/Mobiles/Reptilian/Sea/Kraken.cs;Data/Scripts/Mobiles/Reptilian/Sea/Leviathan.cs;Data/Scripts/Mobiles/Reptilian/Sea/Lurker.cs;Data/Scripts/Mobiles/Reptilian/Sea/Raptus.cs;Data/Scripts/Mobiles/Reptilian/Sea/Slitheran.cs;Data/Scripts/Mobiles/Reptilian/Serpentaur.cs;Data/Scripts/Mobiles/Reptilian/Snakes/BloodSnake.cs;Data/Scripts/Mobiles/Reptilian/Snakes/DeepSeaSerpent.cs;Data/Scripts/Mobiles/Reptilian/Snakes/GiantAdder.cs;Data/Scripts/Mobiles/Reptilian/Snakes/GiantIceWorm.cs;Data/Scripts/Mobiles/Reptilian/Snakes/GiantSerpent.cs;Data/Scripts/Mobiles/Reptilian/Snakes/GiantSnake.cs;Data/Scripts/Mobiles/Reptilian/Snakes/GoldenSerpent.cs;Data/Scripts/Mobiles/Reptilian/Snakes/IceSerpent.cs;Data/Scripts/Mobiles/Reptilian/Snakes/IceSnake.cs;Data/Scripts/Mobiles/Reptilian/Snakes/JadeSerpent.cs;Data/Scripts/Mobiles/Reptilian/Snakes/Jormungand.cs;Data/Scripts/Mobiles/Reptilian/Snakes/JungleViper.cs;Data/Scripts/Mobiles/Reptilian/Snakes/LargeSnake.cs;Data/Scripts/Mobiles/Reptilian/Snakes/LavaSerpent.cs;Data/Scripts/Mobiles/Reptilian/Snakes/LavaSnake.cs;Data/Scripts/Mobiles/Reptilian/Snakes/LesserSeaSnake.cs;Data/Scripts/Mobiles/Reptilian/Snakes/RandomSerpent.cs;Data/Scripts/Mobiles/Reptilian/Snakes/SeaSerpent.cs;Data/Scripts/Mobiles/Reptilian/Snakes/SeaSnake.cs;Data/Scripts/Mobiles/Reptilian/Snakes/SilverSerpent.cs;Data/Scripts/Mobiles/Reptilian/Snakes/Snake.cs;Data/Scripts/Mobiles/Reptilian/Snapper.cs;Data/Scripts/Mobiles/Reptilian/Stalker.cs;Data/Scripts/Mobiles/Reptilian/Styguana.cs;Data/Scripts/Mobiles/Reptilian/SwampDragon.cs;Data/Scripts/Mobiles/Reptilian/SwampGator.cs;Data/Scripts/Mobiles/Reptilian/Toraxen.cs;Data/Scripts/Mobiles/Reptilian/Tortuga.cs;Data/Scripts/Mobiles/Reptilian/Turtle.cs;Data/Scripts/Mobiles/Slimes/AcidPuddle.cs;Data/Scripts/Mobiles/Slimes/BlackPudding.cs;Data/Scripts/Mobiles/Slimes/BloodWorm.cs;Data/Scripts/Mobiles/Slimes/CarcassWorm.cs;Data/Scripts/Mobiles/Slimes/FrostOoze.cs;Data/Scripts/Mobiles/Slimes/GiantLeech.cs;Data/Scripts/Mobiles/Slimes/GreenSlime.cs;Data/Scripts/Mobiles/Slimes/Jellyfish.cs;Data/Scripts/Mobiles/Slimes/LavaPuddle.cs;Data/Scripts/Mobiles/Slimes/MarshWurm.cs;Data/Scripts/Mobiles/Slimes/OilSlick.cs;Data/Scripts/Mobiles/Slimes/Slime.cs;Data/Scripts/Mobiles/Slimes/SlimeDevil.cs;Data/Scripts/Mobiles/Slimes/StrangleVine.cs;Data/Scripts/Mobiles/Slimes/Viscera.cs;Data/Scripts/Mobiles/Summoned/BladeSpirits.cs;Data/Scripts/Mobiles/Summoned/DeathVortex.cs;Data/Scripts/Mobiles/Summoned/EnergyVortex.cs;Data/Scripts/Mobiles/Summoned/EvilBladeSpirits.cs;Data/Scripts/Mobiles/Summoned/EvilEnergyVortex.cs;Data/Scripts/Mobiles/Summoned/EvilIcyVortex.cs;Data/Scripts/Mobiles/Summoned/EvilPlagueVortex.cs;Data/Scripts/Mobiles/Summoned/EvilScorchingVortex.cs;Data/Scripts/Mobiles/Summoned/Fairy.cs;Data/Scripts/Mobiles/Summoned/GasCloud.cs;Data/Scripts/Mobiles/Summoned/IceBladeSpirits.cs;Data/Scripts/Mobiles/Summoned/ManureGolem.cs;Data/Scripts/Mobiles/Summoned/SummonedAirElemental.cs;Data/Scripts/Mobiles/Summoned/SummonedAirElementalGreater.cs;Data/Scripts/Mobiles/Summoned/SummonedDaemon.cs;Data/Scripts/Mobiles/Summoned/SummonedDaemonGreater.cs;Data/Scripts/Mobiles/Summoned/SummonedEarthElemental.cs;Data/Scripts/Mobiles/Summoned/SummonedEarthElementalGreater.cs;Data/Scripts/Mobiles/Summoned/SummonedFireElemental.cs;Data/Scripts/Mobiles/Summoned/SummonedFireElementalGreater.cs;Data/Scripts/Mobiles/Summoned/SummonedTiger.cs;Data/Scripts/Mobiles/Summoned/SummonedWaterElemental.cs;Data/Scripts/Mobiles/Summoned/SummonedWaterElementalGreater.cs;Data/Scripts/Mobiles/Summoned/Swarm.cs;Data/Scripts/Mobiles/Summoned/WineElemental.cs;Data/Scripts/Mobiles/Undead/AncientLich.cs;Data/Scripts/Mobiles/Undead/AquaticGhoul.cs;Data/Scripts/Mobiles/Undead/Bodak.cs;Data/Scripts/Mobiles/Undead/BoneKnight.cs;Data/Scripts/Mobiles/Undead/BoneMagi.cs;Data/Scripts/Mobiles/Undead/BoneSailor.cs;Data/Scripts/Mobiles/Undead/BoneSlasher.cs;Data/Scripts/Mobiles/Undead/DarkReaper.cs;Data/Scripts/Mobiles/Undead/DeadKnight.cs;Data/Scripts/Mobiles/Undead/DeadWizard.cs;Data/Scripts/Mobiles/Undead/DeathBear.cs;Data/Scripts/Mobiles/Undead/DeathWolf.cs;Data/Scripts/Mobiles/Undead/DemiLich.cs;Data/Scripts/Mobiles/Undead/DiseasedMummy.cs;Data/Scripts/Mobiles/Undead/Dracolich.cs;Data/Scripts/Mobiles/Undead/Dracula.cs;Data/Scripts/Mobiles/Undead/DragonGhost.cs;Data/Scripts/Mobiles/Undead/FrailSkeleton.cs;Data/Scripts/Mobiles/Undead/FrozenCorpse.cs;Data/Scripts/Mobiles/Undead/GargoyleBones.cs;Data/Scripts/Mobiles/Undead/GhostDragyn.cs;Data/Scripts/Mobiles/Undead/GhostGargoyle.cs;Data/Scripts/Mobiles/Undead/GhostPirate.cs;Data/Scripts/Mobiles/Undead/GhostWarrior.cs;Data/Scripts/Mobiles/Undead/GhostWizard.cs;Data/Scripts/Mobiles/Undead/Ghostly.cs;Data/Scripts/Mobiles/Undead/Ghoul.cs;Data/Scripts/Mobiles/Undead/GiantSkeleton.cs;Data/Scripts/Mobiles/Undead/GraveSeeker.cs;Data/Scripts/Mobiles/Undead/GrundulVarg.cs;Data/Scripts/Mobiles/Undead/HellSteed.cs;Data/Scripts/Mobiles/Undead/IceGhoul.cs;Data/Scripts/Mobiles/Undead/Kull.cs;Data/Scripts/Mobiles/Undead/Lich.cs;Data/Scripts/Mobiles/Undead/LichKing.cs;Data/Scripts/Mobiles/Undead/LichLord.cs;Data/Scripts/Mobiles/Undead/LostKnight.cs;Data/Scripts/Mobiles/Undead/Mummy.cs;Data/Scripts/Mobiles/Undead/MummyGiant.cs;Data/Scripts/Mobiles/Undead/MummyLord.cs;Data/Scripts/Mobiles/Undead/Murk.cs;Data/Scripts/Mobiles/Undead/Nazghoul.cs;Data/Scripts/Mobiles/Undead/NecroticHound.cs;Data/Scripts/Mobiles/Undead/Phantom.cs;Data/Scripts/Mobiles/Undead/RestlessSoul.cs;Data/Scripts/Mobiles/Undead/Revenant.cs;Data/Scripts/Mobiles/Undead/RevenantLion.cs;Data/Scripts/Mobiles/Undead/RottingCorpse.cs;Data/Scripts/Mobiles/Undead/RottingMinotaur.cs;Data/Scripts/Mobiles/Undead/RottingSquid.cs;Data/Scripts/Mobiles/Undead/SeaGhost.cs;Data/Scripts/Mobiles/Undead/SeaZombie.cs;Data/Scripts/Mobiles/Undead/Shade.cs;Data/Scripts/Mobiles/Undead/Shroud.cs;Data/Scripts/Mobiles/Undead/SkeletalDragon.cs;Data/Scripts/Mobiles/Undead/SkeletalGargoyle.cs;Data/Scripts/Mobiles/Undead/SkeletalKnight.cs;Data/Scripts/Mobiles/Undead/SkeletalMage.cs;Data/Scripts/Mobiles/Undead/SkeletalPirate.cs;Data/Scripts/Mobiles/Undead/SkeletalSamurai.cs;Data/Scripts/Mobiles/Undead/SkeletalWarrior.cs;Data/Scripts/Mobiles/Undead/SkeletalWizard.cs;Data/Scripts/Mobiles/Undead/Skeleton.cs;Data/Scripts/Mobiles/Undead/SkeletonArcher.cs;Data/Scripts/Mobiles/Undead/SkeletonDragon.cs;Data/Scripts/Mobiles/Undead/SkeletonHorse.cs;Data/Scripts/Mobiles/Undead/SoulReaper.cs;Data/Scripts/Mobiles/Undead/SoulWorm.cs;Data/Scripts/Mobiles/Undead/SpectralGargoyle.cs;Data/Scripts/Mobiles/Undead/Spectre.cs;Data/Scripts/Mobiles/Undead/Spirit.cs;Data/Scripts/Mobiles/Undead/Surtaz.cs;Data/Scripts/Mobiles/Undead/TitanLich.cs;Data/Scripts/Mobiles/Undead/Undead.cs;Data/Scripts/Mobiles/Undead/UndeadDruid.cs;Data/Scripts/Mobiles/Undead/UndeadGiant.cs;Data/Scripts/Mobiles/Undead/Vampire.cs;Data/Scripts/Mobiles/Undead/VampireLord.cs;Data/Scripts/Mobiles/Undead/VampirePrince.cs;Data/Scripts/Mobiles/Undead/VampireWoods.cs;Data/Scripts/Mobiles/Undead/Vordo.cs;Data/Scripts/Mobiles/Undead/WailingBanshee.cs;Data/Scripts/Mobiles/Undead/WalkingCorpse.cs;Data/Scripts/Mobiles/Undead/Wight.cs;Data/Scripts/Mobiles/Undead/Wraith.cs;Data/Scripts/Mobiles/Undead/Zombie.cs;Data/Scripts/Mobiles/Undead/ZombieDragon.cs;Data/Scripts/Mobiles/Undead/ZombieGargoyle.cs;Data/Scripts/Mobiles/Undead/ZombieGiant.cs;Data/Scripts/Mobiles/Undead/ZombieMage.cs;Data/Scripts/Mobiles/Unique/BaneOfAnarchy.cs;Data/Scripts/Mobiles/Unique/BaneOfInsanity.cs;Data/Scripts/Mobiles/Unique/BaneOfWantoness.cs;Data/Scripts/Mobiles/Unique/BaronAlmric.cs;Data/Scripts/Mobiles/Unique/CodexGargoyles.cs;Data/Scripts/Mobiles/Unique/Exodus.cs;Data/Scripts/Mobiles/Unique/GrayDragon.cs;Data/Scripts/Mobiles/Unique/KhumashGor.cs;Data/Scripts/Mobiles/Unique/Mangar.cs;Data/Scripts/Mobiles/Unique/RuneGuardian.cs;Data/Scripts/Mobiles/Unique/SerpentOfChaos.cs;Data/Scripts/Mobiles/Unique/SerpentOfOrder.cs;Data/Scripts/Mobiles/Unique/Shadowlord.cs;Data/Scripts/Mobiles/Unique/SlasherOfVoid.cs;Data/Scripts/Mobiles/Unique/Spectres.cs;Data/Scripts/Mobiles/Unique/Tarjan.cs;Data/Scripts/Mobiles/Unique/TitanHydros.cs;Data/Scripts/Mobiles/Unique/TitanLithos.cs;Data/Scripts/Mobiles/Unique/TitanPyros.cs;Data/Scripts/Mobiles/Unique/TitanStratos.cs;Data/Scripts/Mobiles/Unusual/Beholder.cs;Data/Scripts/Mobiles/Unusual/BloodGodTentacles.cs;Data/Scripts/Mobiles/Unusual/Cronosaurus.cs;Data/Scripts/Mobiles/Unusual/ElderGazer.cs;Data/Scripts/Mobiles/Unusual/EyeOfTheDeep.cs;Data/Scripts/Mobiles/Unusual/FloatingEye.cs;Data/Scripts/Mobiles/Unusual/Gazer.cs;Data/Scripts/Mobiles/Unusual/GorgonRiding.cs;Data/Scripts/Mobiles/Unusual/HeadlessOne.cs;Data/Scripts/Mobiles/Unusual/HookHorror.cs;Data/Scripts/Mobiles/Unusual/Kuthulu.cs;Data/Scripts/Mobiles/Unusual/Roper.cs;Data/Scripts/Mobiles/Unusual/Seeker.cs;Data/Scripts/Mobiles/Unusual/SoulSucker.cs;Data/Scripts/Mobiles/Unusual/StoneRoper.cs;Data/Scripts/Mobiles/Unusual/UmberHulk.cs;Data/Scripts/Mobiles/Unusual/VorpalBunny.cs;Data/Scripts/Mobiles/Unusual/Watcher.cs;Data/Scripts/Mobiles/Unusual/Xenomorph.cs;Data/Scripts/Mobiles/Unusual/Xenomutant.cs;Data/Scripts/Mobiles/Unusual/Xorn.cs;Data/Scripts/Quests/Codex/CodexWisdom.cs;Data/Scripts/Quests/Frankenstein/FrankenFighter.cs;Data/Scripts/Quests/Golems/GolemFighter.cs;Data/Scripts/Quests/Pagan/PaganArtifact.cs;Data/Scripts/Quests/Robots/Robot.cs;Data/Scripts/System/Commands/Player/SkillListing.cs;Data/Scripts/System/Gumps/SkillsGump.cs;Data/Scripts/System/Misc/Players.cs;Data/Scripts/System/Obsolete/Obsolete.cs;Data/Scripts/System/Obsolete/Pegasus.cs;Data/Scripts/System/Obsolete/Sphinx.cs;Data/Scripts/System/Skills/Druidism.cs;Data/Scripts/System/Skills/SkillCheck.cs;Data/Scripts/System/Skills/Weapon Abilities/Block.cs;Data/Scripts/System/Skills/Weapon Abilities/CustomWeaponAbilities.cs;Data/Scripts/System/Skills/Weapon Abilities/DefenseMastery.cs;Data/Scripts/System/Skills/Weapon Abilities/DualWield.cs;Data/Scripts/System/Skills/Weapon Abilities/Feint.cs;Data/Scripts/System/Skills/Weapon Abilities/FrenziedWhirlwind.cs;Data/Scripts/System/Skills/Weapon Abilities/NerveStrike.cs;Data/Scripts/System/Skills/Weapon Abilities/RidingSwipe.cs;Data/Scripts/System/Skills/Weapon Abilities/SpecialAttacksDisplay.cs;Data/Scripts/System/Skills/Weapon Abilities/TalonStrike.cs;Data/Scripts/System/Skills/Weapon Abilities/WeaponAbility.cs;Data/Scripts/System/Skills/Weapon Abilities/WeaponArmorCalls.cs;Data/Scripts/Trades/Shoppes/BaseShoppe.cs;Data/System/Source/Skills.cs;Data/System/Source/Utility.cs,LexicalReferences; numeric indexes and dynamic references are not captured
28,Snooping,Snooping,45,57,Data/System/Source/Skills.cs,Data/Scripts/Custom/Offline Skill Training/Items/AdvancedStudyBooks.cs;Data/Scripts/Custom/Offline Skill Training/Items/LegendaryStudyBooks.cs;Data/Scripts/Custom/Offline Skill Training/Items/RandomStudyBooks.cs;Data/Scripts/Custom/Offline Skill Training/Items/StandardStudyBooks.cs;Data/Scripts/Custom/Progression/CharacterLevel/CharacterLevelService.cs;Data/Scripts/Custom/PvE/MobileBalance/SignedEquipSkillModController.cs;Data/Scripts/Items/Books/PowerScrolls/PowerScroll.cs;Data/Scripts/Items/Books/PowerScrolls/Scrolls_Exalted.cs;Data/Scripts/Items/Books/PowerScrolls/Scrolls_Legendary.cs;Data/Scripts/Items/Books/PowerScrolls/Scrolls_Mythical.cs;Data/Scripts/Items/Books/PowerScrolls/Scrolls_Power.cs;Data/Scripts/Items/Books/PowerScrolls/Scrolls_Wonderous.cs;Data/Scripts/Items/Magical/Artifacts/Artifact_BurglarsBandana.cs;Data/Scripts/Items/Magical/Artifacts/Artifact_DetectiveBoots.cs;Data/Scripts/Items/Magical/Artifacts/Artifact_GrayMouserCloak.cs;Data/Scripts/Items/Magical/Artifacts/Obsolete/Obsolete_BurglarsBandana.cs;Data/Scripts/Items/Magical/Artifacts/Obsolete/Obsolete_GrayMouserCloak.cs;Data/Scripts/Items/Magical/GuildRings.cs;Data/Scripts/Items/Magical/Morph/MorphingItem.cs;Data/Scripts/Items/Potions/Elixirs/Elixirs.cs;Data/Scripts/Items/Special/Special Scrolls/SpecialScroll.cs;Data/Scripts/Items/Trades/Thieving/DisguiseKit.cs;Data/Scripts/Items/Trades/Tools/BaseRunicTool.cs;Data/Scripts/Magic/Base/SpellBooks.cs;Data/Scripts/Mobiles/Base/BaseCreature.cs;Data/Scripts/Mobiles/Base/Behavior.cs;Data/Scripts/Mobiles/Civilized/Guilds/ThiefGuildmaster.cs;Data/Scripts/Mobiles/Civilized/Vendors/GypsyLady.cs;Data/Scripts/Mobiles/Civilized/Vendors/Thief.cs;Data/Scripts/Mobiles/Humanoids/Elves/ElfRogue.cs;Data/Scripts/Mobiles/Humanoids/Humans/Rogue.cs;Data/Scripts/Mobiles/Humanoids/Orcs/OrkRogue.cs;Data/Scripts/Mobiles/Races/BaseRace.cs;Data/Scripts/Quests/Codex/CodexWisdom.cs;Data/Scripts/Quests/Thief/Coffer.cs;Data/Scripts/Quests/Thief/StealBase.cs;Data/Scripts/System/Commands/Player/SkillListing.cs;Data/Scripts/System/Gumps/SkillsGump.cs;Data/Scripts/System/Misc/Players.cs;Data/Scripts/System/Skills/SkillCheck.cs;Data/Scripts/System/Skills/Snooping.cs;Data/Scripts/System/Skills/Stealing.cs;Data/Scripts/Trades/Shoppes/BaseShoppe.cs;Data/System/Source/Skills.cs;Data/System/Source/Utility.cs,LexicalReferences; numeric indexes and dynamic references are not captured
29,Musicianship,Musicianship,47,73,Data/System/Source/Skills.cs,Data/Scripts/Custom/Offline Skill Training/Items/AdvancedStudyBooks.cs;Data/Scripts/Custom/Offline Skill Training/Items/LegendaryStudyBooks.cs;Data/Scripts/Custom/Offline Skill Training/Items/RandomStudyBooks.cs;Data/Scripts/Custom/Offline Skill Training/Items/StandardStudyBooks.cs;Data/Scripts/Custom/Progression/CharacterLevel/CharacterLevelService.cs;Data/Scripts/Custom/ThirdParty/OmniAI/OmniAI Core.cs;Data/Scripts/Items/Books/PowerScrolls/PowerScroll.cs;Data/Scripts/Items/Books/PowerScrolls/Scrolls_Exalted.cs;Data/Scripts/Items/Books/PowerScrolls/Scrolls_Legendary.cs;Data/Scripts/Items/Books/PowerScrolls/Scrolls_Mythical.cs;Data/Scripts/Items/Books/PowerScrolls/Scrolls_Power.cs;Data/Scripts/Items/Books/PowerScrolls/Scrolls_Wonderous.cs;Data/Scripts/Items/Magical/Artifacts/Artifact_SongWovenMantle.cs;Data/Scripts/Items/Magical/Artifacts/Obsolete/Obsolete_SongWovenMantle.cs;Data/Scripts/Items/Magical/Artifacts/Specific/GwennosHarp.cs;Data/Scripts/Items/Magical/Artifacts/Specific/HornOfKingTriton.cs;Data/Scripts/Items/Magical/GuildRings.cs;Data/Scripts/Items/Magical/Morph/MorphingItem.cs;Data/Scripts/Items/Potions/Elixirs/Elixirs.cs;Data/Scripts/Items/Special/Special Scrolls/SpecialScroll.cs;Data/Scripts/Items/Trades/Misc/FireHorn.cs;Data/Scripts/Items/Trades/Musical Instruments/BaseInstrument.cs;Data/Scripts/Items/Trades/Tools/BaseRunicTool.cs;Data/Scripts/Magic/Bard/SongSpells.cs;Data/Scripts/Magic/Bard/Spells/ArmysPaeonSong.cs;Data/Scripts/Magic/Bard/Spells/MagesBalladSong.cs;Data/Scripts/Magic/Base/SpellBooks.cs;Data/Scripts/Magic/Magery/Spellbook.cs;Data/Scripts/Mobiles/Base/Behavior.cs;Data/Scripts/Mobiles/Civilized/Guilds/BardGuildmaster.cs;Data/Scripts/Mobiles/Civilized/Vendors/Bard.cs;Data/Scripts/Mobiles/Races/BaseRace.cs;Data/Scripts/Mobiles/Unique/Mangar.cs;Data/Scripts/Quests/Bards Tale/MangarsRewards.cs;Data/Scripts/Quests/Codex/CodexWisdom.cs;Data/Scripts/System/Commands/Player/SkillListing.cs;Data/Scripts/System/Gumps/SkillsGump.cs;Data/Scripts/System/Misc/Players.cs;Data/Scripts/System/Skills/Discordance.cs;Data/Scripts/System/Skills/Peacemaking.cs;Data/Scripts/System/Skills/Provocation.cs;Data/Scripts/System/Skills/SkillCheck.cs;Data/Scripts/Trades/Crafting/DefCarpentry.cs;Data/Scripts/Trades/Crafting/DefTinkering.cs;Data/Scripts/Trades/Shoppes/BaseShoppe.cs;Data/System/Source/Skills.cs;Data/System/Source/Utility.cs,LexicalReferences; numeric indexes and dynamic references are not captured
30,Poisoning,Poisoning,158,181,Data/System/Source/Skills.cs,Data/Scripts/Custom/Champions/Mobiles/Champs-UO/Ilhenir.cs;Data/Scripts/Custom/Champions/Mobiles/Champs-UO/Serado.cs;Data/Scripts/Custom/Champions/Mobiles/Minions/FetidEssence.cs;Data/Scripts/Custom/Champions/Mobiles/Minions/InterredGrizzle .cs;Data/Scripts/Custom/Champions/Mobiles/Minions/PestilentBandage.cs;Data/Scripts/Custom/Invasion System/Add Ins/Pirates/Morgan/Morgan2.cs;Data/Scripts/Custom/Invasion System/Add Ins/Pirates/Pirate Set/Pirate 2.cs;Data/Scripts/Custom/Invasion System/Add Ins/Pirates/Pirate Set/Pirate First Mate.cs;Data/Scripts/Custom/Invasion System/Add Ins/Pirates/Pirate Set/Pirate.cs;Data/Scripts/Custom/Invasion System/Add Ins/Pirates/Pirate Set/PirateCabinboy.cs;Data/Scripts/Custom/Invasion System/Add Ins/Pirates/Pirate Set/PirateCaptain.cs;Data/Scripts/Custom/Invasion System/Add Ins/SubChamps/PirateLeader.cs;Data/Scripts/Custom/Offline Skill Training/Items/AdvancedStudyBooks.cs;Data/Scripts/Custom/Offline Skill Training/Items/LegendaryStudyBooks.cs;Data/Scripts/Custom/Offline Skill Training/Items/RandomStudyBooks.cs;Data/Scripts/Custom/Offline Skill Training/Items/StandardStudyBooks.cs;Data/Scripts/Custom/Progression/CharacterLevel/CharacterLevelService.cs;Data/Scripts/Custom/PvE/MobileBalance/MobileBalanceCatalog.cs;Data/Scripts/Custom/PvE/MobileBalance/SignedEquipSkillModController.cs;Data/Scripts/Items/Books/PowerScrolls/PowerScroll.cs;Data/Scripts/Items/Books/PowerScrolls/Scrolls_Exalted.cs;Data/Scripts/Items/Books/PowerScrolls/Scrolls_Legendary.cs;Data/Scripts/Items/Books/PowerScrolls/Scrolls_Mythical.cs;Data/Scripts/Items/Books/PowerScrolls/Scrolls_Power.cs;Data/Scripts/Items/Books/PowerScrolls/Scrolls_Wonderous.cs;Data/Scripts/Items/Magical/Artifacts/Artifact_FangOfRactus.cs;Data/Scripts/Items/Magical/Artifacts/Artifact_SerpentsFang.cs;Data/Scripts/Items/Magical/Artifacts/Obsolete/Obsolete_FangOfRactus.cs;Data/Scripts/Items/Magical/Artifacts/Obsolete/Obsolete_SerpentsFang.cs;Data/Scripts/Items/Magical/GuildRings.cs;Data/Scripts/Items/Magical/Morph/MorphingItem.cs;Data/Scripts/Items/Potions/Elixirs/Elixirs.cs;Data/Scripts/Items/Potions/Mixtures/AlchemicSlime.cs;Data/Scripts/Items/Potions/Mixtures/BaseMixture.cs;Data/Scripts/Items/Potions/Special/MonsterSplatter.cs;Data/Scripts/Items/Potions/Standard/Poison Potions/BasePoisonPotion.cs;Data/Scripts/Items/Potions/Standard/Poison Potions/VenomSack.cs;Data/Scripts/Items/Special/DemonPrison.cs;Data/Scripts/Items/Special/Special Scrolls/SpecialScroll.cs;Data/Scripts/Items/Trades/Tools/BaseRunicTool.cs;Data/Scripts/Items/Traps/HiddenTrap.cs;Data/Scripts/Items/Weapons/BaseWeapon.cs;Data/Scripts/Magic/Base/SpellBooks.cs;Data/Scripts/Magic/Jester/SummonedJoke.cs;Data/Scripts/Magic/Magery/Magery 3rd/Poison.cs;Data/Scripts/Magic/Magery/Magery 5th/PoisonField.cs;Data/Scripts/Magic/Necromancy/PoisonStrike.cs;Data/Scripts/Mobiles/Animals/Canines/WereWolf.cs;Data/Scripts/Mobiles/Base/BaseCreature.cs;Data/Scripts/Mobiles/Base/Behavior.cs;Data/Scripts/Mobiles/Civilized/Citizens/Citizens.cs;Data/Scripts/Mobiles/Civilized/Comrades/HenchmanMonster.cs;Data/Scripts/Mobiles/Civilized/Comrades/HenchmanWizard.cs;Data/Scripts/Mobiles/Civilized/DeathKnightDemon.cs;Data/Scripts/Mobiles/Civilized/Familiars/DeathAdder.cs;Data/Scripts/Mobiles/Civilized/Guilds/AlchemistGuildmaster.cs;Data/Scripts/Mobiles/Civilized/Guilds/AssassinGuildmaster.cs;Data/Scripts/Mobiles/Civilized/TimeLord.cs;Data/Scripts/Mobiles/Civilized/Vendors/Alchemist.cs;Data/Scripts/Mobiles/Constructs/Golems/IceGolem.cs;Data/Scripts/Mobiles/Daemons/Balron.cs;Data/Scripts/Mobiles/Daemons/Daemon.cs;Data/Scripts/Mobiles/Dragons/Dragons/Dragons.cs;Data/Scripts/Mobiles/Dragons/Dragons/RidingDragon.cs;Data/Scripts/Mobiles/Dragons/Wyverns/Wyverns.cs;Data/Scripts/Mobiles/Dragons/Young/YoungDragon.cs;Data/Scripts/Mobiles/Elementals/Elementals/PoisonElemental.cs;Data/Scripts/Mobiles/Humanoids/Humans/Executioner.cs;Data/Scripts/Mobiles/Humanoids/Sailors/Pirates/ElfPirateCaptain.cs;Data/Scripts/Mobiles/Humanoids/Sailors/Pirates/PirateCaptain.cs;Data/Scripts/Mobiles/Humanoids/Savages/Native.cs;Data/Scripts/Mobiles/Humanoids/Savages/NativeArcher.cs;Data/Scripts/Mobiles/Humanoids/Savages/Savage.cs;Data/Scripts/Mobiles/Humanoids/Savages/SavageRider.cs;Data/Scripts/Mobiles/Humanoids/Savages/SavageShaman.cs;Data/Scripts/Mobiles/Humanoids/Savages/ZuluuArcher.cs;Data/Scripts/Mobiles/Humanoids/Savages/ZuluuNative.cs;Data/Scripts/Mobiles/Humanoids/Sea/Tritun.cs;Data/Scripts/Mobiles/Humanoids/Serpents/Naga.cs;Data/Scripts/Mobiles/Humanoids/Serpents/OphidianKnight.cs;Data/Scripts/Mobiles/Humanoids/Serpents/Serpentar.cs;Data/Scripts/Mobiles/Humanoids/Serpents/SerpynChampion.cs;Data/Scripts/Mobiles/Humanoids/Serpents/WaterNaga.cs;Data/Scripts/Mobiles/Humanoids/Terathan/TerathanAvenger.cs;Data/Scripts/Mobiles/Humanoids/Terathan/TerathanDrone.cs;Data/Scripts/Mobiles/Humanoids/Terathan/TerathanWarrior.cs;Data/Scripts/Mobiles/Insects/Beetles/DuneBeetle.cs;Data/Scripts/Mobiles/Insects/Beetles/MetalBeetle.cs;Data/Scripts/Mobiles/Insects/Beetles/RuneBeetle.cs;Data/Scripts/Mobiles/Insects/DeadlyScorpion.cs;Data/Scripts/Mobiles/Insects/Scorpion.cs;Data/Scripts/Mobiles/Insects/Spiders/AbyssCrawler.cs;Data/Scripts/Mobiles/Insects/Spiders/CaveFisher.cs;Data/Scripts/Mobiles/Insects/Spiders/GiantBlackWidow.cs;Data/Scripts/Mobiles/Insects/Spiders/GiantSpider.cs;Data/Scripts/Mobiles/Insects/Spiders/LargeSpider.cs;Data/Scripts/Mobiles/Insects/Spiders/MonstrousSpider.cs;Data/Scripts/Mobiles/Insects/Spiders/SandSpider.cs;Data/Scripts/Mobiles/Insects/Spiders/Tarantula.cs;Data/Scripts/Mobiles/Insects/Spiders/ZombieSpider.cs;Data/Scripts/Mobiles/Plants/CreepingFungus.cs;Data/Scripts/Mobiles/Races/BaseRace.cs;Data/Scripts/Mobiles/Reptilian/CaveLizard.cs;Data/Scripts/Mobiles/Reptilian/Dinosaurs/Teradactyl.cs;Data/Scripts/Mobiles/Reptilian/Dinosaurs/Titanoboa.cs;Data/Scripts/Mobiles/Reptilian/Frogs/PoisonFrog.cs;Data/Scripts/Mobiles/Reptilian/GiantLizard.cs;Data/Scripts/Mobiles/Reptilian/Sea/GiantLamprey.cs;Data/Scripts/Mobiles/Reptilian/Serpentaur.cs;Data/Scripts/Mobiles/Reptilian/Snakes/BloodSnake.cs;Data/Scripts/Mobiles/Reptilian/Snakes/GiantAdder.cs;Data/Scripts/Mobiles/Reptilian/Snakes/GiantIceWorm.cs;Data/Scripts/Mobiles/Reptilian/Snakes/GiantSerpent.cs;Data/Scripts/Mobiles/Reptilian/Snakes/GoldenSerpent.cs;Data/Scripts/Mobiles/Reptilian/Snakes/JadeSerpent.cs;Data/Scripts/Mobiles/Reptilian/Snakes/JungleViper.cs;Data/Scripts/Mobiles/Reptilian/Snakes/LargeSnake.cs;Data/Scripts/Mobiles/Reptilian/Snakes/LesserSeaSnake.cs;Data/Scripts/Mobiles/Reptilian/Snakes/RandomSerpent.cs;Data/Scripts/Mobiles/Reptilian/Snakes/SeaSnake.cs;Data/Scripts/Mobiles/Reptilian/Snakes/SilverSerpent.cs;Data/Scripts/Mobiles/Reptilian/Snakes/Snake.cs;Data/Scripts/Mobiles/Reptilian/Stalker.cs;Data/Scripts/Mobiles/Slimes/BlackPudding.cs;Data/Scripts/Mobiles/Slimes/GiantLeech.cs;Data/Scripts/Mobiles/Slimes/GreenSlime.cs;Data/Scripts/Mobiles/Slimes/Slime.cs;Data/Scripts/Mobiles/Undead/AncientLich.cs;Data/Scripts/Mobiles/Undead/DragonGhost.cs;Data/Scripts/Mobiles/Undead/GrundulVarg.cs;Data/Scripts/Mobiles/Undead/Kull.cs;Data/Scripts/Mobiles/Undead/LichKing.cs;Data/Scripts/Mobiles/Undead/LostKnight.cs;Data/Scripts/Mobiles/Undead/Murk.cs;Data/Scripts/Mobiles/Undead/RevenantLion.cs;Data/Scripts/Mobiles/Undead/RottingCorpse.cs;Data/Scripts/Mobiles/Undead/RottingSquid.cs;Data/Scripts/Mobiles/Undead/TitanLich.cs;Data/Scripts/Mobiles/Undead/WalkingCorpse.cs;Data/Scripts/Mobiles/Undead/ZombieDragon.cs;Data/Scripts/Quests/Codex/CodexWisdom.cs;Data/Scripts/Quests/Pagan/PaganArtifact.cs;Data/Scripts/System/Commands/Player/SkillListing.cs;Data/Scripts/System/Gumps/SkillsGump.cs;Data/Scripts/System/Misc/Players.cs;Data/Scripts/System/Obsolete/Obsolete.cs;Data/Scripts/System/Skills/Druidism.cs;Data/Scripts/System/Skills/Poisoning.cs;Data/Scripts/System/Skills/SkillCheck.cs;Data/Scripts/System/Skills/Weapon Abilities/AbilityBook.cs;Data/Scripts/System/Skills/Weapon Abilities/Extra/ShadowInfectiousStrike.cs;Data/Scripts/System/Skills/Weapon Abilities/InfectiousStrike.cs;Data/Scripts/System/Skills/Weapon Abilities/SerpentArrow.cs;Data/Scripts/System/Skills/Weapon Abilities/WeaponAbility.cs;Data/Scripts/System/Skills/Weapon Abilities/WeaponArmorCalls.cs;Data/Scripts/Trades/Shoppes/BaseShoppe.cs;Data/System/Source/Skills.cs;Data/System/Source/Utility.cs,LexicalReferences; numeric indexes and dynamic references are not captured
31,Marksmanship,Marksmanship,111,142,Data/System/Source/Skills.cs,Data/Scripts/Custom/Champions/Mobiles/Champs-UO/Twaulo.cs;Data/Scripts/Custom/Invasion System/Add Ins/Metal Assemblies/ASSEMBLY/BaseAssembly.cs;Data/Scripts/Custom/Invasion System/Add Ins/Pirates/Chasing Pirates/PirateCaptain.cs;Data/Scripts/Custom/Invasion System/Add Ins/Pirates/Chasing Pirates/PirateCrew.cs;Data/Scripts/Custom/Offline Skill Training/Items/AdvancedStudyBooks.cs;Data/Scripts/Custom/Offline Skill Training/Items/LegendaryStudyBooks.cs;Data/Scripts/Custom/Offline Skill Training/Items/RandomStudyBooks.cs;Data/Scripts/Custom/Offline Skill Training/Items/StandardStudyBooks.cs;Data/Scripts/Custom/Progression/CharacterLevel/CharacterLevelService.cs;Data/Scripts/Custom/PvE/CloneOfflinePlayerCharacters/CharacterClone.cs;Data/Scripts/Items/Armor/Shields/BaseShield.cs;Data/Scripts/Items/Books/PowerScrolls/PowerScroll.cs;Data/Scripts/Items/Books/PowerScrolls/Scrolls_Exalted.cs;Data/Scripts/Items/Books/PowerScrolls/Scrolls_Legendary.cs;Data/Scripts/Items/Books/PowerScrolls/Scrolls_Mythical.cs;Data/Scripts/Items/Books/PowerScrolls/Scrolls_Power.cs;Data/Scripts/Items/Books/PowerScrolls/Scrolls_Wonderous.cs;Data/Scripts/Items/Magical/Artifacts/Artifact_AilricsLongbow.cs;Data/Scripts/Items/Magical/Artifacts/Artifact_BowofthePhoenix.cs;Data/Scripts/Items/Magical/Artifacts/Artifact_Frostbringer.cs;Data/Scripts/Items/Magical/Artifacts/Artifact_HuntersArms.cs;Data/Scripts/Items/Magical/Artifacts/Artifact_HuntersGloves.cs;Data/Scripts/Items/Magical/Artifacts/Artifact_HuntersGorget.cs;Data/Scripts/Items/Magical/Artifacts/Artifact_HuntersHeaddress.cs;Data/Scripts/Items/Magical/Artifacts/Artifact_HuntersLeggings.cs;Data/Scripts/Items/Magical/Artifacts/Artifact_HuntersTunic.cs;Data/Scripts/Items/Magical/Artifacts/Artifact_RobinHoodsBow.cs;Data/Scripts/Items/Magical/Artifacts/Artifact_RobinHoodsFeatheredHat.cs;Data/Scripts/Items/Magical/Artifacts/Artifact_WildfireBow.cs;Data/Scripts/Items/Magical/Artifacts/Artifact_Windsong.cs;Data/Scripts/Items/Magical/Artifacts/Obsolete/Obsolete_AilricsLongbow.cs;Data/Scripts/Items/Magical/Artifacts/Obsolete/Obsolete_BowofthePhoenix.cs;Data/Scripts/Items/Magical/Artifacts/Obsolete/Obsolete_Frostbringer.cs;Data/Scripts/Items/Magical/Artifacts/Obsolete/Obsolete_HuntersArms.cs;Data/Scripts/Items/Magical/Artifacts/Obsolete/Obsolete_HuntersGloves.cs;Data/Scripts/Items/Magical/Artifacts/Obsolete/Obsolete_HuntersGorget.cs;Data/Scripts/Items/Magical/Artifacts/Obsolete/Obsolete_HuntersHeaddress.cs;Data/Scripts/Items/Magical/Artifacts/Obsolete/Obsolete_HuntersLeggings.cs;Data/Scripts/Items/Magical/Artifacts/Obsolete/Obsolete_HuntersTunic.cs;Data/Scripts/Items/Magical/Artifacts/Obsolete/Obsolete_RobinHoodsBow.cs;Data/Scripts/Items/Magical/Artifacts/Obsolete/Obsolete_RobinHoodsFeatheredHat.cs;Data/Scripts/Items/Magical/Artifacts/Obsolete/Obsolete_TheDryadBow.cs;Data/Scripts/Items/Magical/Artifacts/Obsolete/Obsolete_WildfireBow.cs;Data/Scripts/Items/Magical/Artifacts/Obsolete/Obsolete_Windsong.cs;Data/Scripts/Items/Magical/Gifts/Weapons/GiftHarpoon.cs;Data/Scripts/Items/Magical/Gifts/Weapons/GiftStave.cs;Data/Scripts/Items/Magical/Gifts/Weapons/GiftThrowingGloves.cs;Data/Scripts/Items/Magical/God/Weapons/LevelHarpoon.cs;Data/Scripts/Items/Magical/God/Weapons/LevelStave.cs;Data/Scripts/Items/Magical/God/Weapons/LevelThrowingGloves.cs;Data/Scripts/Items/Magical/GuildRings.cs;Data/Scripts/Items/Magical/Morph/MorphingItem.cs;Data/Scripts/Items/Potions/Elixirs/Elixirs.cs;Data/Scripts/Items/Special/Special Scrolls/SpecialScroll.cs;Data/Scripts/Items/Technology/BaseKilrathi.cs;Data/Scripts/Items/Trades/Tools/BaseRunicTool.cs;Data/Scripts/Items/Weapons/BaseWeapon.cs;Data/Scripts/Items/Weapons/Bows/BaseRanged.cs;Data/Scripts/Items/Weapons/Marksman/Harpoon.cs;Data/Scripts/Items/Weapons/Marksman/MonsterGloves.cs;Data/Scripts/Items/Weapons/Marksman/ThrowingGloves.cs;Data/Scripts/Items/Weapons/Marksman/WizardStaff.cs;Data/Scripts/Magic/Base/SpellBooks.cs;Data/Scripts/Magic/Knight/ConsecrateWeapon.cs;Data/Scripts/Mobiles/Animals/Mounts/Ethereals.cs;Data/Scripts/Mobiles/Base/Behavior.cs;Data/Scripts/Mobiles/Civilized/Comrades/HenchmanArcher.cs;Data/Scripts/Mobiles/Civilized/Comrades/HenchmanMonster.cs;Data/Scripts/Mobiles/Civilized/Comrades/HenchmanWizard.cs;Data/Scripts/Mobiles/Civilized/Guilds/ArcherGuildmaster.cs;Data/Scripts/Mobiles/Civilized/Guilds/BardGuildmaster.cs;Data/Scripts/Mobiles/Civilized/Guilds/JesterGuildmaster.cs;Data/Scripts/Mobiles/Civilized/Guilds/RangerGuildmaster.cs;Data/Scripts/Mobiles/Civilized/Vendors/Bard.cs;Data/Scripts/Mobiles/Civilized/Vendors/Bowyer.cs;Data/Scripts/Mobiles/Civilized/Vendors/Jester.cs;Data/Scripts/Mobiles/Civilized/Vendors/Ranger.cs;Data/Scripts/Mobiles/Humanoids/Elves/ElfMinstrel.cs;Data/Scripts/Mobiles/Humanoids/Humans/Adventurers.cs;Data/Scripts/Mobiles/Humanoids/Humans/Minstrel.cs;Data/Scripts/Mobiles/Humanoids/Kilrathi/KilrathiGunner.cs;Data/Scripts/Mobiles/Humanoids/Lizardmen/LizardmanArcher.cs;Data/Scripts/Mobiles/Humanoids/Lizardmen/SaklethArcher.cs;Data/Scripts/Mobiles/Humanoids/Minotaurs/Minotaur.cs;Data/Scripts/Mobiles/Humanoids/Morlock.cs;Data/Scripts/Mobiles/Humanoids/Neanderthal.cs;Data/Scripts/Mobiles/Humanoids/Orcs/Orc.cs;Data/Scripts/Mobiles/Humanoids/Orcs/Urc.cs;Data/Scripts/Mobiles/Humanoids/Ratmen/RatmanArcher.cs;Data/Scripts/Mobiles/Humanoids/Sailors/BaseSailor.cs;Data/Scripts/Mobiles/Humanoids/Sailors/Galleons/BasePirate.cs;Data/Scripts/Mobiles/Humanoids/Sailors/Galleons/PirateOgreLord.cs;Data/Scripts/Mobiles/Humanoids/Sailors/Pirates/ElfPirateCrewBow.cs;Data/Scripts/Mobiles/Humanoids/Sailors/Pirates/PirateCrewBow.cs;Data/Scripts/Mobiles/Humanoids/Savages/NativeArcher.cs;Data/Scripts/Mobiles/Humanoids/Savages/ZuluuArcher.cs;Data/Scripts/Mobiles/Mystical/Centaur.cs;Data/Scripts/Mobiles/Mystical/CorruptCentaur.cs;Data/Scripts/Mobiles/Races/BaseRace.cs;Data/Scripts/Quests/Codex/CodexWisdom.cs;Data/Scripts/System/Commands/Player/SkillListing.cs;Data/Scripts/System/Gumps/SkillsGump.cs;Data/Scripts/System/Misc/Players.cs;Data/Scripts/System/Skills/Druidism.cs;Data/Scripts/System/Skills/SkillCheck.cs;Data/Scripts/System/Skills/Weapon Abilities/AbilityBook.cs;Data/Scripts/System/Skills/Weapon Abilities/WeaponAbility.cs;Data/Scripts/System/Skills/Weapon Abilities/WeaponArmorCalls.cs;Data/Scripts/Trades/Shoppes/BaseShoppe.cs;Data/System/Source/Skills.cs;Data/System/Source/Utility.cs,LexicalReferences; numeric indexes and dynamic references are not captured
32,Spiritualism,Spiritualism,96,130,Data/System/Source/Skills.cs,Data/Scripts/Custom/Offline Skill Training/Items/AdvancedStudyBooks.cs;Data/Scripts/Custom/Offline Skill Training/Items/LegendaryStudyBooks.cs;Data/Scripts/Custom/Offline Skill Training/Items/RandomStudyBooks.cs;Data/Scripts/Custom/Offline Skill Training/Items/StandardStudyBooks.cs;Data/Scripts/Custom/Progression/CharacterLevel/CharacterLevelService.cs;Data/Scripts/Custom/PvE/CloneOfflinePlayerCharacters/CharacterClone.cs;Data/Scripts/Custom/ThirdParty/OmniAI/AITester.cs;Data/Scripts/Custom/ThirdParty/OmniAI/OmniAI Shared.cs;Data/Scripts/Items/Books/PowerScrolls/PowerScroll.cs;Data/Scripts/Items/Books/PowerScrolls/Scrolls_Exalted.cs;Data/Scripts/Items/Books/PowerScrolls/Scrolls_Legendary.cs;Data/Scripts/Items/Books/PowerScrolls/Scrolls_Mythical.cs;Data/Scripts/Items/Books/PowerScrolls/Scrolls_Power.cs;Data/Scripts/Items/Books/PowerScrolls/Scrolls_Wonderous.cs;Data/Scripts/Items/Containers/DungeonChest.cs;Data/Scripts/Items/Magical/Artifacts/Artifact_ANecromancerShroud.cs;Data/Scripts/Items/Magical/Artifacts/Artifact_BloodwoodSpirit.cs;Data/Scripts/Items/Magical/Artifacts/Artifact_Candles.cs;Data/Scripts/Items/Magical/Artifacts/Artifact_GrimReapersLantern.cs;Data/Scripts/Items/Magical/Artifacts/Artifact_GrimReapersMask.cs;Data/Scripts/Items/Magical/Artifacts/Artifact_GrimReapersRobe.cs;Data/Scripts/Items/Magical/Artifacts/Artifact_RobeOfTheEclipse.cs;Data/Scripts/Items/Magical/Artifacts/Artifact_VampiresRobe.cs;Data/Scripts/Items/Magical/Artifacts/Obsolete/Obsolete_BloodwoodSpirit.cs;Data/Scripts/Items/Magical/Artifacts/Obsolete/Obsolete_Candles.cs;Data/Scripts/Items/Magical/Artifacts/Obsolete/Obsolete_GrimReapersLantern.cs;Data/Scripts/Items/Magical/Artifacts/Obsolete/Obsolete_GrimReapersMask.cs;Data/Scripts/Items/Magical/Artifacts/Obsolete/Obsolete_GrimReapersRobe.cs;Data/Scripts/Items/Magical/Artifacts/Obsolete/Obsolete_RobeOfTheEclipse.cs;Data/Scripts/Items/Magical/Artifacts/Obsolete/Obsolete_VampiresRobe.cs;Data/Scripts/Items/Magical/Artifacts/Specific/OssianGrimoire.cs;Data/Scripts/Items/Magical/GuildRings.cs;Data/Scripts/Items/Magical/Morph/MorphingItem.cs;Data/Scripts/Items/Misc/Bodies/LivingDead/BookofDead.cs;Data/Scripts/Items/Potions/Elixirs/Elixirs.cs;Data/Scripts/Items/Special/Special Scrolls/SpecialScroll.cs;Data/Scripts/Items/Trades/Tools/BaseRunicTool.cs;Data/Scripts/Magic/Base/SpellBooks.cs;Data/Scripts/Magic/Holy Man/HolyManSpell.cs;Data/Scripts/Magic/Holy Man/Spells/SacredBoonSpell.cs;Data/Scripts/Magic/Holy Man/Spells/SanctifySpell.cs;Data/Scripts/Magic/Holy Man/Spells/SeanceSpell.cs;Data/Scripts/Magic/Holy Man/Spells/SmiteSpell.cs;Data/Scripts/Magic/Holy Man/Spells/TouchOfLifeSpell.cs;Data/Scripts/Magic/Holy Man/Spells/TrialByFireSpell.cs;Data/Scripts/Magic/Necromancy/AnimateDeadSpell.cs;Data/Scripts/Magic/Necromancy/CurseWeapon.cs;Data/Scripts/Magic/Necromancy/EvilOmen.cs;Data/Scripts/Magic/Necromancy/NecromancerSpell.cs;Data/Scripts/Magic/Necromancy/Strangle.cs;Data/Scripts/Magic/Necromancy/SummonFamiliar.cs;Data/Scripts/Magic/Research/ResearchFunctions.cs;Data/Scripts/Magic/Research/ResearchSpell.cs;Data/Scripts/Mobiles/Base/BaseCreature.cs;Data/Scripts/Mobiles/Base/Behavior.cs;Data/Scripts/Mobiles/Base/PlayerMobile.cs;Data/Scripts/Mobiles/Civilized/Guilds/HealerGuildmaster.cs;Data/Scripts/Mobiles/Civilized/Guilds/NecromancerGuildmaster.cs;Data/Scripts/Mobiles/Civilized/Healers/EvilHealer.cs;Data/Scripts/Mobiles/Civilized/Healers/Healer.cs;Data/Scripts/Mobiles/Civilized/Healers/WanderingHealer.cs;Data/Scripts/Mobiles/Civilized/Priest.cs;Data/Scripts/Mobiles/Civilized/Vendors/GypsyLady.cs;Data/Scripts/Mobiles/Civilized/Vendors/NecroMage.cs;Data/Scripts/Mobiles/Civilized/Vendors/Necromancer.cs;Data/Scripts/Mobiles/Civilized/Vendors/Undertaker.cs;Data/Scripts/Mobiles/Civilized/Vendors/Witches.cs;Data/Scripts/Mobiles/Humanoids/Sea/SeaHag.cs;Data/Scripts/Mobiles/Humanoids/Sea/SeaHagGreater.cs;Data/Scripts/Mobiles/Races/BaseRace.cs;Data/Scripts/Mobiles/Undead/Bodak.cs;Data/Scripts/Mobiles/Undead/DemiLich.cs;Data/Scripts/Mobiles/Undead/Ghostly.cs;Data/Scripts/Mobiles/Undead/Lich.cs;Data/Scripts/Mobiles/Undead/LichLord.cs;Data/Scripts/Mobiles/Undead/Nazghoul.cs;Data/Scripts/Mobiles/Undead/Revenant.cs;Data/Scripts/Mobiles/Undead/SeaGhost.cs;Data/Scripts/Mobiles/Undead/Shroud.cs;Data/Scripts/Mobiles/Undead/SkeletalWizard.cs;Data/Scripts/Mobiles/Undead/UndeadDruid.cs;Data/Scripts/Mobiles/Undead/Vordo.cs;Data/Scripts/Mobiles/Unique/Spectres.cs;Data/Scripts/Quests/Bards Tale/MangarsRewards.cs;Data/Scripts/Quests/Codex/CodexWisdom.cs;Data/Scripts/System/Commands/Player/SkillListing.cs;Data/Scripts/System/Gumps/SkillsGump.cs;Data/Scripts/System/Misc/CharacterCreation.cs;Data/Scripts/System/Misc/Players.cs;Data/Scripts/System/Skills/SkillCheck.cs;Data/Scripts/System/Skills/Spiritualism.cs;Data/Scripts/System/Skills/Weapon Abilities/ForceofNature.cs;Data/Scripts/Trades/Grave Robbing/GraveRobbing.cs;Data/Scripts/Trades/Shoppes/BaseShoppe.cs;Data/System/Source/Skills.cs;Data/System/Source/Utility.cs,LexicalReferences; numeric indexes and dynamic references are not captured
33,Stealing,Stealing,56,88,Data/System/Source/Skills.cs,Data/Scripts/Custom/Offline Skill Training/Items/AdvancedStudyBooks.cs;Data/Scripts/Custom/Offline Skill Training/Items/LegendaryStudyBooks.cs;Data/Scripts/Custom/Offline Skill Training/Items/RandomStudyBooks.cs;Data/Scripts/Custom/Offline Skill Training/Items/StandardStudyBooks.cs;Data/Scripts/Custom/Progression/CharacterLevel/CharacterLevelService.cs;Data/Scripts/Items/Books/PowerScrolls/PowerScroll.cs;Data/Scripts/Items/Books/PowerScrolls/Scrolls_Exalted.cs;Data/Scripts/Items/Books/PowerScrolls/Scrolls_Legendary.cs;Data/Scripts/Items/Books/PowerScrolls/Scrolls_Mythical.cs;Data/Scripts/Items/Books/PowerScrolls/Scrolls_Power.cs;Data/Scripts/Items/Books/PowerScrolls/Scrolls_Wonderous.cs;Data/Scripts/Items/Construction/Addons/PickpocketDips.cs;Data/Scripts/Items/Magical/Artifacts/Artifact_BurglarsBandana.cs;Data/Scripts/Items/Magical/Artifacts/Artifact_GrayMouserCloak.cs;Data/Scripts/Items/Magical/Artifacts/Artifact_ShadowDancerArms.cs;Data/Scripts/Items/Magical/Artifacts/Artifact_ShadowDancerCap.cs;Data/Scripts/Items/Magical/Artifacts/Artifact_ShadowDancerGloves.cs;Data/Scripts/Items/Magical/Artifacts/Artifact_ShadowDancerGorget.cs;Data/Scripts/Items/Magical/Artifacts/Artifact_ShadowDancerLeggings.cs;Data/Scripts/Items/Magical/Artifacts/Artifact_ShadowDancerTunic.cs;Data/Scripts/Items/Magical/Artifacts/Obsolete/Obsolete_BurglarsBandana.cs;Data/Scripts/Items/Magical/Artifacts/Obsolete/Obsolete_GrayMouserCloak.cs;Data/Scripts/Items/Magical/Artifacts/Obsolete/Obsolete_ShadowDancerArms.cs;Data/Scripts/Items/Magical/Artifacts/Obsolete/Obsolete_ShadowDancerCap.cs;Data/Scripts/Items/Magical/Artifacts/Obsolete/Obsolete_ShadowDancerGloves.cs;Data/Scripts/Items/Magical/Artifacts/Obsolete/Obsolete_ShadowDancerGorget.cs;Data/Scripts/Items/Magical/Artifacts/Obsolete/Obsolete_ShadowDancerLeggings.cs;Data/Scripts/Items/Magical/Artifacts/Obsolete/Obsolete_ShadowDancerTunic.cs;Data/Scripts/Items/Magical/GuildRings.cs;Data/Scripts/Items/Magical/Morph/MorphingItem.cs;Data/Scripts/Items/Potions/Elixirs/Elixirs.cs;Data/Scripts/Items/Special/Special Scrolls/SpecialScroll.cs;Data/Scripts/Items/Trades/Tools/BaseRunicTool.cs;Data/Scripts/Magic/Base/SpellBooks.cs;Data/Scripts/Magic/Ninjitsu/AnimalForm.cs;Data/Scripts/Mobiles/Base/BaseCreature.cs;Data/Scripts/Mobiles/Base/BaseVendor.cs;Data/Scripts/Mobiles/Base/Behavior.cs;Data/Scripts/Mobiles/Base/PlayerMobile.cs;Data/Scripts/Mobiles/Civilized/Guilds/ThiefGuildmaster.cs;Data/Scripts/Mobiles/Civilized/Vendors/GypsyLady.cs;Data/Scripts/Mobiles/Civilized/Vendors/Thief.cs;Data/Scripts/Mobiles/Humanoids/Elves/ElfRogue.cs;Data/Scripts/Mobiles/Humanoids/Humans/Rogue.cs;Data/Scripts/Mobiles/Humanoids/Orcs/OrkRogue.cs;Data/Scripts/Mobiles/Races/BaseRace.cs;Data/Scripts/Quests/Codex/CodexWisdom.cs;Data/Scripts/Quests/Thief/StealBase.cs;Data/Scripts/System/Commands/Player/SkillListing.cs;Data/Scripts/System/Gumps/SkillsGump.cs;Data/Scripts/System/Misc/Players.cs;Data/Scripts/System/Skills/SkillCheck.cs;Data/Scripts/System/Skills/Stealing.cs;Data/Scripts/Trades/Shoppes/BaseShoppe.cs;Data/System/Source/Skills.cs;Data/System/Source/Utility.cs,LexicalReferences; numeric indexes and dynamic references are not captured
34,Tailoring,Tailoring,55,94,Data/System/Source/Skills.cs,Data/Scripts/Custom/Offline Skill Training/Items/AdvancedStudyBooks.cs;Data/Scripts/Custom/Offline Skill Training/Items/LegendaryStudyBooks.cs;Data/Scripts/Custom/Offline Skill Training/Items/RandomStudyBooks.cs;Data/Scripts/Custom/Offline Skill Training/Items/StandardStudyBooks.cs;Data/Scripts/Custom/Progression/CharacterLevel/CharacterLevelService.cs;Data/Scripts/Custom/Vhaerun's CRL Homestead System [2.0]/Vhaerun's CRL Crops/Crops/ChiliPepperCrop.cs;Data/Scripts/Custom/Vhaerun's CRL Homestead System [2.0]/Vhaerun's CRL Crops/Crops/CoffeeCrop.cs;Data/Scripts/Custom/Vhaerun's CRL Homestead System [2.0]/Vhaerun's CRL Crops/Crops/CottonCrop.cs;Data/Scripts/Custom/Vhaerun's CRL Homestead System [2.0]/Vhaerun's CRL Crops/Crops/FlaxCrop.cs;Data/Scripts/Custom/Vhaerun's CRL Homestead System [2.0]/Vhaerun's CRL Crops/Crops/GreenPepperCrop.cs;Data/Scripts/Custom/Vhaerun's CRL Homestead System [2.0]/Vhaerun's CRL Crops/Crops/KiwiCrop.cs;Data/Scripts/Custom/Vhaerun's CRL Homestead System [2.0]/Vhaerun's CRL Crops/Crops/OrangePepperCrop.cs;Data/Scripts/Custom/Vhaerun's CRL Homestead System [2.0]/Vhaerun's CRL Crops/Crops/RedPepperCrop.cs;Data/Scripts/Custom/Vhaerun's CRL Homestead System [2.0]/Vhaerun's CRL Crops/Crops/StrawberryCrop.cs;Data/Scripts/Items/Books/PowerScrolls/PowerScroll.cs;Data/Scripts/Items/Books/PowerScrolls/Scrolls_Exalted.cs;Data/Scripts/Items/Books/PowerScrolls/Scrolls_Legendary.cs;Data/Scripts/Items/Books/PowerScrolls/Scrolls_Mythical.cs;Data/Scripts/Items/Books/PowerScrolls/Scrolls_Power.cs;Data/Scripts/Items/Books/PowerScrolls/Scrolls_Wonderous.cs;Data/Scripts/Items/Magical/GuildRings.cs;Data/Scripts/Items/Magical/Morph/MorphingItem.cs;Data/Scripts/Items/Misc/ArcaneGem.cs;Data/Scripts/Items/Potions/Elixirs/Elixirs.cs;Data/Scripts/Items/Potions/Oils/OilLeather.cs;Data/Scripts/Items/Special/Special Scrolls/SpecialScroll.cs;Data/Scripts/Items/Trades/Tools/BaseRunicTool.cs;Data/Scripts/Magic/Base/SpellBooks.cs;Data/Scripts/Mobiles/Base/BaseVendor.cs;Data/Scripts/Mobiles/Base/Behavior.cs;Data/Scripts/Mobiles/Civilized/Guilds/TailorGuildmaster.cs;Data/Scripts/Mobiles/Civilized/Vendors/Cobbler.cs;Data/Scripts/Mobiles/Civilized/Vendors/Tailor.cs;Data/Scripts/Mobiles/Civilized/Vendors/Tanner.cs;Data/Scripts/Mobiles/Civilized/Vendors/Weaver.cs;Data/Scripts/Mobiles/Races/BaseRace.cs;Data/Scripts/Quests/Codex/CodexWisdom.cs;Data/Scripts/System/Commands/Player/SkillListing.cs;Data/Scripts/System/Gumps/SkillsGump.cs;Data/Scripts/System/Misc/Players.cs;Data/Scripts/System/Obsolete/Obsolete.cs;Data/Scripts/System/Skills/SkillCheck.cs;Data/Scripts/System/Skills/Weapon Abilities/WeaponArmorCalls.cs;Data/Scripts/Trades/Bulk Orders/Rewards.cs;Data/Scripts/Trades/Bulk Orders/SmallTailorBOD.cs;Data/Scripts/Trades/Core/CraftItem.cs;Data/Scripts/Trades/Core/Repair.cs;Data/Scripts/Trades/Crafting/DefBlacksmithy.cs;Data/Scripts/Trades/Crafting/DefCarpentry.cs;Data/Scripts/Trades/Crafting/DefGodCrafting.cs;Data/Scripts/Trades/Crafting/DefTailoring.cs;Data/Scripts/Trades/Guild/GuildSewing.cs;Data/Scripts/Trades/Shoppes/BaseShoppe.cs;Data/System/Source/Skills.cs;Data/System/Source/Utility.cs,LexicalReferences; numeric indexes and dynamic references are not captured
35,Taming,Taming,40,71,Data/System/Source/Skills.cs,Data/Scripts/Custom/Government System/Items/Stones/CityStableStone.cs;Data/Scripts/Custom/Offline Skill Training/Items/AdvancedStudyBooks.cs;Data/Scripts/Custom/Offline Skill Training/Items/LegendaryStudyBooks.cs;Data/Scripts/Custom/Offline Skill Training/Items/RandomStudyBooks.cs;Data/Scripts/Custom/Offline Skill Training/Items/StandardStudyBooks.cs;Data/Scripts/Custom/Progression/CharacterLevel/CharacterLevelService.cs;Data/Scripts/Custom/PvE/MobileBalance/SignedEquipSkillModController.cs;Data/Scripts/Items/Books/PowerScrolls/PowerScroll.cs;Data/Scripts/Items/Books/PowerScrolls/Scrolls_Exalted.cs;Data/Scripts/Items/Books/PowerScrolls/Scrolls_Legendary.cs;Data/Scripts/Items/Books/PowerScrolls/Scrolls_Mythical.cs;Data/Scripts/Items/Books/PowerScrolls/Scrolls_Power.cs;Data/Scripts/Items/Books/PowerScrolls/Scrolls_Wonderous.cs;Data/Scripts/Items/Magical/Artifacts/Artifact_TheDryadBow.cs;Data/Scripts/Items/Magical/GuildRings.cs;Data/Scripts/Items/Magical/Morph/MorphingItem.cs;Data/Scripts/Items/Potions/Elixirs/Elixirs.cs;Data/Scripts/Items/Special/Special Scrolls/SpecialScroll.cs;Data/Scripts/Items/Trades/Tools/BaseRunicTool.cs;Data/Scripts/Magic/Base/SpellBooks.cs;Data/Scripts/Mobiles/Base/BaseCreature.cs;Data/Scripts/Mobiles/Base/Behavior.cs;Data/Scripts/Mobiles/Base/PlayerMobile.cs;Data/Scripts/Mobiles/Civilized/Guilds/DruidGuildmaster.cs;Data/Scripts/Mobiles/Civilized/Vendors/AnimalTrainer.cs;Data/Scripts/Mobiles/Civilized/Vendors/Druid.cs;Data/Scripts/Mobiles/Civilized/Vendors/DruidTree.cs;Data/Scripts/Mobiles/Civilized/Vendors/Rancher.cs;Data/Scripts/Mobiles/Civilized/Vendors/Shepherd.cs;Data/Scripts/Mobiles/Races/BaseRace.cs;Data/Scripts/Quests/Codex/CodexWisdom.cs;Data/Scripts/System/Commands/Player/SkillListing.cs;Data/Scripts/System/Gumps/SkillsGump.cs;Data/Scripts/System/Misc/Players.cs;Data/Scripts/System/Obsolete/Obsolete.cs;Data/Scripts/System/Skills/SkillCheck.cs;Data/Scripts/System/Skills/Taming.cs;Data/Scripts/Trades/Shoppes/BaseShoppe.cs;Data/System/Source/Skills.cs;Data/System/Source/Utility.cs,LexicalReferences; numeric indexes and dynamic references are not captured
36,Tasting,Tasting,55,82,Data/System/Source/Skills.cs,Data/Scripts/Custom/Offline Skill Training/Items/AdvancedStudyBooks.cs;Data/Scripts/Custom/Offline Skill Training/Items/LegendaryStudyBooks.cs;Data/Scripts/Custom/Offline Skill Training/Items/RandomStudyBooks.cs;Data/Scripts/Custom/Offline Skill Training/Items/StandardStudyBooks.cs;Data/Scripts/Custom/Progression/CharacterLevel/CharacterLevelService.cs;Data/Scripts/Custom/Vhaerun's CRL Homestead System [2.0]/Dracana's Winecrafting [2.0]/Mobiles/Vintner.cs;Data/Scripts/Custom/Vhaerun's CRL Homestead System [2.0]/Dracana's Winecrafting [2.0]/Mobiles/Winecrafter.cs;Data/Scripts/Custom/Vhaerun's CRL Homestead System [2.0]/Vhaerun's CRL Brewing/Mobiles/Brewer.cs;Data/Scripts/Custom/Vhaerun's CRL Homestead System [2.0]/Vhaerun's CRL Cooking/Mobiles/MasterCook.cs;Data/Scripts/Custom/Vhaerun's CRL Homestead System [2.0]/Vhaerun's CRL Crops/Mobiles/Gardener.cs;Data/Scripts/Custom/Vhaerun's CRL Homestead System [2.0]/Vhaerun's CRL Crops/Other/MushroomGarden.cs;Data/Scripts/Custom/Vhaerun's CRL Homestead System [2.0]/Vhaerun's CRL Juicing/Mobiles/JuiceMaker.cs;Data/Scripts/Items/Books/PowerScrolls/PowerScroll.cs;Data/Scripts/Items/Food/BakedBread.cs;Data/Scripts/Items/Food/Food.cs;Data/Scripts/Items/Food/TastyHeart.cs;Data/Scripts/Items/Food/Waterskin.cs;Data/Scripts/Items/Magical/GuildRings.cs;Data/Scripts/Items/Magical/Morph/MorphingItem.cs;Data/Scripts/Items/Potions/Elixirs/BaseElixir.cs;Data/Scripts/Items/Potions/Elixirs/Elixirs.cs;Data/Scripts/Items/Potions/Mixtures/BaseLiquid.cs;Data/Scripts/Items/Potions/Mixtures/BaseMixture.cs;Data/Scripts/Items/Potions/Special/MonsterSplatter.cs;Data/Scripts/Items/Special/Special Scrolls/SpecialScroll.cs;Data/Scripts/Items/Trades/Resources/Fishing/MagicFish.cs;Data/Scripts/Items/Trades/Tools/BaseRunicTool.cs;Data/Scripts/Items/Unknown/UnknownKeg.cs;Data/Scripts/Items/Unknown/UnknownLiquid.cs;Data/Scripts/Items/Unknown/UnknownReagent.cs;Data/Scripts/Magic/Base/SpellBooks.cs;Data/Scripts/Magic/Research/ResearchFunctions.cs;Data/Scripts/Mobiles/Base/Behavior.cs;Data/Scripts/Mobiles/Base/PlayerMobile.cs;Data/Scripts/Mobiles/Civilized/Guilds/AlchemistGuildmaster.cs;Data/Scripts/Mobiles/Civilized/Guilds/CulinaryGuildmaster.cs;Data/Scripts/Mobiles/Civilized/Vendors/Alchemist.cs;Data/Scripts/Mobiles/Civilized/Vendors/Baker.cs;Data/Scripts/Mobiles/Civilized/Vendors/Cook.cs;Data/Scripts/Mobiles/Civilized/Vendors/CustomHairstylist.cs;Data/Scripts/Mobiles/Civilized/Vendors/Farmer.cs;Data/Scripts/Mobiles/Civilized/Vendors/Glassblower.cs;Data/Scripts/Mobiles/Civilized/Vendors/HairStylist.cs;Data/Scripts/Mobiles/Civilized/Vendors/Herbalist.cs;Data/Scripts/Mobiles/Races/BaseRace.cs;Data/Scripts/Quests/Codex/CodexWisdom.cs;Data/Scripts/System/Commands/Player/SkillListing.cs;Data/Scripts/System/Gumps/SkillsGump.cs;Data/Scripts/System/Misc/Players.cs;Data/Scripts/System/Obsolete/Obsolete.cs;Data/Scripts/System/Skills/SkillCheck.cs;Data/Scripts/System/Skills/Tasting.cs;Data/Scripts/Trades/Shoppes/BaseShoppe.cs;Data/System/Source/Skills.cs;Data/System/Source/Utility.cs,LexicalReferences; numeric indexes and dynamic references are not captured
37,Tinkering,Tinkering,48,82,Data/System/Source/Skills.cs,Data/Scripts/Custom/Invasion System/Add Ins/Metal Assemblies/Assembly Analyzer.cs;Data/Scripts/Custom/Invasion System/Add Ins/Metal Assemblies/Assembly Repair Kit.cs;Data/Scripts/Custom/Invasion System/Add Ins/Metal Assemblies/Runic Clockwork Assembly.cs;Data/Scripts/Custom/Offline Skill Training/Items/AdvancedStudyBooks.cs;Data/Scripts/Custom/Offline Skill Training/Items/LegendaryStudyBooks.cs;Data/Scripts/Custom/Offline Skill Training/Items/RandomStudyBooks.cs;Data/Scripts/Custom/Offline Skill Training/Items/StandardStudyBooks.cs;Data/Scripts/Custom/Progression/CharacterLevel/CharacterLevelService.cs;Data/Scripts/Items/Books/PowerScrolls/PowerScroll.cs;Data/Scripts/Items/Books/PowerScrolls/Scrolls_Exalted.cs;Data/Scripts/Items/Books/PowerScrolls/Scrolls_Legendary.cs;Data/Scripts/Items/Books/PowerScrolls/Scrolls_Mythical.cs;Data/Scripts/Items/Books/PowerScrolls/Scrolls_Power.cs;Data/Scripts/Items/Books/PowerScrolls/Scrolls_Wonderous.cs;Data/Scripts/Items/Containers/LockableContainer.cs;Data/Scripts/Items/Gems/MysticalPearl.cs;Data/Scripts/Items/Magical/GuildRings.cs;Data/Scripts/Items/Magical/Morph/MorphingItem.cs;Data/Scripts/Items/Misc/ClockworkAssembly.cs;Data/Scripts/Items/Misc/Key.cs;Data/Scripts/Items/Potions/Elixirs/Elixirs.cs;Data/Scripts/Items/Special/Special Scrolls/SpecialScroll.cs;Data/Scripts/Items/Trades/Tools/BaseRunicTool.cs;Data/Scripts/Magic/Base/SpellBooks.cs;Data/Scripts/Mobiles/Base/BaseVendor.cs;Data/Scripts/Mobiles/Base/Behavior.cs;Data/Scripts/Mobiles/Civilized/Guilds/TinkerGuildmaster.cs;Data/Scripts/Mobiles/Civilized/Vendors/GolemCrafter.cs;Data/Scripts/Mobiles/Civilized/Vendors/Tinker.cs;Data/Scripts/Mobiles/Races/BaseRace.cs;Data/Scripts/Quests/Codex/CodexWisdom.cs;Data/Scripts/Quests/Golems/GolemManual.cs;Data/Scripts/Quests/Robots/RobotSchematics.cs;Data/Scripts/System/Commands/Player/SkillListing.cs;Data/Scripts/System/Gumps/SkillsGump.cs;Data/Scripts/System/Misc/Players.cs;Data/Scripts/System/Obsolete/Obsolete.cs;Data/Scripts/System/Skills/RemoveTrap.cs;Data/Scripts/System/Skills/SkillCheck.cs;Data/Scripts/System/Skills/Weapon Abilities/WeaponArmorCalls.cs;Data/Scripts/Trades/Core/CraftItem.cs;Data/Scripts/Trades/Core/Repair.cs;Data/Scripts/Trades/Crafting/DefCarpentry.cs;Data/Scripts/Trades/Crafting/DefTinkering.cs;Data/Scripts/Trades/Guild/GuildTinkering.cs;Data/Scripts/Trades/Shoppes/BaseShoppe.cs;Data/System/Source/Skills.cs;Data/System/Source/Utility.cs,LexicalReferences; numeric indexes and dynamic references are not captured
38,Tracking,Tracking,42,55,Data/System/Source/Skills.cs,Data/Scripts/Custom/Offline Skill Training/Items/AdvancedStudyBooks.cs;Data/Scripts/Custom/Offline Skill Training/Items/LegendaryStudyBooks.cs;Data/Scripts/Custom/Offline Skill Training/Items/RandomStudyBooks.cs;Data/Scripts/Custom/Offline Skill Training/Items/StandardStudyBooks.cs;Data/Scripts/Custom/Progression/CharacterLevel/CharacterLevelService.cs;Data/Scripts/Items/Armor/Ranger/RangerArms.cs;Data/Scripts/Items/Armor/Ranger/RangerChest.cs;Data/Scripts/Items/Armor/Ranger/RangerGloves.cs;Data/Scripts/Items/Armor/Ranger/RangerGorget.cs;Data/Scripts/Items/Armor/Ranger/RangerLegs.cs;Data/Scripts/Items/Books/PowerScrolls/PowerScroll.cs;Data/Scripts/Items/Books/PowerScrolls/Scrolls_Exalted.cs;Data/Scripts/Items/Books/PowerScrolls/Scrolls_Legendary.cs;Data/Scripts/Items/Books/PowerScrolls/Scrolls_Mythical.cs;Data/Scripts/Items/Books/PowerScrolls/Scrolls_Power.cs;Data/Scripts/Items/Books/PowerScrolls/Scrolls_Wonderous.cs;Data/Scripts/Items/Magical/GuildRings.cs;Data/Scripts/Items/Magical/MagicTalisman.cs;Data/Scripts/Items/Magical/Morph/MorphingItem.cs;Data/Scripts/Items/Misc/MagicForges.cs;Data/Scripts/Items/Potions/Elixirs/Elixirs.cs;Data/Scripts/Items/Special/Special Scrolls/SpecialScroll.cs;Data/Scripts/Items/Trades/Maps/MapRanger.cs;Data/Scripts/Items/Trades/Tinkering/Spyglass.cs;Data/Scripts/Items/Trades/Tools/BaseRunicTool.cs;Data/Scripts/Magic/Base/SpellBooks.cs;Data/Scripts/Mobiles/Base/BaseCreature.cs;Data/Scripts/Mobiles/Base/Behavior.cs;Data/Scripts/Mobiles/Civilized/Guilds/RangerGuildmaster.cs;Data/Scripts/Mobiles/Civilized/Vendors/Furtrader.cs;Data/Scripts/Mobiles/Civilized/Vendors/Ranger.cs;Data/Scripts/Mobiles/Races/BaseRace.cs;Data/Scripts/Quests/Codex/CodexWisdom.cs;Data/Scripts/System/Commands/Player/SkillListing.cs;Data/Scripts/System/Gumps/SkillsGump.cs;Data/Scripts/System/Misc/Players.cs;Data/Scripts/System/Regions/OutDoorRegion.cs;Data/Scripts/System/Skills/SkillCheck.cs;Data/Scripts/System/Skills/Tracking.cs;Data/Scripts/Trades/Shoppes/BaseShoppe.cs;Data/System/Source/Skills.cs;Data/System/Source/Utility.cs,LexicalReferences; numeric indexes and dynamic references are not captured
39,Veterinary,Veterinary,49,83,Data/System/Source/Skills.cs,Data/Scripts/Custom/Government System/Items/Stones/CityStableStone.cs;Data/Scripts/Custom/Offline Skill Training/Items/AdvancedStudyBooks.cs;Data/Scripts/Custom/Offline Skill Training/Items/LegendaryStudyBooks.cs;Data/Scripts/Custom/Offline Skill Training/Items/RandomStudyBooks.cs;Data/Scripts/Custom/Offline Skill Training/Items/StandardStudyBooks.cs;Data/Scripts/Custom/Progression/CharacterLevel/CharacterLevelService.cs;Data/Scripts/Items/Books/PowerScrolls/PowerScroll.cs;Data/Scripts/Items/Books/PowerScrolls/Scrolls_Exalted.cs;Data/Scripts/Items/Books/PowerScrolls/Scrolls_Legendary.cs;Data/Scripts/Items/Books/PowerScrolls/Scrolls_Mythical.cs;Data/Scripts/Items/Books/PowerScrolls/Scrolls_Power.cs;Data/Scripts/Items/Books/PowerScrolls/Scrolls_Wonderous.cs;Data/Scripts/Items/Magical/Artifacts/Artifact_RingOfHealth.cs;Data/Scripts/Items/Magical/Artifacts/Artifact_StitchersMittens.cs;Data/Scripts/Items/Magical/Artifacts/Artifact_TheDryadBow.cs;Data/Scripts/Items/Magical/GuildRings.cs;Data/Scripts/Items/Magical/Morph/MorphingItem.cs;Data/Scripts/Items/Potions/Elixirs/Elixirs.cs;Data/Scripts/Items/Special/DragonEgg.cs;Data/Scripts/Items/Special/Special Scrolls/SpecialScroll.cs;Data/Scripts/Items/Technology/AlienEgg.cs;Data/Scripts/Items/Trades/Misc/Bandage.cs;Data/Scripts/Items/Trades/Tools/BaseRunicTool.cs;Data/Scripts/Items/Unknown/UnknownLiquid.cs;Data/Scripts/Magic/Base/SpellBooks.cs;Data/Scripts/Magic/Druidism/Effects/LureStoneSpell.cs;Data/Scripts/Magic/Druidism/Effects/TreefellowSpell.cs;Data/Scripts/Magic/Druidism/HerbalistSpell.cs;Data/Scripts/Mobiles/Base/Behavior.cs;Data/Scripts/Mobiles/Base/PlayerMobile.cs;Data/Scripts/Mobiles/Civilized/Guilds/DruidGuildmaster.cs;Data/Scripts/Mobiles/Civilized/Vendors/AnimalTrainer.cs;Data/Scripts/Mobiles/Civilized/Vendors/Druid.cs;Data/Scripts/Mobiles/Civilized/Vendors/DruidTree.cs;Data/Scripts/Mobiles/Civilized/Vendors/Rancher.cs;Data/Scripts/Mobiles/Civilized/Vendors/Ranger.cs;Data/Scripts/Mobiles/Civilized/Vendors/Shepherd.cs;Data/Scripts/Mobiles/Civilized/Vendors/Veterinarian.cs;Data/Scripts/Mobiles/Races/BaseRace.cs;Data/Scripts/Quests/Codex/CodexWisdom.cs;Data/Scripts/System/Commands/Player/SkillListing.cs;Data/Scripts/System/Gumps/SkillsGump.cs;Data/Scripts/System/Misc/Players.cs;Data/Scripts/System/Obsolete/Obsolete.cs;Data/Scripts/System/Skills/SkillCheck.cs;Data/Scripts/Trades/Crafting/DefDruidism.cs;Data/Scripts/Trades/Shoppes/BaseShoppe.cs;Data/System/Source/Skills.cs;Data/System/Source/Utility.cs,LexicalReferences; numeric indexes and dynamic references are not captured
40,Swords,Swordsmanship,182,249,Data/System/Source/Skills.cs,Data/Scripts/Custom/Invasion System/Add Ins/Metal Assemblies/ASSEMBLY/BaseAssembly.cs;Data/Scripts/Custom/Invasion System/Add Ins/Metal Assemblies/ASSEMBLY/MechGargoyle.cs;Data/Scripts/Custom/Invasion System/Add Ins/Metal Assemblies/ASSEMBLY/MetalDaemon.cs;Data/Scripts/Custom/Invasion System/Add Ins/Metal Assemblies/ASSEMBLY/Overseer.cs;Data/Scripts/Custom/Invasion System/Add Ins/Metal Assemblies/Runic Clockwork Assembly.cs;Data/Scripts/Custom/Invasion System/Add Ins/Pirates/Chasing Pirates/PirateCaptain.cs;Data/Scripts/Custom/Invasion System/Add Ins/Pirates/Chasing Pirates/PirateCrew.cs;Data/Scripts/Custom/Invasion System/Add Ins/Pirates/Morgan/Morgan2.cs;Data/Scripts/Custom/Invasion System/Add Ins/Pirates/Morgan/Pirate.cs;Data/Scripts/Custom/Invasion System/Add Ins/Pirates/Morgan/PirateCaptain.cs;Data/Scripts/Custom/Invasion System/Add Ins/Pirates/Morgan/pirateevil.cs;Data/Scripts/Custom/Invasion System/Add Ins/Pirates/Pirate Set/Pirate 2.cs;Data/Scripts/Custom/Invasion System/Add Ins/Pirates/Pirate Set/Pirate First Mate.cs;Data/Scripts/Custom/Invasion System/Add Ins/Pirates/Pirate Set/Pirate.cs;Data/Scripts/Custom/Invasion System/Add Ins/Pirates/Pirate Set/PirateCabinboy.cs;Data/Scripts/Custom/Invasion System/Add Ins/Pirates/Pirate Set/PirateCaptain.cs;Data/Scripts/Custom/Invasion System/Add Ins/SubChamps/PirateLeader.cs;Data/Scripts/Custom/LOTR - The One Ring/RingWraith.cs;Data/Scripts/Custom/Offline Skill Training/Items/AdvancedStudyBooks.cs;Data/Scripts/Custom/Offline Skill Training/Items/LegendaryStudyBooks.cs;Data/Scripts/Custom/Offline Skill Training/Items/RandomStudyBooks.cs;Data/Scripts/Custom/Offline Skill Training/Items/StandardStudyBooks.cs;Data/Scripts/Custom/Progression/CharacterLevel/CharacterLevelService.cs;Data/Scripts/Custom/PvE/CloneOfflinePlayerCharacters/CharacterClone.cs;Data/Scripts/Custom/ThirdParty/OmniAI/AITester.cs;Data/Scripts/Items/Books/PowerScrolls/PowerScroll.cs;Data/Scripts/Items/Books/PowerScrolls/Scrolls_Exalted.cs;Data/Scripts/Items/Books/PowerScrolls/Scrolls_Legendary.cs;Data/Scripts/Items/Books/PowerScrolls/Scrolls_Mythical.cs;Data/Scripts/Items/Books/PowerScrolls/Scrolls_Power.cs;Data/Scripts/Items/Books/PowerScrolls/Scrolls_Wonderous.cs;Data/Scripts/Items/Magical/Artifacts/Artifact_AxeoftheMinotaur.cs;Data/Scripts/Items/Magical/Artifacts/Artifact_CaptainJohnsHat.cs;Data/Scripts/Items/Magical/Artifacts/Artifact_ConansHelm.cs;Data/Scripts/Items/Magical/Artifacts/Artifact_ConansLoinCloth.cs;Data/Scripts/Items/Magical/Artifacts/Artifact_ConansSword.cs;Data/Scripts/Items/Magical/Artifacts/Artifact_DreadPirateHat.cs;Data/Scripts/Items/Magical/Artifacts/Artifact_DupresShield.cs;Data/Scripts/Items/Magical/Artifacts/Obsolete/Obsolete_AxeoftheMinotaur.cs;Data/Scripts/Items/Magical/Artifacts/Obsolete/Obsolete_CaptainJohnsHat.cs;Data/Scripts/Items/Magical/Artifacts/Obsolete/Obsolete_ConansHelm.cs;Data/Scripts/Items/Magical/Artifacts/Obsolete/Obsolete_ConansLoinCloth.cs;Data/Scripts/Items/Magical/Artifacts/Obsolete/Obsolete_ConansSword.cs;Data/Scripts/Items/Magical/DraculaSword.cs;Data/Scripts/Items/Magical/Gifts/Weapons/SpearsAndForks/GiftBladedStaff.cs;Data/Scripts/Items/Magical/God/Weapons/SpearsAndForks/LevelBladedStaff.cs;Data/Scripts/Items/Magical/GuildRings.cs;Data/Scripts/Items/Magical/Morph/MorphingItem.cs;Data/Scripts/Items/Potions/Elixirs/Elixirs.cs;Data/Scripts/Items/Special/Special Scrolls/SpecialScroll.cs;Data/Scripts/Items/Trades/Blacksmith Items/RubyPickaxe.cs;Data/Scripts/Items/Trades/Tools/BaseRunicTool.cs;Data/Scripts/Items/Weapons/Axes/BaseAxe.cs;Data/Scripts/Items/Weapons/BaseWeapon.cs;Data/Scripts/Items/Weapons/Knives/BaseKnife.cs;Data/Scripts/Items/Weapons/PoleArms/BasePoleArm.cs;Data/Scripts/Items/Weapons/SpearsAndForks/BladedStaff.cs;Data/Scripts/Items/Weapons/Swords/BaseSword.cs;Data/Scripts/Magic/Base/SpellBooks.cs;Data/Scripts/Magic/Jedi/Gumps/JediSpellBookGump.cs;Data/Scripts/Magic/Jedi/JediSpell.cs;Data/Scripts/Magic/Syth/Gumps/SythSpellBookGump.cs;Data/Scripts/Magic/Syth/SythSpell.cs;Data/Scripts/Mobiles/Animals/Canines/WereWolf.cs;Data/Scripts/Mobiles/Animals/Mounts/Ethereals.cs;Data/Scripts/Mobiles/Base/Behavior.cs;Data/Scripts/Mobiles/Civilized/Citizens/Citizens.cs;Data/Scripts/Mobiles/Civilized/Comrades/HenchmanFighter.cs;Data/Scripts/Mobiles/Civilized/Guilds/BardGuildmaster.cs;Data/Scripts/Mobiles/Civilized/Guilds/RangerGuildmaster.cs;Data/Scripts/Mobiles/Civilized/Guilds/WarriorGuildmaster.cs;Data/Scripts/Mobiles/Civilized/Healers/Healer.cs;Data/Scripts/Mobiles/Civilized/Special/Garth.cs;Data/Scripts/Mobiles/Civilized/TownGuards.cs;Data/Scripts/Mobiles/Civilized/Vendors/Bard.cs;Data/Scripts/Mobiles/Civilized/Vendors/Blacksmith.cs;Data/Scripts/Mobiles/Civilized/Vendors/Fighter.cs;Data/Scripts/Mobiles/Civilized/Vendors/IronWorker.cs;Data/Scripts/Mobiles/Civilized/Vendors/KeeperOfChivalry.cs;Data/Scripts/Mobiles/Civilized/Vendors/KungFu.cs;Data/Scripts/Mobiles/Civilized/Vendors/Weaponsmith.cs;Data/Scripts/Mobiles/Constructs/Golems/IceGolem.cs;Data/Scripts/Mobiles/Gargoyles/AncientGargoyle.cs;Data/Scripts/Mobiles/Gargoyles/CosmicGargoyle.cs;Data/Scripts/Mobiles/Goliaths/Giants/FrostGiant.cs;Data/Scripts/Mobiles/Humanoids/Aliens/BombWorshipper.cs;Data/Scripts/Mobiles/Humanoids/Aliens/Jedi.cs;Data/Scripts/Mobiles/Humanoids/Aliens/Psionicist.cs;Data/Scripts/Mobiles/Humanoids/Aliens/SavageAlien.cs;Data/Scripts/Mobiles/Humanoids/Aliens/Syth.cs;Data/Scripts/Mobiles/Humanoids/Elves/ElfBerserker.cs;Data/Scripts/Mobiles/Humanoids/Elves/ElfMonks.cs;Data/Scripts/Mobiles/Humanoids/Elves/ElfRogue.cs;Data/Scripts/Mobiles/Humanoids/Gnome/Gnome.cs;Data/Scripts/Mobiles/Humanoids/Gnome/GnomeWarrior.cs;Data/Scripts/Mobiles/Humanoids/Humans/Adventurers.cs;Data/Scripts/Mobiles/Humanoids/Humans/Bandit.cs;Data/Scripts/Mobiles/Humanoids/Humans/Berserker.cs;Data/Scripts/Mobiles/Humanoids/Humans/BlackKnight.cs;Data/Scripts/Mobiles/Humanoids/Humans/BloodAssassin.cs;Data/Scripts/Mobiles/Humanoids/Humans/Brigand.cs;Data/Scripts/Mobiles/Humanoids/Humans/Executioner.cs;Data/Scripts/Mobiles/Humanoids/Humans/Monks.cs;Data/Scripts/Mobiles/Humanoids/Humans/Rogue.cs;Data/Scripts/Mobiles/Humanoids/Lizardmen/Reptaur.cs;Data/Scripts/Mobiles/Humanoids/Orcs/OrcBomber.cs;Data/Scripts/Mobiles/Humanoids/Orcs/OrcCaptain.cs;Data/Scripts/Mobiles/Humanoids/Orcs/OrcishLord.cs;Data/Scripts/Mobiles/Humanoids/Orcs/OrkMonks.cs;Data/Scripts/Mobiles/Humanoids/Orcs/OrkRogue.cs;Data/Scripts/Mobiles/Humanoids/Orcs/OrkWarrior.cs;Data/Scripts/Mobiles/Humanoids/Orcs/Orx.cs;Data/Scripts/Mobiles/Humanoids/Orcs/OrxWarrior.cs;Data/Scripts/Mobiles/Humanoids/Orcs/Urk.cs;Data/Scripts/Mobiles/Humanoids/Sailors/Galleons/PirateDrow.cs;Data/Scripts/Mobiles/Humanoids/Sailors/Galleons/PirateMen.cs;Data/Scripts/Mobiles/Humanoids/Sailors/Galleons/SailorElf.cs;Data/Scripts/Mobiles/Humanoids/Sailors/Galleons/SailorElfGuards.cs;Data/Scripts/Mobiles/Humanoids/Sailors/Galleons/SailorGuards.cs;Data/Scripts/Mobiles/Humanoids/Sailors/Galleons/SailorMerchant.cs;Data/Scripts/Mobiles/Humanoids/Sailors/Galleons/SailorOrkGuards.cs;Data/Scripts/Mobiles/Humanoids/Sailors/Pirates/ElfPirateCaptain.cs;Data/Scripts/Mobiles/Humanoids/Sailors/Pirates/ElfPirateCrew.cs;Data/Scripts/Mobiles/Humanoids/Sailors/Pirates/PirateCaptain.cs;Data/Scripts/Mobiles/Humanoids/Sailors/Pirates/PirateCrew.cs;Data/Scripts/Mobiles/Humanoids/Sailors/Pirates/PirateLand.cs;Data/Scripts/Mobiles/Humanoids/Savages/Native.cs;Data/Scripts/Mobiles/Humanoids/Savages/NativeArcher.cs;Data/Scripts/Mobiles/Humanoids/Savages/NativeWitchDoctor.cs;Data/Scripts/Mobiles/Humanoids/Savages/Savage.cs;Data/Scripts/Mobiles/Humanoids/Savages/SavageRider.cs;Data/Scripts/Mobiles/Humanoids/Savages/SavageShaman.cs;Data/Scripts/Mobiles/Humanoids/Savages/ZuluuArcher.cs;Data/Scripts/Mobiles/Humanoids/Savages/ZuluuNative.cs;Data/Scripts/Mobiles/Humanoids/Savages/ZuluuWitchDoctor.cs;Data/Scripts/Mobiles/Humanoids/Sea/Tritun.cs;Data/Scripts/Mobiles/Humanoids/Sea/TritunMage.cs;Data/Scripts/Mobiles/Humanoids/Serpents/OphidianWarrior.cs;Data/Scripts/Mobiles/Races/BaseRace.cs;Data/Scripts/Mobiles/Undead/DeadKnight.cs;Data/Scripts/Mobiles/Undead/GhostPirate.cs;Data/Scripts/Mobiles/Undead/GhostWarrior.cs;Data/Scripts/Mobiles/Undead/GrundulVarg.cs;Data/Scripts/Mobiles/Undead/Kull.cs;Data/Scripts/Mobiles/Undead/LostKnight.cs;Data/Scripts/Mobiles/Undead/Murk.cs;Data/Scripts/Mobiles/Undead/RestlessSoul.cs;Data/Scripts/Mobiles/Undead/Revenant.cs;Data/Scripts/Mobiles/Undead/SoulReaper.cs;Data/Scripts/Mobiles/Unique/BaneOfAnarchy.cs;Data/Scripts/Mobiles/Unique/BaneOfInsanity.cs;Data/Scripts/Mobiles/Unique/BaneOfWantoness.cs;Data/Scripts/Mobiles/Unusual/BloodGodTentacles.cs;Data/Scripts/Quests/Codex/CodexWisdom.cs;Data/Scripts/Quests/Pagan/PaganArtifact.cs;Data/Scripts/Quests/Summon/SummonPrison.cs;Data/Scripts/System/Commands/Player/SkillListing.cs;Data/Scripts/System/Gumps/SkillsGump.cs;Data/Scripts/System/Misc/CharacterCreation.cs;Data/Scripts/System/Misc/Players.cs;Data/Scripts/System/Obsolete/Obsolete.cs;Data/Scripts/System/Skills/Druidism.cs;Data/Scripts/System/Skills/SkillCheck.cs;Data/Scripts/System/Skills/Weapon Abilities/AbilityBook.cs;Data/Scripts/System/Skills/Weapon Abilities/Extra/AchiliesStrike.cs;Data/Scripts/System/Skills/Weapon Abilities/Extra/EarthStrike.cs;Data/Scripts/System/Skills/Weapon Abilities/Extra/ElementalStrike.cs;Data/Scripts/System/Skills/Weapon Abilities/Extra/FireStrike.cs;Data/Scripts/System/Skills/Weapon Abilities/Extra/FreezeStrike.cs;Data/Scripts/System/Skills/Weapon Abilities/Extra/LightningStrike.cs;Data/Scripts/System/Skills/Weapon Abilities/Extra/StunningStrike.cs;Data/Scripts/System/Skills/Weapon Abilities/Extra/ToxicStrike.cs;Data/Scripts/System/Skills/Weapon Abilities/Extra/ZapDexStrike.cs;Data/Scripts/System/Skills/Weapon Abilities/Extra/ZapIntStrike.cs;Data/Scripts/System/Skills/Weapon Abilities/Extra/ZapManaStrike.cs;Data/Scripts/System/Skills/Weapon Abilities/Extra/ZapStamStrike.cs;Data/Scripts/System/Skills/Weapon Abilities/Extra/ZapStrStrike.cs;Data/Scripts/System/Skills/Weapon Abilities/WeaponAbility.cs;Data/Scripts/System/Skills/Weapon Abilities/WeaponArmorCalls.cs;Data/Scripts/Trades/Shoppes/BaseShoppe.cs;Data/System/Source/Skills.cs;Data/System/Source/Utility.cs,LexicalReferences; numeric indexes and dynamic references are not captured
41,Bludgeoning,Bludgeoning,153,213,Data/System/Source/Skills.cs,Data/Scripts/Custom/Invasion System/Add Ins/Lord BlackThorn Clone.cs;Data/Scripts/Custom/Invasion System/Add Ins/Metal Assemblies/ASSEMBLY/BaseAssembly.cs;Data/Scripts/Custom/Invasion System/Add Ins/Metal Assemblies/ASSEMBLY/IronDragon.cs;Data/Scripts/Custom/Invasion System/Add Ins/Metal Assemblies/ASSEMBLY/runicGolem.cs;Data/Scripts/Custom/Invasion System/Add Ins/Metal Assemblies/Runic Clockwork Assembly.cs;Data/Scripts/Custom/Invasion System/Add Ins/Pirates/Chasing Pirates/PirateCaptain.cs;Data/Scripts/Custom/Invasion System/Add Ins/Pirates/Chasing Pirates/PirateCrew.cs;Data/Scripts/Custom/Invasion System/Add Ins/Pirates/Morgan/Pirate.cs;Data/Scripts/Custom/Invasion System/Add Ins/Pirates/Morgan/PirateCaptain.cs;Data/Scripts/Custom/Invasion System/Add Ins/Pirates/Pirate Set/Pirate 2.cs;Data/Scripts/Custom/Invasion System/Add Ins/Pirates/Pirate Set/Pirate First Mate.cs;Data/Scripts/Custom/Invasion System/Add Ins/Pirates/Pirate Set/Pirate.cs;Data/Scripts/Custom/Invasion System/Add Ins/Pirates/Pirate Set/PirateCabinboy.cs;Data/Scripts/Custom/Invasion System/Add Ins/Pirates/Pirate Set/PirateCaptain.cs;Data/Scripts/Custom/Invasion System/Add Ins/SubChamps/LordBlackThornBot.cs;Data/Scripts/Custom/Invasion System/Add Ins/SubChamps/LordOrcalis.cs;Data/Scripts/Custom/Invasion System/Add Ins/SubChamps/PirateLeader.cs;Data/Scripts/Custom/Invasion System/Add Ins/SubChamps/TheSavageGeneral.cs;Data/Scripts/Custom/Offline Skill Training/Items/AdvancedStudyBooks.cs;Data/Scripts/Custom/Offline Skill Training/Items/LegendaryStudyBooks.cs;Data/Scripts/Custom/Offline Skill Training/Items/RandomStudyBooks.cs;Data/Scripts/Custom/Offline Skill Training/Items/StandardStudyBooks.cs;Data/Scripts/Custom/Progression/CharacterLevel/CharacterLevelService.cs;Data/Scripts/Custom/PvE/CloneOfflinePlayerCharacters/CharacterClone.cs;Data/Scripts/Custom/PvPConsent/GoddessOfProtection.cs;Data/Scripts/Items/Books/PowerScrolls/PowerScroll.cs;Data/Scripts/Items/Books/PowerScrolls/Scrolls_Exalted.cs;Data/Scripts/Items/Books/PowerScrolls/Scrolls_Legendary.cs;Data/Scripts/Items/Books/PowerScrolls/Scrolls_Mythical.cs;Data/Scripts/Items/Books/PowerScrolls/Scrolls_Power.cs;Data/Scripts/Items/Books/PowerScrolls/Scrolls_Wonderous.cs;Data/Scripts/Items/Magical/Artifacts/Artifact_BelmontWhip.cs;Data/Scripts/Items/Magical/Artifacts/Artifact_Bonesmasher.cs;Data/Scripts/Items/Magical/Artifacts/Artifact_GiantBlackjack.cs;Data/Scripts/Items/Magical/Artifacts/Artifact_MaulOfTheTitans.cs;Data/Scripts/Items/Magical/Artifacts/Obsolete/Obsolete_Bonesmasher.cs;Data/Scripts/Items/Magical/Artifacts/Obsolete/Obsolete_GiantBlackjack.cs;Data/Scripts/Items/Magical/Artifacts/Obsolete/Obsolete_MaulOfTheTitans.cs;Data/Scripts/Items/Magical/Gifts/Weapons/Axes/GiftWarAxe.cs;Data/Scripts/Items/Magical/God/Weapons/Axes/LevelWarAxe.cs;Data/Scripts/Items/Magical/GuildRings.cs;Data/Scripts/Items/Magical/Morph/MorphingItem.cs;Data/Scripts/Items/Magical/StaffOfFiveParts.cs;Data/Scripts/Items/Potions/Elixirs/Elixirs.cs;Data/Scripts/Items/Special/Special Scrolls/SpecialScroll.cs;Data/Scripts/Items/Trades/Tools/BaseRunicTool.cs;Data/Scripts/Items/Weapons/Axes/WarAxe.cs;Data/Scripts/Items/Weapons/BaseWeapon.cs;Data/Scripts/Items/Weapons/Maces/BaseBashing.cs;Data/Scripts/Items/Weapons/Staves/BaseStaff.cs;Data/Scripts/Magic/Base/SpellBooks.cs;Data/Scripts/Magic/Holy Man/Spells/HammerOfFaithSpell.cs;Data/Scripts/Magic/Knight/ConsecrateWeapon.cs;Data/Scripts/Mobiles/Animals/Mounts/Ethereals.cs;Data/Scripts/Mobiles/Base/Behavior.cs;Data/Scripts/Mobiles/Civilized/Citizens/Citizens.cs;Data/Scripts/Mobiles/Civilized/Comrades/HenchmanFighter.cs;Data/Scripts/Mobiles/Civilized/DeathKnightDemon.cs;Data/Scripts/Mobiles/Civilized/Guilds/BlacksmithGuildmaster.cs;Data/Scripts/Mobiles/Civilized/Guilds/ElementalGuildmaster.cs;Data/Scripts/Mobiles/Civilized/Guilds/MageGuildmaster.cs;Data/Scripts/Mobiles/Civilized/Guilds/WarriorGuildmaster.cs;Data/Scripts/Mobiles/Civilized/Priest.cs;Data/Scripts/Mobiles/Civilized/Special/Garth.cs;Data/Scripts/Mobiles/Civilized/TimeLord.cs;Data/Scripts/Mobiles/Civilized/TownGuards.cs;Data/Scripts/Mobiles/Civilized/Vendors/Blacksmith.cs;Data/Scripts/Mobiles/Civilized/Vendors/Fighter.cs;Data/Scripts/Mobiles/Civilized/Vendors/IronWorker.cs;Data/Scripts/Mobiles/Civilized/Vendors/KeeperOfChivalry.cs;Data/Scripts/Mobiles/Civilized/Vendors/KungFu.cs;Data/Scripts/Mobiles/Civilized/Vendors/Monk.cs;Data/Scripts/Mobiles/Civilized/Vendors/Shipwright.cs;Data/Scripts/Mobiles/Civilized/Vendors/Weaponsmith.cs;Data/Scripts/Mobiles/Gargoyles/AncientGargoyle.cs;Data/Scripts/Mobiles/Gargoyles/CosmicGargoyle.cs;Data/Scripts/Mobiles/Goliaths/Giants/FireGiant.cs;Data/Scripts/Mobiles/Humanoids/Aliens/BombWorshipper.cs;Data/Scripts/Mobiles/Humanoids/Aliens/Psionicist.cs;Data/Scripts/Mobiles/Humanoids/Aliens/SavageAlien.cs;Data/Scripts/Mobiles/Humanoids/Bugbear.cs;Data/Scripts/Mobiles/Humanoids/Elves/ElfBerserker.cs;Data/Scripts/Mobiles/Humanoids/Elves/ElfMage.cs;Data/Scripts/Mobiles/Humanoids/Elves/ElfMonks.cs;Data/Scripts/Mobiles/Humanoids/Elves/ElfRogue.cs;Data/Scripts/Mobiles/Humanoids/Hobgoblin.cs;Data/Scripts/Mobiles/Humanoids/Humans/Adventurers.cs;Data/Scripts/Mobiles/Humanoids/Humans/Bandit.cs;Data/Scripts/Mobiles/Humanoids/Humans/Berserker.cs;Data/Scripts/Mobiles/Humanoids/Humans/BlackKnight.cs;Data/Scripts/Mobiles/Humanoids/Humans/BloodAssassin.cs;Data/Scripts/Mobiles/Humanoids/Humans/Brigand.cs;Data/Scripts/Mobiles/Humanoids/Humans/EvilMage.cs;Data/Scripts/Mobiles/Humanoids/Humans/EvilMageLord.cs;Data/Scripts/Mobiles/Humanoids/Humans/Executioner.cs;Data/Scripts/Mobiles/Humanoids/Humans/Monks.cs;Data/Scripts/Mobiles/Humanoids/Humans/Rogue.cs;Data/Scripts/Mobiles/Humanoids/Lizardmen/Reptaur.cs;Data/Scripts/Mobiles/Humanoids/Orcs/OrkMage.cs;Data/Scripts/Mobiles/Humanoids/Orcs/OrkMonks.cs;Data/Scripts/Mobiles/Humanoids/Orcs/OrkRogue.cs;Data/Scripts/Mobiles/Humanoids/Orcs/OrkWarrior.cs;Data/Scripts/Mobiles/Humanoids/Orcs/Urk.cs;Data/Scripts/Mobiles/Humanoids/Orcs/UrkShaman.cs;Data/Scripts/Mobiles/Humanoids/Sailors/Pirates/ElfPirateCrew.cs;Data/Scripts/Mobiles/Humanoids/Sailors/Pirates/PirateCrew.cs;Data/Scripts/Mobiles/Humanoids/Sailors/Pirates/PirateLand.cs;Data/Scripts/Mobiles/Humanoids/Savages/Native.cs;Data/Scripts/Mobiles/Humanoids/Savages/NativeArcher.cs;Data/Scripts/Mobiles/Humanoids/Savages/NativeWitchDoctor.cs;Data/Scripts/Mobiles/Humanoids/Savages/Savage.cs;Data/Scripts/Mobiles/Humanoids/Savages/SavageRider.cs;Data/Scripts/Mobiles/Humanoids/Savages/SavageShaman.cs;Data/Scripts/Mobiles/Humanoids/Savages/ZuluuArcher.cs;Data/Scripts/Mobiles/Humanoids/Savages/ZuluuNative.cs;Data/Scripts/Mobiles/Humanoids/Savages/ZuluuWitchDoctor.cs;Data/Scripts/Mobiles/Humanoids/Sea/Tritun.cs;Data/Scripts/Mobiles/Humanoids/Sea/TritunMage.cs;Data/Scripts/Mobiles/Races/BaseRace.cs;Data/Scripts/Mobiles/Undead/DeadKnight.cs;Data/Scripts/Mobiles/Undead/DeadWizard.cs;Data/Scripts/Mobiles/Undead/DemiLich.cs;Data/Scripts/Mobiles/Undead/GhostPirate.cs;Data/Scripts/Mobiles/Undead/GhostWarrior.cs;Data/Scripts/Mobiles/Unique/BaneOfAnarchy.cs;Data/Scripts/Mobiles/Unique/BaneOfInsanity.cs;Data/Scripts/Mobiles/Unique/BaneOfWantoness.cs;Data/Scripts/Quests/Codex/CodexWisdom.cs;Data/Scripts/System/Commands/Player/SkillListing.cs;Data/Scripts/System/Gumps/SkillsGump.cs;Data/Scripts/System/Misc/Players.cs;Data/Scripts/System/Obsolete/Obsolete.cs;Data/Scripts/System/Skills/Druidism.cs;Data/Scripts/System/Skills/SkillCheck.cs;Data/Scripts/System/Skills/Weapon Abilities/AbilityBook.cs;Data/Scripts/System/Skills/Weapon Abilities/Extra/AchiliesStrike.cs;Data/Scripts/System/Skills/Weapon Abilities/Extra/EarthStrike.cs;Data/Scripts/System/Skills/Weapon Abilities/Extra/ElementalStrike.cs;Data/Scripts/System/Skills/Weapon Abilities/Extra/FireStrike.cs;Data/Scripts/System/Skills/Weapon Abilities/Extra/FreezeStrike.cs;Data/Scripts/System/Skills/Weapon Abilities/Extra/LightningStrike.cs;Data/Scripts/System/Skills/Weapon Abilities/Extra/StunningStrike.cs;Data/Scripts/System/Skills/Weapon Abilities/Extra/ToxicStrike.cs;Data/Scripts/System/Skills/Weapon Abilities/Extra/ZapDexStrike.cs;Data/Scripts/System/Skills/Weapon Abilities/Extra/ZapIntStrike.cs;Data/Scripts/System/Skills/Weapon Abilities/Extra/ZapManaStrike.cs;Data/Scripts/System/Skills/Weapon Abilities/Extra/ZapStamStrike.cs;Data/Scripts/System/Skills/Weapon Abilities/Extra/ZapStrStrike.cs;Data/Scripts/System/Skills/Weapon Abilities/WeaponAbility.cs;Data/Scripts/System/Skills/Weapon Abilities/WeaponArmorCalls.cs;Data/Scripts/Trades/Shoppes/BaseShoppe.cs;Data/System/Source/Skills.cs;Data/System/Source/Utility.cs,LexicalReferences; numeric indexes and dynamic references are not captured
42,Fencing,Fencing,151,207,Data/System/Source/Skills.cs,Data/Scripts/Custom/Invasion System/Add Ins/Metal Assemblies/ASSEMBLY/BaseAssembly.cs;Data/Scripts/Custom/Invasion System/Add Ins/Pirates/Chasing Pirates/PirateCaptain.cs;Data/Scripts/Custom/Invasion System/Add Ins/Pirates/Chasing Pirates/PirateCrew.cs;Data/Scripts/Custom/Invasion System/Add Ins/Pirates/Morgan/Pirate.cs;Data/Scripts/Custom/Invasion System/Add Ins/Pirates/Morgan/PirateCaptain.cs;Data/Scripts/Custom/Invasion System/Add Ins/Pirates/Morgan/pirateevil.cs;Data/Scripts/Custom/Invasion System/Add Ins/Pirates/Pirate Set/Pirate 2.cs;Data/Scripts/Custom/Invasion System/Add Ins/Pirates/Pirate Set/Pirate First Mate.cs;Data/Scripts/Custom/Invasion System/Add Ins/Pirates/Pirate Set/Pirate.cs;Data/Scripts/Custom/Invasion System/Add Ins/Pirates/Pirate Set/PirateCabinboy.cs;Data/Scripts/Custom/Invasion System/Add Ins/Pirates/Pirate Set/PirateCaptain.cs;Data/Scripts/Custom/Invasion System/Add Ins/SubChamps/PirateLeader.cs;Data/Scripts/Custom/Offline Skill Training/Items/AdvancedStudyBooks.cs;Data/Scripts/Custom/Offline Skill Training/Items/LegendaryStudyBooks.cs;Data/Scripts/Custom/Offline Skill Training/Items/RandomStudyBooks.cs;Data/Scripts/Custom/Offline Skill Training/Items/StandardStudyBooks.cs;Data/Scripts/Custom/Progression/CharacterLevel/CharacterLevelService.cs;Data/Scripts/Custom/PvE/CloneOfflinePlayerCharacters/CharacterClone.cs;Data/Scripts/Custom/PvE/MobileBalance/SignedEquipSkillModController.cs;Data/Scripts/Items/Books/PowerScrolls/PowerScroll.cs;Data/Scripts/Items/Books/PowerScrolls/Scrolls_Exalted.cs;Data/Scripts/Items/Books/PowerScrolls/Scrolls_Legendary.cs;Data/Scripts/Items/Books/PowerScrolls/Scrolls_Mythical.cs;Data/Scripts/Items/Books/PowerScrolls/Scrolls_Power.cs;Data/Scripts/Items/Books/PowerScrolls/Scrolls_Wonderous.cs;Data/Scripts/Items/Magical/Artifacts/Artifact_AchillesSpear.cs;Data/Scripts/Items/Magical/Artifacts/Obsolete/Obsolete_AchillesSpear.cs;Data/Scripts/Items/Magical/Gifts/Weapons/Knives/GiftDagger.cs;Data/Scripts/Items/Magical/Gifts/Weapons/ML Weapons/GiftAssassinSpike.cs;Data/Scripts/Items/Magical/Gifts/Weapons/ML Weapons/GiftWarCleaver.cs;Data/Scripts/Items/Magical/Gifts/Weapons/SE Weapons/GiftKama.cs;Data/Scripts/Items/Magical/Gifts/Weapons/SE Weapons/GiftLajatang.cs;Data/Scripts/Items/Magical/Gifts/Weapons/SE Weapons/GiftSai.cs;Data/Scripts/Items/Magical/Gifts/Weapons/SE Weapons/GiftTekagi.cs;Data/Scripts/Items/Magical/Gifts/Weapons/Swords/GiftKryss.cs;Data/Scripts/Items/Magical/Gifts/Weapons/Swords/GiftLance.cs;Data/Scripts/Items/Magical/God/Weapons/Knives/LevelDagger.cs;Data/Scripts/Items/Magical/God/Weapons/ML Weapons/LevelAssassinSpike.cs;Data/Scripts/Items/Magical/God/Weapons/ML Weapons/LevelWarCleaver.cs;Data/Scripts/Items/Magical/God/Weapons/SE Weapons/LevelKama.cs;Data/Scripts/Items/Magical/God/Weapons/SE Weapons/LevelLajatang.cs;Data/Scripts/Items/Magical/God/Weapons/SE Weapons/LevelSai.cs;Data/Scripts/Items/Magical/God/Weapons/SE Weapons/LevelTekagi.cs;Data/Scripts/Items/Magical/God/Weapons/Swords/LevelKryss.cs;Data/Scripts/Items/Magical/God/Weapons/Swords/LevelLance.cs;Data/Scripts/Items/Magical/GuildRings.cs;Data/Scripts/Items/Magical/Morph/MorphingItem.cs;Data/Scripts/Items/Potions/Elixirs/Elixirs.cs;Data/Scripts/Items/Special/Special Scrolls/SpecialScroll.cs;Data/Scripts/Items/Trades/Tools/BaseRunicTool.cs;Data/Scripts/Items/Weapons/BaseWeapon.cs;Data/Scripts/Items/Weapons/Knives/AssassinSpike.cs;Data/Scripts/Items/Weapons/Knives/Dagger.cs;Data/Scripts/Items/Weapons/Knives/WarCleaver.cs;Data/Scripts/Items/Weapons/Oriental/Kama.cs;Data/Scripts/Items/Weapons/Oriental/Lajatang.cs;Data/Scripts/Items/Weapons/Oriental/Sai.cs;Data/Scripts/Items/Weapons/Oriental/Tekagi.cs;Data/Scripts/Items/Weapons/SpearsAndForks/BaseSpear.cs;Data/Scripts/Items/Weapons/Swords/Kryss.cs;Data/Scripts/Items/Weapons/Swords/Lance.cs;Data/Scripts/Magic/Base/SpellBooks.cs;Data/Scripts/Mobiles/Animals/Mounts/Ethereals.cs;Data/Scripts/Mobiles/Base/Behavior.cs;Data/Scripts/Mobiles/Civilized/Citizens/Citizens.cs;Data/Scripts/Mobiles/Civilized/Guilds/AssassinGuildmaster.cs;Data/Scripts/Mobiles/Civilized/Guilds/RangerGuildmaster.cs;Data/Scripts/Mobiles/Civilized/Guilds/ThiefGuildmaster.cs;Data/Scripts/Mobiles/Civilized/Guilds/WarriorGuildmaster.cs;Data/Scripts/Mobiles/Civilized/Special/Garth.cs;Data/Scripts/Mobiles/Civilized/TownGuards.cs;Data/Scripts/Mobiles/Civilized/Vendors/Blacksmith.cs;Data/Scripts/Mobiles/Civilized/Vendors/Fighter.cs;Data/Scripts/Mobiles/Civilized/Vendors/IronWorker.cs;Data/Scripts/Mobiles/Civilized/Vendors/KeeperOfChivalry.cs;Data/Scripts/Mobiles/Civilized/Vendors/KungFu.cs;Data/Scripts/Mobiles/Civilized/Vendors/Thief.cs;Data/Scripts/Mobiles/Civilized/Vendors/Weaponsmith.cs;Data/Scripts/Mobiles/Gargoyles/AncientGargoyle.cs;Data/Scripts/Mobiles/Gargoyles/CosmicGargoyle.cs;Data/Scripts/Mobiles/Humanoids/Aliens/BombWorshipper.cs;Data/Scripts/Mobiles/Humanoids/Aliens/Psionicist.cs;Data/Scripts/Mobiles/Humanoids/Aliens/SavageAlien.cs;Data/Scripts/Mobiles/Humanoids/Elves/ElfBerserker.cs;Data/Scripts/Mobiles/Humanoids/Elves/ElfMonks.cs;Data/Scripts/Mobiles/Humanoids/Elves/ElfRogue.cs;Data/Scripts/Mobiles/Humanoids/Humans/Adventurers.cs;Data/Scripts/Mobiles/Humanoids/Humans/Bandit.cs;Data/Scripts/Mobiles/Humanoids/Humans/Berserker.cs;Data/Scripts/Mobiles/Humanoids/Humans/BlackKnight.cs;Data/Scripts/Mobiles/Humanoids/Humans/BloodAssassin.cs;Data/Scripts/Mobiles/Humanoids/Humans/Brigand.cs;Data/Scripts/Mobiles/Humanoids/Humans/Executioner.cs;Data/Scripts/Mobiles/Humanoids/Humans/Monks.cs;Data/Scripts/Mobiles/Humanoids/Humans/Rogue.cs;Data/Scripts/Mobiles/Humanoids/Lizardmen/Reptaur.cs;Data/Scripts/Mobiles/Humanoids/Orcs/OrkMonks.cs;Data/Scripts/Mobiles/Humanoids/Orcs/OrkRogue.cs;Data/Scripts/Mobiles/Humanoids/Orcs/OrkWarrior.cs;Data/Scripts/Mobiles/Humanoids/Orcs/Urk.cs;Data/Scripts/Mobiles/Humanoids/Sailors/Galleons/PirateNatives.cs;Data/Scripts/Mobiles/Humanoids/Sailors/Galleons/SailorElf.cs;Data/Scripts/Mobiles/Humanoids/Sailors/Galleons/SailorElfGuards.cs;Data/Scripts/Mobiles/Humanoids/Sailors/Galleons/SailorGuards.cs;Data/Scripts/Mobiles/Humanoids/Sailors/Galleons/SailorMerchant.cs;Data/Scripts/Mobiles/Humanoids/Sailors/Galleons/SailorOrkGuards.cs;Data/Scripts/Mobiles/Humanoids/Sailors/Pirates/ElfPirateCrew.cs;Data/Scripts/Mobiles/Humanoids/Sailors/Pirates/PirateCrew.cs;Data/Scripts/Mobiles/Humanoids/Sailors/Pirates/PirateLand.cs;Data/Scripts/Mobiles/Humanoids/Savages/Native.cs;Data/Scripts/Mobiles/Humanoids/Savages/NativeWitchDoctor.cs;Data/Scripts/Mobiles/Humanoids/Savages/Savage.cs;Data/Scripts/Mobiles/Humanoids/Savages/SavageRider.cs;Data/Scripts/Mobiles/Humanoids/Savages/SavageShaman.cs;Data/Scripts/Mobiles/Humanoids/Savages/ZuluuNative.cs;Data/Scripts/Mobiles/Humanoids/Savages/ZuluuWitchDoctor.cs;Data/Scripts/Mobiles/Humanoids/Sea/Tritun.cs;Data/Scripts/Mobiles/Humanoids/Sea/TritunMage.cs;Data/Scripts/Mobiles/Races/BaseRace.cs;Data/Scripts/Mobiles/Undead/DeadKnight.cs;Data/Scripts/Mobiles/Undead/GhostPirate.cs;Data/Scripts/Mobiles/Undead/GhostWarrior.cs;Data/Scripts/Mobiles/Unique/BaneOfAnarchy.cs;Data/Scripts/Mobiles/Unique/BaneOfInsanity.cs;Data/Scripts/Mobiles/Unique/BaneOfWantoness.cs;Data/Scripts/Quests/Codex/CodexWisdom.cs;Data/Scripts/System/Commands/Player/SkillListing.cs;Data/Scripts/System/Gumps/SkillsGump.cs;Data/Scripts/System/Misc/Players.cs;Data/Scripts/System/Obsolete/Obsolete.cs;Data/Scripts/System/Skills/Druidism.cs;Data/Scripts/System/Skills/SkillCheck.cs;Data/Scripts/System/Skills/Weapon Abilities/AbilityBook.cs;Data/Scripts/System/Skills/Weapon Abilities/Extra/AchiliesStrike.cs;Data/Scripts/System/Skills/Weapon Abilities/Extra/EarthStrike.cs;Data/Scripts/System/Skills/Weapon Abilities/Extra/ElementalStrike.cs;Data/Scripts/System/Skills/Weapon Abilities/Extra/FireStrike.cs;Data/Scripts/System/Skills/Weapon Abilities/Extra/FreezeStrike.cs;Data/Scripts/System/Skills/Weapon Abilities/Extra/LightningStrike.cs;Data/Scripts/System/Skills/Weapon Abilities/Extra/StunningStrike.cs;Data/Scripts/System/Skills/Weapon Abilities/Extra/ToxicStrike.cs;Data/Scripts/System/Skills/Weapon Abilities/Extra/ZapDexStrike.cs;Data/Scripts/System/Skills/Weapon Abilities/Extra/ZapIntStrike.cs;Data/Scripts/System/Skills/Weapon Abilities/Extra/ZapManaStrike.cs;Data/Scripts/System/Skills/Weapon Abilities/Extra/ZapStamStrike.cs;Data/Scripts/System/Skills/Weapon Abilities/Extra/ZapStrStrike.cs;Data/Scripts/System/Skills/Weapon Abilities/WeaponAbility.cs;Data/Scripts/System/Skills/Weapon Abilities/WeaponArmorCalls.cs;Data/Scripts/Trades/Shoppes/BaseShoppe.cs;Data/System/Source/Skills.cs;Data/System/Source/Utility.cs,LexicalReferences; numeric indexes and dynamic references are not captured
43,FistFighting,Fist Fighting,1019,1179,Data/System/Source/Skills.cs,Data/Scripts/Custom/Champions/Mobiles/Champs-UO/Barracoon.cs;Data/Scripts/Custom/Champions/Mobiles/Champs-UO/Ilhenir.cs;Data/Scripts/Custom/Champions/Mobiles/Champs-UO/LordOaks.cs;Data/Scripts/Custom/Champions/Mobiles/Champs-UO/Mephitis.cs;Data/Scripts/Custom/Champions/Mobiles/Champs-UO/Neira.cs;Data/Scripts/Custom/Champions/Mobiles/Champs-UO/Semidar.cs;Data/Scripts/Custom/Champions/Mobiles/Champs-UO/Serado.cs;Data/Scripts/Custom/Champions/Mobiles/Champs-UO/Twaulo.cs;Data/Scripts/Custom/Champions/Mobiles/Minions/Bogle.cs;Data/Scripts/Custom/Champions/Mobiles/Minions/FerelTreefellow.cs;Data/Scripts/Custom/Champions/Mobiles/Minions/FetidEssence.cs;Data/Scripts/Custom/Champions/Mobiles/Minions/GreaterMongbat.cs;Data/Scripts/Custom/Champions/Mobiles/Minions/Hiryu.cs;Data/Scripts/Custom/Champions/Mobiles/Minions/InterredGrizzle .cs;Data/Scripts/Custom/Champions/Mobiles/Minions/Kappa.cs;Data/Scripts/Custom/Champions/Mobiles/Minions/LesserHiryu.cs;Data/Scripts/Custom/Champions/Mobiles/Minions/Oni.cs;Data/Scripts/Custom/Champions/Mobiles/Minions/PestilentBandage.cs;Data/Scripts/Custom/Champions/Mobiles/Minions/PlagueBeast.cs;Data/Scripts/Custom/Champions/Mobiles/Minions/PlagueBeastLord.cs;Data/Scripts/Custom/Champions/Mobiles/Minions/PlagueSpawn.cs;Data/Scripts/Custom/Champions/Mobiles/Minions/RagingGrizzlyBear.cs;Data/Scripts/Custom/Champions/Mobiles/Minions/SerpentineDragon.cs;Data/Scripts/Custom/Champions/Mobiles/Minions/Silvani.cs;Data/Scripts/Custom/Invasion System/Add Ins/Lord BlackThorn Clone.cs;Data/Scripts/Custom/Invasion System/Add Ins/Metal Assemblies/ASSEMBLY/BaseAssembly.cs;Data/Scripts/Custom/Invasion System/Add Ins/Pirates/Chasing Pirates/PirateCaptain.cs;Data/Scripts/Custom/Invasion System/Add Ins/Pirates/Chasing Pirates/PirateCrew.cs;Data/Scripts/Custom/Invasion System/Add Ins/Pirates/Morgan/Morgan2.cs;Data/Scripts/Custom/Invasion System/Add Ins/Pirates/Morgan/Pirate.cs;Data/Scripts/Custom/Invasion System/Add Ins/Pirates/Morgan/PirateCaptain.cs;Data/Scripts/Custom/Invasion System/Add Ins/Pirates/Morgan/pirateevil.cs;Data/Scripts/Custom/Invasion System/Add Ins/SubChamps/LordBlackThornBot.cs;Data/Scripts/Custom/Invasion System/Add Ins/SubChamps/LordOrcalis.cs;Data/Scripts/Custom/Invasion System/Add Ins/SubChamps/OgreChieftan.cs;Data/Scripts/Custom/Invasion System/Add Ins/SubChamps/OrcKing.cs;Data/Scripts/Custom/Invasion System/Add Ins/SubChamps/SpiderQueen.cs;Data/Scripts/Custom/Invasion System/Add Ins/SubChamps/Ssslither.cs;Data/Scripts/Custom/Invasion System/Add Ins/SubChamps/TheSavageGeneral.cs;Data/Scripts/Custom/Invasion System/Add Ins/SubChamps/WidowQueen.cs;Data/Scripts/Custom/Invasion System/Add Ins/SubChamps/lizardmanmage.cs;Data/Scripts/Custom/Offline Skill Training/Items/AdvancedStudyBooks.cs;Data/Scripts/Custom/Offline Skill Training/Items/LegendaryStudyBooks.cs;Data/Scripts/Custom/Offline Skill Training/Items/RandomStudyBooks.cs;Data/Scripts/Custom/Offline Skill Training/Items/StandardStudyBooks.cs;Data/Scripts/Custom/Progression/CharacterLevel/CharacterLevelService.cs;Data/Scripts/Custom/ThirdParty/OmniAI/OmniAI Shared.cs;Data/Scripts/Custom/XMLSpawner/XmlMobiles/TalkingDrake.cs;Data/Scripts/Items/Armor/HorseArmor.cs;Data/Scripts/Items/Books/PowerScrolls/PowerScroll.cs;Data/Scripts/Items/Books/PowerScrolls/Scrolls_Exalted.cs;Data/Scripts/Items/Books/PowerScrolls/Scrolls_Legendary.cs;Data/Scripts/Items/Books/PowerScrolls/Scrolls_Mythical.cs;Data/Scripts/Items/Books/PowerScrolls/Scrolls_Power.cs;Data/Scripts/Items/Books/PowerScrolls/Scrolls_Wonderous.cs;Data/Scripts/Items/Magical/Artifacts/Artifact_BeltofHercules.cs;Data/Scripts/Items/Magical/Artifacts/Artifact_GlovesOfThePugilist.cs;Data/Scripts/Items/Magical/Artifacts/Obsolete/Obsolete_BeltofHercules.cs;Data/Scripts/Items/Magical/Artifacts/Obsolete/Obsolete_GlovesOfThePugilist.cs;Data/Scripts/Items/Magical/Gifts/Weapons/GiftPugilistMits.cs;Data/Scripts/Items/Magical/God/Weapons/LevelPugilistMits.cs;Data/Scripts/Items/Magical/Morph/MorphingItem.cs;Data/Scripts/Items/Magical/PugilistGlove.cs;Data/Scripts/Items/Misc/Bodies/LivingDead/SummonCorpse.cs;Data/Scripts/Items/Potions/Elixirs/Elixirs.cs;Data/Scripts/Items/Potions/Mixtures/AlchemicSlime.cs;Data/Scripts/Items/Special/DemonPrison.cs;Data/Scripts/Items/Special/Special Scrolls/SpecialScroll.cs;Data/Scripts/Items/Trades/Tools/BaseRunicTool.cs;Data/Scripts/Items/Weapons/BaseWeapon.cs;Data/Scripts/Items/Weapons/Hands/Fists.cs;Data/Scripts/Magic/Base/SpellBooks.cs;Data/Scripts/Magic/Death Knight/DevilPact.cs;Data/Scripts/Magic/Druidism/Effects/ProtectiveFairySpell.cs;Data/Scripts/Magic/Druidism/Effects/TreefellowSpell.cs;Data/Scripts/Magic/Elementalism/Mobiles/ElementalCalledAir.cs;Data/Scripts/Magic/Elementalism/Mobiles/ElementalCalledEarth.cs;Data/Scripts/Magic/Elementalism/Mobiles/ElementalCalledFire.cs;Data/Scripts/Magic/Elementalism/Mobiles/ElementalCalledWater.cs;Data/Scripts/Magic/Elementalism/Mobiles/ElementalFiendAir.cs;Data/Scripts/Magic/Elementalism/Mobiles/ElementalFiendEarth.cs;Data/Scripts/Magic/Elementalism/Mobiles/ElementalFiendFire.cs;Data/Scripts/Magic/Elementalism/Mobiles/ElementalFiendWater.cs;Data/Scripts/Magic/Elementalism/Mobiles/ElementalLordAir.cs;Data/Scripts/Magic/Elementalism/Mobiles/ElementalLordEarth.cs;Data/Scripts/Magic/Elementalism/Mobiles/ElementalLordFire.cs;Data/Scripts/Magic/Elementalism/Mobiles/ElementalLordWater.cs;Data/Scripts/Magic/Elementalism/Mobiles/ElementalSpiritAir.cs;Data/Scripts/Magic/Elementalism/Mobiles/ElementalSpiritEarth.cs;Data/Scripts/Magic/Elementalism/Mobiles/ElementalSpiritFire.cs;Data/Scripts/Magic/Elementalism/Mobiles/ElementalSpiritWater.cs;Data/Scripts/Magic/Elementalism/Mobiles/ElementalSummonEnt.cs;Data/Scripts/Magic/Elementalism/Mobiles/ElementalSummonIce.cs;Data/Scripts/Magic/Elementalism/Mobiles/ElementalSummonLightning.cs;Data/Scripts/Magic/Elementalism/Mobiles/ElementalSummonMagma.cs;Data/Scripts/Magic/Enchantments/Mobiles/DevilPactMagic.cs;Data/Scripts/Magic/Jester/SummonedJoke.cs;Data/Scripts/Magic/Magery/Magery 3rd/MagicLock.cs;Data/Scripts/Magic/Misc/SummonDragonSpell.cs;Data/Scripts/Magic/Misc/SummonSkeleton.cs;Data/Scripts/Magic/Misc/SummonSnakesSpell.cs;Data/Scripts/Magic/Mystic/MysticPack.cs;Data/Scripts/Magic/Mystic/MysticSpell.cs;Data/Scripts/Magic/Mystic/MysticSpellBook.cs;Data/Scripts/Magic/Mystic/Spells/AstralProjection.cs;Data/Scripts/Magic/Mystic/Spells/CreateRobe.cs;Data/Scripts/Magic/Mystic/Spells/GentleTouch.cs;Data/Scripts/Magic/Mystic/Spells/PsionicBlast.cs;Data/Scripts/Magic/Mystic/Spells/PsychicWall.cs;Data/Scripts/Magic/Mystic/Spells/PurityOfBody.cs;Data/Scripts/Magic/Mystic/Spells/QuiveringPalm.cs;Data/Scripts/Magic/Mystic/Spells/WindRunner.cs;Data/Scripts/Magic/Necromancy/AnimateDeadSpell.cs;Data/Scripts/Mobiles/Animals/Bears/BlackBear.cs;Data/Scripts/Mobiles/Animals/Bears/BrownBear.cs;Data/Scripts/Mobiles/Animals/Bears/CaveBearRiding.cs;Data/Scripts/Mobiles/Animals/Bears/DireBear.cs;Data/Scripts/Mobiles/Animals/Bears/ElderBlackBearRiding.cs;Data/Scripts/Mobiles/Animals/Bears/ElderBrownBearRiding.cs;Data/Scripts/Mobiles/Animals/Bears/ElderPolarBearRiding.cs;Data/Scripts/Mobiles/Animals/Bears/GreatBear.cs;Data/Scripts/Mobiles/Animals/Bears/GrizzlyBearRiding.cs;Data/Scripts/Mobiles/Animals/Bears/KodiakBear.cs;Data/Scripts/Mobiles/Animals/Bears/Owlbear.cs;Data/Scripts/Mobiles/Animals/Bears/PandaRiding.cs;Data/Scripts/Mobiles/Animals/Bears/PolarBear.cs;Data/Scripts/Mobiles/Animals/Bears/SabreclawCub.cs;Data/Scripts/Mobiles/Animals/Bears/SabretoothBearRiding.cs;Data/Scripts/Mobiles/Animals/Bears/Trollbear.cs;Data/Scripts/Mobiles/Animals/Birds/AxeBeakRiding.cs;Data/Scripts/Mobiles/Animals/Birds/Bird.cs;Data/Scripts/Mobiles/Animals/Birds/Chicken.cs;Data/Scripts/Mobiles/Animals/Birds/Crane.cs;Data/Scripts/Mobiles/Animals/Birds/DesertBird.cs;Data/Scripts/Mobiles/Animals/Birds/Eagle.cs;Data/Scripts/Mobiles/Animals/Birds/Hawk.cs;Data/Scripts/Mobiles/Animals/Birds/Ostrich.cs;Data/Scripts/Mobiles/Animals/Birds/Penquin.cs;Data/Scripts/Mobiles/Animals/Birds/SwampBird.cs;Data/Scripts/Mobiles/Animals/Birds/TropicalBird.cs;Data/Scripts/Mobiles/Animals/Birds/Turkey.cs;Data/Scripts/Mobiles/Animals/Canines/BlackWolf.cs;Data/Scripts/Mobiles/Animals/Canines/DireWolf.cs;Data/Scripts/Mobiles/Animals/Canines/Dog.cs;Data/Scripts/Mobiles/Animals/Canines/Fox.cs;Data/Scripts/Mobiles/Animals/Canines/GreyWolf.cs;Data/Scripts/Mobiles/Animals/Canines/Hyena.cs;Data/Scripts/Mobiles/Animals/Canines/Jackal.cs;Data/Scripts/Mobiles/Animals/Canines/MadDog.cs;Data/Scripts/Mobiles/Animals/Canines/TimberWolf.cs;Data/Scripts/Mobiles/Animals/Canines/WereWolf.cs;Data/Scripts/Mobiles/Animals/Canines/WhiteWolf.cs;Data/Scripts/Mobiles/Animals/Canines/WolfMan.cs;Data/Scripts/Mobiles/Animals/Canines/Worg.cs;Data/Scripts/Mobiles/Animals/Cows/Bull.cs;Data/Scripts/Mobiles/Animals/Cows/BullradonRiding.cs;Data/Scripts/Mobiles/Animals/Cows/Cow.cs;Data/Scripts/Mobiles/Animals/Felines/BlackCat.cs;Data/Scripts/Mobiles/Animals/Felines/Bobcat.cs;Data/Scripts/Mobiles/Animals/Felines/Cat.cs;Data/Scripts/Mobiles/Animals/Felines/Cheetah.cs;Data/Scripts/Mobiles/Animals/Felines/Cougar.cs;Data/Scripts/Mobiles/Animals/Felines/CragCat.cs;Data/Scripts/Mobiles/Animals/Felines/HellCat.cs;Data/Scripts/Mobiles/Animals/Felines/Jaguar.cs;Data/Scripts/Mobiles/Animals/Felines/LionRiding.cs;Data/Scripts/Mobiles/Animals/Felines/Panther.cs;Data/Scripts/Mobiles/Animals/Felines/PredatorHellCatRiding.cs;Data/Scripts/Mobiles/Animals/Felines/SabretoothCub.cs;Data/Scripts/Mobiles/Animals/Felines/SabretoothTigerRiding.cs;Data/Scripts/Mobiles/Animals/Felines/SnowLeopard.cs;Data/Scripts/Mobiles/Animals/Felines/SnowLion.cs;Data/Scripts/Mobiles/Animals/Felines/TigerRiding.cs;Data/Scripts/Mobiles/Animals/Felines/WhiteCat.cs;Data/Scripts/Mobiles/Animals/Felines/WhiteTigerRiding.cs;Data/Scripts/Mobiles/Animals/Misc/Antelope.cs;Data/Scripts/Mobiles/Animals/Misc/Ape.cs;Data/Scripts/Mobiles/Animals/Misc/Boar.cs;Data/Scripts/Mobiles/Animals/Misc/DireBoar.cs;Data/Scripts/Mobiles/Animals/Misc/Dolphin.cs;Data/Scripts/Mobiles/Animals/Misc/Elephant.cs;Data/Scripts/Mobiles/Animals/Misc/Gazelle.cs;Data/Scripts/Mobiles/Animals/Misc/Giraffe.cs;Data/Scripts/Mobiles/Animals/Misc/Goat.cs;Data/Scripts/Mobiles/Animals/Misc/Gorakong.cs;Data/Scripts/Mobiles/Animals/Misc/Gorilla.cs;Data/Scripts/Mobiles/Animals/Misc/GreatHart.cs;Data/Scripts/Mobiles/Animals/Misc/Grum.cs;Data/Scripts/Mobiles/Animals/Misc/Hind.cs;Data/Scripts/Mobiles/Animals/Misc/Infected.cs;Data/Scripts/Mobiles/Animals/Misc/Llama.cs;Data/Scripts/Mobiles/Animals/Misc/Monkey.cs;Data/Scripts/Mobiles/Animals/Misc/Moose.cs;Data/Scripts/Mobiles/Animals/Misc/MountainGoat.cs;Data/Scripts/Mobiles/Animals/Misc/PackHorse.cs;Data/Scripts/Mobiles/Animals/Misc/PackLlama.cs;Data/Scripts/Mobiles/Animals/Misc/PackNecroSpider.cs;Data/Scripts/Mobiles/Animals/Misc/Pig.cs;Data/Scripts/Mobiles/Animals/Misc/Ramadon.cs;Data/Scripts/Mobiles/Animals/Misc/Sheep.cs;Data/Scripts/Mobiles/Animals/Misc/Tuskadon.cs;Data/Scripts/Mobiles/Animals/Misc/Walrus.cs;Data/Scripts/Mobiles/Animals/Mounts/DesertOstard.cs;Data/Scripts/Mobiles/Animals/Mounts/EvilMounts.cs;Data/Scripts/Mobiles/Animals/Mounts/ForestOstard.cs;Data/Scripts/Mobiles/Animals/Mounts/FrenziedOstard.cs;Data/Scripts/Mobiles/Animals/Mounts/GiantHawk.cs;Data/Scripts/Mobiles/Animals/Mounts/GiantRaven.cs;Data/Scripts/Mobiles/Animals/Mounts/Horse.cs;Data/Scripts/Mobiles/Animals/Mounts/RidableLlama.cs;Data/Scripts/Mobiles/Animals/Mounts/Roc.cs;Data/Scripts/Mobiles/Animals/Mounts/SeaHorse.cs;Data/Scripts/Mobiles/Animals/Mounts/SilverSteed.cs;Data/Scripts/Mobiles/Animals/Mounts/SkeletalMount.cs;Data/Scripts/Mobiles/Animals/Mounts/SnowOstard.cs;Data/Scripts/Mobiles/Animals/Mounts/YoungRoc.cs;Data/Scripts/Mobiles/Animals/Mounts/ZebraRiding.cs;Data/Scripts/Mobiles/Animals/Rodents/AlbinoBat.cs;Data/Scripts/Mobiles/Animals/Rodents/Bat.cs;Data/Scripts/Mobiles/Animals/Rodents/DiseasedRat.cs;Data/Scripts/Mobiles/Animals/Rodents/Ferret.cs;Data/Scripts/Mobiles/Animals/Rodents/FireBat.cs;Data/Scripts/Mobiles/Animals/Rodents/GiantBat.cs;Data/Scripts/Mobiles/Animals/Rodents/GiantRat.cs;Data/Scripts/Mobiles/Animals/Rodents/JackRabbit.cs;Data/Scripts/Mobiles/Animals/Rodents/Mouse.cs;Data/Scripts/Mobiles/Animals/Rodents/Rabbit.cs;Data/Scripts/Mobiles/Animals/Rodents/Rat.cs;Data/Scripts/Mobiles/Animals/Rodents/SewerRat.cs;Data/Scripts/Mobiles/Animals/Rodents/SicklyRat.cs;Data/Scripts/Mobiles/Animals/Rodents/Squirrel.cs;Data/Scripts/Mobiles/Animals/Rodents/Stirge.cs;Data/Scripts/Mobiles/Animals/Rodents/VampireBat.cs;Data/Scripts/Mobiles/Animals/Rodents/Weasel.cs;Data/Scripts/Mobiles/Animals/Rodents/WhiteRabbit.cs;Data/Scripts/Mobiles/Base/BaseCreature.cs;Data/Scripts/Mobiles/Base/Behavior.cs;Data/Scripts/Mobiles/Civilized/Chuckles.cs;Data/Scripts/Mobiles/Civilized/Citizens/Citizens.cs;Data/Scripts/Mobiles/Civilized/Comrades/HenchHorse.cs;Data/Scripts/Mobiles/Civilized/Comrades/HenchmanMonster.cs;Data/Scripts/Mobiles/Civilized/DeathKnightDemon.cs;Data/Scripts/Mobiles/Civilized/Familiars/DarkWolf.cs;Data/Scripts/Mobiles/Civilized/Familiars/DeathAdder.cs;Data/Scripts/Mobiles/Civilized/Familiars/HordeMinion.cs;Data/Scripts/Mobiles/Civilized/Familiars/ShadowWisp.cs;Data/Scripts/Mobiles/Civilized/Familiars/VampireBat.cs;Data/Scripts/Mobiles/Civilized/Genie.cs;Data/Scripts/Mobiles/Civilized/Guilds/ElementalGuildmaster.cs;Data/Scripts/Mobiles/Civilized/Guilds/LibrarianGuildmaster.cs;Data/Scripts/Mobiles/Civilized/Guilds/MageGuildmaster.cs;Data/Scripts/Mobiles/Civilized/Healers/FortuneTeller.cs;Data/Scripts/Mobiles/Civilized/Sherry.cs;Data/Scripts/Mobiles/Civilized/Special/EpicCharacter.cs;Data/Scripts/Mobiles/Civilized/Special/GodOfCourage.cs;Data/Scripts/Mobiles/Civilized/Special/Roscoe.cs;Data/Scripts/Mobiles/Civilized/Special/Xardok.cs;Data/Scripts/Mobiles/Civilized/TimeLord.cs;Data/Scripts/Mobiles/Civilized/TownGuards.cs;Data/Scripts/Mobiles/Civilized/Vendors/Elementalist.cs;Data/Scripts/Mobiles/Civilized/Vendors/Enchanter.cs;Data/Scripts/Mobiles/Civilized/Vendors/GypsyLady.cs;Data/Scripts/Mobiles/Civilized/Vendors/HolyMage.cs;Data/Scripts/Mobiles/Civilized/Vendors/KungFu.cs;Data/Scripts/Mobiles/Civilized/Vendors/Mage.cs;Data/Scripts/Mobiles/Civilized/Vendors/Monk.cs;Data/Scripts/Mobiles/Civilized/Vendors/NecroMage.cs;Data/Scripts/Mobiles/Civilized/Vendors/Sage.cs;Data/Scripts/Mobiles/Constructs/Alien/BattleDroid.cs;Data/Scripts/Mobiles/Constructs/Alien/CombatDroid.cs;Data/Scripts/Mobiles/Constructs/Alien/ExcavationDroid.cs;Data/Scripts/Mobiles/Constructs/Alien/MaintenanceDroid.cs;Data/Scripts/Mobiles/Constructs/Alien/Mutant.cs;Data/Scripts/Mobiles/Constructs/Alien/SecurityDroid.cs;Data/Scripts/Mobiles/Constructs/Alien/ServiceDroid.cs;Data/Scripts/Mobiles/Constructs/Golems/AncientFleshGolem.cs;Data/Scripts/Mobiles/Constructs/Golems/BoneGolem.cs;Data/Scripts/Mobiles/Constructs/Golems/CaddelliteGolem.cs;Data/Scripts/Mobiles/Constructs/Golems/FleshGolem.cs;Data/Scripts/Mobiles/Constructs/Golems/Golem.cs;Data/Scripts/Mobiles/Constructs/Golems/IronBeetle.cs;Data/Scripts/Mobiles/Constructs/Golems/IronCobra.cs;Data/Scripts/Mobiles/Constructs/Golems/MechanicalScorpion.cs;Data/Scripts/Mobiles/Constructs/Golems/MetalGolem.cs;Data/Scripts/Mobiles/Constructs/Golems/RunicGolem.cs;Data/Scripts/Mobiles/Constructs/Golems/RustGolem.cs;Data/Scripts/Mobiles/Constructs/Golems/SkinGolem.cs;Data/Scripts/Mobiles/Constructs/Golems/WoodenGolem.cs;Data/Scripts/Mobiles/Constructs/Statues/AnyStatue.cs;Data/Scripts/Mobiles/Constructs/Statues/LivingBronzeStatue.cs;Data/Scripts/Mobiles/Constructs/Statues/LivingGoldStatue.cs;Data/Scripts/Mobiles/Constructs/Statues/LivingIronStatue.cs;Data/Scripts/Mobiles/Constructs/Statues/LivingJadeStatue.cs;Data/Scripts/Mobiles/Constructs/Statues/LivingMarbleStatue.cs;Data/Scripts/Mobiles/Constructs/Statues/LivingShadowIronStatue.cs;Data/Scripts/Mobiles/Constructs/Statues/LivingSilverStatue.cs;Data/Scripts/Mobiles/Constructs/Statues/LivingStoneStatue.cs;Data/Scripts/Mobiles/Constructs/WaxSculpture.cs;Data/Scripts/Mobiles/Daemons/AbysmalDaemon.cs;Data/Scripts/Mobiles/Daemons/Afreet.cs;Data/Scripts/Mobiles/Daemons/Archfiend.cs;Data/Scripts/Mobiles/Daemons/Balron.cs;Data/Scripts/Mobiles/Daemons/BlackGateDemon.cs;Data/Scripts/Mobiles/Daemons/BloodDemigod.cs;Data/Scripts/Mobiles/Daemons/BloodDemon.cs;Data/Scripts/Mobiles/Daemons/BoneDemon.cs;Data/Scripts/Mobiles/Daemons/ClassicBalron.cs;Data/Scripts/Mobiles/Daemons/ClassicDaemon.cs;Data/Scripts/Mobiles/Daemons/Daemon.cs;Data/Scripts/Mobiles/Daemons/DaemonTemplate.cs;Data/Scripts/Mobiles/Daemons/DeepSeaDevil.cs;Data/Scripts/Mobiles/Daemons/Demon.cs;Data/Scripts/Mobiles/Daemons/DemonOfTheSea.cs;Data/Scripts/Mobiles/Daemons/DemonicGhost.cs;Data/Scripts/Mobiles/Daemons/Devil.cs;Data/Scripts/Mobiles/Daemons/Fiend.cs;Data/Scripts/Mobiles/Daemons/FireDemon.cs;Data/Scripts/Mobiles/Daemons/FireMephit.cs;Data/Scripts/Mobiles/Daemons/IceDevil.cs;Data/Scripts/Mobiles/Daemons/Ifreet.cs;Data/Scripts/Mobiles/Daemons/Imp.cs;Data/Scripts/Mobiles/Daemons/LesserDemon.cs;Data/Scripts/Mobiles/Daemons/LowerDemon.cs;Data/Scripts/Mobiles/Daemons/Marilith.cs;Data/Scripts/Mobiles/Daemons/MutantDaemon.cs;Data/Scripts/Mobiles/Daemons/Satan.cs;Data/Scripts/Mobiles/Daemons/ShadowDemon.cs;Data/Scripts/Mobiles/Daemons/ShadowHound.cs;Data/Scripts/Mobiles/Daemons/Succubus.cs;Data/Scripts/Mobiles/Daemons/Xurtzar.cs;Data/Scripts/Mobiles/Dragons/DragonTurtle.cs;Data/Scripts/Mobiles/Dragons/Dragonogre.cs;Data/Scripts/Mobiles/Dragons/Dragons/AsianDragon.cs;Data/Scripts/Mobiles/Dragons/Dragons/DragonGolem.cs;Data/Scripts/Mobiles/Dragons/Dragons/Dragons.cs;Data/Scripts/Mobiles/Dragons/Dragons/Dragoon.cs;Data/Scripts/Mobiles/Dragons/Dragons/GemDragons.cs;Data/Scripts/Mobiles/Dragons/Dragons/RidingDragon.cs;Data/Scripts/Mobiles/Dragons/Dragons/SeaDragon.cs;Data/Scripts/Mobiles/Dragons/Drakes/AbysmalDrake.cs;Data/Scripts/Mobiles/Dragons/Drakes/AncientDrake.cs;Data/Scripts/Mobiles/Dragons/Drakes/Drake.cs;Data/Scripts/Mobiles/Dragons/Drakes/SeaDrake.cs;Data/Scripts/Mobiles/Dragons/Drakes/SwampDrakeRiding.cs;Data/Scripts/Mobiles/Dragons/Drakkhen.cs;Data/Scripts/Mobiles/Dragons/Great Dragons/AshDragon.cs;Data/Scripts/Mobiles/Dragons/Great Dragons/BottleDragon.cs;Data/Scripts/Mobiles/Dragons/Great Dragons/CaddelliteDragon.cs;Data/Scripts/Mobiles/Dragons/Great Dragons/CrystalDragon.cs;Data/Scripts/Mobiles/Dragons/Great Dragons/DragonKing.cs;Data/Scripts/Mobiles/Dragons/Great Dragons/ElderDragon.cs;Data/Scripts/Mobiles/Dragons/Great Dragons/RadiationDragon.cs;Data/Scripts/Mobiles/Dragons/Great Dragons/VoidDragon.cs;Data/Scripts/Mobiles/Dragons/Hydras/EnergyHydra.cs;Data/Scripts/Mobiles/Dragons/Hydras/Hydra.cs;Data/Scripts/Mobiles/Dragons/Hydras/Wyvra.cs;Data/Scripts/Mobiles/Dragons/Primeval/PrimevalAbysmalDragon.cs;Data/Scripts/Mobiles/Dragons/Primeval/PrimevalAmberDragon.cs;Data/Scripts/Mobiles/Dragons/Primeval/PrimevalBlackDragon.cs;Data/Scripts/Mobiles/Dragons/Primeval/PrimevalDragon.cs;Data/Scripts/Mobiles/Dragons/Primeval/PrimevalFireDragon.cs;Data/Scripts/Mobiles/Dragons/Primeval/PrimevalGreenDragon.cs;Data/Scripts/Mobiles/Dragons/Primeval/PrimevalNightDragon.cs;Data/Scripts/Mobiles/Dragons/Primeval/PrimevalRedDragon.cs;Data/Scripts/Mobiles/Dragons/Primeval/PrimevalRoyalDragon.cs;Data/Scripts/Mobiles/Dragons/Primeval/PrimevalRunicDragon.cs;Data/Scripts/Mobiles/Dragons/Primeval/PrimevalSeaDragon.cs;Data/Scripts/Mobiles/Dragons/Primeval/PrimevalSilverDragon.cs;Data/Scripts/Mobiles/Dragons/Primeval/PrimevalStygianDragon.cs;Data/Scripts/Mobiles/Dragons/Primeval/PrimevalVolcanicDragon.cs;Data/Scripts/Mobiles/Dragons/Primeval/ReanimatedDragon.cs;Data/Scripts/Mobiles/Dragons/Primeval/VampiricDragon.cs;Data/Scripts/Mobiles/Dragons/Wyrms/AncientWyrm.cs;Data/Scripts/Mobiles/Dragons/Wyrms/ShadowWyrm.cs;Data/Scripts/Mobiles/Dragons/Wyrms/VolcanicDragon.cs;Data/Scripts/Mobiles/Dragons/Wyrms/Wyrm.cs;Data/Scripts/Mobiles/Dragons/Wyrms/Wyrms.cs;Data/Scripts/Mobiles/Dragons/Wyverns/AncientWyvern.cs;Data/Scripts/Mobiles/Dragons/Wyverns/Wyverns.cs;Data/Scripts/Mobiles/Dragons/Young/BabyDragon.cs;Data/Scripts/Mobiles/Dragons/Young/FireWyrmling.cs;Data/Scripts/Mobiles/Dragons/Young/YoungDragon.cs;Data/Scripts/Mobiles/Elementals/CrystalGoliath.cs;Data/Scripts/Mobiles/Elementals/Efreet.cs;Data/Scripts/Mobiles/Elementals/Elementals/AirElemental.cs;Data/Scripts/Mobiles/Elementals/Elementals/AnyElemental.cs;Data/Scripts/Mobiles/Elementals/Elementals/AnyGemElemental.cs;Data/Scripts/Mobiles/Elementals/Elementals/BloodElemental.cs;Data/Scripts/Mobiles/Elementals/Elementals/CinderElemental.cs;Data/Scripts/Mobiles/Elementals/Elementals/DeepWaterElemental.cs;Data/Scripts/Mobiles/Elementals/Elementals/DriftwoodElemental.cs;Data/Scripts/Mobiles/Elementals/Elementals/DustElemental.cs;Data/Scripts/Mobiles/Elementals/Elementals/ElectricalElemental.cs;Data/Scripts/Mobiles/Elementals/Elementals/FireElemental.cs;Data/Scripts/Mobiles/Elementals/Elementals/ForestElemental.cs;Data/Scripts/Mobiles/Elementals/Elementals/GraveDustElemental.cs;Data/Scripts/Mobiles/Elementals/Elementals/IceElemental.cs;Data/Scripts/Mobiles/Elementals/Elementals/IcebergElemental.cs;Data/Scripts/Mobiles/Elementals/Elementals/KelpElemental.cs;Data/Scripts/Mobiles/Elementals/Elementals/LavaElemental.cs;Data/Scripts/Mobiles/Elementals/Elementals/LightningElemental.cs;Data/Scripts/Mobiles/Elementals/Elementals/MagmaElemental.cs;Data/Scripts/Mobiles/Elementals/Elementals/MeteorElemental.cs;Data/Scripts/Mobiles/Elementals/Elementals/MudElemental.cs;Data/Scripts/Mobiles/Elementals/Elementals/PoisonElemental.cs;Data/Scripts/Mobiles/Elementals/Elementals/SeaweedElemental.cs;Data/Scripts/Mobiles/Elementals/Elementals/SewageElemental.cs;Data/Scripts/Mobiles/Elementals/Elementals/SnowElemental.cs;Data/Scripts/Mobiles/Elementals/Elementals/SteamElemental.cs;Data/Scripts/Mobiles/Elementals/Elementals/ToxicElemental.cs;Data/Scripts/Mobiles/Elementals/Elementals/Vulcrum.cs;Data/Scripts/Mobiles/Elementals/Elementals/WaterElemental.cs;Data/Scripts/Mobiles/Elementals/Elementals/WeedElemental.cs;Data/Scripts/Mobiles/Elementals/Gemmed/CaddelliteElemental.cs;Data/Scripts/Mobiles/Elementals/Gemmed/CrystalElemental.cs;Data/Scripts/Mobiles/Elementals/Gemmed/DilithiumElemental.cs;Data/Scripts/Mobiles/Elementals/Gemmed/GarnetElemental.cs;Data/Scripts/Mobiles/Elementals/Gemmed/GemElemental.cs;Data/Scripts/Mobiles/Elementals/Gemmed/ObsidianElemental.cs;Data/Scripts/Mobiles/Elementals/Gemmed/QuartzElemental.cs;Data/Scripts/Mobiles/Elementals/Gemmed/SapphireElemental.cs;Data/Scripts/Mobiles/Elementals/Gemmed/SilverElemental.cs;Data/Scripts/Mobiles/Elementals/Gemmed/SpinelElemental.cs;Data/Scripts/Mobiles/Elementals/Gemmed/StarRubyElemental.cs;Data/Scripts/Mobiles/Elementals/Gemmed/TopazElemental.cs;Data/Scripts/Mobiles/Elementals/Gemmed/TrilithiumElemental.cs;Data/Scripts/Mobiles/Elementals/Gemmed/XormiteElemental.cs;Data/Scripts/Mobiles/Elementals/IceColossus.cs;Data/Scripts/Mobiles/Elementals/Lesser/BloodSpawn.cs;Data/Scripts/Mobiles/Elementals/Lesser/WaterSpawn.cs;Data/Scripts/Mobiles/Elementals/MudMan.cs;Data/Scripts/Mobiles/Elementals/Necromental.cs;Data/Scripts/Mobiles/Elementals/Ore Elementals/AgapiteElemental.cs;Data/Scripts/Mobiles/Elementals/Ore Elementals/AnimatedRocks.cs;Data/Scripts/Mobiles/Elementals/Ore Elementals/BronzeElemental.cs;Data/Scripts/Mobiles/Elementals/Ore Elementals/CopperElemental.cs;Data/Scripts/Mobiles/Elementals/Ore Elementals/DullCopperElemental.cs;Data/Scripts/Mobiles/Elementals/Ore Elementals/EarthElemental.cs;Data/Scripts/Mobiles/Elementals/Ore Elementals/GoldenElemental.cs;Data/Scripts/Mobiles/Elementals/Ore Elementals/ShadowIronElemental.cs;Data/Scripts/Mobiles/Elementals/Ore Elementals/StoneElemental.cs;Data/Scripts/Mobiles/Elementals/Ore Elementals/ValoriteElemental.cs;Data/Scripts/Mobiles/Elementals/Ore Elementals/VeriteElemental.cs;Data/Scripts/Mobiles/Elementals/PoisonCloud.cs;Data/Scripts/Mobiles/Elementals/SandVortex.cs;Data/Scripts/Mobiles/Elementals/StormCloud.cs;Data/Scripts/Mobiles/Elementals/Typhoon.cs;Data/Scripts/Mobiles/Elementals/WaterWeird.cs;Data/Scripts/Mobiles/Gargoyles/AncientGargoyle.cs;Data/Scripts/Mobiles/Gargoyles/CosmicGargoyle.cs;Data/Scripts/Mobiles/Gargoyles/FireGargoyle.cs;Data/Scripts/Mobiles/Gargoyles/Gargoyle.cs;Data/Scripts/Mobiles/Gargoyles/GargoyleAmethyst.cs;Data/Scripts/Mobiles/Gargoyles/GargoyleEmerald.cs;Data/Scripts/Mobiles/Gargoyles/GargoyleMarble.cs;Data/Scripts/Mobiles/Gargoyles/GargoyleOnyx.cs;Data/Scripts/Mobiles/Gargoyles/GargoyleRuby.cs;Data/Scripts/Mobiles/Gargoyles/GargoyleSapphire.cs;Data/Scripts/Mobiles/Gargoyles/GargoyleWarrior.cs;Data/Scripts/Mobiles/Gargoyles/MutantGargoyle.cs;Data/Scripts/Mobiles/Gargoyles/StoneGargoyle.cs;Data/Scripts/Mobiles/Gargoyles/StygianGargoyle.cs;Data/Scripts/Mobiles/Gargoyles/StygianGargoyleLord.cs;Data/Scripts/Mobiles/Goliaths/Cyclops/AncientCyclops.cs;Data/Scripts/Mobiles/Goliaths/Cyclops/Cyclops.cs;Data/Scripts/Mobiles/Goliaths/Cyclops/ShamanicCyclops.cs;Data/Scripts/Mobiles/Goliaths/Ettins/AncientEttin.cs;Data/Scripts/Mobiles/Goliaths/Ettins/ArcticEttin.cs;Data/Scripts/Mobiles/Goliaths/Ettins/Ettin.cs;Data/Scripts/Mobiles/Goliaths/Ettins/EttinShaman.cs;Data/Scripts/Mobiles/Goliaths/Giants/AbyssGiant.cs;Data/Scripts/Mobiles/Goliaths/Giants/CloudGiant.cs;Data/Scripts/Mobiles/Goliaths/Giants/DeepSeaGiant.cs;Data/Scripts/Mobiles/Goliaths/Giants/FireGiant.cs;Data/Scripts/Mobiles/Goliaths/Giants/ForestGiant.cs;Data/Scripts/Mobiles/Goliaths/Giants/FrostGiant.cs;Data/Scripts/Mobiles/Goliaths/Giants/Giant.cs;Data/Scripts/Mobiles/Goliaths/Giants/HillGiant.cs;Data/Scripts/Mobiles/Goliaths/Giants/HillGiantShaman.cs;Data/Scripts/Mobiles/Goliaths/Giants/IceGiant.cs;Data/Scripts/Mobiles/Goliaths/Giants/JungleGiant.cs;Data/Scripts/Mobiles/Goliaths/Giants/LavaGiant.cs;Data/Scripts/Mobiles/Goliaths/Giants/MountainGiant.cs;Data/Scripts/Mobiles/Goliaths/Giants/SandGiant.cs;Data/Scripts/Mobiles/Goliaths/Giants/SeaGiant.cs;Data/Scripts/Mobiles/Goliaths/Giants/StarGiant.cs;Data/Scripts/Mobiles/Goliaths/Giants/StoneGiant.cs;Data/Scripts/Mobiles/Goliaths/Giants/StormGiant.cs;Data/Scripts/Mobiles/Goliaths/Ogres/AbysmalOgre.cs;Data/Scripts/Mobiles/Goliaths/Ogres/ArcticOgreLord.cs;Data/Scripts/Mobiles/Goliaths/Ogres/Ogre.cs;Data/Scripts/Mobiles/Goliaths/Ogres/OgreLord.cs;Data/Scripts/Mobiles/Goliaths/Ogres/OgreMagi.cs;Data/Scripts/Mobiles/Goliaths/Ogres/TundraOgre.cs;Data/Scripts/Mobiles/Goliaths/OrkDemigod.cs;Data/Scripts/Mobiles/Goliaths/Titans/ElderTitan.cs;Data/Scripts/Mobiles/Goliaths/Titans/Titan.cs;Data/Scripts/Mobiles/Goliaths/Trolls/FrostTroll.cs;Data/Scripts/Mobiles/Goliaths/Trolls/FrostTrollShaman.cs;Data/Scripts/Mobiles/Goliaths/Trolls/SeaTroll.cs;Data/Scripts/Mobiles/Goliaths/Trolls/SwampTroll.cs;Data/Scripts/Mobiles/Goliaths/Trolls/Troll.cs;Data/Scripts/Mobiles/Goliaths/Trolls/TrollWitchDoctor.cs;Data/Scripts/Mobiles/Goliaths/ZornTheBlacksmith.cs;Data/Scripts/Mobiles/Hellish/AncientNightmareRiding.cs;Data/Scripts/Mobiles/Hellish/Chimera.cs;Data/Scripts/Mobiles/Hellish/DarkHound.cs;Data/Scripts/Mobiles/Hellish/FireSteed.cs;Data/Scripts/Mobiles/Hellish/HellBeast.cs;Data/Scripts/Mobiles/Hellish/HordeMinion.cs;Data/Scripts/Mobiles/Hellish/ManticoreRiding.cs;Data/Scripts/Mobiles/Hellish/Nightmare.cs;Data/Scripts/Mobiles/Hellish/ShadowFiend.cs;Data/Scripts/Mobiles/Hellish/Vrock.cs;Data/Scripts/Mobiles/Humanoids/Aliens/BombWorshipper.cs;Data/Scripts/Mobiles/Humanoids/Aliens/Jedi.cs;Data/Scripts/Mobiles/Humanoids/Aliens/Psionicist.cs;Data/Scripts/Mobiles/Humanoids/Aliens/SavageAlien.cs;Data/Scripts/Mobiles/Humanoids/Aliens/Syth.cs;Data/Scripts/Mobiles/Humanoids/Ambroz/AbrozChieftain.cs;Data/Scripts/Mobiles/Humanoids/Ambroz/AbrozShaman.cs;Data/Scripts/Mobiles/Humanoids/Ambroz/AbrozWarrior.cs;Data/Scripts/Mobiles/Humanoids/Bugbear.cs;Data/Scripts/Mobiles/Humanoids/Drakkul/Drakkul.cs;Data/Scripts/Mobiles/Humanoids/Drakkul/DrakkulChief.cs;Data/Scripts/Mobiles/Humanoids/Drakkul/DrakkulMage.cs;Data/Scripts/Mobiles/Humanoids/Drider.cs;Data/Scripts/Mobiles/Humanoids/DriderWizard.cs;Data/Scripts/Mobiles/Humanoids/Durgar.cs;Data/Scripts/Mobiles/Humanoids/Elves/ElfBerserker.cs;Data/Scripts/Mobiles/Humanoids/Elves/ElfMage.cs;Data/Scripts/Mobiles/Humanoids/Elves/ElfMinstrel.cs;Data/Scripts/Mobiles/Humanoids/Elves/ElfMonks.cs;Data/Scripts/Mobiles/Humanoids/Elves/ElfRogue.cs;Data/Scripts/Mobiles/Humanoids/Gnoll.cs;Data/Scripts/Mobiles/Humanoids/Gnome/GnomeMage.cs;Data/Scripts/Mobiles/Humanoids/Gnome/GnomeWarrior.cs;Data/Scripts/Mobiles/Humanoids/Goblin.cs;Data/Scripts/Mobiles/Humanoids/GoblinArcher.cs;Data/Scripts/Mobiles/Humanoids/Harpies/Harpy.cs;Data/Scripts/Mobiles/Humanoids/Harpies/HarpyElder.cs;Data/Scripts/Mobiles/Humanoids/Harpies/HarpyHen.cs;Data/Scripts/Mobiles/Humanoids/Harpies/SnowHarpy.cs;Data/Scripts/Mobiles/Humanoids/Harpies/StoneHarpy.cs;Data/Scripts/Mobiles/Humanoids/Hobgoblin.cs;Data/Scripts/Mobiles/Humanoids/Humans/Adventurers.cs;Data/Scripts/Mobiles/Humanoids/Humans/Archmage.cs;Data/Scripts/Mobiles/Humanoids/Humans/Bandit.cs;Data/Scripts/Mobiles/Humanoids/Humans/Berserker.cs;Data/Scripts/Mobiles/Humanoids/Humans/BlackKnight.cs;Data/Scripts/Mobiles/Humanoids/Humans/BloodAssassin.cs;Data/Scripts/Mobiles/Humanoids/Humans/Brigand.cs;Data/Scripts/Mobiles/Humanoids/Humans/EvilMage.cs;Data/Scripts/Mobiles/Humanoids/Humans/EvilMageLord.cs;Data/Scripts/Mobiles/Humanoids/Humans/GolemController.cs;Data/Scripts/Mobiles/Humanoids/Humans/Minstrel.cs;Data/Scripts/Mobiles/Humanoids/Humans/Monks.cs;Data/Scripts/Mobiles/Humanoids/Humans/Rogue.cs;Data/Scripts/Mobiles/Humanoids/Jackalwitch.cs;Data/Scripts/Mobiles/Humanoids/Kilrathi/Kilrathi.cs;Data/Scripts/Mobiles/Humanoids/Kilrathi/KilrathiGunner.cs;Data/Scripts/Mobiles/Humanoids/Lizardmen/Grathek.cs;Data/Scripts/Mobiles/Humanoids/Lizardmen/Kobold.cs;Data/Scripts/Mobiles/Humanoids/Lizardmen/KoboldMage.cs;Data/Scripts/Mobiles/Humanoids/Lizardmen/Lizardman.cs;Data/Scripts/Mobiles/Humanoids/Lizardmen/LizardmanArcher.cs;Data/Scripts/Mobiles/Humanoids/Lizardmen/MutantLizardman.cs;Data/Scripts/Mobiles/Humanoids/Lizardmen/Reptalar.cs;Data/Scripts/Mobiles/Humanoids/Lizardmen/ReptalarChieftain.cs;Data/Scripts/Mobiles/Humanoids/Lizardmen/ReptalarShaman.cs;Data/Scripts/Mobiles/Humanoids/Lizardmen/Reptaur.cs;Data/Scripts/Mobiles/Humanoids/Lizardmen/Sakleth.cs;Data/Scripts/Mobiles/Humanoids/Lizardmen/SaklethArcher.cs;Data/Scripts/Mobiles/Humanoids/Lizardmen/SaklethMage.cs;Data/Scripts/Mobiles/Humanoids/Lizardmen/Sleestax.cs;Data/Scripts/Mobiles/Humanoids/Medusa.cs;Data/Scripts/Mobiles/Humanoids/MindFlayer.cs;Data/Scripts/Mobiles/Humanoids/Minotaurs/Minotaur.cs;Data/Scripts/Mobiles/Humanoids/Minotaurs/MinotaurCaptain.cs;Data/Scripts/Mobiles/Humanoids/Minotaurs/MinotaurScout.cs;Data/Scripts/Mobiles/Humanoids/Minotaurs/MinotaurSmall.cs;Data/Scripts/Mobiles/Humanoids/Minotaurs/MutantMinotaur.cs;Data/Scripts/Mobiles/Humanoids/Mongbat.cs;Data/Scripts/Mobiles/Humanoids/Morlock.cs;Data/Scripts/Mobiles/Humanoids/Neanderthal.cs;Data/Scripts/Mobiles/Humanoids/Orcs/Orc.cs;Data/Scripts/Mobiles/Humanoids/Orcs/OrcBomber.cs;Data/Scripts/Mobiles/Humanoids/Orcs/OrcishLord.cs;Data/Scripts/Mobiles/Humanoids/Orcs/OrcishMage.cs;Data/Scripts/Mobiles/Humanoids/Orcs/OrkMage.cs;Data/Scripts/Mobiles/Humanoids/Orcs/OrkMonks.cs;Data/Scripts/Mobiles/Humanoids/Orcs/OrkRogue.cs;Data/Scripts/Mobiles/Humanoids/Orcs/OrkWarrior.cs;Data/Scripts/Mobiles/Humanoids/Orcs/OrxWarrior.cs;Data/Scripts/Mobiles/Humanoids/Orcs/Urc.cs;Data/Scripts/Mobiles/Humanoids/Orcs/UrcBowman.cs;Data/Scripts/Mobiles/Humanoids/Orcs/UrcShaman.cs;Data/Scripts/Mobiles/Humanoids/Orcs/Urk.cs;Data/Scripts/Mobiles/Humanoids/Orcs/UrkShaman.cs;Data/Scripts/Mobiles/Humanoids/Ratmen/Ratman.cs;Data/Scripts/Mobiles/Humanoids/Ratmen/RatmanArcher.cs;Data/Scripts/Mobiles/Humanoids/Ratmen/RatmanMage.cs;Data/Scripts/Mobiles/Humanoids/Sailors/BaseSailor.cs;Data/Scripts/Mobiles/Humanoids/Sailors/Galleons/BasePirate.cs;Data/Scripts/Mobiles/Humanoids/Sailors/Galleons/PirateCult.cs;Data/Scripts/Mobiles/Humanoids/Sailors/Galleons/PirateCyclops.cs;Data/Scripts/Mobiles/Humanoids/Sailors/Galleons/PirateDaemon.cs;Data/Scripts/Mobiles/Humanoids/Sailors/Galleons/PirateDarkLord.cs;Data/Scripts/Mobiles/Humanoids/Sailors/Galleons/PirateDemon.cs;Data/Scripts/Mobiles/Humanoids/Sailors/Galleons/PirateDemoness.cs;Data/Scripts/Mobiles/Humanoids/Sailors/Galleons/PirateDevil.cs;Data/Scripts/Mobiles/Humanoids/Sailors/Galleons/PirateDragonogre.cs;Data/Scripts/Mobiles/Humanoids/Sailors/Galleons/PirateDrow.cs;Data/Scripts/Mobiles/Humanoids/Sailors/Galleons/PirateEttinMage.cs;Data/Scripts/Mobiles/Humanoids/Sailors/Galleons/PirateGargoyle.cs;Data/Scripts/Mobiles/Humanoids/Sailors/Galleons/PirateGhost.cs;Data/Scripts/Mobiles/Humanoids/Sailors/Galleons/PirateGrathek.cs;Data/Scripts/Mobiles/Humanoids/Sailors/Galleons/PirateLich.cs;Data/Scripts/Mobiles/Humanoids/Sailors/Galleons/PirateLichLord.cs;Data/Scripts/Mobiles/Humanoids/Sailors/Galleons/PirateMen.cs;Data/Scripts/Mobiles/Humanoids/Sailors/Galleons/PirateMinotaur.cs;Data/Scripts/Mobiles/Humanoids/Sailors/Galleons/PirateNatives.cs;Data/Scripts/Mobiles/Humanoids/Sailors/Galleons/PirateOgreLord.cs;Data/Scripts/Mobiles/Humanoids/Sailors/Galleons/PirateOphidian.cs;Data/Scripts/Mobiles/Humanoids/Sailors/Galleons/PirateSakleth.cs;Data/Scripts/Mobiles/Humanoids/Sailors/Galleons/PirateSkeleton.cs;Data/Scripts/Mobiles/Humanoids/Sailors/Galleons/PirateSnakeMan.cs;Data/Scripts/Mobiles/Humanoids/Sailors/Galleons/PirateSuccubus.cs;Data/Scripts/Mobiles/Humanoids/Sailors/Galleons/PirateTitan.cs;Data/Scripts/Mobiles/Humanoids/Sailors/Galleons/PirateTroll.cs;Data/Scripts/Mobiles/Humanoids/Sailors/Galleons/PirateUndead.cs;Data/Scripts/Mobiles/Humanoids/Sailors/Galleons/SailorAngel.cs;Data/Scripts/Mobiles/Humanoids/Sailors/Galleons/SailorAngelLord.cs;Data/Scripts/Mobiles/Humanoids/Sailors/Galleons/SailorElf.cs;Data/Scripts/Mobiles/Humanoids/Sailors/Galleons/SailorElfGuards.cs;Data/Scripts/Mobiles/Humanoids/Sailors/Galleons/SailorGuards.cs;Data/Scripts/Mobiles/Humanoids/Sailors/Galleons/SailorMerchant.cs;Data/Scripts/Mobiles/Humanoids/Sailors/Galleons/SailorOrkGuards.cs;Data/Scripts/Mobiles/Humanoids/Sailors/Pirates/ElfPirateCrew.cs;Data/Scripts/Mobiles/Humanoids/Sailors/Pirates/ElfPirateCrewBow.cs;Data/Scripts/Mobiles/Humanoids/Sailors/Pirates/ElfPirateCrewMage.cs;Data/Scripts/Mobiles/Humanoids/Sailors/Pirates/PirateCrew.cs;Data/Scripts/Mobiles/Humanoids/Sailors/Pirates/PirateCrewBow.cs;Data/Scripts/Mobiles/Humanoids/Sailors/Pirates/PirateCrewMage.cs;Data/Scripts/Mobiles/Humanoids/Sailors/Pirates/PirateLand.cs;Data/Scripts/Mobiles/Humanoids/Savages/NativeWitchDoctor.cs;Data/Scripts/Mobiles/Humanoids/Savages/SavageLord.cs;Data/Scripts/Mobiles/Humanoids/Savages/SavageShaman.cs;Data/Scripts/Mobiles/Humanoids/Savages/ZuluuWitchDoctor.cs;Data/Scripts/Mobiles/Humanoids/Sea/Dagon.cs;Data/Scripts/Mobiles/Humanoids/Sea/Krakoa.cs;Data/Scripts/Mobiles/Humanoids/Sea/Lobstran.cs;Data/Scripts/Mobiles/Humanoids/Sea/Locathah.cs;Data/Scripts/Mobiles/Humanoids/Sea/Neptar.cs;Data/Scripts/Mobiles/Humanoids/Sea/NeptarWizard.cs;Data/Scripts/Mobiles/Humanoids/Sea/SeaHagGreater.cs;Data/Scripts/Mobiles/Humanoids/Sea/TritunMage.cs;Data/Scripts/Mobiles/Humanoids/Serpents/FireNaga.cs;Data/Scripts/Mobiles/Humanoids/Serpents/FireSlamander.cs;Data/Scripts/Mobiles/Humanoids/Serpents/Naga.cs;Data/Scripts/Mobiles/Humanoids/Serpents/OphidianArchmage.cs;Data/Scripts/Mobiles/Humanoids/Serpents/OphidianKnight.cs;Data/Scripts/Mobiles/Humanoids/Serpents/OphidianMage.cs;Data/Scripts/Mobiles/Humanoids/Serpents/OphidianMatriarch.cs;Data/Scripts/Mobiles/Humanoids/Serpents/SandSerpyn.cs;Data/Scripts/Mobiles/Humanoids/Serpents/Serpentar.cs;Data/Scripts/Mobiles/Humanoids/Serpents/SerpentarWizard.cs;Data/Scripts/Mobiles/Humanoids/Serpents/Serpyn.cs;Data/Scripts/Mobiles/Humanoids/Serpents/SerpynChampion.cs;Data/Scripts/Mobiles/Humanoids/Serpents/SerpynSorceress.cs;Data/Scripts/Mobiles/Humanoids/Serpents/WaterNaga.cs;Data/Scripts/Mobiles/Humanoids/Terathan/TerathanAvenger.cs;Data/Scripts/Mobiles/Humanoids/Terathan/TerathanDrone.cs;Data/Scripts/Mobiles/Humanoids/Terathan/TerathanMatriarch.cs;Data/Scripts/Mobiles/Humanoids/Terathan/TerathanWarrior.cs;Data/Scripts/Mobiles/Humanoids/Yeti.cs;Data/Scripts/Mobiles/Insects/Aliens/Alien.cs;Data/Scripts/Mobiles/Insects/Aliens/AlienSmall.cs;Data/Scripts/Mobiles/Insects/Aliens/AlienSpider.cs;Data/Scripts/Mobiles/Insects/Aliens/Shaclaw.cs;Data/Scripts/Mobiles/Insects/Anhkheg.cs;Data/Scripts/Mobiles/Insects/Ants/AntLion.cs;Data/Scripts/Mobiles/Insects/Ants/AntaurKing.cs;Data/Scripts/Mobiles/Insects/Ants/AntaurProgenitor.cs;Data/Scripts/Mobiles/Insects/Ants/AntaurSoldier.cs;Data/Scripts/Mobiles/Insects/Ants/AntaurWorker.cs;Data/Scripts/Mobiles/Insects/Beetles/Beetle.cs;Data/Scripts/Mobiles/Insects/Beetles/DeathWatchBeetle.cs;Data/Scripts/Mobiles/Insects/Beetles/DeathWatchBeetleHatchling.cs;Data/Scripts/Mobiles/Insects/Beetles/DuneBeetle.cs;Data/Scripts/Mobiles/Insects/Beetles/FireBeetle.cs;Data/Scripts/Mobiles/Insects/Beetles/GlowBeetleRiding.cs;Data/Scripts/Mobiles/Insects/Beetles/MetalBeetle.cs;Data/Scripts/Mobiles/Insects/Beetles/PoisonBeetleRiding.cs;Data/Scripts/Mobiles/Insects/Beetles/RuneBeetle.cs;Data/Scripts/Mobiles/Insects/Beetles/Skellot.cs;Data/Scripts/Mobiles/Insects/Beetles/TigerBeetleRiding.cs;Data/Scripts/Mobiles/Insects/Beetles/WaterBeetleRiding.cs;Data/Scripts/Mobiles/Insects/DeadlyScorpion.cs;Data/Scripts/Mobiles/Insects/Lavapede.cs;Data/Scripts/Mobiles/Insects/Mantis.cs;Data/Scripts/Mobiles/Insects/Scorpion.cs;Data/Scripts/Mobiles/Insects/Spiders/AbyssCrawler.cs;Data/Scripts/Mobiles/Insects/Spiders/Arachnar.cs;Data/Scripts/Mobiles/Insects/Spiders/CaveFisher.cs;Data/Scripts/Mobiles/Insects/Spiders/DreadSpider.cs;Data/Scripts/Mobiles/Insects/Spiders/FrostSpider.cs;Data/Scripts/Mobiles/Insects/Spiders/GiantBlackWidow.cs;Data/Scripts/Mobiles/Insects/Spiders/GiantSpider.cs;Data/Scripts/Mobiles/Insects/Spiders/LargeSpider.cs;Data/Scripts/Mobiles/Insects/Spiders/MonstrousSpider.cs;Data/Scripts/Mobiles/Insects/Spiders/PhaseSpider.cs;Data/Scripts/Mobiles/Insects/Spiders/SandSpider.cs;Data/Scripts/Mobiles/Insects/Spiders/ShadowRecluse.cs;Data/Scripts/Mobiles/Insects/Spiders/Tarantula.cs;Data/Scripts/Mobiles/Insects/Spiders/WaterStrider.cs;Data/Scripts/Mobiles/Insects/Spiders/ZombieSpider.cs;Data/Scripts/Mobiles/Mystical/AncientSphinx.cs;Data/Scripts/Mobiles/Mystical/Angel.cs;Data/Scripts/Mobiles/Mystical/Archangel.cs;Data/Scripts/Mobiles/Mystical/Centaur.cs;Data/Scripts/Mobiles/Mystical/CorruptCentaur.cs;Data/Scripts/Mobiles/Mystical/CuSidhe.cs;Data/Scripts/Mobiles/Mystical/DarkUnicornRiding.cs;Data/Scripts/Mobiles/Mystical/DarkWisp.cs;Data/Scripts/Mobiles/Mystical/Dreadhorn.cs;Data/Scripts/Mobiles/Mystical/EtherealWarrior.cs;Data/Scripts/Mobiles/Mystical/Faerie.cs;Data/Scripts/Mobiles/Mystical/GriffonRiding.cs;Data/Scripts/Mobiles/Mystical/GuardianWolf.cs;Data/Scripts/Mobiles/Mystical/HippogriffRiding.cs;Data/Scripts/Mobiles/Mystical/IceSteed.cs;Data/Scripts/Mobiles/Mystical/Kirin.cs;Data/Scripts/Mobiles/Mystical/MLDryad.cs;Data/Scripts/Mobiles/Mystical/MysticalFox.cs;Data/Scripts/Mobiles/Mystical/PegasusRiding.cs;Data/Scripts/Mobiles/Mystical/Phoenix.cs;Data/Scripts/Mobiles/Mystical/Pixie.cs;Data/Scripts/Mobiles/Mystical/Placeron.cs;Data/Scripts/Mobiles/Mystical/Reptalon.cs;Data/Scripts/Mobiles/Mystical/RoyalSphinx.cs;Data/Scripts/Mobiles/Mystical/Satyr.cs;Data/Scripts/Mobiles/Mystical/ShadowWisp.cs;Data/Scripts/Mobiles/Mystical/SphinxRiding.cs;Data/Scripts/Mobiles/Mystical/Sprite.cs;Data/Scripts/Mobiles/Mystical/Sunlyte.cs;Data/Scripts/Mobiles/Mystical/Unicorn.cs;Data/Scripts/Mobiles/Mystical/Wisp.cs;Data/Scripts/Mobiles/Mystical/Xatyr.cs;Data/Scripts/Mobiles/Mystical/xDryad.cs;Data/Scripts/Mobiles/Plants/AncientEnt.cs;Data/Scripts/Mobiles/Plants/AncientReaper.cs;Data/Scripts/Mobiles/Plants/BloodLotus.cs;Data/Scripts/Mobiles/Plants/BogThing.cs;Data/Scripts/Mobiles/Plants/Bogling.cs;Data/Scripts/Mobiles/Plants/Corpser.cs;Data/Scripts/Mobiles/Plants/CreepingFungus.cs;Data/Scripts/Mobiles/Plants/DeadReaper.cs;Data/Scripts/Mobiles/Plants/Ent.cs;Data/Scripts/Mobiles/Plants/EvilEnt.cs;Data/Scripts/Mobiles/Plants/Fungal.cs;Data/Scripts/Mobiles/Plants/FungalMage.cs;Data/Scripts/Mobiles/Plants/Quagmire.cs;Data/Scripts/Mobiles/Plants/Reaper.cs;Data/Scripts/Mobiles/Plants/SeaWeeder.cs;Data/Scripts/Mobiles/Plants/SwampTentacle.cs;Data/Scripts/Mobiles/Plants/SwampThing.cs;Data/Scripts/Mobiles/Plants/TheAncientTree.cs;Data/Scripts/Mobiles/Plants/WalkingReaper.cs;Data/Scripts/Mobiles/Plants/WhippingVine.cs;Data/Scripts/Mobiles/Plants/WoodlandDevil.cs;Data/Scripts/Mobiles/Races/BaseRace.cs;Data/Scripts/Mobiles/Reptilian/Alligator.cs;Data/Scripts/Mobiles/Reptilian/BasiliskRiding.cs;Data/Scripts/Mobiles/Reptilian/CaveLizard.cs;Data/Scripts/Mobiles/Reptilian/Dinosaurs/Basilosaurus.cs;Data/Scripts/Mobiles/Reptilian/Dinosaurs/Brontosaur.cs;Data/Scripts/Mobiles/Reptilian/Dinosaurs/GorceratopsRiding.cs;Data/Scripts/Mobiles/Reptilian/Dinosaurs/Iguanodon.cs;Data/Scripts/Mobiles/Reptilian/Dinosaurs/Meglasaur.cs;Data/Scripts/Mobiles/Reptilian/Dinosaurs/RaptorRiding.cs;Data/Scripts/Mobiles/Reptilian/Dinosaurs/RavenousRiding.cs;Data/Scripts/Mobiles/Reptilian/Dinosaurs/Stegosaurus.cs;Data/Scripts/Mobiles/Reptilian/Dinosaurs/Teradactyl.cs;Data/Scripts/Mobiles/Reptilian/Dinosaurs/Titanoboa.cs;Data/Scripts/Mobiles/Reptilian/Dinosaurs/Tyranasaur.cs;Data/Scripts/Mobiles/Reptilian/Fish/GreatWhite.cs;Data/Scripts/Mobiles/Reptilian/Fish/Lochasaur.cs;Data/Scripts/Mobiles/Reptilian/Fish/Megalodon.cs;Data/Scripts/Mobiles/Reptilian/Fish/SeaHorses.cs;Data/Scripts/Mobiles/Reptilian/Fish/Shark.cs;Data/Scripts/Mobiles/Reptilian/Frogs/BullFrog.cs;Data/Scripts/Mobiles/Reptilian/Frogs/FireToad.cs;Data/Scripts/Mobiles/Reptilian/Frogs/Frog.cs;Data/Scripts/Mobiles/Reptilian/Frogs/GiantToad.cs;Data/Scripts/Mobiles/Reptilian/Frogs/IceToad.cs;Data/Scripts/Mobiles/Reptilian/Frogs/PoisonFrog.cs;Data/Scripts/Mobiles/Reptilian/Frogs/Toad.cs;Data/Scripts/Mobiles/Reptilian/GiantLizard.cs;Data/Scripts/Mobiles/Reptilian/HugeLizard.cs;Data/Scripts/Mobiles/Reptilian/Iguana.cs;Data/Scripts/Mobiles/Reptilian/LavaLizard.cs;Data/Scripts/Mobiles/Reptilian/Ridgeback.cs;Data/Scripts/Mobiles/Reptilian/SavageRidgeback.cs;Data/Scripts/Mobiles/Reptilian/Sea/Calamari.cs;Data/Scripts/Mobiles/Reptilian/Sea/GiantCrab.cs;Data/Scripts/Mobiles/Reptilian/Sea/GiantEel.cs;Data/Scripts/Mobiles/Reptilian/Sea/GiantLamprey.cs;Data/Scripts/Mobiles/Reptilian/Sea/GiantSquid.cs;Data/Scripts/Mobiles/Reptilian/Sea/Kraken.cs;Data/Scripts/Mobiles/Reptilian/Sea/Leviathan.cs;Data/Scripts/Mobiles/Reptilian/Sea/Lurker.cs;Data/Scripts/Mobiles/Reptilian/Sea/Raptus.cs;Data/Scripts/Mobiles/Reptilian/Sea/Slitheran.cs;Data/Scripts/Mobiles/Reptilian/Serpentaur.cs;Data/Scripts/Mobiles/Reptilian/Snakes/BloodSnake.cs;Data/Scripts/Mobiles/Reptilian/Snakes/DeepSeaSerpent.cs;Data/Scripts/Mobiles/Reptilian/Snakes/GiantAdder.cs;Data/Scripts/Mobiles/Reptilian/Snakes/GiantIceWorm.cs;Data/Scripts/Mobiles/Reptilian/Snakes/GiantSerpent.cs;Data/Scripts/Mobiles/Reptilian/Snakes/GiantSnake.cs;Data/Scripts/Mobiles/Reptilian/Snakes/GoldenSerpent.cs;Data/Scripts/Mobiles/Reptilian/Snakes/IceSerpent.cs;Data/Scripts/Mobiles/Reptilian/Snakes/IceSnake.cs;Data/Scripts/Mobiles/Reptilian/Snakes/JadeSerpent.cs;Data/Scripts/Mobiles/Reptilian/Snakes/Jormungand.cs;Data/Scripts/Mobiles/Reptilian/Snakes/JungleViper.cs;Data/Scripts/Mobiles/Reptilian/Snakes/LargeSnake.cs;Data/Scripts/Mobiles/Reptilian/Snakes/LavaSerpent.cs;Data/Scripts/Mobiles/Reptilian/Snakes/LavaSnake.cs;Data/Scripts/Mobiles/Reptilian/Snakes/LesserSeaSnake.cs;Data/Scripts/Mobiles/Reptilian/Snakes/RandomSerpent.cs;Data/Scripts/Mobiles/Reptilian/Snakes/SeaSerpent.cs;Data/Scripts/Mobiles/Reptilian/Snakes/SeaSnake.cs;Data/Scripts/Mobiles/Reptilian/Snakes/SilverSerpent.cs;Data/Scripts/Mobiles/Reptilian/Snakes/Snake.cs;Data/Scripts/Mobiles/Reptilian/Snapper.cs;Data/Scripts/Mobiles/Reptilian/Stalker.cs;Data/Scripts/Mobiles/Reptilian/Styguana.cs;Data/Scripts/Mobiles/Reptilian/SwampDragon.cs;Data/Scripts/Mobiles/Reptilian/SwampGator.cs;Data/Scripts/Mobiles/Reptilian/Toraxen.cs;Data/Scripts/Mobiles/Reptilian/Tortuga.cs;Data/Scripts/Mobiles/Reptilian/Turtle.cs;Data/Scripts/Mobiles/Slimes/AcidPuddle.cs;Data/Scripts/Mobiles/Slimes/BlackPudding.cs;Data/Scripts/Mobiles/Slimes/BloodWorm.cs;Data/Scripts/Mobiles/Slimes/CarcassWorm.cs;Data/Scripts/Mobiles/Slimes/FrostOoze.cs;Data/Scripts/Mobiles/Slimes/GiantLeech.cs;Data/Scripts/Mobiles/Slimes/GreenSlime.cs;Data/Scripts/Mobiles/Slimes/Jellyfish.cs;Data/Scripts/Mobiles/Slimes/LavaPuddle.cs;Data/Scripts/Mobiles/Slimes/MarshWurm.cs;Data/Scripts/Mobiles/Slimes/OilSlick.cs;Data/Scripts/Mobiles/Slimes/Slime.cs;Data/Scripts/Mobiles/Slimes/SlimeDevil.cs;Data/Scripts/Mobiles/Slimes/StrangleVine.cs;Data/Scripts/Mobiles/Slimes/Viscera.cs;Data/Scripts/Mobiles/Summoned/BladeSpirits.cs;Data/Scripts/Mobiles/Summoned/DeathVortex.cs;Data/Scripts/Mobiles/Summoned/EnergyVortex.cs;Data/Scripts/Mobiles/Summoned/EvilBladeSpirits.cs;Data/Scripts/Mobiles/Summoned/EvilEnergyVortex.cs;Data/Scripts/Mobiles/Summoned/EvilIcyVortex.cs;Data/Scripts/Mobiles/Summoned/EvilPlagueVortex.cs;Data/Scripts/Mobiles/Summoned/EvilScorchingVortex.cs;Data/Scripts/Mobiles/Summoned/Fairy.cs;Data/Scripts/Mobiles/Summoned/GasCloud.cs;Data/Scripts/Mobiles/Summoned/IceBladeSpirits.cs;Data/Scripts/Mobiles/Summoned/ManureGolem.cs;Data/Scripts/Mobiles/Summoned/SummonedAirElemental.cs;Data/Scripts/Mobiles/Summoned/SummonedAirElementalGreater.cs;Data/Scripts/Mobiles/Summoned/SummonedDaemon.cs;Data/Scripts/Mobiles/Summoned/SummonedDaemonGreater.cs;Data/Scripts/Mobiles/Summoned/SummonedEarthElemental.cs;Data/Scripts/Mobiles/Summoned/SummonedEarthElementalGreater.cs;Data/Scripts/Mobiles/Summoned/SummonedFireElemental.cs;Data/Scripts/Mobiles/Summoned/SummonedFireElementalGreater.cs;Data/Scripts/Mobiles/Summoned/SummonedTiger.cs;Data/Scripts/Mobiles/Summoned/SummonedWaterElemental.cs;Data/Scripts/Mobiles/Summoned/SummonedWaterElementalGreater.cs;Data/Scripts/Mobiles/Summoned/Swarm.cs;Data/Scripts/Mobiles/Summoned/WineElemental.cs;Data/Scripts/Mobiles/Undead/AncientLich.cs;Data/Scripts/Mobiles/Undead/AquaticGhoul.cs;Data/Scripts/Mobiles/Undead/BoneKnight.cs;Data/Scripts/Mobiles/Undead/BoneMagi.cs;Data/Scripts/Mobiles/Undead/BoneSailor.cs;Data/Scripts/Mobiles/Undead/BoneSlasher.cs;Data/Scripts/Mobiles/Undead/DarkReaper.cs;Data/Scripts/Mobiles/Undead/DeadKnight.cs;Data/Scripts/Mobiles/Undead/DeadWizard.cs;Data/Scripts/Mobiles/Undead/DeathBear.cs;Data/Scripts/Mobiles/Undead/DeathWolf.cs;Data/Scripts/Mobiles/Undead/DiseasedMummy.cs;Data/Scripts/Mobiles/Undead/Dracolich.cs;Data/Scripts/Mobiles/Undead/Dracula.cs;Data/Scripts/Mobiles/Undead/DragonGhost.cs;Data/Scripts/Mobiles/Undead/FrailSkeleton.cs;Data/Scripts/Mobiles/Undead/FrozenCorpse.cs;Data/Scripts/Mobiles/Undead/GargoyleBones.cs;Data/Scripts/Mobiles/Undead/GhostDragyn.cs;Data/Scripts/Mobiles/Undead/GhostGargoyle.cs;Data/Scripts/Mobiles/Undead/GhostPirate.cs;Data/Scripts/Mobiles/Undead/GhostWarrior.cs;Data/Scripts/Mobiles/Undead/GhostWizard.cs;Data/Scripts/Mobiles/Undead/Ghoul.cs;Data/Scripts/Mobiles/Undead/GiantSkeleton.cs;Data/Scripts/Mobiles/Undead/GraveSeeker.cs;Data/Scripts/Mobiles/Undead/HellSteed.cs;Data/Scripts/Mobiles/Undead/IceGhoul.cs;Data/Scripts/Mobiles/Undead/LichKing.cs;Data/Scripts/Mobiles/Undead/LichLord.cs;Data/Scripts/Mobiles/Undead/Mummy.cs;Data/Scripts/Mobiles/Undead/MummyGiant.cs;Data/Scripts/Mobiles/Undead/MummyLord.cs;Data/Scripts/Mobiles/Undead/Nazghoul.cs;Data/Scripts/Mobiles/Undead/NecroticHound.cs;Data/Scripts/Mobiles/Undead/Phantom.cs;Data/Scripts/Mobiles/Undead/RestlessSoul.cs;Data/Scripts/Mobiles/Undead/RevenantLion.cs;Data/Scripts/Mobiles/Undead/RottingCorpse.cs;Data/Scripts/Mobiles/Undead/RottingMinotaur.cs;Data/Scripts/Mobiles/Undead/RottingSquid.cs;Data/Scripts/Mobiles/Undead/SeaZombie.cs;Data/Scripts/Mobiles/Undead/Shade.cs;Data/Scripts/Mobiles/Undead/Shroud.cs;Data/Scripts/Mobiles/Undead/SkeletalDragon.cs;Data/Scripts/Mobiles/Undead/SkeletalGargoyle.cs;Data/Scripts/Mobiles/Undead/SkeletalKnight.cs;Data/Scripts/Mobiles/Undead/SkeletalMage.cs;Data/Scripts/Mobiles/Undead/SkeletalPirate.cs;Data/Scripts/Mobiles/Undead/SkeletalSamurai.cs;Data/Scripts/Mobiles/Undead/SkeletalWarrior.cs;Data/Scripts/Mobiles/Undead/Skeleton.cs;Data/Scripts/Mobiles/Undead/SkeletonArcher.cs;Data/Scripts/Mobiles/Undead/SkeletonDragon.cs;Data/Scripts/Mobiles/Undead/SkeletonHorse.cs;Data/Scripts/Mobiles/Undead/SoulWorm.cs;Data/Scripts/Mobiles/Undead/SpectralGargoyle.cs;Data/Scripts/Mobiles/Undead/Spectre.cs;Data/Scripts/Mobiles/Undead/Spirit.cs;Data/Scripts/Mobiles/Undead/Surtaz.cs;Data/Scripts/Mobiles/Undead/TitanLich.cs;Data/Scripts/Mobiles/Undead/Undead.cs;Data/Scripts/Mobiles/Undead/UndeadGiant.cs;Data/Scripts/Mobiles/Undead/Vampire.cs;Data/Scripts/Mobiles/Undead/VampireLord.cs;Data/Scripts/Mobiles/Undead/VampirePrince.cs;Data/Scripts/Mobiles/Undead/VampireWoods.cs;Data/Scripts/Mobiles/Undead/WailingBanshee.cs;Data/Scripts/Mobiles/Undead/WalkingCorpse.cs;Data/Scripts/Mobiles/Undead/Wight.cs;Data/Scripts/Mobiles/Undead/Wraith.cs;Data/Scripts/Mobiles/Undead/Zombie.cs;Data/Scripts/Mobiles/Undead/ZombieDragon.cs;Data/Scripts/Mobiles/Undead/ZombieGargoyle.cs;Data/Scripts/Mobiles/Undead/ZombieGiant.cs;Data/Scripts/Mobiles/Undead/ZombieMage.cs;Data/Scripts/Mobiles/Unique/BaneOfAnarchy.cs;Data/Scripts/Mobiles/Unique/BaneOfInsanity.cs;Data/Scripts/Mobiles/Unique/BaneOfWantoness.cs;Data/Scripts/Mobiles/Unique/BaronAlmric.cs;Data/Scripts/Mobiles/Unique/CodexGargoyles.cs;Data/Scripts/Mobiles/Unique/Exodus.cs;Data/Scripts/Mobiles/Unique/GrayDragon.cs;Data/Scripts/Mobiles/Unique/KhumashGor.cs;Data/Scripts/Mobiles/Unique/Mangar.cs;Data/Scripts/Mobiles/Unique/RuneGuardian.cs;Data/Scripts/Mobiles/Unique/SerpentOfChaos.cs;Data/Scripts/Mobiles/Unique/SerpentOfOrder.cs;Data/Scripts/Mobiles/Unique/Shadowlord.cs;Data/Scripts/Mobiles/Unique/SlasherOfVoid.cs;Data/Scripts/Mobiles/Unique/Tarjan.cs;Data/Scripts/Mobiles/Unique/TitanHydros.cs;Data/Scripts/Mobiles/Unique/TitanLithos.cs;Data/Scripts/Mobiles/Unique/TitanPyros.cs;Data/Scripts/Mobiles/Unique/TitanStratos.cs;Data/Scripts/Mobiles/Unusual/Beholder.cs;Data/Scripts/Mobiles/Unusual/BloodGodTentacles.cs;Data/Scripts/Mobiles/Unusual/Cronosaurus.cs;Data/Scripts/Mobiles/Unusual/ElderGazer.cs;Data/Scripts/Mobiles/Unusual/EyeOfTheDeep.cs;Data/Scripts/Mobiles/Unusual/FloatingEye.cs;Data/Scripts/Mobiles/Unusual/Gazer.cs;Data/Scripts/Mobiles/Unusual/GorgonRiding.cs;Data/Scripts/Mobiles/Unusual/HeadlessOne.cs;Data/Scripts/Mobiles/Unusual/HookHorror.cs;Data/Scripts/Mobiles/Unusual/Kuthulu.cs;Data/Scripts/Mobiles/Unusual/Roper.cs;Data/Scripts/Mobiles/Unusual/Seeker.cs;Data/Scripts/Mobiles/Unusual/SoulSucker.cs;Data/Scripts/Mobiles/Unusual/StoneRoper.cs;Data/Scripts/Mobiles/Unusual/UmberHulk.cs;Data/Scripts/Mobiles/Unusual/VorpalBunny.cs;Data/Scripts/Mobiles/Unusual/Watcher.cs;Data/Scripts/Mobiles/Unusual/Xenomorph.cs;Data/Scripts/Mobiles/Unusual/Xenomutant.cs;Data/Scripts/Mobiles/Unusual/Xorn.cs;Data/Scripts/Quests/Codex/CodexWisdom.cs;Data/Scripts/Quests/Frankenstein/FrankenFighter.cs;Data/Scripts/Quests/Golems/GolemFighter.cs;Data/Scripts/Quests/Robots/Robot.cs;Data/Scripts/System/Commands/Player/SkillListing.cs;Data/Scripts/System/Gumps/SkillsGump.cs;Data/Scripts/System/Misc/Players.cs;Data/Scripts/System/Obsolete/Obsolete.cs;Data/Scripts/System/Obsolete/Pegasus.cs;Data/Scripts/System/Obsolete/Sphinx.cs;Data/Scripts/System/Skills/Druidism.cs;Data/Scripts/System/Skills/Spiritualism.cs;Data/Scripts/System/Skills/Weapon Abilities/Disarm.cs;Data/Scripts/System/Skills/Weapon Abilities/ParalyzingBlow.cs;Data/Scripts/System/Skills/Weapon Abilities/WeaponAbility.cs;Data/Scripts/System/Skills/Weapon Abilities/WeaponArmorCalls.cs;Data/Scripts/Trades/Shoppes/BaseShoppe.cs;Data/System/Source/Skills.cs;Data/System/Source/Utility.cs,LexicalReferences; numeric indexes and dynamic references are not captured
44,Lumberjacking,Lumberjacking,90,165,Data/System/Source/Skills.cs,Data/Scripts/Custom/Offline Skill Training/Items/AdvancedStudyBooks.cs;Data/Scripts/Custom/Offline Skill Training/Items/LegendaryStudyBooks.cs;Data/Scripts/Custom/Offline Skill Training/Items/RandomStudyBooks.cs;Data/Scripts/Custom/Offline Skill Training/Items/StandardStudyBooks.cs;Data/Scripts/Custom/Progression/CharacterLevel/CharacterLevelService.cs;Data/Scripts/Custom/PvE/CloneOfflinePlayerCharacters/CharacterClone.cs;Data/Scripts/Custom/Vhaerun's CRL Homestead System [2.0]/Vhaerun's CRL Crops/Crops/AlmondCrop.cs;Data/Scripts/Custom/Vhaerun's CRL Homestead System [2.0]/Vhaerun's CRL Crops/Crops/AppleTree.cs;Data/Scripts/Custom/Vhaerun's CRL Homestead System [2.0]/Vhaerun's CRL Crops/Crops/ApricotTree.cs;Data/Scripts/Custom/Vhaerun's CRL Homestead System [2.0]/Vhaerun's CRL Crops/Crops/AvocadoCrop.cs;Data/Scripts/Custom/Vhaerun's CRL Homestead System [2.0]/Vhaerun's CRL Crops/Crops/BananaTree.cs;Data/Scripts/Custom/Vhaerun's CRL Homestead System [2.0]/Vhaerun's CRL Crops/Crops/BlackRaspberryCrop.cs;Data/Scripts/Custom/Vhaerun's CRL Homestead System [2.0]/Vhaerun's CRL Crops/Crops/BlackberryCrop.cs;Data/Scripts/Custom/Vhaerun's CRL Homestead System [2.0]/Vhaerun's CRL Crops/Crops/BlueberryCrop.cs;Data/Scripts/Custom/Vhaerun's CRL Homestead System [2.0]/Vhaerun's CRL Crops/Crops/CabbageCrop.cs;Data/Scripts/Custom/Vhaerun's CRL Homestead System [2.0]/Vhaerun's CRL Crops/Crops/CantaloupeCrop.cs;Data/Scripts/Custom/Vhaerun's CRL Homestead System [2.0]/Vhaerun's CRL Crops/Crops/CherryTree.cs;Data/Scripts/Custom/Vhaerun's CRL Homestead System [2.0]/Vhaerun's CRL Crops/Crops/CocoaTree.cs;Data/Scripts/Custom/Vhaerun's CRL Homestead System [2.0]/Vhaerun's CRL Crops/Crops/CoconutPalm.cs;Data/Scripts/Custom/Vhaerun's CRL Homestead System [2.0]/Vhaerun's CRL Crops/Crops/CranberryCrop.cs;Data/Scripts/Custom/Vhaerun's CRL Homestead System [2.0]/Vhaerun's CRL Crops/Crops/CucumberCrop.cs;Data/Scripts/Custom/Vhaerun's CRL Homestead System [2.0]/Vhaerun's CRL Crops/Crops/DatePalm.cs;Data/Scripts/Custom/Vhaerun's CRL Homestead System [2.0]/Vhaerun's CRL Crops/Crops/GrapefruitTree.cs;Data/Scripts/Custom/Vhaerun's CRL Homestead System [2.0]/Vhaerun's CRL Crops/Crops/GreenSquashCrop.cs;Data/Scripts/Custom/Vhaerun's CRL Homestead System [2.0]/Vhaerun's CRL Crops/Crops/HoneydewMelonCrop.cs;Data/Scripts/Custom/Vhaerun's CRL Homestead System [2.0]/Vhaerun's CRL Crops/Crops/LemonTree.cs;Data/Scripts/Custom/Vhaerun's CRL Homestead System [2.0]/Vhaerun's CRL Crops/Crops/LimeTree.cs;Data/Scripts/Custom/Vhaerun's CRL Homestead System [2.0]/Vhaerun's CRL Crops/Crops/MangoTree.cs;Data/Scripts/Custom/Vhaerun's CRL Homestead System [2.0]/Vhaerun's CRL Crops/Crops/OrangeTree.cs;Data/Scripts/Custom/Vhaerun's CRL Homestead System [2.0]/Vhaerun's CRL Crops/Crops/PeachTree.cs;Data/Scripts/Custom/Vhaerun's CRL Homestead System [2.0]/Vhaerun's CRL Crops/Crops/PearTree.cs;Data/Scripts/Custom/Vhaerun's CRL Homestead System [2.0]/Vhaerun's CRL Crops/Crops/PineappleTree.cs;Data/Scripts/Custom/Vhaerun's CRL Homestead System [2.0]/Vhaerun's CRL Crops/Crops/PistacioCrop.cs;Data/Scripts/Custom/Vhaerun's CRL Homestead System [2.0]/Vhaerun's CRL Crops/Crops/PlumTree.cs;Data/Scripts/Custom/Vhaerun's CRL Homestead System [2.0]/Vhaerun's CRL Crops/Crops/PomegranateCrop.cs;Data/Scripts/Custom/Vhaerun's CRL Homestead System [2.0]/Vhaerun's CRL Crops/Crops/PumpkinCrop.cs;Data/Scripts/Custom/Vhaerun's CRL Homestead System [2.0]/Vhaerun's CRL Crops/Crops/RedRaspberryCrop.cs;Data/Scripts/Custom/Vhaerun's CRL Homestead System [2.0]/Vhaerun's CRL Crops/Crops/SquashCrop.cs;Data/Scripts/Custom/Vhaerun's CRL Homestead System [2.0]/Vhaerun's CRL Crops/Crops/WatermelonCrop.cs;Data/Scripts/Items/Books/PowerScrolls/PowerScroll.cs;Data/Scripts/Items/Books/PowerScrolls/Scrolls_Exalted.cs;Data/Scripts/Items/Books/PowerScrolls/Scrolls_Legendary.cs;Data/Scripts/Items/Books/PowerScrolls/Scrolls_Mythical.cs;Data/Scripts/Items/Books/PowerScrolls/Scrolls_Power.cs;Data/Scripts/Items/Books/PowerScrolls/Scrolls_Wonderous.cs;Data/Scripts/Items/Magical/Artifacts/Artifact_MelisandesCorrodedHatchet.cs;Data/Scripts/Items/Magical/Artifacts/Obsolete/Obsolete_MelisandesCorrodedHatchet.cs;Data/Scripts/Items/Magical/GuildRings.cs;Data/Scripts/Items/Magical/Morph/MorphingItem.cs;Data/Scripts/Items/Potions/Elixirs/Elixirs.cs;Data/Scripts/Items/Special/Special Scrolls/SpecialScroll.cs;Data/Scripts/Items/Technology/Chainsaw.cs;Data/Scripts/Items/Trades/Lumberjack/Log.cs;Data/Scripts/Items/Trades/Tools/BaseRunicTool.cs;Data/Scripts/Items/Weapons/BaseWeapon.cs;Data/Scripts/Magic/Base/SpellBooks.cs;Data/Scripts/Mobiles/Base/Behavior.cs;Data/Scripts/Mobiles/Civilized/Guilds/CarpenterGuildmaster.cs;Data/Scripts/Mobiles/Civilized/Vendors/Carpenter.cs;Data/Scripts/Mobiles/Civilized/Vendors/Farmer.cs;Data/Scripts/Mobiles/Humanoids/Humans/Executioner.cs;Data/Scripts/Mobiles/Races/BaseRace.cs;Data/Scripts/Quests/Codex/CodexWisdom.cs;Data/Scripts/Quests/Robots/Robot.cs;Data/Scripts/System/Commands/Player/SkillListing.cs;Data/Scripts/System/Gumps/SkillsGump.cs;Data/Scripts/System/Misc/Players.cs;Data/Scripts/System/Obsolete/Obsolete.cs;Data/Scripts/System/Skills/SkillCheck.cs;Data/Scripts/System/Skills/Weapon Abilities/AbilityBook.cs;Data/Scripts/System/Skills/Weapon Abilities/Extra/AchiliesStrike.cs;Data/Scripts/System/Skills/Weapon Abilities/Extra/EarthStrike.cs;Data/Scripts/System/Skills/Weapon Abilities/Extra/ElementalStrike.cs;Data/Scripts/System/Skills/Weapon Abilities/Extra/FireStrike.cs;Data/Scripts/System/Skills/Weapon Abilities/Extra/FreezeStrike.cs;Data/Scripts/System/Skills/Weapon Abilities/Extra/LightningStrike.cs;Data/Scripts/System/Skills/Weapon Abilities/Extra/StunningStrike.cs;Data/Scripts/System/Skills/Weapon Abilities/Extra/ToxicStrike.cs;Data/Scripts/System/Skills/Weapon Abilities/Extra/ZapDexStrike.cs;Data/Scripts/System/Skills/Weapon Abilities/Extra/ZapIntStrike.cs;Data/Scripts/System/Skills/Weapon Abilities/Extra/ZapManaStrike.cs;Data/Scripts/System/Skills/Weapon Abilities/Extra/ZapStamStrike.cs;Data/Scripts/System/Skills/Weapon Abilities/Extra/ZapStrStrike.cs;Data/Scripts/System/Skills/Weapon Abilities/WeaponAbility.cs;Data/Scripts/System/Skills/Weapon Abilities/WeaponArmorCalls.cs;Data/Scripts/Trades/Crafting/DefTinkering.cs;Data/Scripts/Trades/Harvest/Lumberjacking.cs;Data/Scripts/Trades/Shoppes/BaseShoppe.cs;Data/System/Source/Skills.cs;Data/System/Source/Utility.cs,LexicalReferences; numeric indexes and dynamic references are not captured
45,Mining,Mining,46,67,Data/System/Source/Skills.cs,Data/Scripts/Custom/Offline Skill Training/Items/AdvancedStudyBooks.cs;Data/Scripts/Custom/Offline Skill Training/Items/LegendaryStudyBooks.cs;Data/Scripts/Custom/Offline Skill Training/Items/RandomStudyBooks.cs;Data/Scripts/Custom/Offline Skill Training/Items/StandardStudyBooks.cs;Data/Scripts/Custom/Progression/CharacterLevel/CharacterLevelService.cs;Data/Scripts/Items/Books/PowerScrolls/PowerScroll.cs;Data/Scripts/Items/Books/PowerScrolls/Scrolls_Exalted.cs;Data/Scripts/Items/Books/PowerScrolls/Scrolls_Legendary.cs;Data/Scripts/Items/Books/PowerScrolls/Scrolls_Mythical.cs;Data/Scripts/Items/Books/PowerScrolls/Scrolls_Power.cs;Data/Scripts/Items/Books/PowerScrolls/Scrolls_Wonderous.cs;Data/Scripts/Items/Containers/SalvageBag.cs;Data/Scripts/Items/Magical/GuildRings.cs;Data/Scripts/Items/Magical/Morph/MorphingItem.cs;Data/Scripts/Items/Potions/Elixirs/Elixirs.cs;Data/Scripts/Items/Special/Bulk Order Rewards/Blacksmithy/GlovesOfMining.cs;Data/Scripts/Items/Special/Special Scrolls/SpecialScroll.cs;Data/Scripts/Items/Technology/PortableSmelter.cs;Data/Scripts/Items/Trades/Blacksmith Items/RubyPickaxe.cs;Data/Scripts/Items/Trades/Fishing/RustyJunk.cs;Data/Scripts/Items/Trades/Harvest Tools/BaseHarvestTool.cs;Data/Scripts/Items/Trades/Maps/TreasureMap.cs;Data/Scripts/Items/Trades/Resources/Blacksmithing/Ore.cs;Data/Scripts/Items/Trades/Specialized/SandMiningBook.cs;Data/Scripts/Items/Trades/Specialized/StoneMiningBook.cs;Data/Scripts/Items/Trades/Tools/BaseRunicTool.cs;Data/Scripts/Items/Weapons/BaseWeapon.cs;Data/Scripts/Magic/Base/SpellBooks.cs;Data/Scripts/Mobiles/Base/BaseCreature.cs;Data/Scripts/Mobiles/Base/Behavior.cs;Data/Scripts/Mobiles/Civilized/Guilds/MinerGuildmaster.cs;Data/Scripts/Mobiles/Civilized/Vendors/Miner.cs;Data/Scripts/Mobiles/Races/BaseRace.cs;Data/Scripts/Quests/Codex/CodexWisdom.cs;Data/Scripts/System/Commands/Player/SkillListing.cs;Data/Scripts/System/Gumps/SkillsGump.cs;Data/Scripts/System/Misc/CharacterCreation.cs;Data/Scripts/System/Misc/Players.cs;Data/Scripts/System/Skills/SkillCheck.cs;Data/Scripts/System/Skills/Weapon Abilities/WeaponArmorCalls.cs;Data/Scripts/Trades/Core/Resmelt.cs;Data/Scripts/Trades/Harvest/HarvestSystem.cs;Data/Scripts/Trades/Harvest/Mining.cs;Data/Scripts/Trades/Shoppes/BaseShoppe.cs;Data/System/Source/Skills.cs;Data/System/Source/Utility.cs,LexicalReferences; numeric indexes and dynamic references are not captured
46,Meditation,Meditation,231,273,Data/System/Source/Skills.cs,Data/Scripts/Custom/Champions/Mobiles/Champs-UO/Ilhenir.cs;Data/Scripts/Custom/Champions/Mobiles/Champs-UO/LordOaks.cs;Data/Scripts/Custom/Champions/Mobiles/Champs-UO/Neira.cs;Data/Scripts/Custom/Champions/Mobiles/Champs-UO/Semidar.cs;Data/Scripts/Custom/Champions/Mobiles/Champs-UO/Twaulo.cs;Data/Scripts/Custom/Champions/Mobiles/Minions/FetidEssence.cs;Data/Scripts/Custom/Champions/Mobiles/Minions/InterredGrizzle .cs;Data/Scripts/Custom/Champions/Mobiles/Minions/SerpentineDragon.cs;Data/Scripts/Custom/Champions/Mobiles/Minions/Silvani.cs;Data/Scripts/Custom/Invasion System/Add Ins/Pirates/Morgan/Morgan2.cs;Data/Scripts/Custom/Invasion System/Add Ins/SubChamps/SpiderQueen.cs;Data/Scripts/Custom/Invasion System/Add Ins/SubChamps/Ssslither.cs;Data/Scripts/Custom/Offline Skill Training/Items/AdvancedStudyBooks.cs;Data/Scripts/Custom/Offline Skill Training/Items/LegendaryStudyBooks.cs;Data/Scripts/Custom/Offline Skill Training/Items/RandomStudyBooks.cs;Data/Scripts/Custom/Offline Skill Training/Items/StandardStudyBooks.cs;Data/Scripts/Custom/Progression/CharacterLevel/CharacterLevelService.cs;Data/Scripts/Custom/ThirdParty/OmniAI/OmniAI Core.cs;Data/Scripts/Items/Books/PowerScrolls/PowerScroll.cs;Data/Scripts/Items/Books/PowerScrolls/Scrolls_Exalted.cs;Data/Scripts/Items/Books/PowerScrolls/Scrolls_Legendary.cs;Data/Scripts/Items/Books/PowerScrolls/Scrolls_Mythical.cs;Data/Scripts/Items/Books/PowerScrolls/Scrolls_Power.cs;Data/Scripts/Items/Books/PowerScrolls/Scrolls_Wonderous.cs;Data/Scripts/Items/Magical/Artifacts/Artifact_BootsofHydros.cs;Data/Scripts/Items/Magical/Artifacts/Artifact_BootsofLithos.cs;Data/Scripts/Items/Magical/Artifacts/Artifact_BootsofPyros.cs;Data/Scripts/Items/Magical/Artifacts/Artifact_BootsofStratos.cs;Data/Scripts/Items/Magical/Artifacts/Artifact_Candles.cs;Data/Scripts/Items/Magical/Artifacts/Artifact_GandalfsHat.cs;Data/Scripts/Items/Magical/Artifacts/Artifact_GandalfsRobe.cs;Data/Scripts/Items/Magical/Artifacts/Artifact_GandalfsStaff.cs;Data/Scripts/Items/Magical/Artifacts/Artifact_MantleofHydros.cs;Data/Scripts/Items/Magical/Artifacts/Artifact_MantleofLithos.cs;Data/Scripts/Items/Magical/Artifacts/Artifact_MantleofPyros.cs;Data/Scripts/Items/Magical/Artifacts/Artifact_MantleofStratos.cs;Data/Scripts/Items/Magical/Artifacts/Artifact_RobeofHydros.cs;Data/Scripts/Items/Magical/Artifacts/Artifact_RobeofLithos.cs;Data/Scripts/Items/Magical/Artifacts/Artifact_RobeofPyros.cs;Data/Scripts/Items/Magical/Artifacts/Artifact_RobeofStratos.cs;Data/Scripts/Items/Magical/Artifacts/Artifact_SpellWovenBritches.cs;Data/Scripts/Items/Magical/Artifacts/Obsolete/Obsolete_Candles.cs;Data/Scripts/Items/Magical/Artifacts/Obsolete/Obsolete_GandalfsHat.cs;Data/Scripts/Items/Magical/Artifacts/Obsolete/Obsolete_GandalfsRobe.cs;Data/Scripts/Items/Magical/Artifacts/Obsolete/Obsolete_GandalfsStaff.cs;Data/Scripts/Items/Magical/Artifacts/Obsolete/Obsolete_SpellWovenBritches.cs;Data/Scripts/Items/Magical/Artifacts/Specific/BookOfKnowledge.cs;Data/Scripts/Items/Magical/Artifacts/Specific/HydrosLexicon.cs;Data/Scripts/Items/Magical/Artifacts/Specific/LithosTome.cs;Data/Scripts/Items/Magical/Artifacts/Specific/OssianGrimoire.cs;Data/Scripts/Items/Magical/Artifacts/Specific/PyrosGrimoire.cs;Data/Scripts/Items/Magical/Artifacts/Specific/StratosManual.cs;Data/Scripts/Items/Magical/GuildRings.cs;Data/Scripts/Items/Magical/Morph/MorphingItem.cs;Data/Scripts/Items/Potions/Elixirs/Elixirs.cs;Data/Scripts/Items/Potions/Mixtures/AlchemicSlime.cs;Data/Scripts/Items/Special/Special Scrolls/SpecialScroll.cs;Data/Scripts/Items/Trades/Tools/BaseRunicTool.cs;Data/Scripts/Magic/Base/SpellBooks.cs;Data/Scripts/Magic/Druidism/Effects/ProtectiveFairySpell.cs;Data/Scripts/Magic/Elementalism/Mobiles/ElementalCalledAir.cs;Data/Scripts/Magic/Elementalism/Mobiles/ElementalCalledEarth.cs;Data/Scripts/Magic/Elementalism/Mobiles/ElementalCalledFire.cs;Data/Scripts/Magic/Elementalism/Mobiles/ElementalCalledWater.cs;Data/Scripts/Magic/Elementalism/Mobiles/ElementalLordAir.cs;Data/Scripts/Magic/Elementalism/Mobiles/ElementalLordWater.cs;Data/Scripts/Magic/Magery/Magery 2nd/Protection.cs;Data/Scripts/Magic/Magery/Magery 3rd/MagicLock.cs;Data/Scripts/Magic/Mystic/MysticSpell.cs;Data/Scripts/Magic/Necromancy/AnimateDeadSpell.cs;Data/Scripts/Mobiles/Base/BaseCreature.cs;Data/Scripts/Mobiles/Base/Behavior.cs;Data/Scripts/Mobiles/Base/PlayerMobile.cs;Data/Scripts/Mobiles/Civilized/Comrades/HenchmanMonster.cs;Data/Scripts/Mobiles/Civilized/Comrades/HenchmanWizard.cs;Data/Scripts/Mobiles/Civilized/DeathKnightDemon.cs;Data/Scripts/Mobiles/Civilized/Guilds/ElementalGuildmaster.cs;Data/Scripts/Mobiles/Civilized/Guilds/MageGuildmaster.cs;Data/Scripts/Mobiles/Civilized/Guilds/NecromancerGuildmaster.cs;Data/Scripts/Mobiles/Civilized/Healers/FortuneTeller.cs;Data/Scripts/Mobiles/Civilized/Special/Roscoe.cs;Data/Scripts/Mobiles/Civilized/TimeLord.cs;Data/Scripts/Mobiles/Civilized/Vendors/Elementalist.cs;Data/Scripts/Mobiles/Civilized/Vendors/Enchanter.cs;Data/Scripts/Mobiles/Civilized/Vendors/EtherealDealer.cs;Data/Scripts/Mobiles/Civilized/Vendors/HolyMage.cs;Data/Scripts/Mobiles/Civilized/Vendors/Mage.cs;Data/Scripts/Mobiles/Civilized/Vendors/NecroMage.cs;Data/Scripts/Mobiles/Civilized/Vendors/Necromancer.cs;Data/Scripts/Mobiles/Civilized/Vendors/Undertaker.cs;Data/Scripts/Mobiles/Civilized/Vendors/Witches.cs;Data/Scripts/Mobiles/Daemons/Archfiend.cs;Data/Scripts/Mobiles/Daemons/Balron.cs;Data/Scripts/Mobiles/Daemons/BlackGateDemon.cs;Data/Scripts/Mobiles/Daemons/BloodDemigod.cs;Data/Scripts/Mobiles/Daemons/BloodDemon.cs;Data/Scripts/Mobiles/Daemons/BoneDemon.cs;Data/Scripts/Mobiles/Daemons/ClassicBalron.cs;Data/Scripts/Mobiles/Daemons/DeepSeaDevil.cs;Data/Scripts/Mobiles/Daemons/Devil.cs;Data/Scripts/Mobiles/Daemons/IceDevil.cs;Data/Scripts/Mobiles/Daemons/Satan.cs;Data/Scripts/Mobiles/Daemons/Succubus.cs;Data/Scripts/Mobiles/Daemons/Xurtzar.cs;Data/Scripts/Mobiles/Dragons/Great Dragons/CaddelliteDragon.cs;Data/Scripts/Mobiles/Dragons/Great Dragons/CrystalDragon.cs;Data/Scripts/Mobiles/Dragons/Great Dragons/DragonKing.cs;Data/Scripts/Mobiles/Dragons/Great Dragons/ElderDragon.cs;Data/Scripts/Mobiles/Dragons/Great Dragons/RadiationDragon.cs;Data/Scripts/Mobiles/Dragons/Great Dragons/VoidDragon.cs;Data/Scripts/Mobiles/Dragons/Primeval/PrimevalAbysmalDragon.cs;Data/Scripts/Mobiles/Dragons/Primeval/PrimevalAmberDragon.cs;Data/Scripts/Mobiles/Dragons/Primeval/PrimevalBlackDragon.cs;Data/Scripts/Mobiles/Dragons/Primeval/PrimevalDragon.cs;Data/Scripts/Mobiles/Dragons/Primeval/PrimevalFireDragon.cs;Data/Scripts/Mobiles/Dragons/Primeval/PrimevalGreenDragon.cs;Data/Scripts/Mobiles/Dragons/Primeval/PrimevalNightDragon.cs;Data/Scripts/Mobiles/Dragons/Primeval/PrimevalRedDragon.cs;Data/Scripts/Mobiles/Dragons/Primeval/PrimevalRoyalDragon.cs;Data/Scripts/Mobiles/Dragons/Primeval/PrimevalRunicDragon.cs;Data/Scripts/Mobiles/Dragons/Primeval/PrimevalSeaDragon.cs;Data/Scripts/Mobiles/Dragons/Primeval/PrimevalSilverDragon.cs;Data/Scripts/Mobiles/Dragons/Primeval/PrimevalStygianDragon.cs;Data/Scripts/Mobiles/Dragons/Primeval/PrimevalVolcanicDragon.cs;Data/Scripts/Mobiles/Dragons/Primeval/ReanimatedDragon.cs;Data/Scripts/Mobiles/Dragons/Primeval/VampiricDragon.cs;Data/Scripts/Mobiles/Dragons/Wyrms/AncientWyrm.cs;Data/Scripts/Mobiles/Dragons/Wyrms/ShadowWyrm.cs;Data/Scripts/Mobiles/Dragons/Wyrms/VolcanicDragon.cs;Data/Scripts/Mobiles/Dragons/Wyrms/Wyrm.cs;Data/Scripts/Mobiles/Elementals/Elementals/BloodElemental.cs;Data/Scripts/Mobiles/Elementals/Elementals/DeepWaterElemental.cs;Data/Scripts/Mobiles/Elementals/Elementals/KelpElemental.cs;Data/Scripts/Mobiles/Elementals/Elementals/PoisonElemental.cs;Data/Scripts/Mobiles/Elementals/Elementals/Vulcrum.cs;Data/Scripts/Mobiles/Elementals/Gemmed/CrystalElemental.cs;Data/Scripts/Mobiles/Elementals/Lesser/BloodSpawn.cs;Data/Scripts/Mobiles/Elementals/Lesser/WaterSpawn.cs;Data/Scripts/Mobiles/Gargoyles/AncientGargoyle.cs;Data/Scripts/Mobiles/Gargoyles/CosmicGargoyle.cs;Data/Scripts/Mobiles/Gargoyles/FireGargoyle.cs;Data/Scripts/Mobiles/Goliaths/Giants/DeepSeaGiant.cs;Data/Scripts/Mobiles/Goliaths/OrkDemigod.cs;Data/Scripts/Mobiles/Humanoids/Aliens/Jedi.cs;Data/Scripts/Mobiles/Humanoids/Aliens/Psionicist.cs;Data/Scripts/Mobiles/Humanoids/Aliens/Syth.cs;Data/Scripts/Mobiles/Humanoids/Ambroz/AbrozShaman.cs;Data/Scripts/Mobiles/Humanoids/Drider.cs;Data/Scripts/Mobiles/Humanoids/DriderWizard.cs;Data/Scripts/Mobiles/Humanoids/Humans/Adventurers.cs;Data/Scripts/Mobiles/Humanoids/Humans/Archmage.cs;Data/Scripts/Mobiles/Humanoids/Humans/EvilMageLord.cs;Data/Scripts/Mobiles/Humanoids/Humans/GolemController.cs;Data/Scripts/Mobiles/Humanoids/MindFlayer.cs;Data/Scripts/Mobiles/Humanoids/Sailors/Galleons/PirateCult.cs;Data/Scripts/Mobiles/Humanoids/Sailors/Galleons/PirateDevil.cs;Data/Scripts/Mobiles/Humanoids/Sailors/Galleons/PirateEttinMage.cs;Data/Scripts/Mobiles/Humanoids/Sailors/Galleons/PirateLichLord.cs;Data/Scripts/Mobiles/Humanoids/Sailors/Galleons/PirateSuccubus.cs;Data/Scripts/Mobiles/Humanoids/Sailors/Galleons/PirateTitan.cs;Data/Scripts/Mobiles/Humanoids/Sailors/Galleons/SailorAngelLord.cs;Data/Scripts/Mobiles/Humanoids/Sailors/Pirates/ElfPirateCrewMage.cs;Data/Scripts/Mobiles/Humanoids/Sailors/Pirates/PirateCrewMage.cs;Data/Scripts/Mobiles/Humanoids/Savages/NativeWitchDoctor.cs;Data/Scripts/Mobiles/Humanoids/Savages/SavageShaman.cs;Data/Scripts/Mobiles/Humanoids/Savages/ZuluuWitchDoctor.cs;Data/Scripts/Mobiles/Humanoids/Sea/SeaHag.cs;Data/Scripts/Mobiles/Humanoids/Sea/TritunMage.cs;Data/Scripts/Mobiles/Humanoids/Serpents/OphidianMatriarch.cs;Data/Scripts/Mobiles/Humanoids/Serpents/SerpynSorceress.cs;Data/Scripts/Mobiles/Insects/Spiders/Arachnar.cs;Data/Scripts/Mobiles/Insects/Spiders/DreadSpider.cs;Data/Scripts/Mobiles/Insects/Spiders/PhaseSpider.cs;Data/Scripts/Mobiles/Insects/Spiders/ShadowRecluse.cs;Data/Scripts/Mobiles/Mystical/Archangel.cs;Data/Scripts/Mobiles/Mystical/EtherealWarrior.cs;Data/Scripts/Mobiles/Mystical/Faerie.cs;Data/Scripts/Mobiles/Mystical/Kirin.cs;Data/Scripts/Mobiles/Mystical/MLDryad.cs;Data/Scripts/Mobiles/Mystical/Phoenix.cs;Data/Scripts/Mobiles/Mystical/Pixie.cs;Data/Scripts/Mobiles/Mystical/Sprite.cs;Data/Scripts/Mobiles/Mystical/xDryad.cs;Data/Scripts/Mobiles/Plants/TheAncientTree.cs;Data/Scripts/Mobiles/Races/BaseRace.cs;Data/Scripts/Mobiles/Reptilian/Sea/Leviathan.cs;Data/Scripts/Mobiles/Reptilian/Snakes/Jormungand.cs;Data/Scripts/Mobiles/Summoned/SummonedAirElemental.cs;Data/Scripts/Mobiles/Summoned/SummonedAirElementalGreater.cs;Data/Scripts/Mobiles/Summoned/SummonedDaemon.cs;Data/Scripts/Mobiles/Summoned/SummonedDaemonGreater.cs;Data/Scripts/Mobiles/Summoned/SummonedWaterElemental.cs;Data/Scripts/Mobiles/Summoned/SummonedWaterElementalGreater.cs;Data/Scripts/Mobiles/Undead/AncientLich.cs;Data/Scripts/Mobiles/Undead/Bodak.cs;Data/Scripts/Mobiles/Undead/Dracula.cs;Data/Scripts/Mobiles/Undead/Ghostly.cs;Data/Scripts/Mobiles/Undead/Lich.cs;Data/Scripts/Mobiles/Undead/LichKing.cs;Data/Scripts/Mobiles/Undead/MummyGiant.cs;Data/Scripts/Mobiles/Undead/SeaGhost.cs;Data/Scripts/Mobiles/Undead/SkeletalWizard.cs;Data/Scripts/Mobiles/Undead/Surtaz.cs;Data/Scripts/Mobiles/Undead/TitanLich.cs;Data/Scripts/Mobiles/Undead/UndeadDruid.cs;Data/Scripts/Mobiles/Undead/VampireLord.cs;Data/Scripts/Mobiles/Undead/VampirePrince.cs;Data/Scripts/Mobiles/Undead/Vordo.cs;Data/Scripts/Mobiles/Unique/RuneGuardian.cs;Data/Scripts/Mobiles/Unique/Shadowlord.cs;Data/Scripts/Mobiles/Unique/SlasherOfVoid.cs;Data/Scripts/Mobiles/Unique/Spectres.cs;Data/Scripts/Mobiles/Unique/TitanHydros.cs;Data/Scripts/Mobiles/Unique/TitanPyros.cs;Data/Scripts/Mobiles/Unique/TitanStratos.cs;Data/Scripts/Mobiles/Unusual/BloodGodTentacles.cs;Data/Scripts/Mobiles/Unusual/Kuthulu.cs;Data/Scripts/Quests/Bards Tale/MangarsRewards.cs;Data/Scripts/Quests/Codex/CodexWisdom.cs;Data/Scripts/System/Commands/Player/SkillListing.cs;Data/Scripts/System/Gumps/SkillsGump.cs;Data/Scripts/System/Misc/CharacterCreation.cs;Data/Scripts/System/Misc/Players.cs;Data/Scripts/System/Misc/RegenRates.cs;Data/Scripts/System/Obsolete/Obsolete.cs;Data/Scripts/System/Skills/Druidism.cs;Data/Scripts/System/Skills/Meditation.cs;Data/Scripts/System/Skills/SkillCheck.cs;Data/Scripts/Trades/Shoppes/BaseShoppe.cs;Data/System/Source/Skills.cs;Data/System/Source/Utility.cs,LexicalReferences; numeric indexes and dynamic references are not captured
47,Stealth,Stealth,88,119,Data/System/Source/Skills.cs,Data/Scripts/Custom/Offline Skill Training/Items/AdvancedStudyBooks.cs;Data/Scripts/Custom/Offline Skill Training/Items/LegendaryStudyBooks.cs;Data/Scripts/Custom/Offline Skill Training/Items/RandomStudyBooks.cs;Data/Scripts/Custom/Offline Skill Training/Items/StandardStudyBooks.cs;Data/Scripts/Custom/Progression/CharacterLevel/CharacterLevelService.cs;Data/Scripts/Custom/PvE/CloneOfflinePlayerCharacters/CharacterClone.cs;Data/Scripts/Custom/PvE/MobileBalance/MobileBalanceCatalog.cs;Data/Scripts/Custom/PvE/MobileBalance/SignedEquipSkillModController.cs;Data/Scripts/Custom/ThirdParty/OmniAI/AITester.cs;Data/Scripts/Items/Armor/Leather/LeatherBoots.cs;Data/Scripts/Items/Books/PowerScrolls/PowerScroll.cs;Data/Scripts/Items/Books/PowerScrolls/Scrolls_Exalted.cs;Data/Scripts/Items/Books/PowerScrolls/Scrolls_Legendary.cs;Data/Scripts/Items/Books/PowerScrolls/Scrolls_Mythical.cs;Data/Scripts/Items/Books/PowerScrolls/Scrolls_Power.cs;Data/Scripts/Items/Books/PowerScrolls/Scrolls_Wonderous.cs;Data/Scripts/Items/Magical/Artifacts/Artifact_BurglarsBandana.cs;Data/Scripts/Items/Magical/Artifacts/Artifact_EmbroideredOakLeafCloak.cs;Data/Scripts/Items/Magical/Artifacts/Artifact_HoodedShroudOfShadows.cs;Data/Scripts/Items/Magical/Artifacts/Artifact_ShadowDancerArms.cs;Data/Scripts/Items/Magical/Artifacts/Artifact_ShadowDancerCap.cs;Data/Scripts/Items/Magical/Artifacts/Artifact_ShadowDancerGloves.cs;Data/Scripts/Items/Magical/Artifacts/Artifact_ShadowDancerGorget.cs;Data/Scripts/Items/Magical/Artifacts/Artifact_ShadowDancerLeggings.cs;Data/Scripts/Items/Magical/Artifacts/Artifact_ShadowDancerTunic.cs;Data/Scripts/Items/Magical/Artifacts/Obsolete/Obsolete_BurglarsBandana.cs;Data/Scripts/Items/Magical/Artifacts/Obsolete/Obsolete_EmbroideredOakLeafCloak.cs;Data/Scripts/Items/Magical/Artifacts/Obsolete/Obsolete_ShadowDancerArms.cs;Data/Scripts/Items/Magical/Artifacts/Obsolete/Obsolete_ShadowDancerCap.cs;Data/Scripts/Items/Magical/Artifacts/Obsolete/Obsolete_ShadowDancerGloves.cs;Data/Scripts/Items/Magical/Artifacts/Obsolete/Obsolete_ShadowDancerGorget.cs;Data/Scripts/Items/Magical/Artifacts/Obsolete/Obsolete_ShadowDancerLeggings.cs;Data/Scripts/Items/Magical/Artifacts/Obsolete/Obsolete_ShadowDancerTunic.cs;Data/Scripts/Items/Magical/Gifts/Armor/Leather/GiftOniwabanBoots.cs;Data/Scripts/Items/Magical/God/Armor/Leather/LevelOniwabanBoots.cs;Data/Scripts/Items/Magical/GuildRings.cs;Data/Scripts/Items/Magical/Morph/MorphingItem.cs;Data/Scripts/Items/Potions/Elixirs/Elixirs.cs;Data/Scripts/Items/Potions/Unique/GreaterInvisibilityPotion.cs;Data/Scripts/Items/Potions/Unique/InvisibilityPotion.cs;Data/Scripts/Items/Potions/Unique/LesserInvisibilityPotion.cs;Data/Scripts/Items/Special/Special Scrolls/SpecialScroll.cs;Data/Scripts/Items/Trades/Thieving/DisguiseKit.cs;Data/Scripts/Items/Trades/Tools/BaseRunicTool.cs;Data/Scripts/Items/Weapons/BaseWeapon.cs;Data/Scripts/Magic/Base/SpellBooks.cs;Data/Scripts/Magic/Jedi/Spells/MindsEye.cs;Data/Scripts/Magic/Magery/Magery 6th/Reveal.cs;Data/Scripts/Magic/Ninjitsu/AnimalForm.cs;Data/Scripts/Magic/Ninjitsu/DeathStrike.cs;Data/Scripts/Magic/Research/Spells/Enchanting/ResearchSneak.cs;Data/Scripts/Magic/Shinobi/Spells/EagleEye.cs;Data/Scripts/Mobiles/Base/BaseCreature.cs;Data/Scripts/Mobiles/Base/Behavior.cs;Data/Scripts/Mobiles/Civilized/Citizens/TrainingMagery.cs;Data/Scripts/Mobiles/Civilized/Guilds/AssassinGuildmaster.cs;Data/Scripts/Mobiles/Civilized/Guilds/JesterGuildmaster.cs;Data/Scripts/Mobiles/Civilized/Guilds/RangerGuildmaster.cs;Data/Scripts/Mobiles/Civilized/Guilds/ThiefGuildmaster.cs;Data/Scripts/Mobiles/Civilized/Vendors/Jester.cs;Data/Scripts/Mobiles/Civilized/Vendors/KungFu.cs;Data/Scripts/Mobiles/Civilized/Vendors/Thief.cs;Data/Scripts/Mobiles/Humanoids/Elves/ElfRogue.cs;Data/Scripts/Mobiles/Humanoids/Humans/Rogue.cs;Data/Scripts/Mobiles/Humanoids/Orcs/OrkRogue.cs;Data/Scripts/Mobiles/Insects/Spiders/PhaseSpider.cs;Data/Scripts/Mobiles/Insects/Spiders/ShadowRecluse.cs;Data/Scripts/Mobiles/Races/BaseRace.cs;Data/Scripts/Quests/Codex/CodexWisdom.cs;Data/Scripts/System/Commands/Player/CorpseSearch.cs;Data/Scripts/System/Commands/Player/MoonSearch.cs;Data/Scripts/System/Commands/Player/SkillListing.cs;Data/Scripts/System/Gumps/SkillsGump.cs;Data/Scripts/System/Misc/CharacterCreation.cs;Data/Scripts/System/Misc/Death.cs;Data/Scripts/System/Misc/Players.cs;Data/Scripts/System/Skills/SkillCheck.cs;Data/Scripts/System/Skills/Stealth.cs;Data/Scripts/System/Skills/Tracking.cs;Data/Scripts/System/Skills/Weapon Abilities/AbilityBook.cs;Data/Scripts/System/Skills/Weapon Abilities/Extra/ShadowInfectiousStrike.cs;Data/Scripts/System/Skills/Weapon Abilities/ShadowStrike.cs;Data/Scripts/System/Skills/Weapon Abilities/WeaponAbility.cs;Data/Scripts/System/Skills/Weapon Abilities/WeaponArmorCalls.cs;Data/Scripts/Trades/Grave Robbing/GraveRobbing.cs;Data/Scripts/Trades/Shoppes/BaseShoppe.cs;Data/System/Source/Skills.cs;Data/System/Source/Utility.cs,LexicalReferences; numeric indexes and dynamic references are not captured
48,RemoveTrap,Remove Trap,43,62,Data/System/Source/Skills.cs,Data/Scripts/Custom/Offline Skill Training/Items/AdvancedStudyBooks.cs;Data/Scripts/Custom/Offline Skill Training/Items/LegendaryStudyBooks.cs;Data/Scripts/Custom/Offline Skill Training/Items/RandomStudyBooks.cs;Data/Scripts/Custom/Offline Skill Training/Items/StandardStudyBooks.cs;Data/Scripts/Custom/Progression/CharacterLevel/CharacterLevelService.cs;Data/Scripts/Items/Books/PowerScrolls/PowerScroll.cs;Data/Scripts/Items/Books/PowerScrolls/Scrolls_Exalted.cs;Data/Scripts/Items/Books/PowerScrolls/Scrolls_Legendary.cs;Data/Scripts/Items/Books/PowerScrolls/Scrolls_Mythical.cs;Data/Scripts/Items/Books/PowerScrolls/Scrolls_Power.cs;Data/Scripts/Items/Books/PowerScrolls/Scrolls_Wonderous.cs;Data/Scripts/Items/Containers/TrapableContainer.cs;Data/Scripts/Items/Magical/Artifacts/Artifact_DetectiveBoots.cs;Data/Scripts/Items/Magical/Artifacts/Artifact_GrayMouserCloak.cs;Data/Scripts/Items/Magical/Artifacts/Artifact_TorchOfTrapFinding.cs;Data/Scripts/Items/Magical/Artifacts/Obsolete/Obsolete_GrayMouserCloak.cs;Data/Scripts/Items/Magical/Artifacts/Obsolete/Obsolete_TorchOfTrapFinding.cs;Data/Scripts/Items/Magical/Morph/MorphingItem.cs;Data/Scripts/Items/Potions/Elixirs/Elixirs.cs;Data/Scripts/Items/Special/Special Scrolls/SpecialScroll.cs;Data/Scripts/Items/Technology/Landmine.cs;Data/Scripts/Items/Trades/Tools/BaseRunicTool.cs;Data/Scripts/Items/Traps/HiddenTrap.cs;Data/Scripts/Items/Traps/TrapKit.cs;Data/Scripts/Magic/Base/SpellBooks.cs;Data/Scripts/Mobiles/Base/Behavior.cs;Data/Scripts/Mobiles/Base/PlayerMobile.cs;Data/Scripts/Mobiles/Civilized/Guilds/ThiefGuildmaster.cs;Data/Scripts/Mobiles/Civilized/Guilds/TinkerGuildmaster.cs;Data/Scripts/Mobiles/Civilized/Vendors/GolemCrafter.cs;Data/Scripts/Mobiles/Civilized/Vendors/Thief.cs;Data/Scripts/Mobiles/Civilized/Vendors/Tinker.cs;Data/Scripts/Mobiles/Races/BaseRace.cs;Data/Scripts/Quests/Codex/CodexWisdom.cs;Data/Scripts/Quests/Thief/StealBase.cs;Data/Scripts/System/Commands/Player/SkillListing.cs;Data/Scripts/System/Gumps/SkillsGump.cs;Data/Scripts/System/Misc/CharacterCreation.cs;Data/Scripts/System/Misc/Players.cs;Data/Scripts/System/Skills/RemoveTrap.cs;Data/Scripts/Trades/Shoppes/BaseShoppe.cs;Data/System/Source/Skills.cs;Data/System/Source/Utility.cs,LexicalReferences; numeric indexes and dynamic references are not captured
49,Necromancy,Necromancy,132,231,Data/System/Source/Skills.cs,Data/Scripts/Custom/Offline Skill Training/Items/AdvancedStudyBooks.cs;Data/Scripts/Custom/Offline Skill Training/Items/LegendaryStudyBooks.cs;Data/Scripts/Custom/Offline Skill Training/Items/RandomStudyBooks.cs;Data/Scripts/Custom/Offline Skill Training/Items/StandardStudyBooks.cs;Data/Scripts/Custom/Progression/CharacterLevel/CharacterLevelService.cs;Data/Scripts/Custom/PvE/CloneOfflinePlayerCharacters/CharacterClone.cs;Data/Scripts/Custom/PvE/MobileBalance/SignedEquipSkillModController.cs;Data/Scripts/Custom/ThirdParty/OmniAI/AITester.cs;Data/Scripts/Custom/ThirdParty/OmniAI/OmniAI Core.cs;Data/Scripts/Custom/ThirdParty/OmniAI/OmniAI Knightship.cs;Data/Scripts/Custom/ThirdParty/OmniAI/OmniAI Magery.cs;Data/Scripts/Custom/ThirdParty/OmniAI/OmniAI Necromancy.cs;Data/Scripts/Custom/ThirdParty/OmniAI/OmniAI Shared.cs;Data/Scripts/Items/Books/PowerScrolls/PowerScroll.cs;Data/Scripts/Items/Books/PowerScrolls/Scrolls_Exalted.cs;Data/Scripts/Items/Books/PowerScrolls/Scrolls_Legendary.cs;Data/Scripts/Items/Books/PowerScrolls/Scrolls_Mythical.cs;Data/Scripts/Items/Books/PowerScrolls/Scrolls_Power.cs;Data/Scripts/Items/Books/PowerScrolls/Scrolls_Wonderous.cs;Data/Scripts/Items/Houses/PlayersHouseTeleporter.cs;Data/Scripts/Items/Magical/Artifacts/Artifact_ANecromancerShroud.cs;Data/Scripts/Items/Magical/Artifacts/Artifact_BloodwoodSpirit.cs;Data/Scripts/Items/Magical/Artifacts/Artifact_Candles.cs;Data/Scripts/Items/Magical/Artifacts/Artifact_GrimReapersLantern.cs;Data/Scripts/Items/Magical/Artifacts/Artifact_GrimReapersMask.cs;Data/Scripts/Items/Magical/Artifacts/Artifact_GrimReapersRobe.cs;Data/Scripts/Items/Magical/Artifacts/Artifact_MidnightBracers.cs;Data/Scripts/Items/Magical/Artifacts/Artifact_MidnightGloves.cs;Data/Scripts/Items/Magical/Artifacts/Artifact_MidnightHelm.cs;Data/Scripts/Items/Magical/Artifacts/Artifact_MidnightLegs.cs;Data/Scripts/Items/Magical/Artifacts/Artifact_MidnightTunic.cs;Data/Scripts/Items/Magical/Artifacts/Artifact_RobeOfTheEclipse.cs;Data/Scripts/Items/Magical/Artifacts/Artifact_VampiresRobe.cs;Data/Scripts/Items/Magical/Artifacts/Obsolete/Obsolete_BloodwoodSpirit.cs;Data/Scripts/Items/Magical/Artifacts/Obsolete/Obsolete_Candles.cs;Data/Scripts/Items/Magical/Artifacts/Obsolete/Obsolete_GrimReapersLantern.cs;Data/Scripts/Items/Magical/Artifacts/Obsolete/Obsolete_GrimReapersMask.cs;Data/Scripts/Items/Magical/Artifacts/Obsolete/Obsolete_GrimReapersRobe.cs;Data/Scripts/Items/Magical/Artifacts/Obsolete/Obsolete_MidnightBracers.cs;Data/Scripts/Items/Magical/Artifacts/Obsolete/Obsolete_MidnightGloves.cs;Data/Scripts/Items/Magical/Artifacts/Obsolete/Obsolete_MidnightHelm.cs;Data/Scripts/Items/Magical/Artifacts/Obsolete/Obsolete_MidnightLegs.cs;Data/Scripts/Items/Magical/Artifacts/Obsolete/Obsolete_MidnightTunic.cs;Data/Scripts/Items/Magical/Artifacts/Obsolete/Obsolete_OssianGrimoire.cs;Data/Scripts/Items/Magical/Artifacts/Obsolete/Obsolete_RobeOfTheEclipse.cs;Data/Scripts/Items/Magical/Artifacts/Specific/OssianGrimoire.cs;Data/Scripts/Items/Magical/GuildRings.cs;Data/Scripts/Items/Magical/Morph/MorphingItem.cs;Data/Scripts/Items/Magical/StaffOfFiveParts.cs;Data/Scripts/Items/Misc/Bodies/LivingDead/BookofDead.cs;Data/Scripts/Items/Misc/MagicForges.cs;Data/Scripts/Items/Potions/Special/NecroSkinPotion.cs;Data/Scripts/Items/Special/DemonPrison.cs;Data/Scripts/Items/Special/DracolichSkull.cs;Data/Scripts/Items/Special/Special Scrolls/SpecialScroll.cs;Data/Scripts/Items/Trades/Tools/BaseRunicTool.cs;Data/Scripts/Items/Unknown/UnknownLiquid.cs;Data/Scripts/Items/Weapons/BaseWeapon.cs;Data/Scripts/Magic/Base/ForgetfulGem.cs;Data/Scripts/Magic/Base/Spell.cs;Data/Scripts/Magic/Base/SpellBooks.cs;Data/Scripts/Magic/Magery/Spellbook.cs;Data/Scripts/Magic/Misc/AttackSpells.cs;Data/Scripts/Magic/Necromancy/AnimateDeadSpell.cs;Data/Scripts/Magic/Necromancy/CurseWeapon.cs;Data/Scripts/Magic/Necromancy/Exorcism.cs;Data/Scripts/Magic/Necromancy/NecromancerSpell.cs;Data/Scripts/Magic/Necromancy/PainSpike.cs;Data/Scripts/Magic/Necromancy/PoisonStrike.cs;Data/Scripts/Magic/Necromancy/Strangle.cs;Data/Scripts/Magic/Necromancy/SummonFamiliar.cs;Data/Scripts/Magic/Necromancy/VengefulSpirit.cs;Data/Scripts/Magic/Necromancy/Wither.cs;Data/Scripts/Magic/Research/ResearchBag.cs;Data/Scripts/Magic/Research/ResearchFunctions.cs;Data/Scripts/Magic/Research/ResearchSpell.cs;Data/Scripts/Magic/Witch/Effects/NecroUnlock.cs;Data/Scripts/Magic/Witch/Effects/UndeadEyes.cs;Data/Scripts/Magic/Witch/UndeadSpell.cs;Data/Scripts/Mobiles/Animals/Mounts/Ethereals.cs;Data/Scripts/Mobiles/Base/BaseCreature.cs;Data/Scripts/Mobiles/Base/Behavior.cs;Data/Scripts/Mobiles/Base/PlayerMobile.cs;Data/Scripts/Mobiles/Civilized/Familiars/FamiliarItem.cs;Data/Scripts/Mobiles/Civilized/Guilds/ElementalGuildmaster.cs;Data/Scripts/Mobiles/Civilized/Guilds/MageGuildmaster.cs;Data/Scripts/Mobiles/Civilized/Guilds/NecromancerGuildmaster.cs;Data/Scripts/Mobiles/Civilized/Healers/FortuneTeller.cs;Data/Scripts/Mobiles/Civilized/Special/Roscoe.cs;Data/Scripts/Mobiles/Civilized/Vendors/Enchanter.cs;Data/Scripts/Mobiles/Civilized/Vendors/NecroMage.cs;Data/Scripts/Mobiles/Civilized/Vendors/Necromancer.cs;Data/Scripts/Mobiles/Civilized/Vendors/Undertaker.cs;Data/Scripts/Mobiles/Civilized/Vendors/Witches.cs;Data/Scripts/Mobiles/Dragons/Primeval/VampiricDragon.cs;Data/Scripts/Mobiles/Humanoids/Sea/SeaHag.cs;Data/Scripts/Mobiles/Humanoids/Sea/SeaHagGreater.cs;Data/Scripts/Mobiles/Races/BaseRace.cs;Data/Scripts/Mobiles/Reptilian/Snakes/BloodSnake.cs;Data/Scripts/Mobiles/Summoned/DeathVortex.cs;Data/Scripts/Mobiles/Summoned/GasCloud.cs;Data/Scripts/Mobiles/Summoned/Swarm.cs;Data/Scripts/Mobiles/Undead/Bodak.cs;Data/Scripts/Mobiles/Undead/DemiLich.cs;Data/Scripts/Mobiles/Undead/Dracolich.cs;Data/Scripts/Mobiles/Undead/Ghostly.cs;Data/Scripts/Mobiles/Undead/Lich.cs;Data/Scripts/Mobiles/Undead/LichLord.cs;Data/Scripts/Mobiles/Undead/Nazghoul.cs;Data/Scripts/Mobiles/Undead/SeaGhost.cs;Data/Scripts/Mobiles/Undead/Shroud.cs;Data/Scripts/Mobiles/Undead/SkeletalDragon.cs;Data/Scripts/Mobiles/Undead/SkeletalWizard.cs;Data/Scripts/Mobiles/Undead/UndeadDruid.cs;Data/Scripts/Mobiles/Undead/Vordo.cs;Data/Scripts/Mobiles/Unique/Mangar.cs;Data/Scripts/Mobiles/Unique/Spectres.cs;Data/Scripts/Quests/Bards Tale/MangarsRewards.cs;Data/Scripts/Quests/Codex/CodexWisdom.cs;Data/Scripts/System/Commands/Player/SkillListing.cs;Data/Scripts/System/Gumps/SkillsGump.cs;Data/Scripts/System/Misc/CharacterCreation.cs;Data/Scripts/System/Misc/Players.cs;Data/Scripts/System/Obsolete/MixingCauldron.cs;Data/Scripts/System/Regions/DawnRegion.cs;Data/Scripts/System/Regions/LunaRegion.cs;Data/Scripts/System/Regions/MoonCore.cs;Data/Scripts/System/Skills/SkillCheck.cs;Data/Scripts/Trades/Crafting/DefWitchery.cs;Data/Scripts/Trades/Shoppes/BaseShoppe.cs;Data/System/Source/Skills.cs;Data/System/Source/Utility.cs,LexicalReferences; numeric indexes and dynamic references are not captured
50,Focus,Focus,53,80,Data/System/Source/Skills.cs,Data/Scripts/Custom/Offline Skill Training/Items/AdvancedStudyBooks.cs;Data/Scripts/Custom/Offline Skill Training/Items/LegendaryStudyBooks.cs;Data/Scripts/Custom/Offline Skill Training/Items/RandomStudyBooks.cs;Data/Scripts/Custom/Offline Skill Training/Items/StandardStudyBooks.cs;Data/Scripts/Custom/Progression/CharacterLevel/CharacterLevelService.cs;Data/Scripts/Custom/PvPConsent/GoddessOfProtection.cs;Data/Scripts/Items/Books/PowerScrolls/PowerScroll.cs;Data/Scripts/Items/Books/PowerScrolls/Scrolls_Exalted.cs;Data/Scripts/Items/Books/PowerScrolls/Scrolls_Legendary.cs;Data/Scripts/Items/Books/PowerScrolls/Scrolls_Mythical.cs;Data/Scripts/Items/Books/PowerScrolls/Scrolls_Power.cs;Data/Scripts/Items/Books/PowerScrolls/Scrolls_Wonderous.cs;Data/Scripts/Items/Magical/Artifacts/Artifact_BootsofHydros.cs;Data/Scripts/Items/Magical/Artifacts/Artifact_BootsofLithos.cs;Data/Scripts/Items/Magical/Artifacts/Artifact_BootsofPyros.cs;Data/Scripts/Items/Magical/Artifacts/Artifact_BootsofStratos.cs;Data/Scripts/Items/Magical/Artifacts/Artifact_MantleofHydros.cs;Data/Scripts/Items/Magical/Artifacts/Artifact_MantleofLithos.cs;Data/Scripts/Items/Magical/Artifacts/Artifact_MantleofPyros.cs;Data/Scripts/Items/Magical/Artifacts/Artifact_MantleofStratos.cs;Data/Scripts/Items/Magical/Artifacts/Artifact_RobeofHydros.cs;Data/Scripts/Items/Magical/Artifacts/Artifact_RobeofLithos.cs;Data/Scripts/Items/Magical/Artifacts/Artifact_RobeofPyros.cs;Data/Scripts/Items/Magical/Artifacts/Artifact_RobeofStratos.cs;Data/Scripts/Items/Magical/Artifacts/Specific/HydrosLexicon.cs;Data/Scripts/Items/Magical/Artifacts/Specific/LithosTome.cs;Data/Scripts/Items/Magical/Artifacts/Specific/PyrosGrimoire.cs;Data/Scripts/Items/Magical/Artifacts/Specific/StratosManual.cs;Data/Scripts/Items/Magical/GuildRings.cs;Data/Scripts/Items/Magical/Morph/MorphingItem.cs;Data/Scripts/Items/Potions/Elixirs/Elixirs.cs;Data/Scripts/Items/Special/Special Scrolls/SpecialScroll.cs;Data/Scripts/Items/Trades/Tools/BaseRunicTool.cs;Data/Scripts/Magic/Base/SpellBooks.cs;Data/Scripts/Magic/Misc/MagicalSpell.cs;Data/Scripts/Magic/Mystic/MysticSpell.cs;Data/Scripts/Mobiles/Civilized/Comrades/HenchmanArcher.cs;Data/Scripts/Mobiles/Civilized/Comrades/HenchmanFighter.cs;Data/Scripts/Mobiles/Civilized/Comrades/HenchmanMonster.cs;Data/Scripts/Mobiles/Civilized/Comrades/HenchmanWizard.cs;Data/Scripts/Mobiles/Civilized/Guilds/ElementalGuildmaster.cs;Data/Scripts/Mobiles/Civilized/Vendors/Elementalist.cs;Data/Scripts/Mobiles/Races/BaseRace.cs;Data/Scripts/Quests/Bards Tale/MangarsRewards.cs;Data/Scripts/Quests/Codex/CodexWisdom.cs;Data/Scripts/System/Commands/Player/SkillListing.cs;Data/Scripts/System/Gumps/SkillsGump.cs;Data/Scripts/System/Misc/Players.cs;Data/Scripts/System/Misc/RegenRates.cs;Data/Scripts/System/Skills/SkillCheck.cs;Data/Scripts/Trades/Shoppes/BaseShoppe.cs;Data/System/Source/Skills.cs;Data/System/Source/Utility.cs,LexicalReferences; numeric indexes and dynamic references are not captured
51,Knightship,Knightship,57,93,Data/System/Source/Skills.cs,Data/Scripts/Custom/Offline Skill Training/Items/AdvancedStudyBooks.cs;Data/Scripts/Custom/Offline Skill Training/Items/LegendaryStudyBooks.cs;Data/Scripts/Custom/Offline Skill Training/Items/RandomStudyBooks.cs;Data/Scripts/Custom/Offline Skill Training/Items/StandardStudyBooks.cs;Data/Scripts/Custom/Progression/CharacterLevel/CharacterLevelService.cs;Data/Scripts/Custom/PvE/CloneOfflinePlayerCharacters/CharacterClone.cs;Data/Scripts/Custom/PvE/MobileBalance/MobileBalanceItems.Weapons.cs;Data/Scripts/Custom/PvE/MobileBalance/SignedEquipSkillModController.cs;Data/Scripts/Custom/ThirdParty/OmniAI/OmniAI Core.cs;Data/Scripts/Custom/ThirdParty/OmniAI/OmniAI Knightship.cs;Data/Scripts/Custom/ThirdParty/OmniAI/OmniAI Magery.cs;Data/Scripts/Custom/ThirdParty/OmniAI/OmniAI Shared.cs;Data/Scripts/Items/Books/PowerScrolls/PowerScroll.cs;Data/Scripts/Items/Books/PowerScrolls/Scrolls_Exalted.cs;Data/Scripts/Items/Books/PowerScrolls/Scrolls_Legendary.cs;Data/Scripts/Items/Books/PowerScrolls/Scrolls_Mythical.cs;Data/Scripts/Items/Books/PowerScrolls/Scrolls_Power.cs;Data/Scripts/Items/Books/PowerScrolls/Scrolls_Wonderous.cs;Data/Scripts/Items/Magical/Artifacts/Artifact_Excalibur.cs;Data/Scripts/Items/Magical/Artifacts/Artifact_LunaLance.cs;Data/Scripts/Items/Magical/Artifacts/Artifact_SamaritanRobe.cs;Data/Scripts/Items/Magical/Artifacts/Obsolete/Obsolete_Excalibur.cs;Data/Scripts/Items/Magical/Artifacts/Obsolete/Obsolete_LunaLance.cs;Data/Scripts/Items/Magical/Artifacts/Obsolete/Obsolete_SamaritanRobe.cs;Data/Scripts/Items/Magical/Artifacts/Obsolete/Obsolete_TheDryadBow.cs;Data/Scripts/Items/Magical/Morph/MorphingItem.cs;Data/Scripts/Items/Misc/MagicForges.cs;Data/Scripts/Items/Special/Special Scrolls/SpecialScroll.cs;Data/Scripts/Items/Trades/Sharpening/ConsecratedSharpeningStone.cs;Data/Scripts/Items/Trades/Tools/BaseRunicTool.cs;Data/Scripts/Magic/Base/Spell.cs;Data/Scripts/Magic/Base/SpellBooks.cs;Data/Scripts/Magic/Death Knight/DeathKnightSpell.cs;Data/Scripts/Magic/Death Knight/DevilPact.cs;Data/Scripts/Magic/Death Knight/Spells/DevilPactSpell.cs;Data/Scripts/Magic/Death Knight/Spells/HagHandSpell.cs;Data/Scripts/Magic/Knight/CleanseByFire.cs;Data/Scripts/Magic/Knight/ConsecrateWeapon.cs;Data/Scripts/Magic/Knight/PaladinSpell.cs;Data/Scripts/Magic/Knight/RemoveCurse.cs;Data/Scripts/Magic/Magery/Spellbook.cs;Data/Scripts/Mobiles/Animals/Mounts/Ethereals.cs;Data/Scripts/Mobiles/Base/Behavior.cs;Data/Scripts/Mobiles/Civilized/DeathKnightDemon.cs;Data/Scripts/Mobiles/Civilized/Vendors/KeeperOfChivalry.cs;Data/Scripts/Mobiles/Races/BaseRace.cs;Data/Scripts/Quests/Codex/CodexWisdom.cs;Data/Scripts/System/Commands/Player/SkillListing.cs;Data/Scripts/System/Gumps/SkillsGump.cs;Data/Scripts/System/Misc/CharacterCreation.cs;Data/Scripts/System/Misc/MorphingTime.cs;Data/Scripts/System/Misc/Players.cs;Data/Scripts/System/Skills/Weapon Abilities/Extra/RidingAttack.cs;Data/Scripts/System/Skills/Weapon Abilities/WeaponArmorCalls.cs;Data/Scripts/Trades/Shoppes/BaseShoppe.cs;Data/System/Source/Skills.cs;Data/System/Source/Utility.cs,LexicalReferences; numeric indexes and dynamic references are not captured
52,Bushido,Bushido,49,72,Data/System/Source/Skills.cs,Data/Scripts/Custom/Champions/Mobiles/Minions/LesserHiryu.cs;Data/Scripts/Custom/Offline Skill Training/Items/AdvancedStudyBooks.cs;Data/Scripts/Custom/Offline Skill Training/Items/LegendaryStudyBooks.cs;Data/Scripts/Custom/Offline Skill Training/Items/RandomStudyBooks.cs;Data/Scripts/Custom/Offline Skill Training/Items/StandardStudyBooks.cs;Data/Scripts/Custom/Progression/CharacterLevel/CharacterLevelService.cs;Data/Scripts/Custom/PvE/CloneOfflinePlayerCharacters/CharacterClone.cs;Data/Scripts/Custom/PvE/MobileBalance/MobileBalanceItems.Weapons.cs;Data/Scripts/Custom/PvE/MobileBalance/SignedEquipSkillModController.cs;Data/Scripts/Custom/ThirdParty/OmniAI/AITester.cs;Data/Scripts/Custom/ThirdParty/OmniAI/OmniAI Bushido.cs;Data/Scripts/Custom/ThirdParty/OmniAI/OmniAI Core.cs;Data/Scripts/Custom/ThirdParty/OmniAI/OmniAI Magery.cs;Data/Scripts/Items/Books/PowerScrolls/PowerScroll.cs;Data/Scripts/Items/Books/PowerScrolls/Scrolls_Exalted.cs;Data/Scripts/Items/Books/PowerScrolls/Scrolls_Legendary.cs;Data/Scripts/Items/Books/PowerScrolls/Scrolls_Mythical.cs;Data/Scripts/Items/Books/PowerScrolls/Scrolls_Power.cs;Data/Scripts/Items/Books/PowerScrolls/Scrolls_Wonderous.cs;Data/Scripts/Items/Magical/Morph/MorphingItem.cs;Data/Scripts/Items/Special/Special Scrolls/SpecialScroll.cs;Data/Scripts/Items/Trades/Tools/BaseRunicTool.cs;Data/Scripts/Items/Weapons/BaseWeapon.cs;Data/Scripts/Magic/Base/SpecialMove.cs;Data/Scripts/Magic/Base/SpellBooks.cs;Data/Scripts/Magic/Bushido/HonorableExecution.cs;Data/Scripts/Magic/Bushido/LightningStrike.cs;Data/Scripts/Magic/Bushido/MomentumStrike.cs;Data/Scripts/Magic/Bushido/SamuraiMove.cs;Data/Scripts/Magic/Bushido/SamuraiSpell.cs;Data/Scripts/Magic/Magery/Spellbook.cs;Data/Scripts/Mobiles/Animals/Mounts/YoungRoc.cs;Data/Scripts/Mobiles/Civilized/Vendors/KungFu.cs;Data/Scripts/Mobiles/Races/BaseRace.cs;Data/Scripts/Quests/Codex/CodexWisdom.cs;Data/Scripts/System/Commands/Player/SkillListing.cs;Data/Scripts/System/Gumps/SkillsGump.cs;Data/Scripts/System/Misc/CharacterCreation.cs;Data/Scripts/System/Misc/MorphingTime.cs;Data/Scripts/System/Misc/Players.cs;Data/Scripts/System/Misc/Titles.cs;Data/Scripts/System/Skills/Weapon Abilities/AbilityBook.cs;Data/Scripts/System/Skills/Weapon Abilities/WeaponAbility.cs;Data/Scripts/System/Skills/Weapon Abilities/WeaponArmorCalls.cs;Data/Scripts/Trades/Apiculture/Craft/WaxPaintings.cs;Data/Scripts/Trades/Apiculture/Craft/WaxSculptors.cs;Data/Scripts/Trades/Shoppes/BaseShoppe.cs;Data/System/Source/Skills.cs;Data/System/Source/Utility.cs,LexicalReferences; numeric indexes and dynamic references are not captured
53,Ninjitsu,Ninjitsu,57,91,Data/System/Source/Skills.cs,Data/Scripts/Custom/Offline Skill Training/Items/AdvancedStudyBooks.cs;Data/Scripts/Custom/Offline Skill Training/Items/LegendaryStudyBooks.cs;Data/Scripts/Custom/Offline Skill Training/Items/RandomStudyBooks.cs;Data/Scripts/Custom/Offline Skill Training/Items/StandardStudyBooks.cs;Data/Scripts/Custom/Progression/CharacterLevel/CharacterLevelService.cs;Data/Scripts/Custom/PvE/CloneOfflinePlayerCharacters/CharacterClone.cs;Data/Scripts/Custom/ThirdParty/OmniAI/AITester.cs;Data/Scripts/Custom/ThirdParty/OmniAI/OmniAI Core.cs;Data/Scripts/Custom/ThirdParty/OmniAI/OmniAI Magery.cs;Data/Scripts/Custom/ThirdParty/OmniAI/OmniAI Ninjitsu.cs;Data/Scripts/Items/Books/PowerScrolls/PowerScroll.cs;Data/Scripts/Items/Books/PowerScrolls/Scrolls_Exalted.cs;Data/Scripts/Items/Books/PowerScrolls/Scrolls_Legendary.cs;Data/Scripts/Items/Books/PowerScrolls/Scrolls_Mythical.cs;Data/Scripts/Items/Books/PowerScrolls/Scrolls_Power.cs;Data/Scripts/Items/Books/PowerScrolls/Scrolls_Wonderous.cs;Data/Scripts/Items/Magical/Artifacts/Obsolete/Obsolete_TheDryadBow.cs;Data/Scripts/Items/Magical/Morph/MorphingItem.cs;Data/Scripts/Items/Special/Special Scrolls/SpecialScroll.cs;Data/Scripts/Items/Trades/Thieving/DisguiseKit.cs;Data/Scripts/Items/Trades/Tools/BaseRunicTool.cs;Data/Scripts/Items/Weapons/BaseWeapon.cs;Data/Scripts/Magic/Base/SpellBooks.cs;Data/Scripts/Magic/Magery/Spellbook.cs;Data/Scripts/Magic/Ninjitsu/AnimalForm.cs;Data/Scripts/Magic/Ninjitsu/Backstab.cs;Data/Scripts/Magic/Ninjitsu/DeathStrike.cs;Data/Scripts/Magic/Ninjitsu/FocusAttack.cs;Data/Scripts/Magic/Ninjitsu/NinjaMove.cs;Data/Scripts/Magic/Ninjitsu/NinjaSpell.cs;Data/Scripts/Magic/Ninjitsu/SurpriseAttack.cs;Data/Scripts/Magic/Shinobi/ShinobiSpell.cs;Data/Scripts/Magic/Shinobi/Spells/CheetahPaws.cs;Data/Scripts/Magic/Shinobi/Spells/EagleEye.cs;Data/Scripts/Magic/Shinobi/Spells/Espionage.cs;Data/Scripts/Magic/Shinobi/Spells/FerretFlee.cs;Data/Scripts/Magic/Shinobi/Spells/TigerStrength.cs;Data/Scripts/Mobiles/Civilized/Vendors/KungFu.cs;Data/Scripts/Mobiles/Races/BaseRace.cs;Data/Scripts/Quests/Codex/CodexWisdom.cs;Data/Scripts/System/Commands/Player/SkillListing.cs;Data/Scripts/System/Gumps/SkillsGump.cs;Data/Scripts/System/Misc/AOS.cs;Data/Scripts/System/Misc/CharacterCreation.cs;Data/Scripts/System/Misc/MorphingTime.cs;Data/Scripts/System/Misc/Players.cs;Data/Scripts/System/Misc/RegenRates.cs;Data/Scripts/System/Misc/Titles.cs;Data/Scripts/System/Obsolete/Obsolete.cs;Data/Scripts/System/Skills/Weapon Abilities/AbilityBook.cs;Data/Scripts/System/Skills/Weapon Abilities/WeaponAbility.cs;Data/Scripts/System/Skills/Weapon Abilities/WeaponArmorCalls.cs;Data/Scripts/Trades/Apiculture/Craft/WaxPaintings.cs;Data/Scripts/Trades/Apiculture/Craft/WaxSculptors.cs;Data/Scripts/Trades/Shoppes/BaseShoppe.cs;Data/System/Source/Skills.cs;Data/System/Source/Utility.cs,LexicalReferences; numeric indexes and dynamic references are not captured
54,Elementalism,Elementalism,68,122,Data/System/Source/Skills.cs,Data/Scripts/Custom/Offline Skill Training/Items/AdvancedStudyBooks.cs;Data/Scripts/Custom/Offline Skill Training/Items/LegendaryStudyBooks.cs;Data/Scripts/Custom/Offline Skill Training/Items/RandomStudyBooks.cs;Data/Scripts/Custom/Offline Skill Training/Items/StandardStudyBooks.cs;Data/Scripts/Custom/Progression/CharacterLevel/CharacterLevelService.cs;Data/Scripts/Custom/PvE/MobileBalance/SignedEquipSkillModController.cs;Data/Scripts/Items/Books/PowerScrolls/PowerScroll.cs;Data/Scripts/Items/Books/PowerScrolls/Scrolls_Exalted.cs;Data/Scripts/Items/Books/PowerScrolls/Scrolls_Legendary.cs;Data/Scripts/Items/Books/PowerScrolls/Scrolls_Mythical.cs;Data/Scripts/Items/Books/PowerScrolls/Scrolls_Power.cs;Data/Scripts/Items/Books/PowerScrolls/Scrolls_Wonderous.cs;Data/Scripts/Items/Houses/PlayersHouseTeleporter.cs;Data/Scripts/Items/Magical/Artifacts/Artifact_BootsofHydros.cs;Data/Scripts/Items/Magical/Artifacts/Artifact_BootsofLithos.cs;Data/Scripts/Items/Magical/Artifacts/Artifact_BootsofPyros.cs;Data/Scripts/Items/Magical/Artifacts/Artifact_BootsofStratos.cs;Data/Scripts/Items/Magical/Artifacts/Artifact_MantleofHydros.cs;Data/Scripts/Items/Magical/Artifacts/Artifact_MantleofLithos.cs;Data/Scripts/Items/Magical/Artifacts/Artifact_MantleofPyros.cs;Data/Scripts/Items/Magical/Artifacts/Artifact_MantleofStratos.cs;Data/Scripts/Items/Magical/Artifacts/Artifact_RobeofHydros.cs;Data/Scripts/Items/Magical/Artifacts/Artifact_RobeofLithos.cs;Data/Scripts/Items/Magical/Artifacts/Artifact_RobeofPyros.cs;Data/Scripts/Items/Magical/Artifacts/Artifact_RobeofStratos.cs;Data/Scripts/Items/Magical/Artifacts/Specific/HydrosLexicon.cs;Data/Scripts/Items/Magical/Artifacts/Specific/LithosTome.cs;Data/Scripts/Items/Magical/Artifacts/Specific/PyrosGrimoire.cs;Data/Scripts/Items/Magical/Artifacts/Specific/StratosManual.cs;Data/Scripts/Items/Magical/GuildRings.cs;Data/Scripts/Items/Magical/Morph/MorphingItem.cs;Data/Scripts/Items/Magical/StaffOfFiveParts.cs;Data/Scripts/Items/Misc/MagicForges.cs;Data/Scripts/Items/Special/DemonPrison.cs;Data/Scripts/Items/Special/Special Scrolls/SpecialScroll.cs;Data/Scripts/Items/Trades/Tools/BaseRunicTool.cs;Data/Scripts/Items/Weapons/BaseWeapon.cs;Data/Scripts/Magic/Base/ForgetfulGem.cs;Data/Scripts/Magic/Base/Spell.cs;Data/Scripts/Magic/Base/SpellBooks.cs;Data/Scripts/Magic/Elementalism/ElementalShrine.cs;Data/Scripts/Magic/Elementalism/ElementalSpell.cs;Data/Scripts/Magic/Elementalism/Sphere 1/Elemental_Sanctuary.cs;Data/Scripts/Magic/Elementalism/Sphere 2/Elemental_Protection.cs;Data/Scripts/Magic/Elementalism/Sphere 3/Elemental_Wall.cs;Data/Scripts/Magic/Elementalism/Sphere 4/Elemental_Field.cs;Data/Scripts/Magic/Elementalism/Sphere 6/Elemental_Storm.cs;Data/Scripts/Magic/Magery/Spellbook.cs;Data/Scripts/Magic/Research/ResearchBag.cs;Data/Scripts/Mobiles/Civilized/Familiars/FamiliarItem.cs;Data/Scripts/Mobiles/Civilized/Guilds/ElementalGuildmaster.cs;Data/Scripts/Mobiles/Civilized/Guilds/MageGuildmaster.cs;Data/Scripts/Mobiles/Civilized/Guilds/NecromancerGuildmaster.cs;Data/Scripts/Mobiles/Civilized/Vendors/Elementalist.cs;Data/Scripts/Mobiles/Races/BaseRace.cs;Data/Scripts/Mobiles/Unique/Mangar.cs;Data/Scripts/Quests/Bards Tale/MangarsRewards.cs;Data/Scripts/Quests/Codex/CodexWisdom.cs;Data/Scripts/System/Commands/Player/SkillListing.cs;Data/Scripts/System/Gumps/SkillsGump.cs;Data/Scripts/System/Misc/CharacterCreation.cs;Data/Scripts/System/Misc/Players.cs;Data/Scripts/System/Regions/DawnRegion.cs;Data/Scripts/System/Regions/LunaRegion.cs;Data/Scripts/System/Regions/MoonCore.cs;Data/Scripts/System/Skills/SkillCheck.cs;Data/System/Source/Skills.cs;Data/System/Source/Utility.cs,LexicalReferences; numeric indexes and dynamic references are not captured
55,Mysticism,Mysticism,8,8,Data/System/Source/Skills.cs,Data/Scripts/Custom/Offline Skill Training/Items/AdvancedStudyBooks.cs;Data/Scripts/Custom/Offline Skill Training/Items/LegendaryStudyBooks.cs;Data/Scripts/Custom/Offline Skill Training/Items/StandardStudyBooks.cs;Data/Scripts/Custom/Progression/CharacterLevel/CharacterLevelService.cs;Data/Scripts/Items/Books/PowerScrolls/PowerScroll.cs;Data/Scripts/Items/Special/Special Scrolls/SpecialScroll.cs;Data/Scripts/Mobiles/Races/BaseRace.cs;Data/System/Source/Skills.cs,LexicalReferences; numeric indexes and dynamic references are not captured
56,Imbuing,Imbuing,7,7,Data/System/Source/Skills.cs,Data/Scripts/Custom/Offline Skill Training/Items/AdvancedStudyBooks.cs;Data/Scripts/Custom/Offline Skill Training/Items/LegendaryStudyBooks.cs;Data/Scripts/Custom/Offline Skill Training/Items/StandardStudyBooks.cs;Data/Scripts/Items/Books/PowerScrolls/PowerScroll.cs;Data/Scripts/Items/Special/Special Scrolls/SpecialScroll.cs;Data/Scripts/Mobiles/Races/BaseRace.cs;Data/System/Source/Skills.cs,LexicalReferences; numeric indexes and dynamic references are not captured
57,Throwing,Throwing,7,7,Data/System/Source/Skills.cs,Data/Scripts/Custom/Offline Skill Training/Items/AdvancedStudyBooks.cs;Data/Scripts/Custom/Offline Skill Training/Items/LegendaryStudyBooks.cs;Data/Scripts/Custom/Offline Skill Training/Items/StandardStudyBooks.cs;Data/Scripts/Items/Books/PowerScrolls/PowerScroll.cs;Data/Scripts/Items/Special/Special Scrolls/SpecialScroll.cs;Data/Scripts/Mobiles/Races/BaseRace.cs;Data/System/Source/Skills.cs,LexicalReferences; numeric indexes and dynamic references are not captured
